#
# There is insufficient memory for the Java Runtime Environment to continue.
# Native memory allocation (mmap) failed to map 65536 bytes. Error detail: Failed to commit metaspace.
# Possible reasons:
#   The system is out of physical RAM or swap space
#   This process is running with CompressedOops enabled, and the Java Heap may be blocking the growth of the native heap
# Possible solutions:
#   Reduce memory load on the system
#   Increase physical memory or swap space
#   Check if swap backing store is full
#   Decrease Java heap size (-Xmx/-Xms)
#   Decrease number of Java threads
#   Decrease Java thread stack sizes (-Xss)
#   Set larger code cache with -XX:ReservedCodeCacheSize=
#   JVM is running with Unscaled Compressed Oops mode in which the Java heap is
#     placed in the first 4GB address space. The Java Heap base address is the
#     maximum limit for the native heap growth. Please use -XX:HeapBaseMinAddress
#     to set the Java Heap base and to place the Java Heap above 4GB virtual address.
# This output file may be truncated or incomplete.
#
#  Out of Memory Error (virtualSpaceNode.cpp:113), pid=14880, tid=29712
#
# JRE version: OpenJDK Runtime Environment Temurin-21.0.10+7 (21.0.10+7) (build 21.0.10+7-LTS)
# Java VM: OpenJDK 64-Bit Server VM Temurin-21.0.10+7 (21.0.10+7-LTS, mixed mode, sharing, tiered, compressed oops, compressed class ptrs, g1 gc, windows-amd64)
# No core dump will be written. Minidumps are not enabled by default on client versions of Windows
#

---------------  S U M M A R Y ------------

Command Line: --add-opens=java.base/java.lang=ALL-UNNAMED --add-opens=java.base/java.lang.invoke=ALL-UNNAMED --add-opens=java.base/java.util=ALL-UNNAMED --add-opens=java.prefs/java.util.prefs=ALL-UNNAMED --add-exports=jdk.compiler/com.sun.tools.javac.api=ALL-UNNAMED --add-exports=jdk.compiler/com.sun.tools.javac.util=ALL-UNNAMED --add-opens=java.base/java.util=ALL-UNNAMED --add-opens=java.prefs/java.util.prefs=ALL-UNNAMED --add-opens=java.base/java.nio.charset=ALL-UNNAMED --add-opens=java.base/java.net=ALL-UNNAMED --add-opens=java.base/java.util.concurrent.atomic=ALL-UNNAMED --add-opens=java.xml/javax.xml.namespace=ALL-UNNAMED -Xmx2048m -Dfile.encoding=UTF-8 -Duser.country=US -Duser.language=en -Duser.variant -javaagent:C:\Users\nguye\.gradle\wrapper\dists\gradle-8.13-bin\5xuhj0ry160q40clulazy9h7d\gradle-8.13\lib\agents\gradle-instrumentation-agent-8.13.jar org.gradle.launcher.daemon.bootstrap.GradleDaemon 8.13

Host: Intel(R) Core(TM) i5-10300H CPU @ 2.50GHz, 8 cores, 15G,  Windows 11 , 64 bit Build 26100 (10.0.26100.7705)
Time: Sun Mar  1 17:05:27 2026 SE Asia Standard Time elapsed time: 36.251776 seconds (0d 0h 0m 36s)

---------------  T H R E A D  ---------------

Current thread (0x000001f8fc50c830):  JavaThread "Daemon worker"        [_thread_in_vm, id=29712, stack(0x000000060c900000,0x000000060ca00000) (1024K)]

Stack: [0x000000060c900000,0x000000060ca00000]
Native frames: (J=compiled Java code, j=interpreted, Vv=VM code, C=native code)
V  [jvm.dll+0x6d7a39]
V  [jvm.dll+0x8b4b26]
V  [jvm.dll+0x8b70de]
V  [jvm.dll+0x8b77c3]
V  [jvm.dll+0x284346]
V  [jvm.dll+0x8b086e]
V  [jvm.dll+0x679444]
V  [jvm.dll+0x1e82bb]
V  [jvm.dll+0x1e807e]
V  [jvm.dll+0x67bd42]
V  [jvm.dll+0x67bb72]
V  [jvm.dll+0x679e1e]
V  [jvm.dll+0x26e1f0]
V  [jvm.dll+0x684085]
V  [jvm.dll+0x21955e]
V  [jvm.dll+0x219a05]
V  [jvm.dll+0x21a3f8]
V  [jvm.dll+0x20f62e]
V  [jvm.dll+0x5b644f]
V  [jvm.dll+0x82ead6]
V  [jvm.dll+0x478db8]
V  [jvm.dll+0x47ebe8]
C  [java.dll+0x17ec]

Java frames: (J=compiled Java code, j=interpreted, Vv=VM code)
J 843  java.lang.ClassLoader.defineClass1(Ljava/lang/ClassLoader;Ljava/lang/String;[BIILjava/security/ProtectionDomain;Ljava/lang/String;)Ljava/lang/Class; java.base@21.0.10 (0 bytes) @ 0x000001f8a8e8c591 [0x000001f8a8e8c4c0+0x00000000000000d1]
J 4396 c2 java.security.SecureClassLoader.defineClass(Ljava/lang/String;[BIILjava/security/CodeSource;)Ljava/lang/Class; java.base@21.0.10 (16 bytes) @ 0x000001f8a8e80458 [0x000001f8a8e7fcc0+0x0000000000000798]
J 4985 c2 java.lang.ClassLoader.loadClass(Ljava/lang/String;Z)Ljava/lang/Class; java.base@21.0.10 (121 bytes) @ 0x000001f8a913a7b8 [0x000001f8a9138e60+0x0000000000001958]
J 3450 c2 java.lang.ClassLoader.loadClass(Ljava/lang/String;)Ljava/lang/Class; java.base@21.0.10 (7 bytes) @ 0x000001f8a903056c [0x000001f8a9030520+0x000000000000004c]
v  ~StubRoutines::call_stub 0x000001f8a889100d
J 843  java.lang.ClassLoader.defineClass1(Ljava/lang/ClassLoader;Ljava/lang/String;[BIILjava/security/ProtectionDomain;Ljava/lang/String;)Ljava/lang/Class; java.base@21.0.10 (0 bytes) @ 0x000001f8a8e8c591 [0x000001f8a8e8c4c0+0x00000000000000d1]
J 4396 c2 java.security.SecureClassLoader.defineClass(Ljava/lang/String;[BIILjava/security/CodeSource;)Ljava/lang/Class; java.base@21.0.10 (16 bytes) @ 0x000001f8a8e80458 [0x000001f8a8e7fcc0+0x0000000000000798]
J 4985 c2 java.lang.ClassLoader.loadClass(Ljava/lang/String;Z)Ljava/lang/Class; java.base@21.0.10 (121 bytes) @ 0x000001f8a913a7b8 [0x000001f8a9138e60+0x0000000000001958]
J 3450 c2 java.lang.ClassLoader.loadClass(Ljava/lang/String;)Ljava/lang/Class; java.base@21.0.10 (7 bytes) @ 0x000001f8a903056c [0x000001f8a9030520+0x000000000000004c]
v  ~StubRoutines::call_stub 0x000001f8a889100d
j  kotlinx.coroutines.EventLoopKt.createEventLoop()Lkotlinx/coroutines/EventLoop;+0
j  kotlinx.coroutines.ThreadLocalEventLoop.getEventLoop$kotlinx_coroutines_core()Lkotlinx/coroutines/EventLoop;+14
j  kotlinx.coroutines.BuildersKt__BuildersKt.runBlocking(Lkotlin/coroutines/CoroutineContext;Lkotlin/jvm/functions/Function2;)Ljava/lang/Object;+34
j  kotlinx.coroutines.BuildersKt.runBlocking(Lkotlin/coroutines/CoroutineContext;Lkotlin/jvm/functions/Function2;)Ljava/lang/Object;+2
j  kotlinx.coroutines.BuildersKt__BuildersKt.runBlocking$default(Lkotlin/coroutines/CoroutineContext;Lkotlin/jvm/functions/Function2;ILjava/lang/Object;)Ljava/lang/Object;+15
j  kotlinx.coroutines.BuildersKt.runBlocking$default(Lkotlin/coroutines/CoroutineContext;Lkotlin/jvm/functions/Function2;ILjava/lang/Object;)Ljava/lang/Object;+4
j  org.jetbrains.kotlin.com.intellij.ide.plugins.PluginDescriptorLoader.loadForCoreEnv(Ljava/nio/file/Path;Ljava/lang/String;)Lorg/jetbrains/kotlin/com/intellij/ide/plugins/IdeaPluginDescriptorImpl;+99
j  org.jetbrains.kotlin.com.intellij.core.CoreApplicationEnvironment.registerExtensionPointAndExtensions(Ljava/nio/file/Path;Ljava/lang/String;Lorg/jetbrains/kotlin/com/intellij/openapi/extensions/ExtensionsArea;)V+29
j  org.jetbrains.kotlin.cli.jvm.compiler.KotlinCoreEnvironment$Companion.registerApplicationExtensionPointsAndExtensionsFrom(Lorg/jetbrains/kotlin/config/CompilerConfiguration;Ljava/lang/String;)V+287
j  org.jetbrains.kotlin.cli.jvm.compiler.KotlinCoreEnvironment$Companion.createApplicationEnvironment(Lorg/jetbrains/kotlin/com/intellij/openapi/Disposable;Lorg/jetbrains/kotlin/config/CompilerConfiguration;Lorg/jetbrains/kotlin/cli/jvm/compiler/KotlinCoreApplicationEnvironmentMode;)Lorg/jetbrains/kotlin/cli/jvm/compiler/KotlinCoreApplicationEnvironment;+15
j  org.jetbrains.kotlin.cli.jvm.compiler.KotlinCoreEnvironment$Companion.getOrCreateApplicationEnvironment(Lorg/jetbrains/kotlin/com/intellij/openapi/Disposable;Lorg/jetbrains/kotlin/config/CompilerConfiguration;Lorg/jetbrains/kotlin/cli/jvm/compiler/KotlinCoreApplicationEnvironmentMode;)Lorg/jetbrains/kotlin/cli/jvm/compiler/KotlinCoreApplicationEnvironment;+66
j  org.jetbrains.kotlin.cli.jvm.compiler.KotlinCoreEnvironment$Companion.getOrCreateApplicationEnvironmentForProduction(Lorg/jetbrains/kotlin/com/intellij/openapi/Disposable;Lorg/jetbrains/kotlin/config/CompilerConfiguration;)Lorg/jetbrains/kotlin/cli/jvm/compiler/KotlinCoreApplicationEnvironment;+23
j  org.jetbrains.kotlin.cli.jvm.compiler.KotlinCoreEnvironment$Companion.createForProduction(Lorg/jetbrains/kotlin/com/intellij/openapi/Disposable;Lorg/jetbrains/kotlin/config/CompilerConfiguration;Lorg/jetbrains/kotlin/cli/jvm/compiler/EnvironmentConfigFiles;)Lorg/jetbrains/kotlin/cli/jvm/compiler/KotlinCoreEnvironment;+27
j  org.gradle.kotlin.dsl.support.KotlinCompilerKt$kotlinCoreEnvironmentFor$1.create()Lorg/jetbrains/kotlin/cli/jvm/compiler/KotlinCoreEnvironment;+14
j  org.gradle.kotlin.dsl.support.KotlinCompilerKt$kotlinCoreEnvironmentFor$1.create()Ljava/lang/Object;+1
j  org.gradle.internal.SystemProperties.withSystemProperty(Ljava/lang/String;Ljava/lang/String;Lorg/gradle/internal/Factory;)Ljava/lang/Object;+9
j  org.gradle.kotlin.dsl.support.KotlinCompilerKt.kotlinCoreEnvironmentFor(Lorg/jetbrains/kotlin/com/intellij/openapi/Disposable;Lorg/jetbrains/kotlin/config/CompilerConfiguration;)Lorg/jetbrains/kotlin/cli/jvm/compiler/KotlinCoreEnvironment;+27
j  org.gradle.kotlin.dsl.support.KotlinCompilerKt.compileKotlinScriptModuleTo(Ljava/io/File;Lorg/gradle/kotlin/dsl/support/KotlinCompilerOptions;Ljava/lang/String;Ljava/util/Collection;Lorg/jetbrains/kotlin/scripting/definitions/ScriptDefinition;Ljava/lang/Iterable;Lorg/gradle/kotlin/dsl/support/LoggingMessageCollector;)V+758
j  org.gradle.kotlin.dsl.support.KotlinCompilerKt.compileKotlinScriptToDirectory(Ljava/io/File;Lorg/gradle/kotlin/dsl/support/KotlinCompilerOptions;Ljava/io/File;Lorg/jetbrains/kotlin/scripting/definitions/ScriptDefinition;Ljava/util/List;Lorg/slf4j/Logger;Lkotlin/jvm/functions/Function1;)Ljava/lang/String;+78
j  org.gradle.kotlin.dsl.execution.ResidualProgramCompiler$compileScript$1.invoke()Ljava/lang/String;+62
j  org.gradle.kotlin.dsl.execution.ResidualProgramCompiler$compileScript$1.invoke()Ljava/lang/Object;+1
j  org.gradle.kotlin.dsl.provider.StandardKotlinScriptEvaluator$InterpreterHost$runCompileBuildOperation$1.call(Lorg/gradle/internal/operations/BuildOperationContext;)Ljava/lang/String;+10
j  org.gradle.kotlin.dsl.provider.StandardKotlinScriptEvaluator$InterpreterHost$runCompileBuildOperation$1.call(Lorg/gradle/internal/operations/BuildOperationContext;)Ljava/lang/Object;+2
J 7492 c1 org.gradle.internal.operations.DefaultBuildOperationRunner$CallableBuildOperationWorker.execute(Lorg/gradle/internal/operations/BuildOperation;Lorg/gradle/internal/operations/BuildOperationContext;)V (10 bytes) @ 0x000001f8a201aecc [0x000001f8a201ac60+0x000000000000026c]
J 7449 c1 org.gradle.internal.operations.DefaultBuildOperationRunner$2.execute(Lorg/gradle/internal/operations/BuildOperationDescriptor;Lorg/gradle/internal/operations/BuildOperationState;Lorg/gradle/internal/operations/BuildOperationState;Lorg/gradle/internal/operations/DefaultBuildOperationRunner$ReadableBuildOperationContext;Lorg/gradle/internal/operations/DefaultBuildOperationRunner$BuildOperationExecutionListener;)Lorg/gradle/internal/operations/BuildOperation; (110 bytes) @ 0x000001f8a2003bc4 [0x000001f8a20039c0+0x0000000000000204]
J 7446 c1 org.gradle.internal.operations.DefaultBuildOperationRunner$2.execute(Lorg/gradle/internal/operations/BuildOperationDescriptor;Lorg/gradle/internal/operations/BuildOperationState;Lorg/gradle/internal/operations/BuildOperationState;Lorg/gradle/internal/operations/DefaultBuildOperationRunner$ReadableBuildOperationContext;Lorg/gradle/internal/operations/DefaultBuildOperationRunner$BuildOperationExecutionListener;)Ljava/lang/Object; (12 bytes) @ 0x000001f8a200183c [0x000001f8a20017c0+0x000000000000007c]
J 7258 c1 org.gradle.internal.operations.DefaultBuildOperationRunner.execute(Lorg/gradle/internal/operations/BuildOperationDescriptor$Builder;Lorg/gradle/internal/operations/BuildOperationState;Lorg/gradle/internal/operations/DefaultBuildOperationRunner$BuildOperationExecution;)Ljava/lang/Object; (147 bytes) @ 0x000001f8a1fb0b04 [0x000001f8a1fb0000+0x0000000000000b04]
J 7033 c1 org.gradle.internal.operations.DefaultBuildOperationRunner.execute(Lorg/gradle/internal/operations/BuildOperation;Lorg/gradle/internal/operations/BuildOperationWorker;Lorg/gradle/internal/operations/BuildOperationState;)V (23 bytes) @ 0x000001f8a1f3d594 [0x000001f8a1f3d2e0+0x00000000000002b4]
J 7490 c1 org.gradle.internal.operations.DefaultBuildOperationRunner.call(Lorg/gradle/internal/operations/CallableBuildOperation;)Ljava/lang/Object; (24 bytes) @ 0x000001f8a201a1f4 [0x000001f8a2019d20+0x00000000000004d4]
j  org.gradle.kotlin.dsl.provider.StandardKotlinScriptEvaluator$InterpreterHost.runCompileBuildOperation(Ljava/lang/String;Ljava/lang/String;Lkotlin/jvm/functions/Function0;)Ljava/lang/String;+38
j  org.gradle.kotlin.dsl.execution.Interpreter$compile$1$1$1$1.invoke(Ljava/lang/String;Ljava/lang/String;Lkotlin/jvm/functions/Function0;)Ljava/lang/String;+28
j  org.gradle.kotlin.dsl.execution.Interpreter$compile$1$1$1$1.invoke(Ljava/lang/Object;Ljava/lang/Object;Ljava/lang/Object;)Ljava/lang/Object;+13
j  org.gradle.kotlin.dsl.execution.ResidualProgramCompiler.compileScript-C5AE47M(Ljava/io/File;Ljava/lang/String;Lorg/jetbrains/kotlin/scripting/definitions/ScriptDefinition;Ljava/lang/String;Lorg/gradle/internal/classpath/ClassPath;)Ljava/lang/String;+23
j  org.gradle.kotlin.dsl.execution.ResidualProgramCompiler.compileStage1-EfyMToc(Lorg/gradle/kotlin/dsl/execution/ProgramSource;Lorg/jetbrains/kotlin/scripting/definitions/ScriptDefinition;Lorg/gradle/internal/classpath/ClassPath;)Ljava/lang/String;+85
j  org.gradle.kotlin.dsl.execution.ResidualProgramCompiler.compilePlugins-A6FCAhw(Lorg/gradle/kotlin/dsl/execution/Program$Plugins;)Ljava/lang/String;+37
j  org.gradle.kotlin.dsl.execution.ResidualProgramCompiler.emitCompiledPluginsBlock(Lorg/jetbrains/org/objectweb/asm/MethodVisitor;Lorg/gradle/kotlin/dsl/execution/Program$Plugins;)V+2
j  org.gradle.kotlin.dsl.execution.ResidualProgramCompiler.emit(Lorg/jetbrains/org/objectweb/asm/MethodVisitor;Lorg/gradle/kotlin/dsl/execution/ResidualProgram$Instruction;)V+166
j  org.gradle.kotlin.dsl.execution.ResidualProgramCompiler.emit(Lorg/jetbrains/org/objectweb/asm/MethodVisitor;Ljava/util/List;)V+49
j  org.gradle.kotlin.dsl.execution.ResidualProgramCompiler.access$emit(Lorg/gradle/kotlin/dsl/execution/ResidualProgramCompiler;Lorg/jetbrains/org/objectweb/asm/MethodVisitor;Ljava/util/List;)V+3
j  org.gradle.kotlin.dsl.execution.ResidualProgramCompiler$emitDynamicProgram$1$1.invoke(Lorg/jetbrains/org/objectweb/asm/MethodVisitor;)V+21
j  org.gradle.kotlin.dsl.execution.ResidualProgramCompiler$emitDynamicProgram$1$1.invoke(Ljava/lang/Object;)Ljava/lang/Object;+5
j  org.gradle.kotlin.dsl.execution.ResidualProgramCompiler$overrideExecute$1.invoke(Lorg/jetbrains/org/objectweb/asm/MethodVisitor;)V+11
j  org.gradle.kotlin.dsl.execution.ResidualProgramCompiler$overrideExecute$1.invoke(Ljava/lang/Object;)Ljava/lang/Object;+5
j  org.gradle.kotlin.dsl.support.bytecode.AsmExtensionsKt.method(Lorg/jetbrains/org/objectweb/asm/ClassVisitor;ILjava/lang/String;Ljava/lang/String;Ljava/lang/String;[Ljava/lang/String;Lkotlin/jvm/functions/Function1;Lkotlin/jvm/functions/Function1;)V+78
j  org.gradle.kotlin.dsl.support.bytecode.AsmExtensionsKt.publicMethod(Lorg/jetbrains/org/objectweb/asm/ClassVisitor;Ljava/lang/String;Ljava/lang/String;Ljava/lang/String;[Ljava/lang/String;Lkotlin/jvm/functions/Function1;Lkotlin/jvm/functions/Function1;)V+43
j  org.gradle.kotlin.dsl.support.bytecode.AsmExtensionsKt.publicMethod$default(Lorg/jetbrains/org/objectweb/asm/ClassVisitor;Ljava/lang/String;Ljava/lang/String;Ljava/lang/String;[Ljava/lang/String;Lkotlin/jvm/functions/Function1;Lkotlin/jvm/functions/Function1;ILjava/lang/Object;)V+46
j  org.gradle.kotlin.dsl.execution.ResidualProgramCompiler.overrideExecute(Lorg/jetbrains/org/objectweb/asm/ClassVisitor;Lkotlin/jvm/functions/Function1;)V+27
j  org.gradle.kotlin.dsl.execution.ResidualProgramCompiler.access$overrideExecute(Lorg/gradle/kotlin/dsl/execution/ResidualProgramCompiler;Lorg/jetbrains/org/objectweb/asm/ClassVisitor;Lkotlin/jvm/functions/Function1;)V+3
j  org.gradle.kotlin.dsl.execution.ResidualProgramCompiler$emitDynamicProgram$1.invoke(Lorg/jetbrains/org/objectweb/asm/ClassWriter;)V+32
j  org.gradle.kotlin.dsl.execution.ResidualProgramCompiler$emitDynamicProgram$1.invoke(Ljava/lang/Object;)Ljava/lang/Object;+5
j  org.gradle.kotlin.dsl.execution.ResidualProgramCompiler$program$3.invoke(Lorg/jetbrains/org/objectweb/asm/ClassWriter;)V+19
j  org.gradle.kotlin.dsl.execution.ResidualProgramCompiler$program$3.invoke(Ljava/lang/Object;)Ljava/lang/Object;+5
j  org.gradle.kotlin.dsl.support.bytecode.AsmExtensionsKt.publicClass-7y5yvvE(Ljava/lang/String;Ljava/lang/String;Ljava/util/List;Lkotlin/jvm/functions/Function1;)[B+26
j  org.gradle.kotlin.dsl.execution.ResidualProgramCompiler.program-5oOsWEo(Ljava/lang/String;Lkotlin/jvm/functions/Function1;)V+24
j  org.gradle.kotlin.dsl.execution.ResidualProgramCompiler.access$program-5oOsWEo(Lorg/gradle/kotlin/dsl/execution/ResidualProgramCompiler;Ljava/lang/String;Lkotlin/jvm/functions/Function1;)V+3
j  org.gradle.kotlin.dsl.execution.ResidualProgramCompiler.emitDynamicProgram(Lorg/gradle/kotlin/dsl/execution/ResidualProgram$Dynamic;)V+28
j  org.gradle.kotlin.dsl.execution.ResidualProgramCompiler.compile(Lorg/gradle/kotlin/dsl/execution/ResidualProgram;)V+38
j  org.gradle.kotlin.dsl.execution.Interpreter$compile$1.invoke(Ljava/io/File;)V+251
j  org.gradle.kotlin.dsl.execution.Interpreter$compile$1.invoke(Ljava/lang/Object;)Ljava/lang/Object;+5
j  org.gradle.kotlin.dsl.provider.StandardKotlinScriptEvaluator$KotlinScriptCompilationAndInstrumentation.compile(Ljava/io/File;)Ljava/io/File;+32
j  org.gradle.internal.scripts.BuildScriptCompilationAndInstrumentation.execute(Lorg/gradle/internal/execution/UnitOfWork$ExecutionRequest;)Lorg/gradle/internal/execution/UnitOfWork$WorkOutput;+9
j  org.gradle.internal.execution.steps.ExecuteStep.executeInternal(Lorg/gradle/internal/execution/UnitOfWork;Lorg/gradle/internal/execution/steps/InputChangesContext;)Lorg/gradle/internal/execution/steps/Result;+16
j  org.gradle.internal.execution.steps.ExecuteStep.access$000(Lorg/gradle/internal/execution/UnitOfWork;Lorg/gradle/internal/execution/steps/InputChangesContext;)Lorg/gradle/internal/execution/steps/Result;+2
j  org.gradle.internal.execution.steps.ExecuteStep$1.call(Lorg/gradle/internal/operations/BuildOperationContext;)Lorg/gradle/internal/execution/steps/Result;+8
j  org.gradle.internal.execution.steps.ExecuteStep$1.call(Lorg/gradle/internal/operations/BuildOperationContext;)Ljava/lang/Object;+2
J 7492 c1 org.gradle.internal.operations.DefaultBuildOperationRunner$CallableBuildOperationWorker.execute(Lorg/gradle/internal/operations/BuildOperation;Lorg/gradle/internal/operations/BuildOperationContext;)V (10 bytes) @ 0x000001f8a201aecc [0x000001f8a201ac60+0x000000000000026c]
J 7449 c1 org.gradle.internal.operations.DefaultBuildOperationRunner$2.execute(Lorg/gradle/internal/operations/BuildOperationDescriptor;Lorg/gradle/internal/operations/BuildOperationState;Lorg/gradle/internal/operations/BuildOperationState;Lorg/gradle/internal/operations/DefaultBuildOperationRunner$ReadableBuildOperationContext;Lorg/gradle/internal/operations/DefaultBuildOperationRunner$BuildOperationExecutionListener;)Lorg/gradle/internal/operations/BuildOperation; (110 bytes) @ 0x000001f8a2003bc4 [0x000001f8a20039c0+0x0000000000000204]
J 7446 c1 org.gradle.internal.operations.DefaultBuildOperationRunner$2.execute(Lorg/gradle/internal/operations/BuildOperationDescriptor;Lorg/gradle/internal/operations/BuildOperationState;Lorg/gradle/internal/operations/BuildOperationState;Lorg/gradle/internal/operations/DefaultBuildOperationRunner$ReadableBuildOperationContext;Lorg/gradle/internal/operations/DefaultBuildOperationRunner$BuildOperationExecutionListener;)Ljava/lang/Object; (12 bytes) @ 0x000001f8a200183c [0x000001f8a20017c0+0x000000000000007c]
J 7258 c1 org.gradle.internal.operations.DefaultBuildOperationRunner.execute(Lorg/gradle/internal/operations/BuildOperationDescriptor$Builder;Lorg/gradle/internal/operations/BuildOperationState;Lorg/gradle/internal/operations/DefaultBuildOperationRunner$BuildOperationExecution;)Ljava/lang/Object; (147 bytes) @ 0x000001f8a1fb0b04 [0x000001f8a1fb0000+0x0000000000000b04]
J 7033 c1 org.gradle.internal.operations.DefaultBuildOperationRunner.execute(Lorg/gradle/internal/operations/BuildOperation;Lorg/gradle/internal/operations/BuildOperationWorker;Lorg/gradle/internal/operations/BuildOperationState;)V (23 bytes) @ 0x000001f8a1f3d594 [0x000001f8a1f3d2e0+0x00000000000002b4]
J 7490 c1 org.gradle.internal.operations.DefaultBuildOperationRunner.call(Lorg/gradle/internal/operations/CallableBuildOperation;)Ljava/lang/Object; (24 bytes) @ 0x000001f8a201a1f4 [0x000001f8a2019d20+0x00000000000004d4]
j  org.gradle.internal.execution.steps.ExecuteStep.execute(Lorg/gradle/internal/execution/UnitOfWork;Lorg/gradle/internal/execution/steps/ChangingOutputsContext;)Lorg/gradle/internal/execution/steps/Result;+28
j  org.gradle.internal.execution.steps.ExecuteStep.execute(Lorg/gradle/internal/execution/UnitOfWork;Lorg/gradle/internal/execution/steps/Context;)Lorg/gradle/internal/execution/steps/Result;+6
j  org.gradle.internal.execution.steps.CancelExecutionStep.execute(Lorg/gradle/internal/execution/UnitOfWork;Lorg/gradle/internal/execution/steps/Context;)Lorg/gradle/internal/execution/steps/Result;+35
j  org.gradle.internal.execution.steps.TimeoutStep.executeWithoutTimeout(Lorg/gradle/internal/execution/UnitOfWork;Lorg/gradle/internal/execution/steps/Context;)Lorg/gradle/internal/execution/steps/Result;+6
j  org.gradle.internal.execution.steps.TimeoutStep.execute(Lorg/gradle/internal/execution/UnitOfWork;Lorg/gradle/internal/execution/steps/Context;)Lorg/gradle/internal/execution/steps/Result;+92
j  org.gradle.internal.execution.steps.PreCreateOutputParentsStep.execute(Lorg/gradle/internal/execution/UnitOfWork;Lorg/gradle/internal/execution/steps/ChangingOutputsContext;)Lorg/gradle/internal/execution/steps/Result;+24
j  org.gradle.internal.execution.steps.PreCreateOutputParentsStep.execute(Lorg/gradle/internal/execution/UnitOfWork;Lorg/gradle/internal/execution/steps/Context;)Lorg/gradle/internal/execution/steps/Result;+6
j  org.gradle.internal.execution.steps.BroadcastChangingOutputsStep.execute(Lorg/gradle/internal/execution/UnitOfWork;Lorg/gradle/internal/execution/steps/InputChangesContext;)Lorg/gradle/internal/execution/steps/Result;+53
j  org.gradle.internal.execution.steps.BroadcastChangingOutputsStep.execute(Lorg/gradle/internal/execution/UnitOfWork;Lorg/gradle/internal/execution/steps/Context;)Lorg/gradle/internal/execution/steps/Result;+6
j  org.gradle.internal.execution.steps.NoInputChangesStep.execute(Lorg/gradle/internal/execution/UnitOfWork;Lorg/gradle/internal/execution/steps/ValidationFinishedContext;)Lorg/gradle/internal/execution/steps/Result;+23
j  org.gradle.internal.execution.steps.NoInputChangesStep.execute(Lorg/gradle/internal/execution/UnitOfWork;Lorg/gradle/internal/execution/steps/Context;)Lorg/gradle/internal/execution/steps/Result;+6
j  org.gradle.internal.execution.steps.CaptureOutputsAfterExecutionStep.execute(Lorg/gradle/internal/execution/UnitOfWork;Lorg/gradle/internal/execution/steps/WorkspaceContext;)Lorg/gradle/internal/execution/steps/AfterExecutionResult;+6
j  org.gradle.internal.execution.steps.CaptureOutputsAfterExecutionStep.execute(Lorg/gradle/internal/execution/UnitOfWork;Lorg/gradle/internal/execution/steps/Context;)Lorg/gradle/internal/execution/steps/Result;+6
j  org.gradle.internal.execution.steps.BuildCacheStep.executeWithoutCache(Lorg/gradle/internal/execution/UnitOfWork;Lorg/gradle/internal/execution/steps/WorkspaceContext;)Lorg/gradle/internal/execution/steps/AfterExecutionResult;+6
j  org.gradle.internal.execution.steps.BuildCacheStep.lambda$execute$1(Lorg/gradle/internal/execution/UnitOfWork;Lorg/gradle/internal/execution/steps/WorkspaceContext;Lorg/gradle/internal/execution/caching/CachingState$Disabled;)Lorg/gradle/internal/execution/steps/AfterExecutionResult;+3
j  org.gradle.internal.execution.steps.BuildCacheStep$$Lambda+0x000001f8b78ada80.apply(Ljava/lang/Object;)Ljava/lang/Object;+16
j  org.gradle.internal.Either$Right.fold(Ljava/util/function/Function;Ljava/util/function/Function;)Ljava/lang/Object;+5
j  org.gradle.internal.execution.caching.CachingState.fold(Ljava/util/function/Function;Ljava/util/function/Function;)Ljava/lang/Object;+6
j  org.gradle.internal.execution.steps.BuildCacheStep.execute(Lorg/gradle/internal/execution/UnitOfWork;Lorg/gradle/internal/execution/steps/WorkspaceContext;)Lorg/gradle/internal/execution/steps/AfterExecutionResult;+25
j  org.gradle.internal.execution.steps.BuildCacheStep.execute(Lorg/gradle/internal/execution/UnitOfWork;Lorg/gradle/internal/execution/steps/Context;)Lorg/gradle/internal/execution/steps/Result;+6
j  org.gradle.internal.execution.steps.NeverUpToDateStep.execute(Lorg/gradle/internal/execution/UnitOfWork;Lorg/gradle/internal/execution/steps/NonIncrementalCachingContext;)Lorg/gradle/internal/execution/steps/UpToDateResult;+6
j  org.gradle.internal.execution.steps.NeverUpToDateStep.execute(Lorg/gradle/internal/execution/UnitOfWork;Lorg/gradle/internal/execution/steps/Context;)Lorg/gradle/internal/execution/steps/Result;+6
j  org.gradle.internal.execution.steps.legacy.MarkSnapshottingInputsFinishedStep.execute(Lorg/gradle/internal/execution/UnitOfWork;Lorg/gradle/internal/execution/steps/CachingContext;)Lorg/gradle/internal/execution/steps/Result;+18
j  org.gradle.internal.execution.steps.legacy.MarkSnapshottingInputsFinishedStep.execute(Lorg/gradle/internal/execution/UnitOfWork;Lorg/gradle/internal/execution/steps/Context;)Lorg/gradle/internal/execution/steps/Result;+6
j  org.gradle.internal.execution.steps.ResolveNonIncrementalCachingStateStep.executeDelegate(Lorg/gradle/internal/execution/UnitOfWork;Lorg/gradle/internal/execution/steps/ValidationFinishedContext;Lorg/gradle/internal/execution/caching/CachingState;)Lorg/gradle/internal/execution/steps/UpToDateResult;+14
j  org.gradle.internal.execution.steps.AbstractResolveCachingStateStep.execute(Lorg/gradle/internal/execution/UnitOfWork;Lorg/gradle/internal/execution/steps/ValidationFinishedContext;)Lorg/gradle/internal/execution/steps/CachingResult;+51
j  org.gradle.internal.execution.steps.AbstractResolveCachingStateStep.execute(Lorg/gradle/internal/execution/UnitOfWork;Lorg/gradle/internal/execution/steps/Context;)Lorg/gradle/internal/execution/steps/Result;+6
j  org.gradle.internal.execution.steps.ValidateStep.execute(Lorg/gradle/internal/execution/UnitOfWork;Lorg/gradle/internal/execution/steps/BeforeExecutionContext;)Lorg/gradle/internal/execution/steps/Result;+255
j  org.gradle.internal.execution.steps.ValidateStep.execute(Lorg/gradle/internal/execution/UnitOfWork;Lorg/gradle/internal/execution/steps/Context;)Lorg/gradle/internal/execution/steps/Result;+6
j  org.gradle.internal.execution.steps.AbstractCaptureStateBeforeExecutionStep.execute(Lorg/gradle/internal/execution/UnitOfWork;Lorg/gradle/internal/execution/steps/PreviousExecutionContext;)Lorg/gradle/internal/execution/steps/CachingResult;+32
j  org.gradle.internal.execution.steps.AbstractCaptureStateBeforeExecutionStep.execute(Lorg/gradle/internal/execution/UnitOfWork;Lorg/gradle/internal/execution/steps/Context;)Lorg/gradle/internal/execution/steps/Result;+6
j  org.gradle.internal.execution.steps.legacy.MarkSnapshottingInputsStartedStep.execute(Lorg/gradle/internal/execution/UnitOfWork;Lorg/gradle/internal/execution/steps/Context;)Lorg/gradle/internal/execution/steps/Result;+12
j  org.gradle.internal.execution.steps.AssignImmutableWorkspaceStep.lambda$executeInTemporaryWorkspace$3(Lorg/gradle/internal/execution/steps/IdentityContext;Lorg/gradle/internal/execution/UnitOfWork;Lorg/gradle/internal/execution/workspace/ImmutableWorkspaceProvider$ImmutableWorkspace;Ljava/io/File;)Lorg/gradle/internal/execution/steps/WorkspaceResult;+50
j  org.gradle.internal.execution.steps.AssignImmutableWorkspaceStep$$Lambda+0x000001f8b78a78e0.executeInTemporaryWorkspace(Ljava/io/File;)Ljava/lang/Object;+17
j  org.gradle.internal.execution.workspace.impl.CacheBasedImmutableWorkspaceProvider$1.withTemporaryWorkspace(Lorg/gradle/internal/execution/workspace/ImmutableWorkspaceProvider$ImmutableWorkspace$TemporaryWorkspaceAction;)Ljava/lang/Object;+47
j  org.gradle.internal.execution.steps.AssignImmutableWorkspaceStep.executeInTemporaryWorkspace(Lorg/gradle/internal/execution/UnitOfWork;Lorg/gradle/internal/execution/steps/IdentityContext;Lorg/gradle/internal/execution/workspace/ImmutableWorkspaceProvider$ImmutableWorkspace;)Lorg/gradle/internal/execution/steps/WorkspaceResult;+10
j  org.gradle.internal.execution.steps.AssignImmutableWorkspaceStep.lambda$execute$0(Lorg/gradle/internal/execution/UnitOfWork;Lorg/gradle/internal/execution/steps/IdentityContext;Lorg/gradle/internal/execution/workspace/ImmutableWorkspaceProvider$ImmutableWorkspace;)Lorg/gradle/internal/execution/steps/WorkspaceResult;+4
j  org.gradle.internal.execution.steps.AssignImmutableWorkspaceStep$$Lambda+0x000001f8b75563f0.get()Ljava/lang/Object;+16
J 8075 c1 org.gradle.internal.execution.steps.AssignImmutableWorkspaceStep.execute(Lorg/gradle/internal/execution/UnitOfWork;Lorg/gradle/internal/execution/steps/IdentityContext;)Lorg/gradle/internal/execution/steps/WorkspaceResult; (55 bytes) @ 0x000001f8a14b53ec [0x000001f8a14b49a0+0x0000000000000a4c]
J 8074 c1 org.gradle.internal.execution.steps.AssignImmutableWorkspaceStep.execute(Lorg/gradle/internal/execution/UnitOfWork;Lorg/gradle/internal/execution/steps/Context;)Lorg/gradle/internal/execution/steps/Result; (10 bytes) @ 0x000001f8a14fa53c [0x000001f8a14fa3c0+0x000000000000017c]
J 7887 c1 org.gradle.internal.execution.steps.ChoosePipelineStep.execute(Lorg/gradle/internal/execution/UnitOfWork;Lorg/gradle/internal/execution/steps/IdentityContext;)Lorg/gradle/internal/execution/steps/Result; (71 bytes) @ 0x000001f8a20e3094 [0x000001f8a20e29a0+0x00000000000006f4]
J 8064 c1 org.gradle.internal.execution.steps.ChoosePipelineStep.execute(Lorg/gradle/internal/execution/UnitOfWork;Lorg/gradle/internal/execution/steps/Context;)Lorg/gradle/internal/execution/steps/Result; (10 bytes) @ 0x000001f8a14faa3c [0x000001f8a14fa8c0+0x000000000000017c]
j  org.gradle.internal.execution.steps.ExecuteWorkBuildOperationFiringStep.lambda$execute$2(Lorg/gradle/internal/execution/UnitOfWork;Lorg/gradle/internal/execution/steps/IdentityContext;)Lorg/gradle/internal/execution/steps/CachingResult;+6
j  org.gradle.internal.execution.steps.ExecuteWorkBuildOperationFiringStep$$Lambda+0x000001f8b754a1d0.get()Ljava/lang/Object;+12
J 7886 c1 org.gradle.internal.execution.steps.ExecuteWorkBuildOperationFiringStep.execute(Lorg/gradle/internal/execution/UnitOfWork;Lorg/gradle/internal/execution/steps/Context;)Lorg/gradle/internal/execution/steps/Result; (10 bytes) @ 0x000001f8a20e1974 [0x000001f8a20e09c0+0x0000000000000fb4]
J 7885 c1 org.gradle.internal.execution.steps.IdentityCacheStep.execute(Lorg/gradle/internal/execution/UnitOfWork;Lorg/gradle/internal/execution/steps/IdentityContext;)Lorg/gradle/internal/execution/steps/WorkspaceResult; (15 bytes) @ 0x000001f8a20e03cc [0x000001f8a20e02c0+0x000000000000010c]
j  org.gradle.internal.execution.steps.IdentityCacheStep.execute(Lorg/gradle/internal/execution/UnitOfWork;Lorg/gradle/internal/execution/steps/Context;)Lorg/gradle/internal/execution/steps/Result;+6
j  org.gradle.internal.execution.steps.IdentifyStep.execute(Lorg/gradle/internal/execution/UnitOfWork;Lorg/gradle/internal/execution/steps/ExecutionRequestContext;)Lorg/gradle/internal/execution/steps/Result;+11
j  org.gradle.internal.execution.steps.IdentifyStep.execute(Lorg/gradle/internal/execution/UnitOfWork;Lorg/gradle/internal/execution/steps/Context;)Lorg/gradle/internal/execution/steps/Result;+6
j  org.gradle.internal.execution.impl.DefaultExecutionEngine$1.execute()Lorg/gradle/internal/execution/ExecutionEngine$Result;+15
j  org.gradle.kotlin.dsl.provider.StandardKotlinScriptEvaluator$InterpreterHost.cachedDirFor(Lorg/gradle/kotlin/dsl/support/KotlinScriptHost;Lorg/gradle/kotlin/dsl/execution/ProgramId;Lorg/gradle/internal/classpath/ClassPath;Lorg/gradle/internal/classpath/ClassPath;Lkotlin/jvm/functions/Function1;)Ljava/io/File;+131
j  org.gradle.kotlin.dsl.execution.Interpreter.compile(Lorg/gradle/kotlin/dsl/support/KotlinScriptHost;Lorg/gradle/kotlin/dsl/execution/ProgramId;Ljava/lang/String;Lorg/gradle/groovy/scripts/ScriptSource;Lorg/gradle/kotlin/dsl/execution/ProgramKind;Lorg/gradle/kotlin/dsl/execution/ProgramTarget;Lorg/gradle/internal/classpath/ClassPath;Lorg/gradle/internal/classpath/ClassPath;Lorg/gradle/api/internal/file/temp/TemporaryFileProvider;)Ljava/io/File;+43
j  org.gradle.kotlin.dsl.execution.Interpreter.emitSpecializedProgramFor(Lorg/gradle/kotlin/dsl/support/KotlinScriptHost;Lorg/gradle/groovy/scripts/ScriptSource;Lorg/gradle/kotlin/dsl/execution/ProgramId;Lorg/gradle/api/internal/initialization/ClassLoaderScope;Lorg/gradle/api/internal/initialization/ClassLoaderScope;Lorg/gradle/kotlin/dsl/execution/ProgramKind;Lorg/gradle/kotlin/dsl/execution/ProgramTarget;)Lorg/gradle/kotlin/dsl/execution/CompiledScript;+85
j  org.gradle.kotlin.dsl.execution.Interpreter.eval(Ljava/lang/Object;Lorg/gradle/groovy/scripts/ScriptSource;Lorg/gradle/internal/hash/HashCode;Lorg/gradle/api/initialization/dsl/ScriptHandler;Lorg/gradle/api/internal/initialization/ClassLoaderScope;Lorg/gradle/api/internal/initialization/ClassLoaderScope;ZLjava/util/EnumSet;)V+189
j  org.gradle.kotlin.dsl.provider.StandardKotlinScriptEvaluator.evaluate(Ljava/lang/Object;Lorg/gradle/groovy/scripts/ScriptSource;Lorg/gradle/api/initialization/dsl/ScriptHandler;Lorg/gradle/api/internal/initialization/ClassLoaderScope;Lorg/gradle/api/internal/initialization/ClassLoaderScope;ZLjava/util/EnumSet;)V+163
j  org.gradle.kotlin.dsl.provider.KotlinScriptPluginFactory$create$1.invoke(Ljava/lang/Object;)V+72
j  org.gradle.kotlin.dsl.provider.KotlinScriptPluginFactory$create$1.invoke(Ljava/lang/Object;)Ljava/lang/Object;+2
j  org.gradle.kotlin.dsl.provider.KotlinScriptPlugin.apply(Ljava/lang/Object;)V+22
j  org.gradle.configuration.BuildOperationScriptPlugin$1.run(Lorg/gradle/internal/operations/BuildOperationContext;)V+11
j  org.gradle.internal.operations.DefaultBuildOperationRunner$1.execute(Lorg/gradle/internal/operations/RunnableBuildOperation;Lorg/gradle/internal/operations/BuildOperationContext;)V+2
j  org.gradle.internal.operations.DefaultBuildOperationRunner$1.execute(Lorg/gradle/internal/operations/BuildOperation;Lorg/gradle/internal/operations/BuildOperationContext;)V+6
J 7449 c1 org.gradle.internal.operations.DefaultBuildOperationRunner$2.execute(Lorg/gradle/internal/operations/BuildOperationDescriptor;Lorg/gradle/internal/operations/BuildOperationState;Lorg/gradle/internal/operations/BuildOperationState;Lorg/gradle/internal/operations/DefaultBuildOperationRunner$ReadableBuildOperationContext;Lorg/gradle/internal/operations/DefaultBuildOperationRunner$BuildOperationExecutionListener;)Lorg/gradle/internal/operations/BuildOperation; (110 bytes) @ 0x000001f8a2003bc4 [0x000001f8a20039c0+0x0000000000000204]
J 7446 c1 org.gradle.internal.operations.DefaultBuildOperationRunner$2.execute(Lorg/gradle/internal/operations/BuildOperationDescriptor;Lorg/gradle/internal/operations/BuildOperationState;Lorg/gradle/internal/operations/BuildOperationState;Lorg/gradle/internal/operations/DefaultBuildOperationRunner$ReadableBuildOperationContext;Lorg/gradle/internal/operations/DefaultBuildOperationRunner$BuildOperationExecutionListener;)Ljava/lang/Object; (12 bytes) @ 0x000001f8a200183c [0x000001f8a20017c0+0x000000000000007c]
J 7258 c1 org.gradle.internal.operations.DefaultBuildOperationRunner.execute(Lorg/gradle/internal/operations/BuildOperationDescriptor$Builder;Lorg/gradle/internal/operations/BuildOperationState;Lorg/gradle/internal/operations/DefaultBuildOperationRunner$BuildOperationExecution;)Ljava/lang/Object; (147 bytes) @ 0x000001f8a1fb0b04 [0x000001f8a1fb0000+0x0000000000000b04]
J 7033 c1 org.gradle.internal.operations.DefaultBuildOperationRunner.execute(Lorg/gradle/internal/operations/BuildOperation;Lorg/gradle/internal/operations/BuildOperationWorker;Lorg/gradle/internal/operations/BuildOperationState;)V (23 bytes) @ 0x000001f8a1f3d594 [0x000001f8a1f3d2e0+0x00000000000002b4]
j  org.gradle.internal.operations.DefaultBuildOperationRunner.run(Lorg/gradle/internal/operations/RunnableBuildOperation;)V+9
j  org.gradle.configuration.BuildOperationScriptPlugin.lambda$apply$0(Ljava/lang/Object;Lorg/gradle/internal/code/UserCodeApplicationId;)V+14
j  org.gradle.configuration.BuildOperationScriptPlugin$$Lambda+0x000001f8b75217c0.execute(Ljava/lang/Object;)V+12
j  org.gradle.internal.code.DefaultUserCodeApplicationContext.apply(Lorg/gradle/internal/code/UserCodeSource;Lorg/gradle/api/Action;)V+37
j  org.gradle.configuration.BuildOperationScriptPlugin.apply(Ljava/lang/Object;)V+71
j  org.gradle.configuration.project.BuildScriptProcessor$$Lambda+0x000001f8b783dfe8.accept(Ljava/lang/Object;)V+8
j  org.gradle.api.internal.project.DefaultProjectStateRegistry$ProjectStateImpl.lambda$applyToMutableState$1(Ljava/util/function/Consumer;Lorg/gradle/api/internal/project/ProjectInternal;)Ljava/lang/Object;+2
j  org.gradle.api.internal.project.DefaultProjectStateRegistry$ProjectStateImpl$$Lambda+0x000001f8b77f5648.apply(Ljava/lang/Object;)Ljava/lang/Object;+8
j  org.gradle.api.internal.project.DefaultProjectStateRegistry$ProjectStateImpl.fromMutableState(Ljava/util/function/Function;)Ljava/lang/Object;+97
j  org.gradle.api.internal.project.DefaultProjectStateRegistry$ProjectStateImpl.applyToMutableState(Ljava/util/function/Consumer;)V+7
j  org.gradle.configuration.project.BuildScriptProcessor.execute(Lorg/gradle/api/internal/project/ProjectInternal;)V+88
j  org.gradle.configuration.project.BuildScriptProcessor.execute(Ljava/lang/Object;)V+5
j  org.gradle.configuration.project.ConfigureActionsProjectEvaluator.evaluate(Lorg/gradle/api/internal/project/ProjectInternal;Lorg/gradle/api/internal/project/ProjectStateInternal;)V+33
j  org.gradle.configuration.project.LifecycleProjectEvaluator$EvaluateProject.lambda$run$0(Lorg/gradle/internal/operations/BuildOperationContext;Lorg/gradle/api/internal/project/ProjectInternal;)V+67
j  org.gradle.configuration.project.LifecycleProjectEvaluator$EvaluateProject$$Lambda+0x000001f8b77f5410.accept(Ljava/lang/Object;)V+12
j  org.gradle.api.internal.project.DefaultProjectStateRegistry$ProjectStateImpl.lambda$applyToMutableState$1(Ljava/util/function/Consumer;Lorg/gradle/api/internal/project/ProjectInternal;)Ljava/lang/Object;+2
j  org.gradle.api.internal.project.DefaultProjectStateRegistry$ProjectStateImpl$$Lambda+0x000001f8b77f5648.apply(Ljava/lang/Object;)Ljava/lang/Object;+8
j  org.gradle.api.internal.project.DefaultProjectStateRegistry$ProjectStateImpl.lambda$fromMutableState$2(Ljava/util/function/Function;)Ljava/lang/Object;+5
j  org.gradle.api.internal.project.DefaultProjectStateRegistry$ProjectStateImpl$$Lambda+0x000001f8b77f5890.create()Ljava/lang/Object;+8
j  org.gradle.internal.work.DefaultWorkerLeaseService.withReplacedLocks(Ljava/util/Collection;Lorg/gradle/internal/resources/ResourceLock;Lorg/gradle/internal/Factory;)Ljava/lang/Object;+40
j  org.gradle.api.internal.project.DefaultProjectStateRegistry$ProjectStateImpl.fromMutableState(Ljava/util/function/Function;)Ljava/lang/Object;+133
j  org.gradle.api.internal.project.DefaultProjectStateRegistry$ProjectStateImpl.applyToMutableState(Ljava/util/function/Consumer;)V+7
j  org.gradle.configuration.project.LifecycleProjectEvaluator$EvaluateProject.run(Lorg/gradle/internal/operations/BuildOperationContext;)V+16
j  org.gradle.internal.operations.DefaultBuildOperationRunner$1.execute(Lorg/gradle/internal/operations/RunnableBuildOperation;Lorg/gradle/internal/operations/BuildOperationContext;)V+2
j  org.gradle.internal.operations.DefaultBuildOperationRunner$1.execute(Lorg/gradle/internal/operations/BuildOperation;Lorg/gradle/internal/operations/BuildOperationContext;)V+6
J 7449 c1 org.gradle.internal.operations.DefaultBuildOperationRunner$2.execute(Lorg/gradle/internal/operations/BuildOperationDescriptor;Lorg/gradle/internal/operations/BuildOperationState;Lorg/gradle/internal/operations/BuildOperationState;Lorg/gradle/internal/operations/DefaultBuildOperationRunner$ReadableBuildOperationContext;Lorg/gradle/internal/operations/DefaultBuildOperationRunner$BuildOperationExecutionListener;)Lorg/gradle/internal/operations/BuildOperation; (110 bytes) @ 0x000001f8a2003bc4 [0x000001f8a20039c0+0x0000000000000204]
J 7446 c1 org.gradle.internal.operations.DefaultBuildOperationRunner$2.execute(Lorg/gradle/internal/operations/BuildOperationDescriptor;Lorg/gradle/internal/operations/BuildOperationState;Lorg/gradle/internal/operations/BuildOperationState;Lorg/gradle/internal/operations/DefaultBuildOperationRunner$ReadableBuildOperationContext;Lorg/gradle/internal/operations/DefaultBuildOperationRunner$BuildOperationExecutionListener;)Ljava/lang/Object; (12 bytes) @ 0x000001f8a200183c [0x000001f8a20017c0+0x000000000000007c]
J 7258 c1 org.gradle.internal.operations.DefaultBuildOperationRunner.execute(Lorg/gradle/internal/operations/BuildOperationDescriptor$Builder;Lorg/gradle/internal/operations/BuildOperationState;Lorg/gradle/internal/operations/DefaultBuildOperationRunner$BuildOperationExecution;)Ljava/lang/Object; (147 bytes) @ 0x000001f8a1fb0b04 [0x000001f8a1fb0000+0x0000000000000b04]
J 7033 c1 org.gradle.internal.operations.DefaultBuildOperationRunner.execute(Lorg/gradle/internal/operations/BuildOperation;Lorg/gradle/internal/operations/BuildOperationWorker;Lorg/gradle/internal/operations/BuildOperationState;)V (23 bytes) @ 0x000001f8a1f3d594 [0x000001f8a1f3d2e0+0x00000000000002b4]
j  org.gradle.internal.operations.DefaultBuildOperationRunner.run(Lorg/gradle/internal/operations/RunnableBuildOperation;)V+9
j  org.gradle.configuration.project.LifecycleProjectEvaluator.evaluate(Lorg/gradle/api/internal/project/ProjectInternal;Lorg/gradle/api/internal/project/ProjectStateInternal;)V+42
j  org.gradle.api.internal.project.DefaultProject.evaluateUnchecked()Lorg/gradle/api/internal/project/ProjectInternal;+20
j  org.gradle.api.internal.project.ProjectLifecycleController.lambda$ensureSelfConfigured$2()V+4
j  org.gradle.api.internal.project.ProjectLifecycleController$$Lambda+0x000001f8b77ef970.run()V+4
j  org.gradle.internal.model.StateTransitionController.lambda$doTransition$14(Ljava/lang/Runnable;)Lorg/gradle/internal/build/ExecutionResult;+1
j  org.gradle.internal.model.StateTransitionController$$Lambda+0x000001f8b7413258.get()Ljava/lang/Object;+4
j  org.gradle.internal.model.StateTransitionController.doTransition(Lorg/gradle/internal/model/StateTransitionController$State;Lorg/gradle/internal/model/StateTransitionController$State;Ljava/util/function/Supplier;)Lorg/gradle/internal/build/ExecutionResult;+24
j  org.gradle.internal.model.StateTransitionController.doTransition(Lorg/gradle/internal/model/StateTransitionController$State;Lorg/gradle/internal/model/StateTransitionController$State;Ljava/lang/Runnable;)V+9
j  org.gradle.internal.model.StateTransitionController.lambda$maybeTransitionIfNotCurrentlyTransitioning$10(Lorg/gradle/internal/model/StateTransitionController$State;Lorg/gradle/internal/model/StateTransitionController$State;Ljava/lang/Runnable;)V+16
j  org.gradle.internal.model.StateTransitionController$$Lambda+0x000001f8b77efb98.run()V+16
j  org.gradle.internal.work.DefaultSynchronizer.withLock(Ljava/lang/Runnable;)V+6
j  org.gradle.internal.model.StateTransitionController.maybeTransitionIfNotCurrentlyTransitioning(Lorg/gradle/internal/model/StateTransitionController$State;Lorg/gradle/internal/model/StateTransitionController$State;Ljava/lang/Runnable;)V+13
j  org.gradle.api.internal.project.ProjectLifecycleController.ensureSelfConfigured()V+16
j  org.gradle.api.internal.project.DefaultProjectStateRegistry$ProjectStateImpl.ensureConfigured()V+19
j  org.gradle.execution.TaskPathProjectEvaluator.configure(Lorg/gradle/api/internal/project/ProjectInternal;)V+6
j  org.gradle.execution.TaskPathProjectEvaluator.configureHierarchy(Lorg/gradle/api/internal/project/ProjectInternal;)V+41
j  org.gradle.configuration.DefaultProjectsPreparer.prepareProjects(Lorg/gradle/api/internal/GradleInternal;)V+52
j  org.gradle.configuration.BuildTreePreparingProjectsPreparer.prepareProjects(Lorg/gradle/api/internal/GradleInternal;)V+114
j  org.gradle.configuration.BuildOperationFiringProjectsPreparer$ConfigureBuild.run(Lorg/gradle/internal/operations/BuildOperationContext;)V+11
j  org.gradle.internal.operations.DefaultBuildOperationRunner$1.execute(Lorg/gradle/internal/operations/RunnableBuildOperation;Lorg/gradle/internal/operations/BuildOperationContext;)V+2
j  org.gradle.internal.operations.DefaultBuildOperationRunner$1.execute(Lorg/gradle/internal/operations/BuildOperation;Lorg/gradle/internal/operations/BuildOperationContext;)V+6
j  org.gradle.internal.operations.DefaultBuildOperationRunner$2.execute(Lorg/gradle/internal/operations/BuildOperationDescriptor;Lorg/gradle/internal/operations/BuildOperationState;Lorg/gradle/internal/operations/BuildOperationState;Lorg/gradle/internal/operations/DefaultBuildOperationRunner$ReadableBuildOperationContext;Lorg/gradle/internal/operations/DefaultBuildOperationRunner$BuildOperationExecutionListener;)Lorg/gradle/internal/operations/BuildOperation;+22
j  org.gradle.internal.operations.DefaultBuildOperationRunner$2.execute(Lorg/gradle/internal/operations/BuildOperationDescriptor;Lorg/gradle/internal/operations/BuildOperationState;Lorg/gradle/internal/operations/BuildOperationState;Lorg/gradle/internal/operations/DefaultBuildOperationRunner$ReadableBuildOperationContext;Lorg/gradle/internal/operations/DefaultBuildOperationRunner$BuildOperationExecutionListener;)Ljava/lang/Object;+8
j  org.gradle.internal.operations.DefaultBuildOperationRunner.execute(Lorg/gradle/internal/operations/BuildOperationDescriptor$Builder;Lorg/gradle/internal/operations/BuildOperationState;Lorg/gradle/internal/operations/DefaultBuildOperationRunner$BuildOperationExecution;)Ljava/lang/Object;+141
j  org.gradle.internal.operations.DefaultBuildOperationRunner.execute(Lorg/gradle/internal/operations/BuildOperation;Lorg/gradle/internal/operations/BuildOperationWorker;Lorg/gradle/internal/operations/BuildOperationState;)V+18
j  org.gradle.internal.operations.DefaultBuildOperationRunner.run(Lorg/gradle/internal/operations/RunnableBuildOperation;)V+9
j  org.gradle.configuration.BuildOperationFiringProjectsPreparer.prepareProjects(Lorg/gradle/api/internal/GradleInternal;)V+13
j  org.gradle.initialization.VintageBuildModelController.lambda$prepareProjects$2()V+8
j  org.gradle.initialization.VintageBuildModelController$$Lambda+0x000001f8b7751d78.run()V+4
j  org.gradle.internal.model.StateTransitionController.lambda$doTransition$14(Ljava/lang/Runnable;)Lorg/gradle/internal/build/ExecutionResult;+1
j  org.gradle.internal.model.StateTransitionController$$Lambda+0x000001f8b7413258.get()Ljava/lang/Object;+4
j  org.gradle.internal.model.StateTransitionController.doTransition(Lorg/gradle/internal/model/StateTransitionController$State;Lorg/gradle/internal/model/StateTransitionController$State;Ljava/util/function/Supplier;)Lorg/gradle/internal/build/ExecutionResult;+24
j  org.gradle.internal.model.StateTransitionController.doTransition(Lorg/gradle/internal/model/StateTransitionController$State;Lorg/gradle/internal/model/StateTransitionController$State;Ljava/lang/Runnable;)V+9
j  org.gradle.internal.model.StateTransitionController.lambda$transitionIfNotPreviously$11(Lorg/gradle/internal/model/StateTransitionController$State;Lorg/gradle/internal/model/StateTransitionController$State;Ljava/lang/Runnable;)V+16
j  org.gradle.internal.model.StateTransitionController$$Lambda+0x000001f8b7413030.run()V+16
j  org.gradle.internal.work.DefaultSynchronizer.withLock(Ljava/lang/Runnable;)V+6
j  org.gradle.internal.model.StateTransitionController.transitionIfNotPreviously(Lorg/gradle/internal/model/StateTransitionController$State;Lorg/gradle/internal/model/StateTransitionController$State;Ljava/lang/Runnable;)V+13
j  org.gradle.initialization.VintageBuildModelController.prepareProjects()V+16
j  org.gradle.initialization.VintageBuildModelController.getConfiguredModel()Lorg/gradle/api/internal/GradleInternal;+5
j  org.gradle.internal.build.DefaultBuildLifecycleController.lambda$withProjectsConfigured$1(Ljava/util/function/Function;)Ljava/lang/Object;+5
j  org.gradle.internal.build.DefaultBuildLifecycleController$$Lambda+0x000001f8b74129b8.get()Ljava/lang/Object;+8
j  org.gradle.internal.model.StateTransitionController.lambda$notInState$3(Lorg/gradle/internal/model/StateTransitionController$State;Ljava/util/function/Supplier;)Ljava/lang/Object;+11
j  org.gradle.internal.model.StateTransitionController$$Lambda+0x000001f8b7412be0.create()Ljava/lang/Object;+12
j  org.gradle.internal.work.DefaultSynchronizer.withLock(Lorg/gradle/internal/Factory;)Ljava/lang/Object;+6
j  org.gradle.internal.model.StateTransitionController.notInState(Lorg/gradle/internal/model/StateTransitionController$State;Ljava/util/function/Supplier;)Ljava/lang/Object;+12
j  org.gradle.internal.build.DefaultBuildLifecycleController.withProjectsConfigured(Ljava/util/function/Function;)Ljava/lang/Object;+14
j  org.gradle.internal.build.DefaultBuildToolingModelController.locateBuilderForTarget(Ljava/lang/String;Z)Lorg/gradle/tooling/provider/model/internal/ToolingModelScope;+38
j  org.gradle.internal.buildtree.DefaultBuildTreeModelCreator$DefaultBuildTreeModelController.lambda$locateBuilderForBuildTarget$0(Ljava/lang/String;ZLorg/gradle/internal/build/BuildToolingModelController;)Lorg/gradle/tooling/provider/model/internal/ToolingModelScope;+3
j  org.gradle.internal.buildtree.DefaultBuildTreeModelCreator$DefaultBuildTreeModelController$$Lambda+0x000001f8b73f7440.apply(Ljava/lang/Object;)Ljava/lang/Object;+12
j  org.gradle.internal.build.DefaultBuildLifecycleController.withToolingModels(Ljava/util/function/Function;)Ljava/lang/Object;+15
j  org.gradle.internal.build.AbstractBuildState.withToolingModels(Ljava/util/function/Function;)Ljava/lang/Object;+5
j  org.gradle.internal.buildtree.DefaultBuildTreeModelCreator$DefaultBuildTreeModelController.locateBuilderForBuildTarget(Lorg/gradle/internal/build/BuildState;Ljava/lang/String;Z)Lorg/gradle/tooling/provider/model/internal/ToolingModelScope;+8
j  org.gradle.internal.buildtree.DefaultBuildTreeModelCreator$DefaultBuildTreeModelController.locateBuilderForDefaultTarget(Ljava/lang/String;Z)Lorg/gradle/tooling/provider/model/internal/ToolingModelScope;+10
j  org.gradle.internal.buildtree.DefaultBuildTreeModelCreator$DefaultBuildTreeModelController.locateBuilderForTarget(Lorg/gradle/internal/buildtree/BuildTreeModelTarget;Ljava/lang/String;Z)Lorg/gradle/tooling/provider/model/internal/ToolingModelScope;+10
j  org.gradle.internal.buildtree.DefaultBuildTreeModelCreator$DefaultBuildTreeModelController.access$200(Lorg/gradle/internal/buildtree/DefaultBuildTreeModelCreator$DefaultBuildTreeModelController;Lorg/gradle/internal/buildtree/BuildTreeModelTarget;Ljava/lang/String;Z)Lorg/gradle/tooling/provider/model/internal/ToolingModelScope;+4
j  org.gradle.internal.buildtree.DefaultBuildTreeModelCreator$DefaultBuildTreeModelController$1.call(Lorg/gradle/internal/operations/BuildOperationContext;)Ljava/lang/Object;+24
j  org.gradle.internal.operations.DefaultBuildOperationRunner$CallableBuildOperationWorker.execute(Lorg/gradle/internal/operations/CallableBuildOperation;Lorg/gradle/internal/operations/BuildOperationContext;)V+3
j  org.gradle.internal.operations.DefaultBuildOperationRunner$CallableBuildOperationWorker.execute(Lorg/gradle/internal/operations/BuildOperation;Lorg/gradle/internal/operations/BuildOperationContext;)V+6
j  org.gradle.internal.operations.DefaultBuildOperationRunner$2.execute(Lorg/gradle/internal/operations/BuildOperationDescriptor;Lorg/gradle/internal/operations/BuildOperationState;Lorg/gradle/internal/operations/BuildOperationState;Lorg/gradle/internal/operations/DefaultBuildOperationRunner$ReadableBuildOperationContext;Lorg/gradle/internal/operations/DefaultBuildOperationRunner$BuildOperationExecutionListener;)Lorg/gradle/internal/operations/BuildOperation;+22
j  org.gradle.internal.operations.DefaultBuildOperationRunner$2.execute(Lorg/gradle/internal/operations/BuildOperationDescriptor;Lorg/gradle/internal/operations/BuildOperationState;Lorg/gradle/internal/operations/BuildOperationState;Lorg/gradle/internal/operations/DefaultBuildOperationRunner$ReadableBuildOperationContext;Lorg/gradle/internal/operations/DefaultBuildOperationRunner$BuildOperationExecutionListener;)Ljava/lang/Object;+8
j  org.gradle.internal.operations.DefaultBuildOperationRunner.execute(Lorg/gradle/internal/operations/BuildOperationDescriptor$Builder;Lorg/gradle/internal/operations/BuildOperationState;Lorg/gradle/internal/operations/DefaultBuildOperationRunner$BuildOperationExecution;)Ljava/lang/Object;+141
j  org.gradle.internal.operations.DefaultBuildOperationRunner.execute(Lorg/gradle/internal/operations/BuildOperation;Lorg/gradle/internal/operations/BuildOperationWorker;Lorg/gradle/internal/operations/BuildOperationState;)V+18
j  org.gradle.internal.operations.DefaultBuildOperationRunner.call(Lorg/gradle/internal/operations/CallableBuildOperation;)Ljava/lang/Object;+16
j  org.gradle.internal.buildtree.DefaultBuildTreeModelCreator$DefaultBuildTreeModelController.getModel(Lorg/gradle/internal/buildtree/BuildTreeModelTarget;Ljava/lang/String;Ljava/lang/Object;)Ljava/lang/Object;+18
j  org.gradle.tooling.internal.provider.runner.BuildModelActionRunner$ModelCreateAction.fromBuildModel(Lorg/gradle/internal/buildtree/BuildTreeModelController;)Ljava/lang/Object;+14
j  org.gradle.internal.buildtree.DefaultBuildTreeModelCreator.fromBuildModel(Lorg/gradle/internal/buildtree/BuildTreeModelAction;)Ljava/lang/Object;+10
j  org.gradle.internal.buildtree.DefaultBuildTreeLifecycleController.lambda$fromBuildModel$2(Lorg/gradle/internal/buildtree/BuildTreeModelAction;Z)Lorg/gradle/internal/build/ExecutionResult;+57
j  org.gradle.internal.buildtree.DefaultBuildTreeLifecycleController$$Lambda+0x000001f8b73f62f0.get()Ljava/lang/Object;+12
j  org.gradle.internal.buildtree.DefaultBuildTreeLifecycleController.lambda$runBuild$4(Ljava/util/function/Supplier;)Ljava/lang/Object;+1
j  org.gradle.internal.buildtree.DefaultBuildTreeLifecycleController$$Lambda+0x000001f8b73f6518.get()Ljava/lang/Object;+8
j  org.gradle.internal.model.StateTransitionController.lambda$transition$6(Ljava/util/function/Supplier;)Lorg/gradle/internal/build/ExecutionResult;+1
j  org.gradle.internal.model.StateTransitionController$$Lambda+0x000001f8b73f6968.get()Ljava/lang/Object;+4
j  org.gradle.internal.model.StateTransitionController.doTransition(Lorg/gradle/internal/model/StateTransitionController$State;Lorg/gradle/internal/model/StateTransitionController$State;Ljava/util/function/Supplier;)Lorg/gradle/internal/build/ExecutionResult;+24
j  org.gradle.internal.model.StateTransitionController.lambda$transition$7(Lorg/gradle/internal/model/StateTransitionController$State;Lorg/gradle/internal/model/StateTransitionController$State;Ljava/util/function/Supplier;)Ljava/lang/Object;+9
j  org.gradle.internal.model.StateTransitionController$$Lambda+0x000001f8b73f6740.create()Ljava/lang/Object;+16
j  org.gradle.internal.work.DefaultSynchronizer.withLock(Lorg/gradle/internal/Factory;)Ljava/lang/Object;+6
j  org.gradle.internal.model.StateTransitionController.transition(Lorg/gradle/internal/model/StateTransitionController$State;Lorg/gradle/internal/model/StateTransitionController$State;Ljava/util/function/Supplier;)Ljava/lang/Object;+13
j  org.gradle.internal.buildtree.DefaultBuildTreeLifecycleController.runBuild(Ljava/util/function/Supplier;)Ljava/lang/Object;+17
j  org.gradle.internal.buildtree.DefaultBuildTreeLifecycleController.fromBuildModel(ZLorg/gradle/internal/buildtree/BuildTreeModelAction;)Ljava/lang/Object;+9
j  org.gradle.tooling.internal.provider.runner.BuildModelActionRunner.run(Lorg/gradle/internal/invocation/BuildAction;Lorg/gradle/internal/buildtree/BuildTreeLifecycleController;)Lorg/gradle/internal/buildtree/BuildActionRunner$Result;+40
j  org.gradle.launcher.exec.ChainingBuildActionRunner.run(Lorg/gradle/internal/invocation/BuildAction;Lorg/gradle/internal/buildtree/BuildTreeLifecycleController;)Lorg/gradle/internal/buildtree/BuildActionRunner$Result;+34
j  org.gradle.internal.buildtree.ProblemReportingBuildActionRunner.run(Lorg/gradle/internal/invocation/BuildAction;Lorg/gradle/internal/buildtree/BuildTreeLifecycleController;)Lorg/gradle/internal/buildtree/BuildActionRunner$Result;+12
j  org.gradle.launcher.exec.BuildOutcomeReportingBuildActionRunner.run(Lorg/gradle/internal/invocation/BuildAction;Lorg/gradle/internal/buildtree/BuildTreeLifecycleController;)Lorg/gradle/internal/buildtree/BuildActionRunner$Result;+69
j  org.gradle.tooling.internal.provider.FileSystemWatchingBuildActionRunner.run(Lorg/gradle/internal/invocation/BuildAction;Lorg/gradle/internal/buildtree/BuildTreeLifecycleController;)Lorg/gradle/internal/buildtree/BuildActionRunner$Result;+317
j  org.gradle.launcher.exec.BuildCompletionNotifyingBuildActionRunner.run(Lorg/gradle/internal/invocation/BuildAction;Lorg/gradle/internal/buildtree/BuildTreeLifecycleController;)Lorg/gradle/internal/buildtree/BuildActionRunner$Result;+6
j  org.gradle.launcher.exec.RootBuildLifecycleBuildActionExecutor.lambda$execute$0(Lorg/gradle/internal/invocation/BuildAction;Lorg/gradle/internal/buildtree/BuildTreeLifecycleController;)Lorg/gradle/internal/buildtree/BuildActionRunner$Result;+6
j  org.gradle.launcher.exec.RootBuildLifecycleBuildActionExecutor$$Lambda+0x000001f8b73db538.apply(Ljava/lang/Object;)Ljava/lang/Object;+12
j  org.gradle.composite.internal.DefaultRootBuildState.run(Ljava/util/function/Function;)Ljava/lang/Object;+87
j  org.gradle.launcher.exec.RootBuildLifecycleBuildActionExecutor.execute(Lorg/gradle/internal/invocation/BuildAction;Lorg/gradle/internal/buildtree/BuildTreeContext;)Lorg/gradle/internal/buildtree/BuildActionRunner$Result;+75
j  org.gradle.internal.buildtree.InitDeprecationLoggingActionExecutor.execute(Lorg/gradle/internal/invocation/BuildAction;Lorg/gradle/internal/buildtree/BuildTreeContext;)Lorg/gradle/internal/buildtree/BuildActionRunner$Result;+83
j  org.gradle.internal.buildtree.InitProblems.execute(Lorg/gradle/internal/invocation/BuildAction;Lorg/gradle/internal/buildtree/BuildTreeContext;)Lorg/gradle/internal/buildtree/BuildActionRunner$Result;+13
j  org.gradle.internal.buildtree.DefaultBuildTreeContext.execute(Lorg/gradle/internal/invocation/BuildAction;)Lorg/gradle/internal/buildtree/BuildActionRunner$Result;+64
j  org.gradle.launcher.exec.BuildTreeLifecycleBuildActionExecutor.lambda$execute$0(Lorg/gradle/internal/invocation/BuildAction;Lorg/gradle/internal/buildtree/BuildTreeContext;)Lorg/gradle/internal/buildtree/BuildActionRunner$Result;+2
j  org.gradle.launcher.exec.BuildTreeLifecycleBuildActionExecutor$$Lambda+0x000001f8b72b4230.apply(Ljava/lang/Object;)Ljava/lang/Object;+8
j  org.gradle.internal.buildtree.BuildTreeState.run(Ljava/util/function/Function;)Ljava/lang/Object;+47
j  org.gradle.launcher.exec.BuildTreeLifecycleBuildActionExecutor.execute(Lorg/gradle/internal/invocation/BuildAction;Lorg/gradle/internal/session/BuildSessionContext;)Lorg/gradle/internal/buildtree/BuildActionRunner$Result;+74
j  org.gradle.launcher.exec.RunAsBuildOperationBuildActionExecutor$2.call(Lorg/gradle/internal/operations/BuildOperationContext;)Lorg/gradle/internal/buildtree/BuildActionRunner$Result;+25
j  org.gradle.launcher.exec.RunAsBuildOperationBuildActionExecutor$2.call(Lorg/gradle/internal/operations/BuildOperationContext;)Ljava/lang/Object;+2
j  org.gradle.internal.operations.DefaultBuildOperationRunner$CallableBuildOperationWorker.execute(Lorg/gradle/internal/operations/CallableBuildOperation;Lorg/gradle/internal/operations/BuildOperationContext;)V+3
j  org.gradle.internal.operations.DefaultBuildOperationRunner$CallableBuildOperationWorker.execute(Lorg/gradle/internal/operations/BuildOperation;Lorg/gradle/internal/operations/BuildOperationContext;)V+6
j  org.gradle.internal.operations.DefaultBuildOperationRunner$2.execute(Lorg/gradle/internal/operations/BuildOperationDescriptor;Lorg/gradle/internal/operations/BuildOperationState;Lorg/gradle/internal/operations/BuildOperationState;Lorg/gradle/internal/operations/DefaultBuildOperationRunner$ReadableBuildOperationContext;Lorg/gradle/internal/operations/DefaultBuildOperationRunner$BuildOperationExecutionListener;)Lorg/gradle/internal/operations/BuildOperation;+22
j  org.gradle.internal.operations.DefaultBuildOperationRunner$2.execute(Lorg/gradle/internal/operations/BuildOperationDescriptor;Lorg/gradle/internal/operations/BuildOperationState;Lorg/gradle/internal/operations/BuildOperationState;Lorg/gradle/internal/operations/DefaultBuildOperationRunner$ReadableBuildOperationContext;Lorg/gradle/internal/operations/DefaultBuildOperationRunner$BuildOperationExecutionListener;)Ljava/lang/Object;+8
j  org.gradle.internal.operations.DefaultBuildOperationRunner.execute(Lorg/gradle/internal/operations/BuildOperationDescriptor$Builder;Lorg/gradle/internal/operations/BuildOperationState;Lorg/gradle/internal/operations/DefaultBuildOperationRunner$BuildOperationExecution;)Ljava/lang/Object;+141
j  org.gradle.internal.operations.DefaultBuildOperationRunner.execute(Lorg/gradle/internal/operations/BuildOperation;Lorg/gradle/internal/operations/BuildOperationWorker;Lorg/gradle/internal/operations/BuildOperationState;)V+18
j  org.gradle.internal.operations.DefaultBuildOperationRunner.call(Lorg/gradle/internal/operations/CallableBuildOperation;)Ljava/lang/Object;+16
j  org.gradle.launcher.exec.RunAsBuildOperationBuildActionExecutor.execute(Lorg/gradle/internal/invocation/BuildAction;Lorg/gradle/internal/session/BuildSessionContext;)Lorg/gradle/internal/buildtree/BuildActionRunner$Result;+23
j  org.gradle.launcher.exec.RunAsWorkerThreadBuildActionExecutor.lambda$execute$0(Lorg/gradle/internal/invocation/BuildAction;Lorg/gradle/internal/session/BuildSessionContext;)Lorg/gradle/internal/buildtree/BuildActionRunner$Result;+6
j  org.gradle.launcher.exec.RunAsWorkerThreadBuildActionExecutor$$Lambda+0x000001f8b7284dd8.create()Ljava/lang/Object;+12
j  org.gradle.internal.work.DefaultWorkerLeaseService.withLocks(Ljava/util/Collection;Lorg/gradle/internal/Factory;)Ljava/lang/Object;+28
j  org.gradle.internal.work.DefaultWorkerLeaseService.runAsWorkerThread(Lorg/gradle/internal/Factory;)Ljava/lang/Object;+33
j  org.gradle.launcher.exec.RunAsWorkerThreadBuildActionExecutor.execute(Lorg/gradle/internal/invocation/BuildAction;Lorg/gradle/internal/session/BuildSessionContext;)Lorg/gradle/internal/buildtree/BuildActionRunner$Result;+12
j  org.gradle.tooling.internal.provider.continuous.ContinuousBuildActionExecutor.execute(Lorg/gradle/internal/invocation/BuildAction;Lorg/gradle/internal/session/BuildSessionContext;)Lorg/gradle/internal/buildtree/BuildActionRunner$Result;+58
j  org.gradle.tooling.internal.provider.SubscribableBuildActionExecutor.execute(Lorg/gradle/internal/invocation/BuildAction;Lorg/gradle/internal/session/BuildSessionContext;)Lorg/gradle/internal/buildtree/BuildActionRunner$Result;+30
j  org.gradle.internal.session.DefaultBuildSessionContext.execute(Lorg/gradle/internal/invocation/BuildAction;)Lorg/gradle/internal/buildtree/BuildActionRunner$Result;+64
j  org.gradle.internal.buildprocess.execution.BuildSessionLifecycleBuildActionExecutor$ActionImpl.apply(Lorg/gradle/internal/session/BuildSessionContext;)Lorg/gradle/launcher/exec/BuildActionResult;+6
j  org.gradle.internal.buildprocess.execution.BuildSessionLifecycleBuildActionExecutor$ActionImpl.apply(Ljava/lang/Object;)Ljava/lang/Object;+5
j  org.gradle.internal.session.BuildSessionState.run(Ljava/util/function/Function;)Ljava/lang/Object;+5
j  org.gradle.internal.buildprocess.execution.BuildSessionLifecycleBuildActionExecutor.execute(Lorg/gradle/internal/invocation/BuildAction;Lorg/gradle/launcher/exec/BuildActionParameters;Lorg/gradle/initialization/BuildRequestContext;)Lorg/gradle/launcher/exec/BuildActionResult;+95
j  org.gradle.internal.buildprocess.execution.BuildSessionLifecycleBuildActionExecutor.execute(Lorg/gradle/internal/invocation/BuildAction;Ljava/lang/Object;Ljava/lang/Object;)Lorg/gradle/launcher/exec/BuildActionResult;+10
j  org.gradle.internal.buildprocess.execution.StartParamsValidatingActionExecutor.execute(Lorg/gradle/internal/invocation/BuildAction;Lorg/gradle/launcher/exec/BuildActionParameters;Lorg/gradle/initialization/BuildRequestContext;)Lorg/gradle/launcher/exec/BuildActionResult;+203
j  org.gradle.internal.buildprocess.execution.StartParamsValidatingActionExecutor.execute(Lorg/gradle/internal/invocation/BuildAction;Ljava/lang/Object;Ljava/lang/Object;)Lorg/gradle/launcher/exec/BuildActionResult;+10
j  org.gradle.internal.buildprocess.execution.SessionFailureReportingActionExecutor.execute(Lorg/gradle/internal/invocation/BuildAction;Lorg/gradle/launcher/exec/BuildActionParameters;Lorg/gradle/initialization/BuildRequestContext;)Lorg/gradle/launcher/exec/BuildActionResult;+7
j  org.gradle.internal.buildprocess.execution.SessionFailureReportingActionExecutor.execute(Lorg/gradle/internal/invocation/BuildAction;Ljava/lang/Object;Ljava/lang/Object;)Lorg/gradle/launcher/exec/BuildActionResult;+10
j  org.gradle.internal.buildprocess.execution.SetupLoggingActionExecutor.execute(Lorg/gradle/internal/invocation/BuildAction;Lorg/gradle/launcher/exec/BuildActionParameters;Lorg/gradle/initialization/BuildRequestContext;)Lorg/gradle/launcher/exec/BuildActionResult;+50
j  org.gradle.internal.buildprocess.execution.SetupLoggingActionExecutor.execute(Lorg/gradle/internal/invocation/BuildAction;Ljava/lang/Object;Ljava/lang/Object;)Lorg/gradle/launcher/exec/BuildActionResult;+10
j  org.gradle.launcher.daemon.server.exec.ExecuteBuild.doBuild(Lorg/gradle/launcher/daemon/server/api/DaemonCommandExecution;Lorg/gradle/launcher/daemon/protocol/Build;)V+147
j  org.gradle.launcher.daemon.server.exec.BuildCommandOnly.execute(Lorg/gradle/launcher/daemon/server/api/DaemonCommandExecution;)V+49
j  org.gradle.launcher.daemon.server.api.DaemonCommandExecution.proceed()Z+23
j  org.gradle.launcher.daemon.server.exec.WatchForDisconnection.execute(Lorg/gradle/launcher/daemon/server/api/DaemonCommandExecution;)V+19
j  org.gradle.launcher.daemon.server.api.DaemonCommandExecution.proceed()Z+23
j  org.gradle.launcher.daemon.server.exec.ResetDeprecationLogger.execute(Lorg/gradle/launcher/daemon/server/api/DaemonCommandExecution;)V+7
j  org.gradle.launcher.daemon.server.api.DaemonCommandExecution.proceed()Z+23
j  org.gradle.launcher.daemon.server.exec.RequestStopIfSingleUsedDaemon.execute(Lorg/gradle/launcher/daemon/server/api/DaemonCommandExecution;)V+33
j  org.gradle.launcher.daemon.server.api.DaemonCommandExecution.proceed()Z+23
j  org.gradle.launcher.daemon.server.exec.ForwardClientInput.lambda$execute$0(Lorg/gradle/launcher/daemon/server/api/DaemonCommandExecution;Lorg/gradle/internal/daemon/clientinput/StdinHandler;)Ljava/lang/Object;+11
j  org.gradle.launcher.daemon.server.exec.ForwardClientInput$$Lambda+0x000001f8b718f258.apply(Ljava/lang/Object;)Ljava/lang/Object;+8
j  org.gradle.internal.daemon.clientinput.ClientInputForwarder.forwardInput(Ljava/util/function/Function;)Ljava/lang/Object;+46
j  org.gradle.launcher.daemon.server.exec.ForwardClientInput.execute(Lorg/gradle/launcher/daemon/server/api/DaemonCommandExecution;)V+10
j  org.gradle.launcher.daemon.server.api.DaemonCommandExecution.proceed()Z+23
j  org.gradle.launcher.daemon.server.exec.LogAndCheckHealth.execute(Lorg/gradle/launcher/daemon/server/api/DaemonCommandExecution;)V+51
j  org.gradle.launcher.daemon.server.api.DaemonCommandExecution.proceed()Z+23
j  org.gradle.launcher.daemon.server.exec.LogToClient.doBuild(Lorg/gradle/launcher/daemon/server/api/DaemonCommandExecution;Lorg/gradle/launcher/daemon/protocol/Build;)V+87
j  org.gradle.launcher.daemon.server.exec.BuildCommandOnly.execute(Lorg/gradle/launcher/daemon/server/api/DaemonCommandExecution;)V+49
j  org.gradle.launcher.daemon.server.api.DaemonCommandExecution.proceed()Z+23
j  org.gradle.launcher.daemon.server.exec.EstablishBuildEnvironment.doBuild(Lorg/gradle/launcher/daemon/server/api/DaemonCommandExecution;Lorg/gradle/launcher/daemon/protocol/Build;)V+356
j  org.gradle.launcher.daemon.server.exec.BuildCommandOnly.execute(Lorg/gradle/launcher/daemon/server/api/DaemonCommandExecution;)V+49
j  org.gradle.launcher.daemon.server.api.DaemonCommandExecution.proceed()Z+23
j  org.gradle.launcher.daemon.server.exec.StartBuildOrRespondWithBusy$1.run()V+44
j  org.gradle.launcher.daemon.server.DaemonStateCoordinator.lambda$runCommand$0(Ljava/lang/Runnable;)V+1
j  org.gradle.launcher.daemon.server.DaemonStateCoordinator$$Lambda+0x000001f8b718bba0.run()V+8
j  org.gradle.internal.concurrent.ExecutorPolicy$CatchAndRecordFailures.onExecute(Ljava/lang/Runnable;)V+1
j  org.gradle.internal.concurrent.AbstractManagedExecutor$1.run()V+25
j  java.util.concurrent.ThreadPoolExecutor.runWorker(Ljava/util/concurrent/ThreadPoolExecutor$Worker;)V+92 java.base@21.0.10
j  java.util.concurrent.ThreadPoolExecutor$Worker.run()V+5 java.base@21.0.10
j  java.lang.Thread.runWith(Ljava/lang/Object;Ljava/lang/Runnable;)V+5 java.base@21.0.10
j  java.lang.Thread.run()V+19 java.base@21.0.10
v  ~StubRoutines::call_stub 0x000001f8a889100d

Compiled method (n/a) 36310  843     n 0       java.lang.ClassLoader::defineClass1 (native)
 total in heap  [0x000001f8a8e8c310,0x000001f8a8e8c8a8] = 1432
 relocation     [0x000001f8a8e8c470,0x000001f8a8e8c4a8] = 56
 main code      [0x000001f8a8e8c4c0,0x000001f8a8e8c8a1] = 993
 stub code      [0x000001f8a8e8c8a1,0x000001f8a8e8c8a8] = 7

[Constant Pool (empty)]

[MachCode]
[Entry Point]
  # {method} {0x000001f8b6434f58} 'defineClass1' '(Ljava/lang/ClassLoader;Ljava/lang/String;[BIILjava/security/ProtectionDomain;Ljava/lang/String;)Ljava/lang/Class;' in 'java/lang/ClassLoader'
  # parm0:    rdx:rdx   = 'java/lang/ClassLoader'
  # parm1:    r8:r8     = 'java/lang/String'
  # parm2:    r9:r9     = '[B'
  # parm3:    rdi       = int
  # parm4:    rsi       = int
  # parm5:    rcx:rcx   = 'java/security/ProtectionDomain'
  # parm6:    [sp+0xa0]   = 'java/lang/String'  (sp of caller)
  0x000001f8a8e8c4c0: 448b 5208 | 49bb 0000 | 00b6 f801 | 0000 4d03 | d349 3bc2 | 0f84 0600 

  0x000001f8a8e8c4d8: ;   {runtime_call ic_miss_stub}
  0x000001f8a8e8c4d8: 0000 e9a1 | 22a5 ff90 
[Verified Entry Point]
  0x000001f8a8e8c4e0: 8984 2400 | 80ff ff55 | 488b ec48 | 81ec 9000 | 0000 6690 | 4181 7f20 | 0900 0000 

  0x000001f8a8e8c4fc: ;   {runtime_call StubRoutines (final stubs)}
  0x000001f8a8e8c4fc: 7405 e89d | 9fa3 ff48 | 837d 1000 | 488d 4510 | 480f 4445 | 1048 8944 | 2440 4889 | 4c24 7048 
  0x000001f8a8e8c51c: 83f9 0048 | 8d44 2470 | 480f 4444 | 2470 4889 | 4424 3848 | 8974 2430 | 4889 7c24 | 284c 894c 
  0x000001f8a8e8c53c: 2458 4983 | f900 488d | 4424 5848 | 0f44 4424 | 5848 8944 | 2420 4c89 | 4424 5049 | 83f8 004c 
  0x000001f8a8e8c55c: 8d4c 2450 | 4c0f 444c | 2450 4889 | 5424 4848 | 83fa 004c | 8d44 2448 | 4c0f 4444 

  0x000001f8a8e8c578: ;   {oop(a 'java/lang/Class'{0x00000000805c4998} = 'java/lang/ClassLoader')}
  0x000001f8a8e8c578: 2448 49be | 9849 5c80 | 0000 0000 | 4c89 7424 | 784c 8d74 | 2478 498b | d6c5 f877 

  0x000001f8a8e8c594: ;   {internal_word}
  0x000001f8a8e8c594: 49ba 91c5 | e8a8 f801 | 0000 4d89 | 97a8 0300 | 0049 89a7 | a003 0000 

  0x000001f8a8e8c5ac: ;   {external_word}
  0x000001f8a8e8c5ac: 49ba c65c | facc f97f | 0000 4180 | 3a00 0f84 | 4e00 0000 | 5241 5041 

  0x000001f8a8e8c5c4: ;   {metadata({method} {0x000001f8b6434f58} 'defineClass1' '(Ljava/lang/ClassLoader;Ljava/lang/String;[BIILjava/security/ProtectionDomain;Ljava/lang/String;)Ljava/lang/Class;' in 'java/lang/ClassLoader')}
  0x000001f8a8e8c5c4: 5148 ba50 | 4f43 b6f8 | 0100 0049 | 8bcf 4883 | ec20 40f6 | c40f 0f84 | 1900 0000 | 4883 ec08 
  0x000001f8a8e8c5e4: ;   {runtime_call}
  0x000001f8a8e8c5e4: 48b8 50e1 | a3cc f97f | 0000 ffd0 | 4883 c408 | e90c 0000 

  0x000001f8a8e8c5f8: ;   {runtime_call}
  0x000001f8a8e8c5f8: 0048 b850 | e1a3 ccf9 | 7f00 00ff | d048 83c4 | 2041 5941 | 585a 498d | 8fc0 0300 | 0041 c787 
  0x000001f8a8e8c618: 4c04 0000 | 0400 0000 

  0x000001f8a8e8c620: ;   {runtime_call}
  0x000001f8a8e8c620: 48b8 ac16 | 1c78 fa7f | 0000 ffd0 | c5f8 7741 | c787 4c04 | 0000 0500 | 0000 f083 | 4424 c000 
  0x000001f8a8e8c640: 493b af50 | 0400 000f | 870e 0000 | 0041 83bf | 4804 0000 | 000f 842b | 0000 00c5 | f877 4889 
  0x000001f8a8e8c660: 45f8 498b | cf4c 8be4 | 4883 ec20 | 4883 e4f0 

  0x000001f8a8e8c670: ;   {runtime_call}
  0x000001f8a8e8c670: 48b8 d052 | 6fcc f97f | 0000 ffd0 | 498b e44d | 33e4 488b | 45f8 41c7 | 874c 0400 | 0008 0000 
  0x000001f8a8e8c690: 0041 83bf | c804 0000 | 020f 84d5 

  0x000001f8a8e8c69c: ;   {external_word}
  0x000001f8a8e8c69c: 0100 0049 | bac6 5cfa | ccf9 7f00 | 0041 803a | 000f 844c | 0000 0048 

  0x000001f8a8e8c6b4: ;   {metadata({method} {0x000001f8b6434f58} 'defineClass1' '(Ljava/lang/ClassLoader;Ljava/lang/String;[BIILjava/security/ProtectionDomain;Ljava/lang/String;)Ljava/lang/Class;' in 'java/lang/ClassLoader')}
  0x000001f8a8e8c6b4: 8945 f848 | ba50 4f43 | b6f8 0100 | 0049 8bcf | 4883 ec20 | 40f6 c40f | 0f84 1900 | 0000 4883 
  0x000001f8a8e8c6d4: ;   {runtime_call}
  0x000001f8a8e8c6d4: ec08 48b8 | 50e1 a3cc | f97f 0000 | ffd0 4883 | c408 e90c 

  0x000001f8a8e8c6e8: ;   {runtime_call}
  0x000001f8a8e8c6e8: 0000 0048 | b850 e1a3 | ccf9 7f00 | 00ff d048 | 83c4 2048 | 8b45 f849 | c787 a003 | 0000 0000 
  0x000001f8a8e8c708: 0000 49c7 | 87a8 0300 | 0000 0000 | 00c5 f877 | 4885 c00f | 8430 0100 | 00a8 030f | 8508 0000 
  0x000001f8a8e8c728: 0048 8b00 | e920 0100 | 00a8 010f | 8509 0000 | 0048 8b40 | fee9 0f01 | 0000 488b | 40ff 4180 
  0x000001f8a8e8c748: 7f40 000f | 8400 0100 | 0048 83f8 | 000f 84f6 | 0000 0049 | 8b4f 2848 | 83f9 000f | 8414 0000 
  0x000001f8a8e8c768: 0048 83e9 | 0849 894f | 2849 034f | 3848 8901 | e9d4 0000 | 0048 83ec | 7048 8904 | 2448 894c 
  0x000001f8a8e8c788: 2408 4889 | 5424 104c | 8944 2418 | 4c89 4c24 | 204c 8954 | 2428 4c89 | 5c24 30c5 | fb11 4424 
  0x000001f8a8e8c7a8: 40c5 fb11 | 4c24 48c5 | fb11 5424 | 50c5 fb11 | 5c24 58c5 | fb11 6424 | 60c5 fb11 | 6c24 6849 
  0x000001f8a8e8c7c8: 8bd7 488b | c848 83ec | 2040 f6c4 | 0f0f 8419 | 0000 0048 

  0x000001f8a8e8c7dc: ;   {runtime_call}
  0x000001f8a8e8c7dc: 83ec 0848 | b8f0 a062 | ccf9 7f00 | 00ff d048 | 83c4 08e9 | 0c00 0000 

  0x000001f8a8e8c7f4: ;   {runtime_call}
  0x000001f8a8e8c7f4: 48b8 f0a0 | 62cc f97f | 0000 ffd0 | 4883 c420 | c5fb 106c | 2468 c5fb | 1064 2460 | c5fb 105c 
  0x000001f8a8e8c814: 2458 c5fb | 1054 2450 | c5fb 104c | 2448 c5fb | 1044 2440 | 4c8b 5c24 | 304c 8b54 | 2428 4c8b 
  0x000001f8a8e8c834: 4c24 204c | 8b44 2418 | 488b 5424 | 1048 8b4c | 2408 488b | 0424 4883 | c470 c5f8 | 7749 8b8f 
  0x000001f8a8e8c854: 3004 0000 | c781 0001 | 0000 0000 | 0000 c949 | 837f 0800 | 0f85 0100 

  0x000001f8a8e8c86c: ;   {runtime_call StubRoutines (initial stubs)}
  0x000001f8a8e8c86c: 0000 c3e9 | 8c46 a0ff | c5f8 7748 | 8945 f84c | 8be4 4883 | ec20 4883 

  0x000001f8a8e8c884: ;   {runtime_call}
  0x000001f8a8e8c884: e4f0 48b8 | a018 a4cc | f97f 0000 | ffd0 498b | e44d 33e4 | 488b 45f8 | e9fe fdff | fff4 f4f4 
  0x000001f8a8e8c8a4: f4f4 f4f4 
[/MachCode]


Compiled method (c2) 36398 4396       4       java.security.SecureClassLoader::defineClass (16 bytes)
 total in heap  [0x000001f8a8e7f890,0x000001f8a8e83df0] = 17760
 relocation     [0x000001f8a8e7f9f0,0x000001f8a8e7fcb0] = 704
 main code      [0x000001f8a8e7fcc0,0x000001f8a8e823d8] = 10008
 stub code      [0x000001f8a8e823d8,0x000001f8a8e824f0] = 280
 oops           [0x000001f8a8e824f0,0x000001f8a8e82508] = 24
 metadata       [0x000001f8a8e82508,0x000001f8a8e82698] = 400
 scopes data    [0x000001f8a8e82698,0x000001f8a8e834d0] = 3640
 scopes pcs     [0x000001f8a8e834d0,0x000001f8a8e83ab0] = 1504
 dependencies   [0x000001f8a8e83ab0,0x000001f8a8e83ac8] = 24
 handler table  [0x000001f8a8e83ac8,0x000001f8a8e83d80] = 696
 nul chk table  [0x000001f8a8e83d80,0x000001f8a8e83df0] = 112

[Constant Pool (empty)]

[MachCode]
[Entry Point]
  # {method} {0x000001f8b604e0e8} 'defineClass' '(Ljava/lang/String;[BIILjava/security/CodeSource;)Ljava/lang/Class;' in 'java/security/SecureClassLoader'
  # this:     rdx:rdx   = 'java/security/SecureClassLoader'
  # parm0:    r8:r8     = 'java/lang/String'
  # parm1:    r9:r9     = '[B'
  # parm2:    rdi       = int
  # parm3:    rsi       = int
  # parm4:    rcx:rcx   = 'java/security/CodeSource'
  #           [sp+0xc0]  (sp of caller)
  0x000001f8a8e7fcc0: 448b 5208 | 49bb 0000 | 00b6 f801 | 0000 4d03 | d349 3bc2 

  0x000001f8a8e7fcd4: ;   {runtime_call ic_miss_stub}
  0x000001f8a8e7fcd4: 0f85 a6ea | a5ff 6690 | 0f1f 4000 
[Verified Entry Point]
  0x000001f8a8e7fce0: 8984 2400 | 80ff ff55 | 4881 ecb0 | 0000 0090 | 4181 7f20 | 0900 0000 | 0f85 d026 | 0000 8974 
  0x000001f8a8e7fd00: 2444 897c | 2440 4c89 | 4c24 384c | 8944 2430 | 4889 5424 | 2848 8be9 | 0f1f 8400 | 0000 0000 
  0x000001f8a8e7fd20: 4885 c90f | 848b 1e00 | 004d 8b87 | b801 0000 | 4d8b d049 | 83c2 1066 | 0f1f 8400 | 0000 0000 
  0x000001f8a8e7fd40: 4d3b 97c8 | 0100 000f | 8332 1600 | 004d 8997 | b801 0000 | 410f 0d8a | c000 0000 | 49c7 0001 
  0x000001f8a8e7fd60: ;   {metadata('java/security/SecureClassLoader$CodeSourceKey')}
  0x000001f8a8e7fd60: 0000 0041 | c740 08b8 | b411 004c | 8bdd 4589 | 580c 4d8b | 8fb8 0100 | 004c 8b54 | 2428 418b 
  0x000001f8a8e7fd80: 6a50 4d8b | d149 83c2 | 104d 3b97 | c801 0000 | 0f83 0f16 | 0000 4d89 | 97b8 0100 | 0041 0f0d 
  0x000001f8a8e7fda0: 8ac0 0000 | 0049 c701 | 0100 0000 

  0x000001f8a8e7fdac: ;   {metadata('java/security/SecureClassLoader$1')}
  0x000001f8a8e7fdac: 41c7 4108 | 50ba 1100 | 4c8b 5424 | 284d 8bda | 4589 590c 

  0x000001f8a8e7fdc0: ; implicit exception: dispatches to 0x000001f8a8e820c8
  0x000001f8a8e7fdc0: 448b 5d08 

  0x000001f8a8e7fdc4: ;   {metadata('java/util/concurrent/ConcurrentHashMap')}
  0x000001f8a8e7fdc4: 4181 fb80 | 2706 000f | 8517 1b00 | 0048 8bd5 

  0x000001f8a8e7fdd4: ;   {optimized virtual_call}
  0x000001f8a8e7fdd4: c5f8 77e8 

  0x000001f8a8e7fdd8: ; ImmutableOopMap {[40]=Oop [48]=Oop [56]=Oop }
                      ;*invokeinterface computeIfAbsent {reexecute=0 rethrow=0 return_oop=1}
                      ; - java.security.SecureClassLoader::getProtectionDomain@28
                      ; - java.security.SecureClassLoader::defineClass@9
  0x000001f8a8e7fdd8: a44b 25f9 

  0x000001f8a8e7fddc: ;   {other}
  0x000001f8a8e7fddc: 0f1f 8400 | 4c05 0000 

  0x000001f8a8e7fde4: ; implicit exception: dispatches to 0x000001f8a8e820e8
  0x000001f8a8e7fde4: 448b 5008 

  0x000001f8a8e7fde8: ;   {metadata('java/security/ProtectionDomain')}
  0x000001f8a8e7fde8: 4181 fae8 | 5800 000f | 855f 2200 | 0048 8984 | 2490 0000 | 004c 8b54 | 2430 458b | 5214 458b 
  0x000001f8a8e7fe08: 5a0c 4585 | db0f 8621 | 1b00 004c | 8b44 2430 | 450f be48 | 1066 6690 | 4585 c90f | 85db 1c00 
  0x000001f8a8e7fe28: 00c4 4232 | f7cb 453b | cb41 8bd9 | 410f 4fdb | 4d8b c2c4 | c1f9 6ec0 | 4d8d 4210 | 85db 0f8e 
  0x000001f8a8e7fe48: cf00 0000 | 443b db0f | 8253 1b00 | 00b8 2f00 | 0000 498b | f88b d348 | 8bdf 83fa | 100f 8c79 
  0x000001f8a8e7fe68: 0000 0083 | fa20 0f8c | 3600 0000 | c5f9 6ed0 | c4e2 7d78 | d2c5 e5ef | db8b ca83 | e1e0 83e2 
  0x000001f8a8e7fe88: 1fc5 fe6f | 0bc5 f574 | cac4 e27d | 17d9 0f83 | 6900 0000 | 4883 c320 | 83e9 2075 | e4e9 0d00 
  0x000001f8a8e7fea8: 0000 c5f9 | 6ed0 c5e1 | efdb c4e2 | 6900 d383 | fa10 0f8c | 2400 0000 | 8bca 83e1 | f083 e20f 
  0x000001f8a8e7fec8: c5fa 6f0b | c5f1 74ca | c4e2 7917 | d90f 832a | 0000 0048 | 83c3 1083 | e910 75e4 

  0x000001f8a8e7fee4: ;   {no_reloc}
  0x000001f8a8e7fee4: 85d2 0f84 | 1200 0000 | 0fb6 0b3b | c174 1c48 | 83c3 0183 | ea01 7402 | ebee bbff | ffff ffeb 
  0x000001f8a8e7ff04: 0dc5 fdd7 | c90f bcc1 | 4803 d848 | 2bdf 83fb | ff0f 8545 | 1c00 0041 | 0fb6 2890 | 83fd 5b0f 
  0x000001f8a8e7ff24: 84bf 1c00 | 0041 8d49 | fb85 c90f | 8c68 0000 | 0041 0fbe | 180f 1f80 | 0000 0000 | 83fb 6a0f 
  0x000001f8a8e7ff44: 8554 0000 | 0041 83fb | 040f 8699 | 1f00 0041 | 807a 1161 | 0f85 3f00 | 0000 6690 | 4180 7a12 
  0x000001f8a8e7ff64: 760f 8532 | 0000 0041 | 807a 1361 | 752b 4180 | 7a14 2e75 

  0x000001f8a8e7ff78: ;   {oop(a 'jdk/internal/loader/ClassLoaders$PlatformClassLoader'{0x00000000805718b8})}
  0x000001f8a8e7ff78: 2448 b9b8 | 1857 8000 | 0000 0048 | 8b5c 2428 | 483b d90f | 859f 2000 

  0x000001f8a8e7ff90: ;   {oop(a 'jdk/internal/loader/ClassLoaders$PlatformClassLoader'{0x00000000805718b8})}
  0x000001f8a8e7ff90: 0048 bbb8 | 1857 8000 | 0000 00eb | 0548 8b5c | 2428 488b | 8c24 9000 | 0000 448b | 7110 418b 
  0x000001f8a8e7ffb0: f9ff cf41 | 8bcb ffc9 | 3bf9 0f4f | f966 6690 | 85ff 0f8c | 2c10 0000 | 413b fb0f | 83ef 1800 
  0x000001f8a8e7ffd0: 0085 ff0f | 8ea7 1900 | 008b cfff | c933 f6c4 | c1f9 6ec8 | 410f be54 | 3a10 83fa | 2e0f 8499 
  0x000001f8a8e7fff0: 0e00 00ff | cf3b f97f | eb0f 1f80 | 0000 0000 | 83ff 020f | 8ea1 0000 | 0044 8d47 | fe83 ff02 
  0x000001f8a8e80010: 440f 4cc6 | 4181 f8a0 | 0f00 00b9 | a00f 0000 | 440f 47c1 | 8bc7 412b | c00f 1f80 | 0000 0000 
  0x000001f8a8e80030: 4c63 c743 | 0fbe 4c02 | 100f 1f80 | 0000 0000 | 83f9 2e0f | 8490 0000 | 0047 0fbe | 4402 0f41 
  0x000001f8a8e80050: 83f8 2e0f | 8484 0000 | 008d 4ffe | 410f be54 | 0a10 83fa | 2e0f 8476 | 0000 008d | 4ffd 450f 
  0x000001f8a8e80070: be44 0a10 | 4183 f82e | 0f84 6300 | 0000 83c7 | fc3b f87f | ab49 8baf | 5804 0000 | 4c8b 4424 
  0x000001f8a8e80090: ;   {no_reloc}
  0x000001f8a8e80090: 2848 8b4c | 2430 488b | 9424 9000 

  0x000001f8a8e8009c: ; ImmutableOopMap {r10=NarrowOop r8=Oop rcx=Oop rbx=Oop rdx=Oop r14=NarrowOop xmm0=Oop xmm1=Derived_oop_xmm0 [40]=Oop [48]=Oop [56]=Oop [144]=Oop }
                      ;*goto {reexecute=1 rethrow=0 return_oop=0}
                      ; - (reexecute) java.lang.StringLatin1::lastIndexOf@35
                      ; - java.lang.String::lastIndexOf@13
                      ; - java.lang.String::lastIndexOf@8
                      ; - java.lang.ClassLoader::checkCerts@3
                      ; - java.lang.ClassLoader::preDefineClass@113
                      ; - java.lang.ClassLoader::defineClass@4
                      ; - java.security.SecureClassLoader::defineClass@12
                      ;   {poll}
  0x000001f8a8e8009c: 0000 8545 | 0083 ff02 | 0f8f 5fff | ffff 83ff | ff7e 2041 | 0fbe 4c3a | 1083 f92e | 0f84 9e19 
  0x000001f8a8e800bc: 0000 ffcf | 83ff ff7f | eac4 c1f9 | 7ec8 e927 | 0f00 00c4 | c1f9 7ec8 | e91d 0f00 | 008b cfeb 
  0x000001f8a8e800dc: 048b cfff | c9c4 c1f9 | 7ec8 83f9 | ff0f 845b | 1200 0085 | c90f 8c3d | 1a00 0066 | 0f1f 8400 
  0x000001f8a8e800fc: 0000 0000 | 413b c90f | 8f27 1b00 | 0041 3bc9 | 0f84 330d | 0000 85c9 | 0f84 3f12 | 0000 4d8b 
  0x000001f8a8e8011c: afb8 0100 | 004d 8bcd | 4983 c118 | 4d3b 8fc8 | 0100 000f | 83b0 1200 | 004d 898f | b801 0000 
  0x000001f8a8e8013c: 410f 0d89 | c000 0000 | 49c7 4500 | 0100 0000 

  0x000001f8a8e8014c: ;   {metadata('java/lang/String')}
  0x000001f8a8e8014c: 41c7 4508 | 78e8 0000 | 4589 650c | 4d89 6510 | 0f1f 4000 | 413b cb0f | 85e1 0000 | 0049 63eb 
  0x000001f8a8e8016c: 4181 fb00 | 0010 000f | 87a1 1500 | 004c 8944 | 2450 498b | bfb8 0100 | 004c 8d45 | 1749 83e0 
  0x000001f8a8e8018c: f84c 8bcf | 4d03 c866 | 0f1f 8400 | 0000 0000 | 6666 6690 | 4d3b 8fc8 | 0100 000f | 8368 1500 
  0x000001f8a8e801ac: 004d 898f | b801 0000 | 410f 0d89 | c000 0000 | 48c7 0701 | 0000 0041 | 0f0d 8900 

  0x000001f8a8e801c8: ;   {metadata({type array byte})}
  0x000001f8a8e801c8: 0100 00c7 | 4708 1823 | 0000 4489 | 5f0c 410f | 0d89 4001 | 0000 410f | 0d89 8001 | 0000 8974 
  0x000001f8a8e801e8: 2420 4889 | 5c24 5844 | 8974 2424 | 4c89 6c24 | 6048 896c | 2468 488b | d748 83c2 | 104c 8b44 
  0x000001f8a8e80208: 2468 4983 | c007 49c1 | e803 488b | 4c24 50c5 | f877 49ba | 604b 8ca8 | f801 0000 

  0x000001f8a8e80224: ;   {other}
  0x000001f8a8e80224: 41ff d20f | 1f84 0000 | 0000 008b | 7424 2048 | 8b5c 2458 | 448b 7424 | 244c 8b6c | 2460 4c8b 
  0x000001f8a8e80244: d7e9 e700 | 0000 81f9 | 0000 1000 | 0f87 0f18 | 0000 4c63 | c949 8bf8 | 443b d941 | 8beb 0f4f 
  0x000001f8a8e80264: e944 3bdd | 0f82 6b18 | 0000 3bcd | 0f82 6318 | 0000 4983 | c117 4d8b | c149 83e0 | f881 f900 
  0x000001f8a8e80284: 0010 000f | 87a9 1300 | 004d 8b97 | b801 0000 | 4d8b da4d | 03d8 660f | 1f44 0000 | 4d3b 9fc8 
  0x000001f8a8e802a4: 0100 000f | 8389 1300 | 004d 899f | b801 0000 | 410f 0d8b | c000 0000 | 49c7 0201 | 0000 0041 
  0x000001f8a8e802c4: 0f0d 8b00 

  0x000001f8a8e802c8: ;   {metadata({type array byte})}
  0x000001f8a8e802c8: 0100 0041 | c742 0818 | 2300 0041 | 894a 0c41 | 0f0d 8b40 | 0100 0041 | 0f0d 8b80 | 0100 0049 
  0x000001f8a8e802e8: 8bd2 4883 | c210 49c1 | e903 85ed | 0f84 7317 | 0000 660f | 1f44 0000 | 3be9 0f8c | c80e 0000 
  0x000001f8a8e80308: 498b ea49 | 83c0 f049 | c1e8 0348 | 8bcf c5f8 | 7749 ba60 | 4b8c a8f8 | 0100 0041 

  0x000001f8a8e80324: ;   {other}
  0x000001f8a8e80324: ffd2 0f1f | 8400 0000 | 0000 4c8b | d541 807f | 4000 0f85 | ed0c 0000 | 4d8b dd4d | 8bc2 4589 
  0x000001f8a8e80344: 4514 4d33 | d349 c1ea | 144d 85d2 | 741a 49c1 | eb09 48b9 | 0000 6ab0 | f801 0000 | 4903 cb80 
  0x000001f8a8e80364: 3902 0f85 | f30c 0000 | 4588 6510 

  0x000001f8a8e80370: ; implicit exception: dispatches to 0x000001f8a8e821bc
  0x000001f8a8e80370: 418b 6e14 | 85ed 0f85 | 8418 0000 | 418b 6e10 | 85ed 0f85 | c815 0000 | 448b 532c | 4585 d20f 
  0x000001f8a8e80390: 84e3 1400 | 0048 895c | 2448 8974 | 2420 498b | d2bf 0100 

  0x000001f8a8e803a4: ;   {oop(a 'java/security/cert/Certificate'[0] {0x00000000805c4a18})}
  0x000001f8a8e803a4: 0000 49b9 | 184a 5c80 | 0000 0000 | 4d8b c590 

  0x000001f8a8e803b4: ;   {optimized virtual_call}
  0x000001f8a8e803b4: c5f8 77e8 

  0x000001f8a8e803b8: ; ImmutableOopMap {[40]=Oop [48]=Oop [56]=Oop [72]=Oop [144]=Oop }
                      ;*invokevirtual putVal {reexecute=0 rethrow=0 return_oop=1}
                      ; - java.util.concurrent.ConcurrentHashMap::putIfAbsent@4
                      ; - java.lang.ClassLoader::checkCerts@62
                      ; - java.lang.ClassLoader::preDefineClass@113
                      ; - java.lang.ClassLoader::defineClass@4
                      ; - java.security.SecureClassLoader::defineClass@12
  0x000001f8a8e803b8: 04d2 1500 

  0x000001f8a8e803bc: ;   {other}
  0x000001f8a8e803bc: 0f1f 8400 | 2c0b 0002 | 4885 c074 | 1f44 8b50 

  0x000001f8a8e803cc: ;   {metadata('java/security/cert/Certificate'[])}
  0x000001f8a8e803cc: 0841 81fa | 2029 1000 | 0f85 ae1c | 0000 8b68 | 0c66 6690 | 85ed 0f87 | 7c18 0000 | 4c8b 8c24 
  0x000001f8a8e803ec: 9000 0000 | 458b 5110 

  0x000001f8a8e803f4: ; implicit exception: dispatches to 0x000001f8a8e82204
  0x000001f8a8e803f4: 418b 6a0c 

  0x000001f8a8e803f8: ; implicit exception: dispatches to 0x000001f8a8e8224c
  0x000001f8a8e803f8: 448b 5d38 | 0f1f 4000 | 4585 db0f | 8487 1400 | 0048 ffb4 | 2490 0000 | 0048 8f44 | 2448 498b 
  0x000001f8a8e80418: d34c 8bc5 

  0x000001f8a8e8041c: ;   {optimized virtual_call}
  0x000001f8a8e8041c: c5f8 77e8 

  0x000001f8a8e80420: ; ImmutableOopMap {[40]=Oop [48]=Oop [56]=Oop [72]=Oop [144]=Oop }
                      ;*invokevirtual toExternalForm {reexecute=0 rethrow=0 return_oop=1}
                      ; - java.net.URL::toExternalForm@5
                      ; - java.net.URL::toString@1
                      ; - java.lang.ClassLoader::defineClassSourceLocation@22
                      ; - java.lang.ClassLoader::defineClass@12
                      ; - java.security.SecureClassLoader::defineClass@12
  0x000001f8a8e80420: fc13 1d00 

  0x000001f8a8e80424: ;   {other}
  0x000001f8a8e80424: 0f1f 8400 | 940b 0003 | 488b 5424 | 284c 8b44 | 2430 4c8b | 4c24 388b | 7c24 408b | 7424 4448 
  0x000001f8a8e80444: 8b8c 2490 | 0000 0048 | 8904 2490 

  0x000001f8a8e80450: ;   {static_call}
  0x000001f8a8e80450: c5f8 77e8 

  0x000001f8a8e80454: ; ImmutableOopMap {[40]=Oop [72]=Oop [144]=Oop }
                      ;*invokestatic defineClass1 {reexecute=0 rethrow=0 return_oop=1}
                      ; - java.lang.ClassLoader::defineClass@27
                      ; - java.security.SecureClassLoader::defineClass@12
  0x000001f8a8e80454: 88c0 0000 

  0x000001f8a8e80458: ;   {other}
  0x000001f8a8e80458: 0f1f 8400 | c80b 0004 | 4889 4424 | 3044 8b58 | 3c45 85db | 7417 498b | db49 ba00 | 006a b0f8 
  0x000001f8a8e80478: 0100 004c | 8954 2468 | e965 0400 | 004c 8b50 | 1045 8b42 | 0845 85c0 | 0f8c 8615 | 0000 448b 
  0x000001f8a8e80498: 582c 660f | 1f44 0000 | 4585 db0f | 84a6 0900 | 0049 8bc3 | 448b 5814 

  0x000001f8a8e804b0: ; implicit exception: dispatches to 0x000001f8a8e82180
  0x000001f8a8e804b0: 418b 7b0c | 440f be48 | 10c4 e232 | f7cf 448b | c141 ffc8 | 4585 c90f | 85e7 1800 | 004d 8bd3 
  0x000001f8a8e804d0: 4c89 9424 | 8800 0000 | 448b cf41 | ffc9 453b | c845 0f4f | c845 85c9 | 0f8c 170b | 0000 85ff 
  0x000001f8a8e804f0: 0f86 0215 | 0000 443b | cf0f 83f9 | 1400 0090 | 4585 c90f | 8e2f 1500 | 0045 8bd1 

  0x000001f8a8e8050c: ;   {oop(""{0x000000008056c3c8})}
  0x000001f8a8e8050c: 41ff ca48 | bbc8 c356 | 8000 0000 | 0049 b800 | 006a b0f8 | 0100 004c | 8944 2468 | 470f be44 
  0x000001f8a8e8052c: 0b10 4183 | f82e 0f84 | b40a 0000 | 41ff c90f | 1f44 0000 | 453b ca7f | e341 83f9 | 020f 8e9b 
  0x000001f8a8e8054c: 0000 0041 | 8d51 fe41 | 83f9 020f | 4c54 2420 | 81fa a00f | 0000 41ba | a00f 0000 | 410f 47d2 
  0x000001f8a8e8056c: 458b d144 | 2bd2 4963 | d145 0fbe | 4413 100f | 1f44 0000 | 4183 f82e | 0f84 8e00 | 0000 410f 
  0x000001f8a8e8058c: be54 130f | 83fa 2e0f | 8484 0000 | 0045 8d41 | fe43 0fbe | 5403 1083 | fa2e 0f84 | 7700 0000 
  0x000001f8a8e805ac: 458d 41fd | 430f be74 | 0310 83fe | 2e0f 8464 | 0000 0041 | 83c1 fc45 | 3bca 7faa | 4d8b af58 
  0x000001f8a8e805cc: 0400 004c 

  0x000001f8a8e805d0: ; ImmutableOopMap {r10=Oop r11=NarrowOop rbx=Oop rax=Oop [40]=Oop [48]=Oop [72]=Oop [136]=Oop }
                      ;*goto {reexecute=1 rethrow=0 return_oop=0}
                      ; - (reexecute) java.lang.StringLatin1::lastIndexOf@35
                      ; - java.lang.String::lastIndexOf@13
                      ; - java.lang.String::lastIndexOf@8
                      ; - java.lang.Class::getPackageName@47
                      ; - java.lang.ClassLoader::postDefineClass@2
                      ; - java.lang.ClassLoader::defineClass@37
                      ; - java.security.SecureClassLoader::defineClass@12
  0x000001f8a8e805d0: 8b54 2430 

  0x000001f8a8e805d4: ;   {poll}
  0x000001f8a8e805d4: 4185 4500 | 0f1f 8400 | 0000 0000 | 4183 f902 | 0f8f 65ff | ffff 4183 | f9ff 0f8e | 2a0a 0000 
  0x000001f8a8e805f4: 470f be54 | 0b10 660f | 1f44 0000 | 4183 fa2e | 0f84 d216 | 0000 41ff | c941 83f9 | ff7f e1e9 
  0x000001f8a8e80614: 060a 0000 | 458b c1eb | 0645 8bc1 | 41ff c841 | 83f8 ff0f | 846a 0200 | 0045 85c0 | 0f8c d617 
  0x000001f8a8e80634: 0000 443b | c10f 8f55 | 1800 0090 | 443b c10f | 843b 0800 | 0045 85c0 | 0f84 7f0d | 0000 498b 
  0x000001f8a8e80654: 9fb8 0100 | 004c 8bd3 | 4983 c218 | 4d3b 97c8 | 0100 000f | 837f 0f00 | 004d 8997 | b801 0000 
  0x000001f8a8e80674: 410f 0d8a | c000 0000 | 48c7 0301 

  0x000001f8a8e80680: ;   {metadata('java/lang/String')}
  0x000001f8a8e80680: 0000 00c7 | 4308 78e8 | 0000 4489 | 630c 4c89 | 6310 4d8d | 5310 443b | c70f 8597 | 0000 004c 
  0x000001f8a8e806a0: 63cf 81ff | 0000 1000 | 0f87 6d11 | 0000 498b | b7b8 0100 | 004d 8d41 | 1749 83e0 | f848 8bce 
  0x000001f8a8e806c0: 4903 c849 | 3b8f c801 | 0000 0f83 | 4b11 0000 | 4989 8fb8 | 0100 000f | 0d89 c000 | 0000 48c7 
  0x000001f8a8e806e0: 0601 0000 | 000f 0d89 | 0001 0000 

  0x000001f8a8e806ec: ;   {metadata({type array byte})}
  0x000001f8a8e806ec: c746 0818 | 2300 0089 | 7e0c 0f0d | 8940 0100 | 000f 0d89 | 8001 0000 | 488b d648 | 83c2 1049 
  0x000001f8a8e8070c: 83c1 0749 | c1e9 0349 | 8bca 4d8b | c1c5 f877 | 49ba 604b | 8ca8 f801 | 0000 41ff 

  0x000001f8a8e80728: ;   {other}
  0x000001f8a8e80728: d20f 1f84 | 0000 0000 | 00e9 fc00 | 0000 6666 | 0f1f 8400 | 0000 0000 | 4181 f800 | 0010 000f 
  0x000001f8a8e80748: 87c7 1500 | 004d 63c8 | 413b f88b | ef41 0f4f | e80f 1f80 | 0000 0000 | 3bfd 0f82 | 2016 0000 
  0x000001f8a8e80768: 443b c50f | 8217 1600 | 0049 83c1 | 1749 8bf9 | 4883 e7f8 | 0f1f 4000 | 4181 f800 | 0010 000f 
  0x000001f8a8e80788: 8724 1000 | 0049 8bb7 | b801 0000 | 4c8b de4c | 03df 660f | 1f44 0000 | 4d3b 9fc8 | 0100 000f 
  0x000001f8a8e807a8: 8304 1000 | 004d 899f | b801 0000 | 410f 0d8b | c000 0000 | 48c7 0601 | 0000 0041 | 0f0d 8b00 
  0x000001f8a8e807c8: ;   {metadata({type array byte})}
  0x000001f8a8e807c8: 0100 00c7 | 4608 1823 | 0000 4489 | 460c 410f | 0d8b 4001 | 0000 410f | 0d8b 8001 | 0000 4c8b 
  0x000001f8a8e807e8: de49 83c3 | 1049 c1e9 | 0385 ed0f | 8423 1500 | 000f 1f80 | 0000 0000 | 413b e80f | 8ca3 0a00 
  0x000001f8a8e80808: 0048 83c7 | f048 c1ef | 0349 8bca | 498b d34c | 8bc7 c5f8 | 7749 ba60 | 4b8c a8f8 | 0100 0041 
  0x000001f8a8e80828: ;   {other}
  0x000001f8a8e80828: ffd2 0f1f | 8400 0000 | 0000 4180 | 7f40 000f | 8508 0900 | 004c 8bd3 | 4c8b c644 | 8943 144c 
  0x000001f8a8e80848: 8bde 4d33 | da49 c1eb | 144d 85db | 741a 49c1 | ea09 48b9 | 0000 6ab0 | f801 0000 | 4903 ca80 
  0x000001f8a8e80868: 3902 0f85 | 0f09 0000 | 4488 6310 | 488b d34c | 8b54 2430 | 4c89 5424 | 2066 6690 

  0x000001f8a8e80884: ;   {optimized virtual_call}
  0x000001f8a8e80884: c5f8 77e8 

  0x000001f8a8e80888: ; ImmutableOopMap {[32]=Oop [40]=Oop [48]=Oop [72]=Oop }
                      ;*invokevirtual intern {reexecute=0 rethrow=0 return_oop=1}
                      ; - java.lang.Class::getPackageName@65
                      ; - java.lang.ClassLoader::postDefineClass@2
                      ; - java.lang.ClassLoader::defineClass@37
                      ; - java.security.SecureClassLoader::defineClass@12
  0x000001f8a8e80888: 5472 fcff 

  0x000001f8a8e8088c: ;   {other}
  0x000001f8a8e8088c: 0f1f 8400 | fc0f 0006 | 488b d866 | 0f1f 8400 | 0000 0000 | 4180 7f40 | 000f 8505 | 0800 004c 
  0x000001f8a8e808ac: 8b54 2430 | 4c8b c34c | 8b5c 2430 | 4589 433c | 4c8b db4d | 33da 49c1 | eb14 4d85 | db74 1f48 
  0x000001f8a8e808cc: 85db 741a | 49c1 ea09 | 48b9 0000 | 6ab0 f801 | 0000 4903 | ca80 3902 | 0f85 0508 | 0000 4c8b 
  0x000001f8a8e808ec: 5424 2845 | 8b42 3845 | 85c0 0f84 | ac0f 0000 | 4c8b f390 

  0x000001f8a8e80900: ; implicit exception: dispatches to 0x000001f8a8e8213c
  0x000001f8a8e80900: 8b43 0c4c | 8b54 2430 | 458b 6a30 | 85c0 0f84 | be04 0000 | 458b 4828 | 0f1f 8400 | 0000 0000 
  0x000001f8a8e80920: 4585 c90f | 84ff 0000 | 0045 8b59 | 0c45 85db | 0f86 4a12 | 0000 448b | d041 c1ea | 1044 33d0 
  0x000001f8a8e80940: 41ff cb41 | 81e2 ffff | ff7f 4523 | da4d 63db | 478b 4c99 | 1045 85c9 | 0f84 ca00 | 0000 418b 
  0x000001f8a8e80960: 690c 413b | ea0f 84be | 0200 0085 | ed0f 8cd5 | 1500 004d | 8bd9 458b | 5b18 660f | 1f44 0000 
  0x000001f8a8e80980: 4585 db0f | 849f 0000 

  0x000001f8a8e80988: ;   {no_reloc}
  0x000001f8a8e80988: 004d 8bc3 | 418b 480c | 498b 9f58 

  0x000001f8a8e80994: ; ImmutableOopMap {r8=Oop r13=NarrowOop r14=Oop [40]=Oop [48]=Oop [72]=Oop }
                      ;*if_icmpne {reexecute=1 rethrow=0 return_oop=0}
                      ; - (reexecute) java.util.concurrent.ConcurrentHashMap::get@127
                      ; - java.lang.ClassLoader::getNamedPackage@5
                      ; - java.lang.ClassLoader::postDefineClass@9
                      ; - java.lang.ClassLoader::defineClass@37
                      ; - java.security.SecureClassLoader::defineClass@12
                      ;   {poll}
  0x000001f8a8e80994: 0400 0085 | 0341 3bca | 740f 458b | 4018 4585 | c00f 847d | 0000 00eb | df41 8b68 | 104c 8bdd 
  0x000001f8a8e809b4: 4d3b de74 | 5c0f 1f80 | 0000 0000 | 85ed 0f84 | f415 0000 | 4c89 4424 | 4044 8954 | 243c 4489 
  0x000001f8a8e809d4: 6c24 384c | 8bc5 498b | d649 8bee 

  0x000001f8a8e809e0: ;   {optimized virtual_call}
  0x000001f8a8e809e0: c5f8 77e8 

  0x000001f8a8e809e4: ; ImmutableOopMap {rbp=Oop [40]=Oop [48]=Oop [56]=NarrowOop [64]=Oop [72]=Oop }
                      ;*invokevirtual equals {reexecute=0 rethrow=0 return_oop=0}
                      ; - java.util.concurrent.ConcurrentHashMap::get@149
                      ; - java.lang.ClassLoader::getNamedPackage@5
                      ; - java.lang.ClassLoader::postDefineClass@9
                      ; - java.lang.ClassLoader::defineClass@37
                      ; - java.security.SecureClassLoader::defineClass@12
  0x000001f8a8e809e4: d8ee 2200 

  0x000001f8a8e809e8: ;   {other}
  0x000001f8a8e809e8: 0f1f 8400 | 5811 0008 | 4d8b 9758 

  0x000001f8a8e809f4: ; ImmutableOopMap {rbp=Oop [40]=Oop [48]=Oop [56]=NarrowOop [64]=Oop [72]=Oop }
                      ;*ifeq {reexecute=1 rethrow=0 return_oop=0}
                      ; - (reexecute) java.util.concurrent.ConcurrentHashMap::get@152
                      ; - java.lang.ClassLoader::getNamedPackage@5
                      ; - java.lang.ClassLoader::postDefineClass@9
                      ; - java.lang.ClassLoader::defineClass@37
                      ; - java.security.SecureClassLoader::defineClass@12
                      ;   {poll}
  0x000001f8a8e809f4: 0400 0041 | 8502 660f | 1f44 0000 | 85c0 0f84 | 6009 0000 | 4c8b f544 | 8b6c 2438 | 4c8b 4424 
  0x000001f8a8e80a14: 4041 8b68 | 140f 1f80 | 0000 0000 | 85ed 0f85 | 4003 0000 | 498b 87b8 | 0100 004c | 8bd0 4983 
  0x000001f8a8e80a34: c218 6666 | 0f1f 8400 | 0000 0000 | 4d3b 97c8 | 0100 000f | 839a 0c00 | 004d 8997 | b801 0000 
  0x000001f8a8e80a54: 410f 0d8a | c000 0000 | 48c7 0001 

  0x000001f8a8e80a60: ;   {metadata('java/lang/NamedPackage')}
  0x000001f8a8e80a60: 0000 00c7 | 4008 e8c0 | 0100 4489 | 600c 4c89 | 6010 4c89 | 7424 2044 | 896c 2438 | 4889 4424 
  0x000001f8a8e80a80: 4048 8b54 | 2420 6690 

  0x000001f8a8e80a88: ;   {optimized virtual_call}
  0x000001f8a8e80a88: c5f8 77e8 

  0x000001f8a8e80a8c: ; ImmutableOopMap {[32]=Oop [40]=Oop [48]=Oop [56]=NarrowOop [64]=Oop [72]=Oop }
                      ;*invokevirtual isEmpty {reexecute=0 rethrow=0 return_oop=0}
                      ; - java.lang.NamedPackage::<init>@5
                      ; - java.lang.ClassLoader::getNamedPackage@22
                      ; - java.lang.ClassLoader::postDefineClass@9
                      ; - java.lang.ClassLoader::defineClass@37
                      ; - java.security.SecureClassLoader::defineClass@12
  0x000001f8a8e80a8c: b0f3 0100 

  0x000001f8a8e80a90: ;   {other}
  0x000001f8a8e80a90: 0f1f 8400 | 0012 000a | 0f1f 8400 | 0000 0000 | 85c0 0f84 | eb03 0000 | 448b 5424 | 3845 85d2 
  0x000001f8a8e80ab0: 0f84 0f12 | 0000 4c89 | 5424 5049 | 8bd2 6690 

  0x000001f8a8e80ac0: ;   {optimized virtual_call}
  0x000001f8a8e80ac0: c5f8 77e8 

  0x000001f8a8e80ac4: ; ImmutableOopMap {[32]=Oop [40]=Oop [48]=Oop [56]=NarrowOop [64]=Oop [72]=Oop [80]=Oop }
                      ;*invokevirtual isNamed {reexecute=0 rethrow=0 return_oop=0}
                      ; - java.lang.NamedPackage::<init>@12
                      ; - java.lang.ClassLoader::getNamedPackage@22
                      ; - java.lang.ClassLoader::postDefineClass@9
                      ; - java.lang.ClassLoader::defineClass@37
                      ; - java.security.SecureClassLoader::defineClass@12
  0x000001f8a8e80ac4: f8a6 67f8 

  0x000001f8a8e80ac8: ;   {other}
  0x000001f8a8e80ac8: 0f1f 8400 | 3812 000b | 85c0 0f84 | bb03 0000 | 498b 87b8 | 0100 004c | 8bd0 4983 | c228 4d3b 
  0x000001f8a8e80ae8: 97c8 0100 | 000f 8375 | 0c00 004d | 8997 b801 | 0000 410f | 0d8a c000 | 0000 48c7 | 0001 0000 
  0x000001f8a8e80b08: ;   {metadata('java/lang/InternalError')}
  0x000001f8a8e80b08: 00c7 4008 | 3807 0100 | 4489 600c | 4c89 6010 | 4c89 6018 | 4c89 6020 | 4889 4424 | 6849 8b87 
  0x000001f8a8e80b28: b801 0000 | 4c8b d049 | 83c2 1866 | 0f1f 8400 | 0000 0000 | 6666 6690 | 4d3b 97c8 | 0100 000f 
  0x000001f8a8e80b48: 8340 0c00 | 004d 8997 | b801 0000 | 410f 0d8a | c000 0000 | 48c7 0001 

  0x000001f8a8e80b60: ;   {metadata('java/lang/StringBuilder')}
  0x000001f8a8e80b60: 0000 00c7 | 4008 4080 | 0000 4489 | 600c 4c89 | 6010 488b | e848 8bd5 

  0x000001f8a8e80b78: ;   {optimized virtual_call}
  0x000001f8a8e80b78: c5f8 77e8 

  0x000001f8a8e80b7c: ; ImmutableOopMap {rbp=Oop [32]=Oop [40]=Oop [48]=Oop [56]=NarrowOop [64]=Oop [72]=Oop [80]=Oop [104]=Oop }
                      ;*invokespecial <init> {reexecute=0 rethrow=0 return_oop=0}
                      ; - java.lang.NamedPackage::<init>@26
                      ; - java.lang.ClassLoader::getNamedPackage@22
                      ; - java.lang.ClassLoader::postDefineClass@9
                      ; - java.lang.ClassLoader::defineClass@37
                      ; - java.security.SecureClassLoader::defineClass@12
  0x000001f8a8e80b7c: 00df a5ff 

  0x000001f8a8e80b80: ;   {other}
  0x000001f8a8e80b80: 0f1f 8400 | f012 000c 

  0x000001f8a8e80b88: ;   {oop("unnamed package in  "{0x0000000082aff660})}
  0x000001f8a8e80b88: 49b8 60f6 | af82 0000 | 0000 488b | d54c 8b54 | 2468 4c89 | 5424 6090 

  0x000001f8a8e80ba0: ;   {optimized virtual_call}
  0x000001f8a8e80ba0: c5f8 77e8 

  0x000001f8a8e80ba4: ; ImmutableOopMap {[32]=Oop [40]=Oop [48]=Oop [56]=NarrowOop [64]=Oop [72]=Oop [80]=Oop [96]=Oop [104]=Oop }
                      ;*invokevirtual append {reexecute=0 rethrow=0 return_oop=1}
                      ; - java.lang.NamedPackage::<init>@31
                      ; - java.lang.ClassLoader::getNamedPackage@22
                      ; - java.lang.ClassLoader::postDefineClass@9
                      ; - java.lang.ClassLoader::defineClass@37
                      ; - java.security.SecureClassLoader::defineClass@12
  0x000001f8a8e80ba4: d8de a5ff 

  0x000001f8a8e80ba8: ;   {other}
  0x000001f8a8e80ba8: 0f1f 8400 | 1813 000d | 4885 c00f | 842c 1100 | 0048 8bd0 | 4c8b 4424 | 504c 8b54 | 2460 4c89 
  0x000001f8a8e80bc8: 5424 5090 

  0x000001f8a8e80bcc: ;   {optimized virtual_call}
  0x000001f8a8e80bcc: c5f8 77e8 

  0x000001f8a8e80bd0: ; ImmutableOopMap {[32]=Oop [40]=Oop [48]=Oop [56]=NarrowOop [64]=Oop [72]=Oop [80]=Oop [96]=Oop }
                      ;*invokevirtual append {reexecute=0 rethrow=0 return_oop=1}
                      ; - java.lang.NamedPackage::<init>@35
                      ; - java.lang.ClassLoader::getNamedPackage@22
                      ; - java.lang.ClassLoader::postDefineClass@9
                      ; - java.lang.ClassLoader::defineClass@37
                      ; - java.security.SecureClassLoader::defineClass@12
  0x000001f8a8e80bd0: acde a5ff 

  0x000001f8a8e80bd4: ;   {other}
  0x000001f8a8e80bd4: 0f1f 8400 | 4413 000e | 0f1f 4000 | 4885 c00f | 8413 1100 | 0048 8bd0 

  0x000001f8a8e80bec: ;   {optimized virtual_call}
  0x000001f8a8e80bec: c5f8 77e8 

  0x000001f8a8e80bf0: ; ImmutableOopMap {[32]=Oop [40]=Oop [48]=Oop [56]=NarrowOop [64]=Oop [72]=Oop [80]=Oop }
                      ;*invokevirtual toString {reexecute=0 rethrow=0 return_oop=1}
                      ; - java.lang.NamedPackage::<init>@38
                      ; - java.lang.ClassLoader::getNamedPackage@22
                      ; - java.lang.ClassLoader::postDefineClass@9
                      ; - java.lang.ClassLoader::defineClass@37
                      ; - java.security.SecureClassLoader::defineClass@12
  0x000001f8a8e80bf0: 8cde a5ff 

  0x000001f8a8e80bf4: ;   {other}
  0x000001f8a8e80bf4: 0f1f 8400 | 6413 000f | 488b 5424 | 504c 8bc0 

  0x000001f8a8e80c04: ;   {optimized virtual_call}
  0x000001f8a8e80c04: c5f8 77e8 

  0x000001f8a8e80c08: ; ImmutableOopMap {[32]=Oop [40]=Oop [48]=Oop [56]=NarrowOop [64]=Oop [72]=Oop [80]=Oop }
                      ;*invokespecial <init> {reexecute=0 rethrow=0 return_oop=0}
                      ; - java.lang.NamedPackage::<init>@41
                      ; - java.lang.ClassLoader::getNamedPackage@22
                      ; - java.lang.ClassLoader::postDefineClass@9
                      ; - java.lang.ClassLoader::defineClass@37
                      ; - java.security.SecureClassLoader::defineClass@12
  0x000001f8a8e80c08: 74de a5ff 

  0x000001f8a8e80c0c: ;   {other}
  0x000001f8a8e80c0c: 0f1f 8400 | 7c13 0010 | 488b 5424 | 50c5 f877 | 4881 c4b0 | 0000 005d 

  0x000001f8a8e80c24: ;   {runtime_call _rethrow_Java}
  0x000001f8a8e80c24: e9d7 48a9 | ff41 8b69 | 104c 8bdd | 4d3b de0f | 841b 0100 | 0044 8b45 | 0848 8bcd | 4c3b f10f 
  0x000001f8a8e80c44: 840b 0100 

  0x000001f8a8e80c48: ;   {metadata('java/lang/String')}
  0x000001f8a8e80c48: 0041 81f8 | 78e8 0000 | 0f85 ea11 | 0000 450f | be5e 100f | be69 1090 | 443b dd0f | 85a7 1200 
  0x000001f8a8e80c68: 0044 8b59 | 1445 8b46 | 1441 8b7b | 0c41 8b48 | 0c0f 1f80 | 0000 0000 | 3bcf 0f85 | b811 0000 
  0x000001f8a8e80c88: 498b db49 | 8d73 104d | 8bd8 498d | 7810 85c9 | 0f84 9d00 | 0000 8bc1 | 83e0 1f83 | e1e0 0f84 
  0x000001f8a8e80ca8: 4b00 0000 | 488d 3c0f | 488d 340e | 48f7 d9c5 | fe6f 040f | c5fe 6f0c | 0ec5 fdef | c1c4 e27d 
  0x000001f8a8e80cc8: 17c0 0f85 | 7200 0000 | 4883 c120 | 75e1 85c0 | 0f84 5d00 | 0000 c5fe | 6f44 07e0 | c5fe 6f4c 
  0x000001f8a8e80ce8: 06e0 c5fd | efc1 c4e2 | 7d17 c075 | 4deb 448b | c883 e1fc | 7419 488d | 3c0f 488d | 340e 48f7 
  0x000001f8a8e80d08: d98b 1c0f | 3b1c 0e75 | 3148 83c1 | 0475 f2a8 | 0274 120f | b71f 0fb7 | 0e3b d975 | 1d48 8d7f 
  0x000001f8a8e80d28: 0248 8d76 | 02a8 0174 | 0a0f b61f | 0fb6 0e3b | d975 07b8 | 0100 0000 | eb02 33c0 | c5fd efc0 
  0x000001f8a8e80d48: ;   {no_reloc}
  0x000001f8a8e80d48: c5f5 efc9 | 85c0 0f84 | ec10 0000 | 418b 6914 | 0f1f 8400 | 0000 0000 | 85ed 0f84 | c0fc ffff 
  0x000001f8a8e80d68: 448b 5d08 | 49ba 0000 | 00b6 f801 | 0000 4d03 | d34d 8b52 

  0x000001f8a8e80d7c: ;   {metadata('java/lang/NamedPackage')}
  0x000001f8a8e80d7c: 3849 bbe8 | c001 b6f8 | 0100 004d | 3bd3 0f85 | 500c 0000 | 4c8b 5424 | 4845 8b5a | 1041 8b6b 
  0x000001f8a8e80d9c: 1466 6690 | 85ed 0f85 | d010 0000 | 418b 6b10 | 85ed 0f85 | 100c 0000 | 488b 4424 | 30c5 f877 
  0x000001f8a8e80dbc: 4881 c4b0 | 0000 005d 

  0x000001f8a8e80dc4: ;   {poll_return}
  0x000001f8a8e80dc4: 493b a750 | 0400 000f | 87e7 1500 | 00c3 440f | b653 1166 | 0f1f 8400 | 0000 0000 | 4585 d20f 
  0x000001f8a8e80de4: 85bc 0400 | 0044 8b53 | 1449 8be8 | 498b d280 | 7b10 000f | 85a8 0600 | 0044 896c | 243c 4489 
  0x000001f8a8e80e04: 4424 3848 | 895c 2420 

  0x000001f8a8e80e0c: ;   {static_call}
  0x000001f8a8e80e0c: c5f8 77e8 

  0x000001f8a8e80e10: ; ImmutableOopMap {rbp=Oop [32]=Oop [40]=Oop [48]=Oop [56]=NarrowOop [60]=NarrowOop [72]=Oop }
                      ;*invokestatic hashCode {reexecute=0 rethrow=0 return_oop=0}
                      ; - java.lang.String::hashCode@27
                      ; - java.util.concurrent.ConcurrentHashMap::get@1
                      ; - java.lang.ClassLoader::getNamedPackage@5
                      ; - java.lang.ClassLoader::postDefineClass@9
                      ; - java.lang.ClassLoader::defineClass@37
                      ; - java.security.SecureClassLoader::defineClass@12
  0x000001f8a8e80e10: acb9 fdff 

  0x000001f8a8e80e14: ;   {other}
  0x000001f8a8e80e14: 0f1f 8400 | 8415 0011 | 0f1f 4000 | 85c0 0f84 | 5d06 0000 | 4c8b 7424 | 2041 8946 | 0c44 8b44 
  0x000001f8a8e80e34: 2438 448b | 6c24 3c0f | 1f44 0000 | e9cf faff | ff4c 8b6c | 2430 e921 | f5ff ff48 | 8bd0 6690 
  0x000001f8a8e80e54: ;   {optimized virtual_call}
  0x000001f8a8e80e54: c5f8 77e8 

  0x000001f8a8e80e58: ; ImmutableOopMap {[40]=Oop [48]=Oop [72]=Oop [144]=Oop }
                      ;*invokevirtual initClassName {reexecute=0 rethrow=0 return_oop=1}
                      ; - java.lang.Class::getName@14
                      ; - java.lang.Class::getPackageName@40
                      ; - java.lang.ClassLoader::postDefineClass@2
                      ; - java.lang.ClassLoader::defineClass@37
                      ; - java.security.SecureClassLoader::defineClass@12
  0x000001f8a8e80e58: 045e feff 

  0x000001f8a8e80e5c: ;   {other}
  0x000001f8a8e80e5c: 0f1f 8400 | cc15 0012 | 4885 c00f | 853f f6ff | ffba f6ff | ffff 6690 

  0x000001f8a8e80e74: ;   {runtime_call UncommonTrapBlob}
  0x000001f8a8e80e74: c5f8 77e8 

  0x000001f8a8e80e78: ; ImmutableOopMap {}
                      ;*invokevirtual lastIndexOf {reexecute=0 rethrow=0 return_oop=0}
                      ; - java.lang.Class::getPackageName@47
                      ; - java.lang.ClassLoader::postDefineClass@2
                      ; - java.lang.ClassLoader::defineClass@37
                      ; - java.security.SecureClassLoader::defineClass@12
  0x000001f8a8e80e78: 0435 a6ff 

  0x000001f8a8e80e7c: ;   {other}
  0x000001f8a8e80e7c: 0f1f 8400 | ec15 0013 | 488b d8e9 | e8f9 ffff | 8bcf e94e | f2ff ff44 | 8b54 2438 | 498b ea48 
  0x000001f8a8e80e9c: 8b54 2420 

  0x000001f8a8e80ea0: ;   {optimized virtual_call}
  0x000001f8a8e80ea0: c5f8 77e8 

  0x000001f8a8e80ea4: ; ImmutableOopMap {rbp=Oop [32]=Oop [40]=Oop [48]=Oop [56]=NarrowOop [64]=Oop [72]=Oop }
                      ;*invokevirtual intern {reexecute=0 rethrow=0 return_oop=1}
                      ; - java.lang.NamedPackage::<init>@47
                      ; - java.lang.ClassLoader::getNamedPackage@22
                      ; - java.lang.ClassLoader::postDefineClass@9
                      ; - java.lang.ClassLoader::defineClass@37
                      ; - java.security.SecureClassLoader::defineClass@12
  0x000001f8a8e80ea4: 386c fcff 

  0x000001f8a8e80ea8: ;   {other}
  0x000001f8a8e80ea8: 0f1f 8400 | 1816 0014 | 488b d841 | 807f 4000 | 0f85 4706 | 0000 4c8b | 5424 404c | 8954 2458 
  0x000001f8a8e80ec8: 4c8b c34d | 8bd0 4c8b | 5c24 5845 | 8953 0c4d | 8bd3 4d8b | d84d 33da | 49c1 eb14 | 4d85 db74 
  0x000001f8a8e80ee8: 204d 85c0 | 741b 49c1 | ea09 48b9 | 0000 6ab0 | f801 0000 | 4903 ca90 | 8039 020f | 853c 0600 
  0x000001f8a8e80f08: 0041 807f | 4000 0f85 | b505 0000 | 448b 5424 | 3844 8954 | 2450 4c8b | 5424 5844 | 8b44 2438 
  0x000001f8a8e80f28: 4589 4210 | 4c8b d54c | 8b5c 2458 | 4d33 d349 | c1ea 140f | 1f44 0000 | 4d85 d274 | 2545 85c0 
  0x000001f8a8e80f48: 7420 49c1 | eb09 4c8b | 4424 684d | 03c3 6666 | 0f1f 8400 | 0000 0000 | 4180 3802 | 0f85 2d06 
  0x000001f8a8e80f68: 0000 4c8b | 5424 2845 | 8b52 3845 | 85d2 0f84 | 0010 0000 | 498b d24c | 8b44 2420 | 4c8b 4c24 
  0x000001f8a8e80f88: 5848 8b6c | 2430 6690 

  0x000001f8a8e80f90: ;   {optimized virtual_call}
  0x000001f8a8e80f90: c5f8 77e8 

  0x000001f8a8e80f94: ; ImmutableOopMap {rbp=Oop [40]=Oop [48]=Oop [72]=Oop [80]=NarrowOop [88]=Oop }
                      ;*invokevirtual putIfAbsent {reexecute=0 rethrow=0 return_oop=1}
                      ; - java.lang.ClassLoader::getNamedPackage@32
                      ; - java.lang.ClassLoader::postDefineClass@9
                      ; - java.lang.ClassLoader::defineClass@37
                      ; - java.security.SecureClassLoader::defineClass@12
  0x000001f8a8e80f94: a898 0800 

  0x000001f8a8e80f98: ;   {other}
  0x000001f8a8e80f98: 0f1f 8400 | 0817 0015 | 4885 c00f | 84e7 fdff | ff44 8b50 | 0849 bb00 | 0000 b6f8 | 0100 004d 
  0x000001f8a8e80fb8: 03da 4d8b 

  0x000001f8a8e80fbc: ;   {metadata('java/lang/NamedPackage')}
  0x000001f8a8e80fbc: 5338 49bb | e8c0 01b6 | f801 0000 | 4d3b d30f | 84c7 0f00 | 00ba deff | ffff 488b | e866 6690 
  0x000001f8a8e80fdc: ;   {runtime_call UncommonTrapBlob}
  0x000001f8a8e80fdc: c5f8 77e8 

  0x000001f8a8e80fe0: ; ImmutableOopMap {rbp=Oop }
                      ;*checkcast {reexecute=0 rethrow=0 return_oop=0}
                      ; - java.lang.ClassLoader::getNamedPackage@35
                      ; - java.lang.ClassLoader::postDefineClass@9
                      ; - java.lang.ClassLoader::defineClass@37
                      ; - java.security.SecureClassLoader::defineClass@12
  0x000001f8a8e80fe0: 9c33 a6ff 

  0x000001f8a8e80fe4: ;   {other}
  0x000001f8a8e80fe4: 0f1f 8400 | 5417 0016 | 458b c1e9 | 2ff6 ffff | 33f6 b9ff | ffff ff0f | 1f44 0000 | e9e1 f0ff 
  0x000001f8a8e81004: ;   {oop(""{0x000000008056c3c8})}
  0x000001f8a8e81004: ff48 bbc8 | c356 8000 | 0000 0049 | ba00 006a | b0f8 0100 | 004c 8954 | 2468 41b8 | ffff ffff 
  0x000001f8a8e81024: e9fa f5ff | ff45 8b45 | 1445 85c0 | 0f84 06f3 | ffff 4d8b | 5f28 498b | c866 6690 | 4d85 db0f 
  0x000001f8a8e81044: 843b 0c00 | 004d 8b47 | 384b 894c | 18f8 4983 | c3f8 4d89 | 5f28 e9dd | f2ff ff4d | 8b57 484d 
  0x000001f8a8e81064: 8b5f 58f0 | 8344 24c0 | 0080 3900 | 0f84 f6f2 | ffff 4488 | 214d 85d2 | 7520 498b | d7c5 f877 
  0x000001f8a8e81084: 49ba d0a0 | 62cc f97f | 0000 41ff 

  0x000001f8a8e81090: ;   {other}
  0x000001f8a8e81090: d20f 1f84 | 0000 0000 | 00e9 cef2 | ffff 4b89 | 4c13 f849 | 83c2 f84d | 8957 48e9 | bcf2 ffff 
  0x000001f8a8e810b0: 4c8b 5424 | 3045 8b52 | 3c0f 1f80 | 0000 0000 | 4585 d20f | 84e2 f7ff | ff4d 8b5f | 2849 8bca 
  0x000001f8a8e810d0: 4d85 db0f | 8413 0d00 | 004d 8b57 | 384b 894c | 1af8 4983 | c3f8 4d89 | 5f28 e9bc | f7ff ff4d 
  0x000001f8a8e810f0: 8b57 484d | 8b5f 58f0 | 8344 24c0 | 0066 6690 | 8039 000f | 84e1 f7ff | ff44 8821 | 4d85 d275 
  0x000001f8a8e81110: 2049 8bd7 | c5f8 7749 | bad0 a062 | ccf9 7f00 | 0041 ffd2 

  0x000001f8a8e81124: ;   {other}
  0x000001f8a8e81124: 0f1f 8400 | 0000 0000 | e9b9 f7ff | ff4b 894c | 13f8 4983 | c2f8 4d89 | 5748 6690 | e9a5 f7ff 
  0x000001f8a8e81144: ff44 8b53 | 1445 85d2 | 0f84 ebf6 | ffff 4d8b | 5f28 498b | ca0f 1f80 | 0000 0000 | 4d85 db0f 
  0x000001f8a8e81164: 8463 0d00 | 004d 8b57 | 384b 894c | 1af8 4983 | c3f8 4d89 | 5f28 e9be | f6ff ff4d | 8b57 484d 
  0x000001f8a8e81184: 8b5f 58f0 | 8344 24c0 | 0080 3900 | 0f84 daf6 | ffff 4488 | 214d 85d2 | 7520 498b | d7c5 f877 
  0x000001f8a8e811a4: 49ba d0a0 | 62cc f97f | 0000 41ff 

  0x000001f8a8e811b0: ;   {other}
  0x000001f8a8e811b0: d20f 1f84 | 0000 0000 | 00e9 b2f6 | ffff 4b89 | 4c13 f849 | 83c2 f84d | 8957 48e9 | a0f6 ffff 
  0x000001f8a8e811d0: c4e1 f96e | c24c 896c | 2450 4489 | 7424 4848 | 895c 2420 | 4c8b df44 | 8bf6 4c63 | c549 8d48 
  0x000001f8a8e811f0: 1048 8bd1 | 4883 e2f8 | 498b fa48 | 03fa 498b | ea48 c1e9 | 034c 2bc9 | 498b c948 | 33c0 4883 
  0x000001f8a8e81210: f908 7f10 | 48ff c978 | 4f48 8904 | cf48 ffc9 | 7df7 eb44 | c5f5 efc9 | e90d 0000 | 00c5 fe7f 
  0x000001f8a8e81230: 0fc5 fe7f | 4f20 4883 | c740 4883 | e908 7ded | 4883 c104 | 7c0c c5fe | 7f0f 4883 | c720 4883 
  0x000001f8a8e81250: e904 4883 | c104 7e10 | 48ff c9c5 | f9d6 0f48 | 83c7 0848 | ffc9 7df3 | 498b cbc4 | e1f9 7ec2 
  0x000001f8a8e81270: c5f8 7749 | bac0 448c | a8f8 0100 | 0041 ffd2 

  0x000001f8a8e81280: ;   {other}
  0x000001f8a8e81280: 0f1f 8400 | 0000 0000 | 418b f648 | 8b5c 2420 | 448b 7424 | 484c 8b6c | 2450 4c8b | d566 6690 
  0x000001f8a8e812a0: e98c f0ff | ff33 c0e9 | 68f6 ffff | 4c63 c549 | 8d48 1048 | 8bd1 4883 | e2f8 488b | fe48 03fa 
  0x000001f8a8e812c0: 48c1 e903 | 4c2b c949 | 8bc9 4833 | c048 83f9 | 087f 1048 | ffc9 784f | 4889 04cf | 48ff c97d 
  0x000001f8a8e812e0: f7eb 44c5 | fdef c0e9 | 0d00 0000 | c5fe 7f07 | c5fe 7f47 | 2048 83c7 | 4048 83e9 | 087d ed48 
  0x000001f8a8e81300: 83c1 047c | 0cc5 fe7f | 0748 83c7 | 2048 83e9 | 0448 83c1 | 047e 1048 | ffc9 c5f9 | d607 4883 
  0x000001f8a8e81320: c708 48ff | c97d f349 | 8bca 498b | d3c5 f877 | 49ba c044 | 8ca8 f801 | 0000 41ff 

  0x000001f8a8e8133c: ;   {other}
  0x000001f8a8e8133c: d20f 1f84 | 0000 0000 | 00e9 e8f4 

  0x000001f8a8e81348: ;   {oop(""{0x000000008056c3c8})}
  0x000001f8a8e81348: ffff 49bd | c8c3 5680 | 0000 0000 | e917 f0ff 

  0x000001f8a8e81358: ;   {oop(""{0x000000008056c3c8})}
  0x000001f8a8e81358: ff49 bdc8 | c356 8000 | 0000 00e9 | 08f0 ffff | 4c8b f544 | 8b6c 2438 | 448b 5424 | 3c4c 8b5c 
  0x000001f8a8e81378: 2440 e9f7 

  0x000001f8a8e8137c: ;   {metadata('java/security/SecureClassLoader$CodeSourceKey')}
  0x000001f8a8e8137c: f5ff ff48 | bab8 b411 | b6f8 0100 | 0066 6690 

  0x000001f8a8e8138c: ;   {runtime_call _new_instance_Java}
  0x000001f8a8e8138c: c5f8 77e8 

  0x000001f8a8e81390: ; ImmutableOopMap {rbp=Oop [40]=Oop [48]=Oop [56]=Oop }
                      ;*new {reexecute=0 rethrow=0 return_oop=1}
                      ; - java.security.SecureClassLoader::getProtectionDomain@6
                      ; - java.security.SecureClassLoader::defineClass@9
  0x000001f8a8e81390: 6ce1 a8ff 

  0x000001f8a8e81394: ;   {other}
  0x000001f8a8e81394: 0f1f 8400 | 041b 0017 | 4c8b c090 | e9c6 e9ff 

  0x000001f8a8e813a4: ;   {metadata('java/security/SecureClassLoader$1')}
  0x000001f8a8e813a4: ff48 ba50 | ba11 b6f8 | 0100 004c | 8944 2450 

  0x000001f8a8e813b4: ;   {runtime_call _new_instance_Java}
  0x000001f8a8e813b4: c5f8 77e8 

  0x000001f8a8e813b8: ; ImmutableOopMap {rbp=NarrowOop [40]=Oop [48]=Oop [56]=Oop [80]=Oop }
                      ;*new {reexecute=0 rethrow=0 return_oop=1}
                      ; - java.security.SecureClassLoader::getProtectionDomain@20
                      ; - java.security.SecureClassLoader::defineClass@9
  0x000001f8a8e813b8: 44e1 a8ff 

  0x000001f8a8e813bc: ;   {other}
  0x000001f8a8e813bc: 0f1f 8400 | 2c1b 0018 | 4c8b c84c | 8b44 2450 | e9e3 e9ff 

  0x000001f8a8e813d0: ;   {oop(""{0x000000008056c3c8})}
  0x000001f8a8e813d0: ff48 bbc8 | c356 8000 | 0000 000f | 1f44 0000 | e98f f4ff | ff89 4c24 | 7844 8974 | 245c 4889 
  0x000001f8a8e813f0: 5c24 704c | 8944 2468 | c5fb 1144 | 2460 8974 | 2458 4489 | 5c24 5444 | 8954 2450 | 4c8b 9424 
  0x000001f8a8e81410: 9000 0000 | 4c89 5424 | 484c 8b54 | 2430 4c89 | 5424 2048 | 8b6c 2428 

  0x000001f8a8e81428: ;   {metadata('java/lang/String')}
  0x000001f8a8e81428: 48ba 78e8 | 00b6 f801 | 0000 6690 

  0x000001f8a8e81434: ;   {runtime_call _new_instance_Java}
  0x000001f8a8e81434: c5f8 77e8 

  0x000001f8a8e81438: ; ImmutableOopMap {rbp=Oop [32]=Oop [56]=Oop [72]=Oop [80]=NarrowOop [92]=NarrowOop [96]=Oop [104]=Derived_oop_[96] [112]=Oop [144]=Oop }
                      ;*new {reexecute=0 rethrow=0 return_oop=1}
                      ; - java.lang.StringLatin1::newString@7
                      ; - java.lang.String::substring@41
                      ; - java.lang.ClassLoader::checkCerts@21
                      ; - java.lang.ClassLoader::preDefineClass@113
                      ; - java.lang.ClassLoader::defineClass@4
                      ; - java.security.SecureClassLoader::defineClass@12
  0x000001f8a8e81438: c4e0 a8ff 

  0x000001f8a8e8143c: ;   {other}
  0x000001f8a8e8143c: 0f1f 8400 | ac1b 0019 | 4889 6c24 | 284c 8b54 | 2420 4c89 | 5424 3044 | 8b54 2450 | 448b 5c24 
  0x000001f8a8e8145c: 548b 7424 | 58c5 fb10 | 4424 604c | 8b4c 2468 | 488b 5c24 | 7044 8b74 | 245c 8b4c | 2478 4c8b 
  0x000001f8a8e8147c: e84d 8bc1 | e9d7 ecff | ff4c 8b74 | 2420 41c6 | 4611 0133 | c044 8b44 | 2438 448b | 6c24 3c0f 
  0x000001f8a8e8149c: 1f44 0000 | e96f f4ff | ff44 896c | 243c 4489 | 4424 3848 | 895c 2420 

  0x000001f8a8e814b4: ;   {static_call}
  0x000001f8a8e814b4: c5f8 77e8 

  0x000001f8a8e814b8: ; ImmutableOopMap {rbp=Oop [32]=Oop [40]=Oop [48]=Oop [56]=NarrowOop [60]=NarrowOop [72]=Oop }
                      ;*invokestatic hashCode {reexecute=0 rethrow=0 return_oop=0}
                      ; - java.lang.String::hashCode@37
                      ; - java.util.concurrent.ConcurrentHashMap::get@1
                      ; - java.lang.ClassLoader::getNamedPackage@5
                      ; - java.lang.ClassLoader::postDefineClass@9
                      ; - java.lang.ClassLoader::defineClass@37
                      ; - java.security.SecureClassLoader::defineClass@12
  0x000001f8a8e814b8: c4db a5ff 

  0x000001f8a8e814bc: ;   {other}
  0x000001f8a8e814bc: 0f1f 8400 | 2c1c 001a | e953 f9ff | ff4c 8b54 | 2458 458b | 5210 4585 | d20f 8439 | faff ff4d 
  0x000001f8a8e814dc: 8b5f 2849 | 8bca 4d85 | db0f 8425 | 0b00 004d | 8b57 384b | 894c 1af8 | 4983 c3f8 | 4d89 5f28 
  0x000001f8a8e814fc: 0f1f 4000 | e90f faff | ff4c 8b54 | 2440 4c89 | 5424 5845 | 8b5a 0c45 | 85db 0f84 | acf9 ffff 
  0x000001f8a8e8151c: 4d8b 5728 | 498b cb4d | 85d2 0f84 | c40a 0000 | 4d8b 5f38 | 4b89 4c13 | f849 83c2 | f84d 8957 
  0x000001f8a8e8153c: 2866 6690 | e983 f9ff | ff4d 8b57 | 584d 8b5f | 48f0 8344 | 24c0 0080 | 3900 0f84 | adf9 ffff 
  0x000001f8a8e8155c: 4488 2190 | 4d85 db75 | 2049 8bd7 | c5f8 7749 | bad0 a062 | ccf9 7f00 | 0041 ffd2 

  0x000001f8a8e81578: ;   {other}
  0x000001f8a8e81578: 0f1f 8400 | 0000 0000 | e984 f9ff | ff4b 894c | 1af8 4983 | c3f8 4d89 | 5f48 e972 | f9ff ff4d 
  0x000001f8a8e81598: 8b57 484d | 8b5f 58f0 | 8344 24c0 | 0041 8038 | 000f 84bb | f9ff ff45 | 8820 4d85 | d275 2349 
  0x000001f8a8e815b8: 8bc8 498b | d7c5 f877 | 49ba d0a0 | 62cc f97f | 0000 41ff 

  0x000001f8a8e815cc: ;   {other}
  0x000001f8a8e815cc: d20f 1f84 | 0000 0000 | 00e9 90f9 | ffff 4f89 | 4413 f849 | 83c2 f84d | 8957 48e9 | 7ef9 ffff 
  0x000001f8a8e815ec: 4489 4424 | 4089 7c24 | 3c44 895c | 2438 4c8b | 5424 304c | 8954 2420 

  0x000001f8a8e81604: ;   {metadata('java/lang/String')}
  0x000001f8a8e81604: 48ba 78e8 | 00b6 f801 | 0000 6690 

  0x000001f8a8e81610: ;   {runtime_call _new_instance_Java}
  0x000001f8a8e81610: c5f8 77e8 

  0x000001f8a8e81614: ; ImmutableOopMap {[32]=Oop [40]=Oop [48]=Oop [56]=NarrowOop [72]=Oop [136]=Oop }
                      ;*new {reexecute=0 rethrow=0 return_oop=1}
                      ; - java.lang.StringLatin1::newString@7
                      ; - java.lang.String::substring@41
                      ; - java.lang.Class::getPackageName@62
                      ; - java.lang.ClassLoader::postDefineClass@2
                      ; - java.lang.ClassLoader::defineClass@37
                      ; - java.security.SecureClassLoader::defineClass@12
  0x000001f8a8e81614: e8de a8ff 

  0x000001f8a8e81618: ;   {other}
  0x000001f8a8e81618: 0f1f 8400 | 881d 001b | 448b 5c24 | 388b 7c24 | 3c44 8b44 | 2440 488b | d8e9 5cf0 | ffff 4c89 
  0x000001f8a8e81638: 8424 8800 | 0000 4c89 | 8c24 8000 | 0000 4c89 | 6c24 7889 | 4c24 7044 | 8974 2454 | 4889 5c24 
  0x000001f8a8e81658: 6848 897c | 2460 c5fb | 1144 2458 | 8974 2450 | 4c8b 9424 | 9000 0000 | 4c89 5424 | 484c 8b54 
  0x000001f8a8e81678: 2428 4c89 

  0x000001f8a8e8167c: ;   {metadata({type array byte})}
  0x000001f8a8e8167c: 5424 2048 | ba18 2300 | b6f8 0100 | 0044 8bc1 

  0x000001f8a8e8168c: ;   {runtime_call _new_array_nozero_Java}
  0x000001f8a8e8168c: c5f8 77e8 

  0x000001f8a8e81690: ; ImmutableOopMap {[32]=Oop [48]=Oop [56]=Oop [72]=Oop [84]=NarrowOop [88]=Oop [96]=Derived_oop_[88] [104]=Oop [120]=Oop }
                      ;*newarray {reexecute=0 rethrow=0 return_oop=1}
                      ; - java.util.Arrays::copyOfRangeByte@10
                      ; - java.util.Arrays::copyOfRange@13
                      ; - java.lang.StringLatin1::newString@16
                      ; - java.lang.String::substring@41
                      ; - java.lang.ClassLoader::checkCerts@21
                      ; - java.lang.ClassLoader::preDefineClass@113
                      ; - java.lang.ClassLoader::defineClass@4
                      ; - java.security.SecureClassLoader::defineClass@12
  0x000001f8a8e81690: ecd7 a8ff 

  0x000001f8a8e81694: ;   {other}
  0x000001f8a8e81694: 0f1f 8400 | 041e 001c | 4c8b 5c24 | 204c 895c | 2428 4c8b | 5c24 484c | 899c 2490 | 0000 008b 
  0x000001f8a8e816b4: 7424 5048 | 8b7c 2460 | 488b 5c24 | 6844 8b74 | 2454 8b4c | 2470 4c8b | 6c24 784c | 8b8c 2480 
  0x000001f8a8e816d4: 0000 004c | 8b84 2488 | 0000 004c | 8bd0 e900 | ecff ff44 | 896c 2438 | 4c89 7424 

  0x000001f8a8e816f0: ;   {metadata('java/lang/NamedPackage')}
  0x000001f8a8e816f0: 2048 bae8 | c001 b6f8 | 0100 0048 | 8b6c 2430 

  0x000001f8a8e81700: ;   {runtime_call _new_instance_Java}
  0x000001f8a8e81700: c5f8 77e8 

  0x000001f8a8e81704: ; ImmutableOopMap {rbp=Oop [32]=Oop [40]=Oop [48]=Oop [56]=NarrowOop [72]=Oop }
                      ;*new {reexecute=0 rethrow=0 return_oop=1}
                      ; - java.lang.ClassLoader::getNamedPackage@16
                      ; - java.lang.ClassLoader::postDefineClass@9
                      ; - java.lang.ClassLoader::defineClass@37
                      ; - java.security.SecureClassLoader::defineClass@12
  0x000001f8a8e81704: f8dd a8ff 

  0x000001f8a8e81708: ;   {other}
  0x000001f8a8e81708: 0f1f 8400 | 781e 001d | e967 f3ff | ff4c 8b44 | 2450 4889 | 6c24 684c | 896c 2460 | 4489 7424 
  0x000001f8a8e81728: 2448 895c | 2458 4c89 | 4424 50c5 | fb11 4424 | 4889 7424 | 2041 8bea 

  0x000001f8a8e81740: ;   {metadata({type array byte})}
  0x000001f8a8e81740: 48ba 1823 | 00b6 f801 | 0000 458b | c366 6690 

  0x000001f8a8e81750: ;   {runtime_call _new_array_nozero_Java}
  0x000001f8a8e81750: c5f8 77e8 

  0x000001f8a8e81754: ; ImmutableOopMap {rbp=NarrowOop [36]=NarrowOop [40]=Oop [48]=Oop [56]=Oop [72]=Oop [80]=Derived_oop_[72] [88]=Oop [96]=Oop [144]=Oop }
                      ;*invokevirtual clone {reexecute=1 rethrow=0 return_oop=1}
                      ; - (reexecute) java.util.Arrays::copyOfRange@18
                      ; - java.lang.StringLatin1::newString@16
                      ; - java.lang.String::substring@41
                      ; - java.lang.ClassLoader::checkCerts@21
                      ; - java.lang.ClassLoader::preDefineClass@113
                      ; - java.lang.ClassLoader::defineClass@4
                      ; - java.security.SecureClassLoader::defineClass@12
  0x000001f8a8e81754: 28d7 a8ff 

  0x000001f8a8e81758: ;   {other}
  0x000001f8a8e81758: 0f1f 8400 | c81e 001e | 488b f8e9 | 96ea ffff 

  0x000001f8a8e81768: ;   {metadata('java/lang/InternalError')}
  0x000001f8a8e81768: 48ba 3807 | 01b6 f801 | 0000 488b | 6c24 3090 

  0x000001f8a8e81778: ;   {runtime_call _new_instance_Java}
  0x000001f8a8e81778: c5f8 77e8 

  0x000001f8a8e8177c: ; ImmutableOopMap {rbp=Oop [32]=Oop [40]=Oop [48]=Oop [56]=NarrowOop [64]=Oop [72]=Oop [80]=Oop }
                      ;*new {reexecute=0 rethrow=0 return_oop=1}
                      ; - java.lang.NamedPackage::<init>@18
                      ; - java.lang.ClassLoader::getNamedPackage@22
                      ; - java.lang.ClassLoader::postDefineClass@9
                      ; - java.lang.ClassLoader::defineClass@37
                      ; - java.security.SecureClassLoader::defineClass@12
  0x000001f8a8e8177c: 80dd a8ff 

  0x000001f8a8e81780: ;   {other}
  0x000001f8a8e81780: 0f1f 8400 | f01e 001f | e993 f3ff 

  0x000001f8a8e8178c: ;   {metadata('java/lang/StringBuilder')}
  0x000001f8a8e8178c: ff48 ba40 | 8000 b6f8 | 0100 0048 | 8b6c 2430 

  0x000001f8a8e8179c: ;   {runtime_call _new_instance_Java}
  0x000001f8a8e8179c: c5f8 77e8 

  0x000001f8a8e817a0: ; ImmutableOopMap {rbp=Oop [32]=Oop [40]=Oop [48]=Oop [56]=NarrowOop [64]=Oop [72]=Oop [80]=Oop [104]=Oop }
                      ;*new {reexecute=0 rethrow=0 return_oop=1}
                      ; - java.lang.NamedPackage::<init>@22
                      ; - java.lang.ClassLoader::getNamedPackage@22
                      ; - java.lang.ClassLoader::postDefineClass@9
                      ; - java.lang.ClassLoader::defineClass@37
                      ; - java.security.SecureClassLoader::defineClass@12
  0x000001f8a8e817a0: 5cdd a8ff 

  0x000001f8a8e817a4: ;   {other}
  0x000001f8a8e817a4: 0f1f 8400 | 141f 0020 | e9c1 f3ff | ff48 897c | 2460 4c89 | 4c24 584c | 8954 2450 | 4889 5c24 
  0x000001f8a8e817c4: 4044 8944 | 2438 4c8b | 5424 684c | 8954 2420 

  0x000001f8a8e817d4: ;   {metadata({type array byte})}
  0x000001f8a8e817d4: 48ba 1823 | 00b6 f801 | 0000 6690 

  0x000001f8a8e817e0: ;   {runtime_call _new_array_nozero_Java}
  0x000001f8a8e817e0: c5f8 77e8 

  0x000001f8a8e817e4: ; ImmutableOopMap {[40]=Oop [48]=Oop [64]=Oop [72]=Oop [136]=Oop [80]=Derived_oop_[136] }
                      ;*newarray {reexecute=0 rethrow=0 return_oop=1}
                      ; - java.util.Arrays::copyOfRangeByte@10
                      ; - java.util.Arrays::copyOfRange@13
                      ; - java.lang.StringLatin1::newString@16
                      ; - java.lang.String::substring@41
                      ; - java.lang.Class::getPackageName@62
                      ; - java.lang.ClassLoader::postDefineClass@2
                      ; - java.lang.ClassLoader::defineClass@37
                      ; - java.security.SecureClassLoader::defineClass@12
  0x000001f8a8e817e4: 98d6 a8ff 

  0x000001f8a8e817e8: ;   {other}
  0x000001f8a8e817e8: 0f1f 8400 | 581f 0021 | 4c8b 5424 | 204c 8954 | 2468 448b | 4424 3848 | 8b5c 2440 | 4c8b 5424 
  0x000001f8a8e81808: 504c 8b4c | 2458 488b | 7c24 6048 | 8bf0 e9cb | efff ff4c | 894c 2458 | 4c89 5424 | 5048 895c 
  0x000001f8a8e81828: 2440 4489 | 5c24 384c | 8b5c 2430 | 4c89 5c24 | 2048 8b6c 

  0x000001f8a8e8183c: ;   {metadata({type array byte})}
  0x000001f8a8e8183c: 2468 48ba | 1823 00b6 | f801 0000 | 448b c790 

  0x000001f8a8e8184c: ;   {runtime_call _new_array_nozero_Java}
  0x000001f8a8e8184c: c5f8 77e8 

  0x000001f8a8e81850: ; ImmutableOopMap {[32]=Oop [40]=Oop [48]=Oop [56]=NarrowOop [64]=Oop [72]=Oop [136]=Oop [80]=Derived_oop_[136] }
                      ;*invokevirtual clone {reexecute=1 rethrow=0 return_oop=1}
                      ; - (reexecute) java.util.Arrays::copyOfRange@18
                      ; - java.lang.StringLatin1::newString@16
                      ; - java.lang.String::substring@41
                      ; - java.lang.Class::getPackageName@62
                      ; - java.lang.ClassLoader::postDefineClass@2
                      ; - java.lang.ClassLoader::defineClass@37
                      ; - java.security.SecureClassLoader::defineClass@12
  0x000001f8a8e81850: 2cd6 a8ff 

  0x000001f8a8e81854: ;   {other}
  0x000001f8a8e81854: 0f1f 8400 | c41f 0022 | 4889 6c24 | 6848 8b5c | 2440 4c8b | 5424 504c | 8b4c 2458 | 488b f0e9 
  0x000001f8a8e81874: 8cee ffff | baf6 ffff | ff49 8bed 

  0x000001f8a8e81880: ;   {runtime_call UncommonTrapBlob}
  0x000001f8a8e81880: c5f8 77e8 

  0x000001f8a8e81884: ; ImmutableOopMap {rbp=Oop }
                      ;*invokevirtual putIfAbsent {reexecute=0 rethrow=0 return_oop=0}
                      ; - java.lang.ClassLoader::checkCerts@62
                      ; - java.lang.ClassLoader::preDefineClass@113
                      ; - java.lang.ClassLoader::defineClass@4
                      ; - java.security.SecureClassLoader::defineClass@12
  0x000001f8a8e81884: f82a a6ff 

  0x000001f8a8e81888: ;   {other}
  0x000001f8a8e81888: 0f1f 8400 | f81f 0023 | baf6 ffff | ff66 6690 

  0x000001f8a8e81898: ;   {runtime_call UncommonTrapBlob}
  0x000001f8a8e81898: c5f8 77e8 

  0x000001f8a8e8189c: ; ImmutableOopMap {rbp=NarrowOop }
                      ;*invokevirtual toExternalForm {reexecute=0 rethrow=0 return_oop=0}
                      ; - java.net.URL::toExternalForm@5
                      ; - java.net.URL::toString@1
                      ; - java.lang.ClassLoader::defineClassSourceLocation@22
                      ; - java.lang.ClassLoader::defineClass@12
                      ; - java.security.SecureClassLoader::defineClass@12
  0x000001f8a8e8189c: e02a a6ff 

  0x000001f8a8e818a0: ;   {other}
  0x000001f8a8e818a0: 0f1f 8400 | 1020 0024 | baf6 ffff | ff48 8beb 

  0x000001f8a8e818b0: ;   {runtime_call UncommonTrapBlob}
  0x000001f8a8e818b0: c5f8 77e8 

  0x000001f8a8e818b4: ; ImmutableOopMap {rbp=Oop }
                      ;*invokevirtual get {reexecute=0 rethrow=0 return_oop=0}
                      ; - java.lang.ClassLoader::getNamedPackage@5
                      ; - java.lang.ClassLoader::postDefineClass@9
                      ; - java.lang.ClassLoader::defineClass@37
                      ; - java.security.SecureClassLoader::defineClass@12
  0x000001f8a8e818b4: c82a a6ff 

  0x000001f8a8e818b8: ;   {other}
  0x000001f8a8e818b8: 0f1f 8400 | 2820 0025 | ba76 ffff | ff41 8bea | 897c 2424 | 4889 5c24 | 5044 8974 | 2460 6690 
  0x000001f8a8e818d8: ;   {runtime_call UncommonTrapBlob}
  0x000001f8a8e818d8: c5f8 77e8 

  0x000001f8a8e818dc: ; ImmutableOopMap {rbp=NarrowOop [40]=Oop [48]=Oop [56]=Oop [80]=Oop [96]=NarrowOop [144]=Oop }
                      ;*iflt {reexecute=1 rethrow=0 return_oop=0}
                      ; - (reexecute) java.lang.StringLatin1::lastIndexOf@19
                      ; - java.lang.String::lastIndexOf@13
                      ; - java.lang.String::lastIndexOf@8
                      ; - java.lang.ClassLoader::checkCerts@3
                      ; - java.lang.ClassLoader::preDefineClass@113
                      ; - java.lang.ClassLoader::defineClass@4
                      ; - java.security.SecureClassLoader::defineClass@12
  0x000001f8a8e818dc: a02a a6ff 

  0x000001f8a8e818e0: ;   {other}
  0x000001f8a8e818e0: 0f1f 8400 | 5020 0026 | bade ffff | ff4c 8954 | 2420 4c8b | 5424 304c | 8954 2428 | 4c8b 5424 
  0x000001f8a8e81900: 384c 8954 | 2430 448b | 5424 4044 | 8954 2438 | 448b 5424 | 4444 8954 | 243c 4c89 | 4424 404c 
  0x000001f8a8e81920: 894c 2448 

  0x000001f8a8e81924: ;   {runtime_call UncommonTrapBlob}
  0x000001f8a8e81924: c5f8 77e8 

  0x000001f8a8e81928: ; ImmutableOopMap {rbp=NarrowOop [32]=Oop [40]=Oop [48]=Oop [64]=Oop [72]=Oop }
                      ;*invokeinterface computeIfAbsent {reexecute=0 rethrow=0 return_oop=0}
                      ; - java.security.SecureClassLoader::getProtectionDomain@28
                      ; - java.security.SecureClassLoader::defineClass@9
  0x000001f8a8e81928: 542a a6ff 

  0x000001f8a8e8192c: ;   {other}
  0x000001f8a8e8192c: 0f1f 8400 | 9c20 0027 | ba45 ffff | ff48 8b6c | 2428 6690 

  0x000001f8a8e81940: ;   {runtime_call UncommonTrapBlob}
  0x000001f8a8e81940: c5f8 77e8 

  0x000001f8a8e81944: ; ImmutableOopMap {rbp=Oop [48]=Oop [56]=Oop [144]=Oop }
                      ;*ifeq {reexecute=1 rethrow=0 return_oop=0}
                      ; - (reexecute) java.lang.ClassLoader::checkName@8
                      ; - java.lang.ClassLoader::preDefineClass@1
                      ; - java.lang.ClassLoader::defineClass@4
                      ; - java.security.SecureClassLoader::defineClass@12
  0x000001f8a8e81944: 382a a6ff 

  0x000001f8a8e81948: ;   {other}
  0x000001f8a8e81948: 0f1f 8400 | b820 0028 | baec ffff | ff4c 8b54 | 2428 4c89 | 5424 2048 | 895c 2450 | 4c89 6c24 
  0x000001f8a8e81968: 5844 8974 | 2460 6690 

  0x000001f8a8e81970: ;   {runtime_call UncommonTrapBlob}
  0x000001f8a8e81970: c5f8 77e8 

  0x000001f8a8e81974: ; ImmutableOopMap {rbp=NarrowOop [32]=Oop [48]=Oop [56]=Oop [80]=Oop [88]=Oop [96]=NarrowOop [144]=Oop }
                      ;*ifnull {reexecute=1 rethrow=0 return_oop=0}
                      ; - (reexecute) java.security.CodeSource::getCertificates@22
                      ; - java.lang.ClassLoader::checkCerts@34
                      ; - java.lang.ClassLoader::preDefineClass@113
                      ; - java.lang.ClassLoader::defineClass@4
                      ; - java.security.SecureClassLoader::defineClass@12
  0x000001f8a8e81974: 082a a6ff 

  0x000001f8a8e81978: ;   {other}
  0x000001f8a8e81978: 0f1f 8400 | e820 0029 | ba6e ffff | ff41 8bea | 897c 2424 | 4889 5c24 | 5044 8974 | 2460 6690 
  0x000001f8a8e81998: ;   {runtime_call UncommonTrapBlob}
  0x000001f8a8e81998: c5f8 77e8 

  0x000001f8a8e8199c: ; ImmutableOopMap {rbp=NarrowOop [40]=Oop [48]=Oop [56]=Oop [80]=Oop [96]=NarrowOop [144]=Oop }
                      ;*iflt {reexecute=1 rethrow=0 return_oop=0}
                      ; - (reexecute) java.lang.StringLatin1::lastIndexOf@19
                      ; - java.lang.String::lastIndexOf@13
                      ; - java.lang.String::lastIndexOf@8
                      ; - java.lang.ClassLoader::checkCerts@3
                      ; - java.lang.ClassLoader::preDefineClass@113
                      ; - java.lang.ClassLoader::defineClass@4
                      ; - java.security.SecureClassLoader::defineClass@12
  0x000001f8a8e8199c: e029 a6ff 

  0x000001f8a8e819a0: ;   {other}
  0x000001f8a8e819a0: 0f1f 8400 | 1021 002a | bace ffff | ff41 8bea | 895c 2460 

  0x000001f8a8e819b4: ;   {runtime_call UncommonTrapBlob}
  0x000001f8a8e819b4: c5f8 77e8 

  0x000001f8a8e819b8: ; ImmutableOopMap {rbp=NarrowOop [40]=Oop [48]=Oop [56]=Oop [144]=Oop }
                      ;*invokestatic indexOfChar {reexecute=0 rethrow=0 return_oop=0}
                      ; - java.lang.StringLatin1::indexOf@33
                      ; - java.lang.String::indexOf@17
                      ; - java.lang.String::indexOf@3
                      ; - java.lang.ClassLoader::checkName@16
                      ; - java.lang.ClassLoader::preDefineClass@1
                      ; - java.lang.ClassLoader::defineClass@4
                      ; - java.security.SecureClassLoader::defineClass@12
  0x000001f8a8e819b8: c429 a6ff 

  0x000001f8a8e819bc: ;   {other}
  0x000001f8a8e819bc: 0f1f 8400 | 2c21 002b | baec ffff | ff44 895c | 2438 6690 

  0x000001f8a8e819d0: ;   {runtime_call UncommonTrapBlob}
  0x000001f8a8e819d0: c5f8 77e8 

  0x000001f8a8e819d4: ; ImmutableOopMap {rbp=NarrowOop [40]=Oop [48]=Oop [56]=NarrowOop }
                      ;*ifnull {reexecute=1 rethrow=0 return_oop=0}
                      ; - (reexecute) java.security.CodeSource::getCertificates@22
                      ; - java.lang.ClassLoader::postDefineClass@24
                      ; - java.lang.ClassLoader::defineClass@37
                      ; - java.security.SecureClassLoader::defineClass@12
  0x000001f8a8e819d4: a829 a6ff 

  0x000001f8a8e819d8: ;   {other}
  0x000001f8a8e819d8: 0f1f 8400 | 4821 002c | bade ffff | ff66 6690 

  0x000001f8a8e819e8: ;   {runtime_call UncommonTrapBlob}
  0x000001f8a8e819e8: c5f8 77e8 

  0x000001f8a8e819ec: ; ImmutableOopMap {rbp=NarrowOop }
                      ;*checkcast {reexecute=0 rethrow=0 return_oop=0}
                      ; - java.lang.ClassLoader::getNamedPackage@8
                      ; - java.lang.ClassLoader::postDefineClass@9
                      ; - java.lang.ClassLoader::defineClass@37
                      ; - java.security.SecureClassLoader::defineClass@12
  0x000001f8a8e819ec: 9029 a6ff 

  0x000001f8a8e819f0: ;   {other}
  0x000001f8a8e819f0: 0f1f 8400 | 6021 002d | ba76 ffff | ff41 8beb | 4489 4c24 | 2448 8944 | 2458 6690 

  0x000001f8a8e81a0c: ;   {runtime_call UncommonTrapBlob}
  0x000001f8a8e81a0c: c5f8 77e8 

  0x000001f8a8e81a10: ; ImmutableOopMap {rbp=NarrowOop [40]=Oop [48]=Oop [88]=Oop [144]=Oop }
                      ;*iflt {reexecute=1 rethrow=0 return_oop=0}
                      ; - (reexecute) java.lang.StringLatin1::lastIndexOf@19
                      ; - java.lang.String::lastIndexOf@13
                      ; - java.lang.String::lastIndexOf@8
                      ; - java.lang.Class::getPackageName@47
                      ; - java.lang.ClassLoader::postDefineClass@2
                      ; - java.lang.ClassLoader::defineClass@37
                      ; - java.security.SecureClassLoader::defineClass@12
  0x000001f8a8e81a10: 6c29 a6ff 

  0x000001f8a8e81a14: ;   {other}
  0x000001f8a8e81a14: 0f1f 8400 | 8421 002e | ba45 ffff | ff48 8944 | 2440 6690 

  0x000001f8a8e81a28: ;   {runtime_call UncommonTrapBlob}
  0x000001f8a8e81a28: c5f8 77e8 

  0x000001f8a8e81a2c: ; ImmutableOopMap {[40]=Oop [48]=Oop [64]=Oop [144]=Oop }
                      ;*ifeq {reexecute=1 rethrow=0 return_oop=0}
                      ; - (reexecute) java.lang.Class::getPackageName@13
                      ; - java.lang.ClassLoader::postDefineClass@2
                      ; - java.lang.ClassLoader::defineClass@37
                      ; - java.security.SecureClassLoader::defineClass@12
  0x000001f8a8e81a2c: 5029 a6ff 

  0x000001f8a8e81a30: ;   {other}
  0x000001f8a8e81a30: 0f1f 8400 | a021 002f | ba6e ffff | ff41 8beb | 4489 4c24 | 2448 8944 | 2458 6690 

  0x000001f8a8e81a4c: ;   {runtime_call UncommonTrapBlob}
  0x000001f8a8e81a4c: c5f8 77e8 

  0x000001f8a8e81a50: ; ImmutableOopMap {rbp=NarrowOop [40]=Oop [48]=Oop [88]=Oop [144]=Oop }
                      ;*iflt {reexecute=1 rethrow=0 return_oop=0}
                      ; - (reexecute) java.lang.StringLatin1::lastIndexOf@19
                      ; - java.lang.String::lastIndexOf@13
                      ; - java.lang.String::lastIndexOf@8
                      ; - java.lang.Class::getPackageName@47
                      ; - java.lang.ClassLoader::postDefineClass@2
                      ; - java.lang.ClassLoader::defineClass@37
                      ; - java.security.SecureClassLoader::defineClass@12
  0x000001f8a8e81a50: 2c29 a6ff 

  0x000001f8a8e81a54: ;   {other}
  0x000001f8a8e81a54: 0f1f 8400 | c421 0030 | 8bcf 6690 | e97c e6ff | ff4c 63c9 | e9ec e7ff | ff49 83c1 | fe49 8bc9 
  0x000001f8a8e81a74: 488b fa48 | 33c0 4883 | f908 7f10 | 48ff c978 | 4f48 8904 | cf48 ffc9 | 7df7 eb44 | c5fd efc0 
  0x000001f8a8e81a94: e90d 0000 | 00c5 fe7f | 07c5 fe7f | 4720 4883 | c740 4883 | e908 7ded | 4883 c104 | 7c0c c5fe 
  0x000001f8a8e81ab4: 7f07 4883 | c720 4883 | e904 4883 | c104 7e10 | 48ff c9c5 | f9d6 0748 | 83c7 0848 | ffc9 7df3 
  0x000001f8a8e81ad4: e958 e8ff | ffba ccff | ffff 418b | ea89 4c24 | 2448 895c | 2450 4489 | 7424 604c | 896c 2470 
  0x000001f8a8e81af4: ;   {runtime_call UncommonTrapBlob}
  0x000001f8a8e81af4: c5f8 77e8 

  0x000001f8a8e81af8: ; ImmutableOopMap {rbp=NarrowOop [40]=Oop [48]=Oop [56]=Oop [80]=Oop [96]=NarrowOop [112]=Oop [144]=Oop }
                      ;*newarray {reexecute=1 rethrow=0 return_oop=0}
                      ; - (reexecute) java.util.Arrays::copyOfRangeByte@10
                      ; - java.util.Arrays::copyOfRange@13
                      ; - java.lang.StringLatin1::newString@16
                      ; - java.lang.String::substring@41
                      ; - java.lang.ClassLoader::checkCerts@21
                      ; - java.lang.ClassLoader::preDefineClass@113
                      ; - java.lang.ClassLoader::defineClass@4
                      ; - java.security.SecureClassLoader::defineClass@12
  0x000001f8a8e81af8: 8428 a6ff 

  0x000001f8a8e81afc: ;   {other}
  0x000001f8a8e81afc: 0f1f 8400 | 6c22 0031 | 4533 d245 | 85c9 410f | 94c2 ba45 | ffff ff48 | 8b6c 2428 | 4c89 4424 
  0x000001f8a8e81b1c: 2044 8954 | 2460 6690 

  0x000001f8a8e81b24: ;   {runtime_call UncommonTrapBlob}
  0x000001f8a8e81b24: c5f8 77e8 

  0x000001f8a8e81b28: ; ImmutableOopMap {rbp=Oop [32]=Oop [56]=Oop [144]=Oop }
                      ;*ifeq {reexecute=1 rethrow=0 return_oop=0}
                      ; - (reexecute) java.lang.String::indexOf@4
                      ; - java.lang.String::indexOf@3
                      ; - java.lang.ClassLoader::checkName@16
                      ; - java.lang.ClassLoader::preDefineClass@1
                      ; - java.lang.ClassLoader::defineClass@4
                      ; - java.security.SecureClassLoader::defineClass@12
  0x000001f8a8e81b28: 5428 a6ff 

  0x000001f8a8e81b2c: ;   {other}
  0x000001f8a8e81b2c: 0f1f 8400 | 9c22 0032 | ba45 ffff | ff89 4c24 | 2089 4c24 | 2448 895c | 2450 4489 | 7424 6044 
  0x000001f8a8e81b4c: 894c 2470 

  0x000001f8a8e81b50: ;   {runtime_call UncommonTrapBlob}
  0x000001f8a8e81b50: c5f8 77e8 

  0x000001f8a8e81b54: ; ImmutableOopMap {[40]=Oop [48]=Oop [56]=Oop [80]=Oop [96]=NarrowOop [144]=Oop }
                      ;*if_icmpgt {reexecute=1 rethrow=0 return_oop=0}
                      ; - (reexecute) jdk.internal.util.Preconditions::checkFromToIndex@6
                      ; - java.lang.String::checkBoundsBeginEnd@6
                      ; - java.lang.String::substring@8
                      ; - java.lang.ClassLoader::checkCerts@21
                      ; - java.lang.ClassLoader::preDefineClass@113
                      ; - java.lang.ClassLoader::defineClass@4
                      ; - java.security.SecureClassLoader::defineClass@12
  0x000001f8a8e81b54: 2828 a6ff 

  0x000001f8a8e81b58: ;   {other}
  0x000001f8a8e81b58: 0f1f 8400 | c822 0033 | ba45 ffff | ff48 8b6c | 2428 895c | 2450 6690 

  0x000001f8a8e81b70: ;   {runtime_call UncommonTrapBlob}
  0x000001f8a8e81b70: c5f8 77e8 

  0x000001f8a8e81b74: ; ImmutableOopMap {rbp=Oop [48]=Oop [56]=Oop [144]=Oop }
                      ;*if_icmpne {reexecute=1 rethrow=0 return_oop=0}
                      ; - (reexecute) java.lang.ClassLoader::checkName@20
                      ; - java.lang.ClassLoader::preDefineClass@1
                      ; - java.lang.ClassLoader::defineClass@4
                      ; - java.security.SecureClassLoader::defineClass@12
  0x000001f8a8e81b74: 0828 a6ff 

  0x000001f8a8e81b78: ;   {other}
  0x000001f8a8e81b78: 0f1f 8400 | e822 0034 | ba45 ffff | ff48 8b6c | 2430 4c8b | 5424 484c | 8954 2438 | 4c89 7424 
  0x000001f8a8e81b98: 4044 896c | 2448 4489 | 5c24 4c90 

  0x000001f8a8e81ba4: ;   {runtime_call UncommonTrapBlob}
  0x000001f8a8e81ba4: c5f8 77e8 

  0x000001f8a8e81ba8: ; ImmutableOopMap {rbp=Oop [40]=Oop [56]=Oop [64]=Oop [72]=NarrowOop }
                      ;*ifle {reexecute=1 rethrow=0 return_oop=0}
                      ; - (reexecute) java.util.concurrent.ConcurrentHashMap::get@23
                      ; - java.lang.ClassLoader::getNamedPackage@5
                      ; - java.lang.ClassLoader::postDefineClass@9
                      ; - java.lang.ClassLoader::defineClass@37
                      ; - java.security.SecureClassLoader::defineClass@12
  0x000001f8a8e81ba8: d427 a6ff 

  0x000001f8a8e81bac: ;   {other}
  0x000001f8a8e81bac: 0f1f 8400 | 1c23 0035 | ba45 ffff | ff4c 8b54 | 2428 4c89 | 5424 204c | 8944 2428 | 4c89 4c24 
  0x000001f8a8e81bcc: 3089 7c24 | 3889 7424 | 3c66 6690 

  0x000001f8a8e81bd8: ;   {runtime_call UncommonTrapBlob}
  0x000001f8a8e81bd8: c5f8 77e8 

  0x000001f8a8e81bdc: ; ImmutableOopMap {rbp=Oop [32]=Oop [40]=Oop [48]=Oop }
                      ;*ifnonnull {reexecute=1 rethrow=0 return_oop=0}
                      ; - (reexecute) java.security.SecureClassLoader::getProtectionDomain@1
                      ; - java.security.SecureClassLoader::defineClass@9
  0x000001f8a8e81bdc: a027 a6ff 

  0x000001f8a8e81be0: ;   {other}
  0x000001f8a8e81be0: 0f1f 8400 | 5023 0036 | ba45 ffff | ff66 6690 

  0x000001f8a8e81bf0: ;   {runtime_call UncommonTrapBlob}
  0x000001f8a8e81bf0: c5f8 77e8 

  0x000001f8a8e81bf4: ; ImmutableOopMap {[40]=Oop [48]=Oop [56]=Oop [144]=Oop }
                      ;*if_icmpne {reexecute=1 rethrow=0 return_oop=0}
                      ; - (reexecute) java.lang.ClassLoader::checkName@30
                      ; - java.lang.ClassLoader::preDefineClass@1
                      ; - java.lang.ClassLoader::defineClass@4
                      ; - java.security.SecureClassLoader::defineClass@12
  0x000001f8a8e81bf4: 8827 a6ff 

  0x000001f8a8e81bf8: ;   {other}
  0x000001f8a8e81bf8: 0f1f 8400 | 6823 0037 | ba45 ffff | ff4c 8b54 | 2428 4c89 | 5424 2048 | 895c 2450 | 4c89 6c24 
  0x000001f8a8e81c18: 5844 8974 | 2460 6690 

  0x000001f8a8e81c20: ;   {runtime_call UncommonTrapBlob}
  0x000001f8a8e81c20: c5f8 77e8 

  0x000001f8a8e81c24: ; ImmutableOopMap {rbp=NarrowOop [32]=Oop [48]=Oop [56]=Oop [80]=Oop [88]=Oop [96]=NarrowOop [144]=Oop }
                      ;*ifnull {reexecute=1 rethrow=0 return_oop=0}
                      ; - (reexecute) java.security.CodeSource::getCertificates@4
                      ; - java.lang.ClassLoader::checkCerts@34
                      ; - java.lang.ClassLoader::preDefineClass@113
                      ; - java.lang.ClassLoader::defineClass@4
                      ; - java.security.SecureClassLoader::defineClass@12
  0x000001f8a8e81c24: 5827 a6ff 

  0x000001f8a8e81c28: ;   {other}
  0x000001f8a8e81c28: 0f1f 8400 | 9823 0038 | ba45 ffff | ff89 4c24 | 2089 4c24 | 2448 895c | 2450 4489 | 7424 6044 
  0x000001f8a8e81c48: 894c 2470 | 4489 4c24 | 7466 6690 

  0x000001f8a8e81c54: ;   {runtime_call UncommonTrapBlob}
  0x000001f8a8e81c54: c5f8 77e8 

  0x000001f8a8e81c58: ; ImmutableOopMap {[40]=Oop [48]=Oop [56]=Oop [80]=Oop [96]=NarrowOop [144]=Oop }
                      ;*if_icmple {reexecute=1 rethrow=0 return_oop=0}
                      ; - (reexecute) jdk.internal.util.Preconditions::checkFromToIndex@11
                      ; - java.lang.String::checkBoundsBeginEnd@6
                      ; - java.lang.String::substring@8
                      ; - java.lang.ClassLoader::checkCerts@21
                      ; - java.lang.ClassLoader::preDefineClass@113
                      ; - java.lang.ClassLoader::defineClass@4
                      ; - java.security.SecureClassLoader::defineClass@12
  0x000001f8a8e81c58: 2427 a6ff 

  0x000001f8a8e81c5c: ;   {other}
  0x000001f8a8e81c5c: 0f1f 8400 | cc23 0039 | ba45 ffff | ff4c 8b54 | 2428 4c89 | 5424 2090 

  0x000001f8a8e81c74: ;   {runtime_call UncommonTrapBlob}
  0x000001f8a8e81c74: c5f8 77e8 

  0x000001f8a8e81c78: ; ImmutableOopMap {[32]=Oop [48]=Oop [56]=Oop [144]=Oop }
                      ;*ifne {reexecute=1 rethrow=0 return_oop=0}
                      ; - (reexecute) java.lang.ClassLoader::compareCerts@7
                      ; - java.lang.ClassLoader::checkCerts@80
                      ; - java.lang.ClassLoader::preDefineClass@113
                      ; - java.lang.ClassLoader::defineClass@4
                      ; - java.security.SecureClassLoader::defineClass@12
  0x000001f8a8e81c78: 0427 a6ff 

  0x000001f8a8e81c7c: ;   {other}
  0x000001f8a8e81c7c: 0f1f 8400 | ec23 003a | 4c89 5424 | 484c 896c | 2420 488b | eb44 8bee | 498b d7c5 | f877 49ba 
  0x000001f8a8e81c9c: f0a0 62cc | f97f 0000 

  0x000001f8a8e81ca4: ;   {other}
  0x000001f8a8e81ca4: 41ff d20f | 1f84 0000 | 0000 0041 | 8bf5 488b | dd4c 8b6c | 2420 4c8b | 5424 4890 | e977 e6ff 
  0x000001f8a8e81cc4: ffba f6ff | ffff 6690 

  0x000001f8a8e81ccc: ;   {runtime_call UncommonTrapBlob}
  0x000001f8a8e81ccc: c5f8 77e8 

  0x000001f8a8e81cd0: ; ImmutableOopMap {}
                      ;*invokevirtual isNamed {reexecute=0 rethrow=0 return_oop=0}
                      ; - java.lang.NamedPackage::<init>@12
                      ; - java.lang.ClassLoader::getNamedPackage@22
                      ; - java.lang.ClassLoader::postDefineClass@9
                      ; - java.lang.ClassLoader::defineClass@37
                      ; - java.security.SecureClassLoader::defineClass@12
  0x000001f8a8e81cd0: ac26 a6ff 

  0x000001f8a8e81cd4: ;   {other}
  0x000001f8a8e81cd4: 0f1f 8400 | 4424 003b | 458b c190 | e93e e9ff | ffba f6ff | ffff 6690 

  0x000001f8a8e81cec: ;   {runtime_call UncommonTrapBlob}
  0x000001f8a8e81cec: c5f8 77e8 

  0x000001f8a8e81cf0: ; ImmutableOopMap {[56]=NarrowOop }
                      ;*invokevirtual append {reexecute=0 rethrow=0 return_oop=0}
                      ; - java.lang.NamedPackage::<init>@35
                      ; - java.lang.ClassLoader::getNamedPackage@22
                      ; - java.lang.ClassLoader::postDefineClass@9
                      ; - java.lang.ClassLoader::defineClass@37
                      ; - java.security.SecureClassLoader::defineClass@12
  0x000001f8a8e81cf0: 8c26 a6ff 

  0x000001f8a8e81cf4: ;   {other}
  0x000001f8a8e81cf4: 0f1f 8400 | 6424 003c | baf6 ffff | ff66 6690 

  0x000001f8a8e81d04: ;   {runtime_call UncommonTrapBlob}
  0x000001f8a8e81d04: c5f8 77e8 

  0x000001f8a8e81d08: ; ImmutableOopMap {}
                      ;*invokevirtual toString {reexecute=0 rethrow=0 return_oop=0}
                      ; - java.lang.NamedPackage::<init>@38
                      ; - java.lang.ClassLoader::getNamedPackage@22
                      ; - java.lang.ClassLoader::postDefineClass@9
                      ; - java.lang.ClassLoader::defineClass@37
                      ; - java.security.SecureClassLoader::defineClass@12
  0x000001f8a8e81d08: 7426 a6ff 

  0x000001f8a8e81d0c: ;   {other}
  0x000001f8a8e81d0c: 0f1f 8400 | 7c24 003d | 4d63 c8e9 | 34ea ffff | 4983 c1fe | 498b c949 | 8bfb 4833 | c048 83f9 
  0x000001f8a8e81d2c: 087f 1048 | ffc9 784f | 4889 04cf | 48ff c97d | f7eb 44c5 | fdef c0e9 | 0d00 0000 | c5fe 7f07 
  0x000001f8a8e81d4c: c5fe 7f47 | 2048 83c7 | 4048 83e9 | 087d ed48 | 83c1 047c | 0cc5 fe7f | 0748 83c7 | 2048 83e9 
  0x000001f8a8e81d6c: 0448 83c1 | 047e 1048 | ffc9 c5f9 | d607 4883 | c708 48ff | c97d f3e9 | aaea ffff | bacc ffff 
  0x000001f8a8e81d8c: ff41 8beb | 4489 4424 | 244c 8b54 | 2448 4c89 | 5424 4048 | 895c 2460 

  0x000001f8a8e81da4: ;   {runtime_call UncommonTrapBlob}
  0x000001f8a8e81da4: c5f8 77e8 

  0x000001f8a8e81da8: ; ImmutableOopMap {rbp=NarrowOop [40]=Oop [48]=Oop [64]=Oop [96]=Oop }
                      ;*newarray {reexecute=1 rethrow=0 return_oop=0}
                      ; - (reexecute) java.util.Arrays::copyOfRangeByte@10
                      ; - java.util.Arrays::copyOfRange@13
                      ; - java.lang.StringLatin1::newString@16
                      ; - java.lang.String::substring@41
                      ; - java.lang.Class::getPackageName@62
                      ; - java.lang.ClassLoader::postDefineClass@2
                      ; - java.lang.ClassLoader::defineClass@37
                      ; - java.security.SecureClassLoader::defineClass@12
  0x000001f8a8e81da8: d425 a6ff 

  0x000001f8a8e81dac: ;   {other}
  0x000001f8a8e81dac: 0f1f 8400 | 1c25 003e | 4585 c944 | 8b5c 2420 | 410f 94c3 | ba45 ffff | ff48 8b6c | 2430 4889 
  0x000001f8a8e81dcc: 4424 5044 | 8944 2458 | 4489 5c24 | 5c66 6690 

  0x000001f8a8e81ddc: ;   {runtime_call UncommonTrapBlob}
  0x000001f8a8e81ddc: c5f8 77e8 

  0x000001f8a8e81de0: ; ImmutableOopMap {rbp=Oop [40]=Oop [80]=Oop [144]=Oop }
                      ;*ifeq {reexecute=1 rethrow=0 return_oop=0}
                      ; - (reexecute) java.lang.String::lastIndexOf@4
                      ; - java.lang.String::lastIndexOf@8
                      ; - java.lang.Class::getPackageName@47
                      ; - java.lang.ClassLoader::postDefineClass@2
                      ; - java.lang.ClassLoader::defineClass@37
                      ; - java.security.SecureClassLoader::defineClass@12
  0x000001f8a8e81de0: 9c25 a6ff 

  0x000001f8a8e81de4: ;   {other}
  0x000001f8a8e81de4: 0f1f 8400 | 5425 003f | 498b d7c5 | f877 49ba | f0a0 62cc | f97f 0000 

  0x000001f8a8e81dfc: ;   {other}
  0x000001f8a8e81dfc: 41ff d20f | 1f84 0000 | 0000 00e9 | 9fea ffff | ba45 ffff | ff44 8944 | 2420 4489 | 4424 244c 
  0x000001f8a8e81e1c: 8b54 2448 | 4c89 5424 | 4048 8944 | 2458 894c | 2464 6690 

  0x000001f8a8e81e30: ;   {runtime_call UncommonTrapBlob}
  0x000001f8a8e81e30: c5f8 77e8 

  0x000001f8a8e81e34: ; ImmutableOopMap {[40]=Oop [48]=Oop [64]=Oop [88]=Oop }
                      ;*if_icmpgt {reexecute=1 rethrow=0 return_oop=0}
                      ; - (reexecute) jdk.internal.util.Preconditions::checkFromToIndex@6
                      ; - java.lang.String::checkBoundsBeginEnd@6
                      ; - java.lang.String::substring@8
                      ; - java.lang.Class::getPackageName@62
                      ; - java.lang.ClassLoader::postDefineClass@2
                      ; - java.lang.ClassLoader::defineClass@37
                      ; - java.security.SecureClassLoader::defineClass@12
  0x000001f8a8e81e34: 4825 a6ff 

  0x000001f8a8e81e38: ;   {other}
  0x000001f8a8e81e38: 0f1f 8400 | a825 0040 | ba45 ffff | ff48 8b6c | 2430 4c8b | 5c24 484c | 895c 2438 | 4489 6c24 
  0x000001f8a8e81e58: 484c 8974 | 2450 4489 | 4c24 4c44 | 8954 2458 

  0x000001f8a8e81e68: ;   {runtime_call UncommonTrapBlob}
  0x000001f8a8e81e68: c5f8 77e8 

  0x000001f8a8e81e6c: ; ImmutableOopMap {rbp=Oop [40]=Oop [56]=Oop [72]=NarrowOop [76]=NarrowOop [80]=Oop }
                      ;*ifeq {reexecute=1 rethrow=0 return_oop=0}
                      ; - (reexecute) java.util.concurrent.ConcurrentHashMap::get@76
                      ; - java.lang.ClassLoader::getNamedPackage@5
                      ; - java.lang.ClassLoader::postDefineClass@9
                      ; - java.lang.ClassLoader::defineClass@37
                      ; - java.security.SecureClassLoader::defineClass@12
  0x000001f8a8e81e6c: 1025 a6ff 

  0x000001f8a8e81e70: ;   {other}
  0x000001f8a8e81e70: 0f1f 8400 | e025 0041 | ba45 ffff | ff44 895c | 2438 6690 

  0x000001f8a8e81e84: ;   {runtime_call UncommonTrapBlob}
  0x000001f8a8e81e84: c5f8 77e8 

  0x000001f8a8e81e88: ; ImmutableOopMap {rbp=NarrowOop [40]=Oop [48]=Oop [56]=NarrowOop }
                      ;*ifnull {reexecute=1 rethrow=0 return_oop=0}
                      ; - (reexecute) java.security.CodeSource::getCertificates@4
                      ; - java.lang.ClassLoader::postDefineClass@24
                      ; - java.lang.ClassLoader::defineClass@37
                      ; - java.security.SecureClassLoader::defineClass@12
  0x000001f8a8e81e88: f424 a6ff 

  0x000001f8a8e81e8c: ;   {other}
  0x000001f8a8e81e8c: 0f1f 8400 | fc25 0042 | ba45 ffff | ff44 8944 | 2420 4489 | 4424 244c | 8b54 2448 | 4c89 5424 
  0x000001f8a8e81eac: 4048 8944 | 2458 894c | 2464 894c | 2468 6690 

  0x000001f8a8e81ebc: ;   {runtime_call UncommonTrapBlob}
  0x000001f8a8e81ebc: c5f8 77e8 

  0x000001f8a8e81ec0: ; ImmutableOopMap {[40]=Oop [48]=Oop [64]=Oop [88]=Oop }
                      ;*if_icmple {reexecute=1 rethrow=0 return_oop=0}
                      ; - (reexecute) jdk.internal.util.Preconditions::checkFromToIndex@11
                      ; - java.lang.String::checkBoundsBeginEnd@6
                      ; - java.lang.String::substring@8
                      ; - java.lang.Class::getPackageName@62
                      ; - java.lang.ClassLoader::postDefineClass@2
                      ; - java.lang.ClassLoader::defineClass@37
                      ; - java.security.SecureClassLoader::defineClass@12
  0x000001f8a8e81ec0: bc24 a6ff 

  0x000001f8a8e81ec4: ;   {other}
  0x000001f8a8e81ec4: 0f1f 8400 | 3426 0043 | 498b d7c5 | f877 49ba | f0a0 62cc | f97f 0000 

  0x000001f8a8e81edc: ;   {other}
  0x000001f8a8e81edc: 41ff d20f | 1f84 0000 | 0000 00e9 | 51e9 ffff | bae4 ffff | ff44 8954 | 2420 448b | 5424 4044 
  0x000001f8a8e81efc: 8954 2424 

  0x000001f8a8e81f00: ;   {runtime_call UncommonTrapBlob}
  0x000001f8a8e81f00: c5f8 77e8 

  0x000001f8a8e81f04: ; ImmutableOopMap {[32]=NarrowOop [40]=Oop [48]=Oop [56]=Oop [144]=Oop }
                      ;*baload {reexecute=0 rethrow=0 return_oop=0}
                      ; - jdk.internal.util.ArraysSupport::mismatch@82
                      ; - java.lang.String::startsWith@70
                      ; - java.lang.String::startsWith@3
                      ; - java.lang.ClassLoader::preDefineClass@43
                      ; - java.lang.ClassLoader::defineClass@4
                      ; - java.security.SecureClassLoader::defineClass@12
  0x000001f8a8e81f04: 7824 a6ff 

  0x000001f8a8e81f08: ;   {other}
  0x000001f8a8e81f08: 0f1f 8400 | 7826 0044 | ba45 ffff | ff4c 8b44 | 2448 4c89 | 4424 3844 | 896c 2450 | 4c89 7424 
  0x000001f8a8e81f28: 5844 894c | 2454 4489 | 5424 6044 | 895c 2464 

  0x000001f8a8e81f38: ;   {runtime_call UncommonTrapBlob}
  0x000001f8a8e81f38: c5f8 77e8 

  0x000001f8a8e81f3c: ; ImmutableOopMap {[40]=Oop [48]=Oop [56]=Oop [80]=NarrowOop [84]=NarrowOop [88]=Oop }
                      ;*if_icmpne {reexecute=1 rethrow=0 return_oop=0}
                      ; - (reexecute) java.lang.String::equals@33
                      ; - java.util.concurrent.ConcurrentHashMap::get@73
                      ; - java.lang.ClassLoader::getNamedPackage@5
                      ; - java.lang.ClassLoader::postDefineClass@9
                      ; - java.lang.ClassLoader::defineClass@37
                      ; - java.security.SecureClassLoader::defineClass@12
  0x000001f8a8e81f3c: 4024 a6ff 

  0x000001f8a8e81f40: ;   {other}
  0x000001f8a8e81f40: 0f1f 8400 | b026 0045 | ba45 ffff | ff4c 8b5c | 2448 4c89 | 5c24 3844 | 896c 2450 | 4c89 7424 
  0x000001f8a8e81f60: 5844 894c | 2454 4489 | 5424 6090 

  0x000001f8a8e81f6c: ;   {runtime_call UncommonTrapBlob}
  0x000001f8a8e81f6c: c5f8 77e8 

  0x000001f8a8e81f70: ; ImmutableOopMap {[40]=Oop [48]=Oop [56]=Oop [80]=NarrowOop [84]=NarrowOop [88]=Oop }
                      ;*ifge {reexecute=1 rethrow=0 return_oop=0}
                      ; - (reexecute) java.util.concurrent.ConcurrentHashMap::get@86
                      ; - java.lang.ClassLoader::getNamedPackage@5
                      ; - java.lang.ClassLoader::postDefineClass@9
                      ; - java.lang.ClassLoader::defineClass@37
                      ; - java.security.SecureClassLoader::defineClass@12
  0x000001f8a8e81f70: 0c24 a6ff 

  0x000001f8a8e81f74: ;   {other}
  0x000001f8a8e81f74: 0f1f 8400 | e426 0046 | baf6 ffff | ff48 8b6c | 2420 6690 

  0x000001f8a8e81f88: ;   {runtime_call UncommonTrapBlob}
  0x000001f8a8e81f88: c5f8 77e8 

  0x000001f8a8e81f8c: ; ImmutableOopMap {rbp=Oop [88]=Oop }
                      ;*invokevirtual putIfAbsent {reexecute=0 rethrow=0 return_oop=0}
                      ; - java.lang.ClassLoader::getNamedPackage@32
                      ; - java.lang.ClassLoader::postDefineClass@9
                      ; - java.lang.ClassLoader::defineClass@37
                      ; - java.security.SecureClassLoader::defineClass@12
  0x000001f8a8e81f8c: f023 a6ff 

  0x000001f8a8e81f90: ;   {other}
  0x000001f8a8e81f90: 0f1f 8400 | 0027 0047 | 488b e8ba | 54ff ffff | 4c8b 5424 | 484c 8954 | 2438 6690 

  0x000001f8a8e81fac: ;   {runtime_call UncommonTrapBlob}
  0x000001f8a8e81fac: c5f8 77e8 

  0x000001f8a8e81fb0: ; ImmutableOopMap {rbp=Oop [40]=Oop [48]=Oop [56]=Oop [80]=NarrowOop [88]=Oop }
                      ;*ifnull {reexecute=1 rethrow=0 return_oop=0}
                      ; - (reexecute) java.lang.ClassLoader::getNamedPackage@42
                      ; - java.lang.ClassLoader::postDefineClass@9
                      ; - java.lang.ClassLoader::defineClass@37
                      ; - java.security.SecureClassLoader::defineClass@12
  0x000001f8a8e81fb0: cc23 a6ff 

  0x000001f8a8e81fb4: ;   {other}
  0x000001f8a8e81fb4: 0f1f 8400 | 2427 0048 | ba45 ffff | ff4c 8b5c | 2448 4c89 | 5c24 3844 | 896c 2450 | 4c89 7424 
  0x000001f8a8e81fd4: 584c 8944 | 2460 4489 | 5424 5490 

  0x000001f8a8e81fe0: ;   {runtime_call UncommonTrapBlob}
  0x000001f8a8e81fe0: c5f8 77e8 

  0x000001f8a8e81fe4: ; ImmutableOopMap {rbp=NarrowOop [40]=Oop [48]=Oop [56]=Oop [80]=NarrowOop [88]=Oop [96]=Oop }
                      ;*ifnull {reexecute=1 rethrow=0 return_oop=0}
                      ; - (reexecute) java.util.concurrent.ConcurrentHashMap::get@143
                      ; - java.lang.ClassLoader::getNamedPackage@5
                      ; - java.lang.ClassLoader::postDefineClass@9
                      ; - java.lang.ClassLoader::defineClass@37
                      ; - java.security.SecureClassLoader::defineClass@12
  0x000001f8a8e81fe4: 9823 a6ff 

  0x000001f8a8e81fe8: ;   {other}
  0x000001f8a8e81fe8: 0f1f 8400 | 5827 0049 | 498b d7c5 | f877 49ba | f0a0 62cc | f97f 0000 

  0x000001f8a8e82000: ;   {other}
  0x000001f8a8e82000: 41ff d20f | 1f84 0000 | 0000 00e9 | b8ee ffff | 498b d7c5 | f877 49ba | f0a0 62cc | f97f 0000 
  0x000001f8a8e82020: ;   {other}
  0x000001f8a8e82020: 41ff d20f | 1f84 0000 | 0000 00e9 | e4ee ffff | ba37 0100 | 0048 8beb | 4c8b 5424 | 384c 8954 
  0x000001f8a8e82040: 2428 6690 

  0x000001f8a8e82044: ;   {runtime_call UncommonTrapBlob}
  0x000001f8a8e82044: c5f8 77e8 

  0x000001f8a8e82048: ; ImmutableOopMap {rbp=Oop [40]=Oop [48]=Oop }
                      ;*new {reexecute=0 rethrow=0 return_oop=0}
                      ; - java.lang.ClassLoader::preDefineClass@56
                      ; - java.lang.ClassLoader::defineClass@4
                      ; - java.security.SecureClassLoader::defineClass@12
  0x000001f8a8e82048: 3423 a6ff 

  0x000001f8a8e8204c: ;   {other}
  0x000001f8a8e8204c: 0f1f 8400 | bc27 004a | bade ffff | ff48 8b6c | 2428 4c8b | 5424 304c | 8954 2420 | 4c8b 5424 
  0x000001f8a8e8206c: 384c 8954 | 2428 4889 | 4424 3890 

  0x000001f8a8e82078: ;   {runtime_call UncommonTrapBlob}
  0x000001f8a8e82078: c5f8 77e8 

  0x000001f8a8e8207c: ; ImmutableOopMap {rbp=Oop [32]=Oop [40]=Oop [56]=Oop }
                      ;*checkcast {reexecute=0 rethrow=0 return_oop=0}
                      ; - java.security.SecureClassLoader::getProtectionDomain@33
                      ; - java.security.SecureClassLoader::defineClass@9
  0x000001f8a8e8207c: 0023 a6ff 

  0x000001f8a8e82080: ;   {other}
  0x000001f8a8e82080: 0f1f 8400 | f027 004b | bade ffff | ff48 8b6c | 2428 4c8b | 5424 384c | 8954 2428 | 448b 5424 
  0x000001f8a8e820a0: 4044 8954 | 2438 448b | 5c24 4444 | 895c 243c | 4889 4424 | 5066 6690 

  0x000001f8a8e820b8: ;   {runtime_call UncommonTrapBlob}
  0x000001f8a8e820b8: c5f8 77e8 

  0x000001f8a8e820bc: ; ImmutableOopMap {rbp=Oop [40]=Oop [48]=Oop [72]=Oop [80]=Oop [144]=Oop }
                      ;*checkcast {reexecute=0 rethrow=0 return_oop=0}
                      ; - java.lang.ClassLoader::checkCerts@65
                      ; - java.lang.ClassLoader::preDefineClass@113
                      ; - java.lang.ClassLoader::defineClass@4
                      ; - java.security.SecureClassLoader::defineClass@12
  0x000001f8a8e820bc: c022 a6ff 

  0x000001f8a8e820c0: ;   {other}
  0x000001f8a8e820c0: 0f1f 8400 | 3028 004c | baf6 ffff | ff49 8be8 | 4c89 4c24 | 2066 6690 

  0x000001f8a8e820d8: ;   {runtime_call UncommonTrapBlob}
  0x000001f8a8e820d8: c5f8 77e8 

  0x000001f8a8e820dc: ; ImmutableOopMap {rbp=Oop [32]=Oop }
                      ;*invokeinterface computeIfAbsent {reexecute=0 rethrow=0 return_oop=0}
                      ; - java.security.SecureClassLoader::getProtectionDomain@28
                      ; - java.security.SecureClassLoader::defineClass@9
  0x000001f8a8e820dc: a022 a6ff 

  0x000001f8a8e820e0: ;   {other}
  0x000001f8a8e820e0: 0f1f 8400 | 5028 004d | baf4 ffff | ff48 8b6c | 2428 4c8b | 5424 304c | 8954 2420 

  0x000001f8a8e820fc: ;   {runtime_call UncommonTrapBlob}
  0x000001f8a8e820fc: c5f8 77e8 

  0x000001f8a8e82100: ; ImmutableOopMap {rbp=Oop [32]=Oop [56]=Oop }
                      ;*checkcast {reexecute=0 rethrow=0 return_oop=0}
                      ; - java.security.SecureClassLoader::getProtectionDomain@33
                      ; - java.security.SecureClassLoader::defineClass@9
  0x000001f8a8e82100: 7c22 a6ff 

  0x000001f8a8e82104: ;   {other}
  0x000001f8a8e82104: 0f1f 8400 | 7428 004e | baf6 ffff | ff66 6690 

  0x000001f8a8e82114: ;   {runtime_call UncommonTrapBlob}
  0x000001f8a8e82114: c5f8 77e8 

  0x000001f8a8e82118: ; ImmutableOopMap {}
                      ;*arraylength {reexecute=0 rethrow=0 return_oop=0}
                      ; - java.lang.String::isEmpty@4
                      ; - java.lang.ClassLoader::checkName@5
                      ; - java.lang.ClassLoader::preDefineClass@1
                      ; - java.lang.ClassLoader::defineClass@4
                      ; - java.security.SecureClassLoader::defineClass@12
  0x000001f8a8e82118: 6422 a6ff 

  0x000001f8a8e8211c: ;   {other}
  0x000001f8a8e8211c: 0f1f 8400 | 8c28 004f | baf6 ffff | ff66 6690 

  0x000001f8a8e8212c: ;   {runtime_call UncommonTrapBlob}
  0x000001f8a8e8212c: c5f8 77e8 

  0x000001f8a8e82130: ; ImmutableOopMap {}
                      ;*invokevirtual getPackageName {reexecute=0 rethrow=0 return_oop=0}
                      ; - java.lang.ClassLoader::postDefineClass@2
                      ; - java.lang.ClassLoader::defineClass@37
                      ; - java.security.SecureClassLoader::defineClass@12
  0x000001f8a8e82130: 4c22 a6ff 

  0x000001f8a8e82134: ;   {other}
  0x000001f8a8e82134: 0f1f 8400 | a428 0050 | baf6 ffff | ff66 6690 

  0x000001f8a8e82144: ;   {runtime_call UncommonTrapBlob}
  0x000001f8a8e82144: c5f8 77e8 

  0x000001f8a8e82148: ; ImmutableOopMap {}
                      ;*invokevirtual hashCode {reexecute=0 rethrow=0 return_oop=0}
                      ; - java.util.concurrent.ConcurrentHashMap::get@1
                      ; - java.lang.ClassLoader::getNamedPackage@5
                      ; - java.lang.ClassLoader::postDefineClass@9
                      ; - java.lang.ClassLoader::defineClass@37
                      ; - java.security.SecureClassLoader::defineClass@12
  0x000001f8a8e82148: 3422 a6ff 

  0x000001f8a8e8214c: ;   {other}
  0x000001f8a8e8214c: 0f1f 8400 | bc28 0051 | 4d85 d244 | 8b54 2420 | 410f 94c2 | ba45 ffff | ff48 8944 | 2440 4489 
  0x000001f8a8e8216c: 5424 4890 

  0x000001f8a8e82170: ;   {runtime_call UncommonTrapBlob}
  0x000001f8a8e82170: c5f8 77e8 

  0x000001f8a8e82174: ; ImmutableOopMap {[40]=Oop [48]=Oop [64]=Oop [144]=Oop }
                      ;*ifeq {reexecute=1 rethrow=0 return_oop=0}
                      ; - (reexecute) java.lang.Class::getPackageName@29
                      ; - java.lang.ClassLoader::postDefineClass@2
                      ; - java.lang.ClassLoader::defineClass@37
                      ; - java.security.SecureClassLoader::defineClass@12
  0x000001f8a8e82174: 0822 a6ff 

  0x000001f8a8e82178: ;   {other}
  0x000001f8a8e82178: 0f1f 8400 | e828 0052 | baf6 ffff | ff66 6690 

  0x000001f8a8e82188: ;   {runtime_call UncommonTrapBlob}
  0x000001f8a8e82188: c5f8 77e8 

  0x000001f8a8e8218c: ; ImmutableOopMap {}
                      ;*arraylength {reexecute=0 rethrow=0 return_oop=0}
                      ; - java.lang.String::length@4
                      ; - java.lang.String::lastIndexOf@3
                      ; - java.lang.Class::getPackageName@47
                      ; - java.lang.ClassLoader::postDefineClass@2
                      ; - java.lang.ClassLoader::defineClass@37
                      ; - java.security.SecureClassLoader::defineClass@12
  0x000001f8a8e8218c: f021 a6ff 

  0x000001f8a8e82190: ;   {other}
  0x000001f8a8e82190: 0f1f 8400 | 0029 0053 | ba45 ffff | ff48 8b6c | 2428 4c8b | 5424 304c | 8954 2420 

  0x000001f8a8e821ac: ;   {runtime_call UncommonTrapBlob}
  0x000001f8a8e821ac: c5f8 77e8 

  0x000001f8a8e821b0: ; ImmutableOopMap {rbp=Oop [32]=Oop [56]=Oop [144]=Oop }
                      ;*ifnull {reexecute=1 rethrow=0 return_oop=0}
                      ; - (reexecute) java.lang.ClassLoader::checkName@1
                      ; - java.lang.ClassLoader::preDefineClass@1
                      ; - java.lang.ClassLoader::defineClass@4
                      ; - java.security.SecureClassLoader::defineClass@12
  0x000001f8a8e821b0: cc21 a6ff 

  0x000001f8a8e821b4: ;   {other}
  0x000001f8a8e821b4: 0f1f 8400 | 2429 0054 | ba45 ffff | ff48 8b6c | 2428 4c8b | 5424 384c | 8954 2428 | 448b 5c24 
  0x000001f8a8e821d4: 4044 895c | 2438 448b | 5424 4444 | 8954 243c | 4889 5c24 | 484c 896c | 2458 4489 | 7424 5490 
  0x000001f8a8e821f4: ;   {runtime_call UncommonTrapBlob}
  0x000001f8a8e821f4: c5f8 77e8 

  0x000001f8a8e821f8: ; ImmutableOopMap {rbp=Oop [40]=Oop [48]=Oop [72]=Oop [84]=NarrowOop [88]=Oop [144]=Oop }
                      ;*ifnull {reexecute=1 rethrow=0 return_oop=0}
                      ; - (reexecute) java.lang.ClassLoader::checkCerts@30
                      ; - java.lang.ClassLoader::preDefineClass@113
                      ; - java.lang.ClassLoader::defineClass@4
                      ; - java.security.SecureClassLoader::defineClass@12
  0x000001f8a8e821f8: 8421 a6ff 

  0x000001f8a8e821fc: ;   {other}
  0x000001f8a8e821fc: 0f1f 8400 | 6c29 0055 | ba45 ffff | ff48 8b6c | 2428 4c8b | 5c24 304c | 895c 2420 | 4c8b 5c24 
  0x000001f8a8e8221c: 384c 895c | 2428 448b | 4424 4044 | 8944 2430 | 448b 5c24 | 4444 895c | 2434 4489 | 5424 4490 
  0x000001f8a8e8223c: ;   {runtime_call UncommonTrapBlob}
  0x000001f8a8e8223c: c5f8 77e8 

  0x000001f8a8e82240: ; ImmutableOopMap {rbp=Oop [32]=Oop [40]=Oop [68]=NarrowOop [144]=Oop }
                      ;*ifnull {reexecute=1 rethrow=0 return_oop=0}
                      ; - (reexecute) java.lang.ClassLoader::defineClassSourceLocation@8
                      ; - java.lang.ClassLoader::defineClass@12
                      ; - java.security.SecureClassLoader::defineClass@12
  0x000001f8a8e82240: 3c21 a6ff 

  0x000001f8a8e82244: ;   {other}
  0x000001f8a8e82244: 0f1f 8400 | b429 0056 | ba45 ffff | ff4c 8b54 | 2428 4c89 | 5424 204c | 8b54 2430 | 4c89 5424 
  0x000001f8a8e82264: 284c 8b54 | 2438 4c89 | 5424 3044 | 8b5c 2440 | 4489 5c24 | 3844 8b54 | 2444 4489 | 5424 3c90 
  0x000001f8a8e82284: ;   {runtime_call UncommonTrapBlob}
  0x000001f8a8e82284: c5f8 77e8 

  0x000001f8a8e82288: ; ImmutableOopMap {rbp=NarrowOop [32]=Oop [40]=Oop [48]=Oop [144]=Oop }
                      ;*ifnull {reexecute=1 rethrow=0 return_oop=0}
                      ; - (reexecute) java.lang.ClassLoader::defineClassSourceLocation@15
                      ; - java.lang.ClassLoader::defineClass@12
                      ; - java.security.SecureClassLoader::defineClass@12
  0x000001f8a8e82288: f420 a6ff 

  0x000001f8a8e8228c: ;   {other}
  0x000001f8a8e8228c: 0f1f 8400 | fc29 0057 | ba45 ffff | ff48 8b6c | 2430 4489 | 5c24 2090 

  0x000001f8a8e822a4: ;   {runtime_call UncommonTrapBlob}
  0x000001f8a8e822a4: c5f8 77e8 

  0x000001f8a8e822a8: ; ImmutableOopMap {rbp=Oop [32]=NarrowOop }
                      ;*ifnull {reexecute=1 rethrow=0 return_oop=0}
                      ; - (reexecute) java.lang.ClassLoader::postDefineClass@17
                      ; - java.lang.ClassLoader::defineClass@37
                      ; - java.security.SecureClassLoader::defineClass@12
  0x000001f8a8e822a8: d420 a6ff 

  0x000001f8a8e822ac: ;   {other}
  0x000001f8a8e822ac: 0f1f 8400 | 1c2a 0058 | ba45 ffff | ff4c 8b5c | 2448 4c89 | 5c24 3844 | 896c 2450 | 4c89 7424 
  0x000001f8a8e822cc: 5844 894c | 2454 4489 | 5424 6090 

  0x000001f8a8e822d8: ;   {runtime_call UncommonTrapBlob}
  0x000001f8a8e822d8: c5f8 77e8 

  0x000001f8a8e822dc: ; ImmutableOopMap {rbp=NarrowOop [40]=Oop [48]=Oop [56]=Oop [80]=NarrowOop [84]=NarrowOop [88]=Oop }
                      ;*ifnull {reexecute=1 rethrow=0 return_oop=0}
                      ; - (reexecute) java.util.concurrent.ConcurrentHashMap::get@67
                      ; - java.lang.ClassLoader::getNamedPackage@5
                      ; - java.lang.ClassLoader::postDefineClass@9
                      ; - java.lang.ClassLoader::defineClass@37
                      ; - java.security.SecureClassLoader::defineClass@12
  0x000001f8a8e822dc: a020 a6ff 

  0x000001f8a8e822e0: ;   {other}
  0x000001f8a8e822e0: 0f1f 8400 | 502a 0059 | ba97 ffff | ff44 8b54 | 2440 4489 | 5424 204c | 8b54 2458 | 4c89 5424 
  0x000001f8a8e82300: 5066 6690 

  0x000001f8a8e82304: ;   {runtime_call UncommonTrapBlob}
  0x000001f8a8e82304: c5f8 77e8 

  0x000001f8a8e82308: ; ImmutableOopMap {rbp=NarrowOop [36]=NarrowOop [40]=Oop [48]=Oop [56]=Oop [80]=Oop [96]=Oop [144]=Oop }
                      ;*invokevirtual clone {reexecute=1 rethrow=0 return_oop=0}
                      ; - (reexecute) java.util.Arrays::copyOfRange@18
                      ; - java.lang.StringLatin1::newString@16
                      ; - java.lang.String::substring@41
                      ; - java.lang.ClassLoader::checkCerts@21
                      ; - java.lang.ClassLoader::preDefineClass@113
                      ; - java.lang.ClassLoader::defineClass@4
                      ; - java.security.SecureClassLoader::defineClass@12
  0x000001f8a8e82308: 7420 a6ff 

  0x000001f8a8e8230c: ;   {other}
  0x000001f8a8e8230c: 0f1f 8400 | 7c2a 005a | e973 0000 | 00e9 6e00 | 0000 6690 | e967 0000 | 00e9 6200 | 0000 e95d 
  0x000001f8a8e8232c: 0000 00e9 | 5800 0000 | e953 0000 | 00e9 4e00 | 0000 6690 | e947 0000 | 00e9 4200 | 0000 e93d 
  0x000001f8a8e8234c: 0000 00e9 | 3800 0000 | e933 0000 | 00e9 2e00 | 0000 6690 | e927 0000 | 00e9 2200 | 0000 e91d 
  0x000001f8a8e8236c: 0000 00e9 | 1800 0000 | e913 0000 | 00e9 0e00 | 0000 6690 | eb0a eb08 | eb06 eb04 | eb02 eb00 
  0x000001f8a8e8238c: 488b d0e9 | 85e8 ffff | ba97 ffff | ff8b 6c24 | 384c 8b54 | 2448 4c89 | 5424 3890 

  0x000001f8a8e823a8: ;   {runtime_call UncommonTrapBlob}
  0x000001f8a8e823a8: c5f8 77e8 

  0x000001f8a8e823ac: ; ImmutableOopMap {rbp=NarrowOop [32]=Oop [40]=Oop [56]=Oop [64]=Oop }
                      ;*invokevirtual clone {reexecute=1 rethrow=0 return_oop=0}
                      ; - (reexecute) java.util.Arrays::copyOfRange@18
                      ; - java.lang.StringLatin1::newString@16
                      ; - java.lang.String::substring@41
                      ; - java.lang.Class::getPackageName@62
                      ; - java.lang.ClassLoader::postDefineClass@2
                      ; - java.lang.ClassLoader::defineClass@37
                      ; - java.security.SecureClassLoader::defineClass@12
  0x000001f8a8e823ac: d01f a6ff 

  0x000001f8a8e823b0: ;   {other}
  0x000001f8a8e823b0: 0f1f 8400 | 202b 005b 

  0x000001f8a8e823b8: ;   {internal_word}
  0x000001f8a8e823b8: 49ba c40d | e8a8 f801 | 0000 4d89 | 9768 0400 

  0x000001f8a8e823c8: ;   {runtime_call SafepointBlob}
  0x000001f8a8e823c8: 00e9 b230 

  0x000001f8a8e823cc: ;   {runtime_call StubRoutines (final stubs)}
  0x000001f8a8e823cc: a6ff e8cd | 40a4 ffe9 | 26d9 ffff 
[Stub Code]
  0x000001f8a8e823d8: ;   {no_reloc}
  0x000001f8a8e823d8: 48bb 1039 | 06b6 f801 

  0x000001f8a8e823e0: ;   {runtime_call I2C/C2I adapters}
  0x000001f8a8e823e0: 0000 e984 

  0x000001f8a8e823e4: ;   {static_stub}
  0x000001f8a8e823e4: 8aa5 ff48 | bb00 0000 | 0000 0000 

  0x000001f8a8e823f0: ;   {runtime_call nmethod}
  0x000001f8a8e823f0: 00e9 fbff 

  0x000001f8a8e823f4: ;   {static_stub}
  0x000001f8a8e823f4: ffff 48bb | 0000 0000 | 0000 0000 

  0x000001f8a8e82400: ;   {runtime_call nmethod}
  0x000001f8a8e82400: e9fb ffff 

  0x000001f8a8e82404: ;   {static_stub}
  0x000001f8a8e82404: ff48 bb90 | 5840 b6f8 

  0x000001f8a8e8240c: ;   {runtime_call I2C/C2I adapters}
  0x000001f8a8e8240c: 0100 00e9 | da31 a3ff 

  0x000001f8a8e82414: ;   {static_stub}
  0x000001f8a8e82414: 48bb 0000 | 0000 0000 

  0x000001f8a8e8241c: ;   {runtime_call nmethod}
  0x000001f8a8e8241c: 0000 e9fb 

  0x000001f8a8e82420: ;   {static_stub}
  0x000001f8a8e82420: ffff ff48 | bb00 0000 | 0000 0000 

  0x000001f8a8e8242c: ;   {runtime_call nmethod}
  0x000001f8a8e8242c: 00e9 fbff 

  0x000001f8a8e82430: ;   {static_stub}
  0x000001f8a8e82430: ffff 48bb | 0000 0000 | 0000 0000 

  0x000001f8a8e8243c: ;   {runtime_call nmethod}
  0x000001f8a8e8243c: e9fb ffff 

  0x000001f8a8e82440: ;   {static_stub}
  0x000001f8a8e82440: ff48 bb00 | 0000 0000 

  0x000001f8a8e82448: ;   {runtime_call nmethod}
  0x000001f8a8e82448: 0000 00e9 | fbff ffff 

  0x000001f8a8e82450: ;   {static_stub}
  0x000001f8a8e82450: 48bb 0000 | 0000 0000 

  0x000001f8a8e82458: ;   {runtime_call nmethod}
  0x000001f8a8e82458: 0000 e9fb 

  0x000001f8a8e8245c: ;   {static_stub}
  0x000001f8a8e8245c: ffff ff48 | bb00 0000 | 0000 0000 

  0x000001f8a8e82468: ;   {runtime_call nmethod}
  0x000001f8a8e82468: 00e9 fbff 

  0x000001f8a8e8246c: ;   {static_stub}
  0x000001f8a8e8246c: ffff 48bb | 0000 0000 | 0000 0000 

  0x000001f8a8e82478: ;   {runtime_call nmethod}
  0x000001f8a8e82478: e9fb ffff 

  0x000001f8a8e8247c: ;   {static_stub}
  0x000001f8a8e8247c: ff48 bb00 | 0000 0000 

  0x000001f8a8e82484: ;   {runtime_call nmethod}
  0x000001f8a8e82484: 0000 00e9 | fbff ffff 

  0x000001f8a8e8248c: ;   {static_stub}
  0x000001f8a8e8248c: 48bb 0000 | 0000 0000 

  0x000001f8a8e82494: ;   {runtime_call nmethod}
  0x000001f8a8e82494: 0000 e9fb 

  0x000001f8a8e82498: ;   {static_stub}
  0x000001f8a8e82498: ffff ff48 | bb00 0000 | 0000 0000 

  0x000001f8a8e824a4: ;   {runtime_call nmethod}
  0x000001f8a8e824a4: 00e9 fbff 

  0x000001f8a8e824a8: ;   {static_stub}
  0x000001f8a8e824a8: ffff 48bb | 0000 0000 | 0000 0000 

  0x000001f8a8e824b4: ;   {runtime_call nmethod}
  0x000001f8a8e824b4: e9fb ffff 

  0x000001f8a8e824b8: ;   {static_stub}
  0x000001f8a8e824b8: ff48 bb00 | 0000 0000 

  0x000001f8a8e824c0: ;   {runtime_call nmethod}
  0x000001f8a8e824c0: 0000 00e9 | fbff ffff 

  0x000001f8a8e824c8: ;   {static_stub}
  0x000001f8a8e824c8: 48bb 0000 | 0000 0000 

  0x000001f8a8e824d0: ;   {runtime_call nmethod}
  0x000001f8a8e824d0: 0000 e9fb 

  0x000001f8a8e824d4: ;   {runtime_call ExceptionBlob}
  0x000001f8a8e824d4: ffff ffe9 | 24d3 a8ff 
[Deopt Handler Code]
  0x000001f8a8e824dc: e800 0000 | 0048 832c 

  0x000001f8a8e824e4: ;   {runtime_call DeoptimizationBlob}
  0x000001f8a8e824e4: 2405 e935 | 22a6 fff4 | f4f4 f4f4 
[/MachCode]


Compiled method (c2) 36694 4985   !   4       java.lang.ClassLoader::loadClass (121 bytes)
 total in heap  [0x000001f8a9138390,0x000001f8a914c590] = 82432
 relocation     [0x000001f8a91384f0,0x000001f8a9138e38] = 2376
 constants      [0x000001f8a9138e40,0x000001f8a9138e60] = 32
 main code      [0x000001f8a9138e60,0x000001f8a9144068] = 45576
 stub code      [0x000001f8a9144068,0x000001f8a9144370] = 776
 oops           [0x000001f8a9144370,0x000001f8a91443c8] = 88
 metadata       [0x000001f8a91443c8,0x000001f8a9144850] = 1160
 scopes data    [0x000001f8a9144850,0x000001f8a914a788] = 24376
 scopes pcs     [0x000001f8a914a788,0x000001f8a914b878] = 4336
 dependencies   [0x000001f8a914b878,0x000001f8a914b900] = 136
 handler table  [0x000001f8a914b900,0x000001f8a914c458] = 2904
 nul chk table  [0x000001f8a914c458,0x000001f8a914c590] = 312


[Constant Pool]
             Address          hex4                    hex8      
  0x000001f8a9138e40:   0x3f400000      0xf4f4f4f43f400000      
  0x000001f8a9138e44:   0xf4f4f4f4                              
  0x000001f8a9138e48:   0xf4f4f4f4      0xf4f4f4f4f4f4f4f4      
  0x000001f8a9138e4c:   0xf4f4f4f4                              
  0x000001f8a9138e50:   0xf4f4f4f4      0xf4f4f4f4f4f4f4f4      
  0x000001f8a9138e54:   0xf4f4f4f4                              
  0x000001f8a9138e58:   0xf4f4f4f4      0xf4f4f4f4f4f4f4f4      
  0x000001f8a9138e5c:   0xf4f4f4f4                              

[MachCode]
[Entry Point]
  # {method} {0x000001f8b6014398} 'loadClass' '(Ljava/lang/String;Z)Ljava/lang/Class;' in 'java/lang/ClassLoader'
  # this:     rdx:rdx   = 'java/lang/ClassLoader'
  # parm0:    r8:r8     = 'java/lang/String'
  # parm1:    r9        = boolean
  #           [sp+0x140]  (sp of caller)
  0x000001f8a9138e60: ;   {no_reloc}
  0x000001f8a9138e60: 448b 5208 | 49bb 0000 | 00b6 f801 | 0000 4d03 | d349 3bc2 

  0x000001f8a9138e74: ;   {runtime_call ic_miss_stub}
  0x000001f8a9138e74: 0f85 0659 | 7aff 6690 | 0f1f 4000 
[Verified Entry Point]
  0x000001f8a9138e80: 8984 2400 | 80ff ff55 | 4881 ec30 | 0100 0090 | 4181 7f20 | 0900 0000 | 0f85 beb1 | 0000 4489 
  0x000001f8a9138ea0: 4c24 304c | 8984 2488 | 0000 0048 | 8954 2448 | 448b 4228 | 4585 c00f | 845e 4200 | 0049 8b87 
  0x000001f8a9138ec0: b801 0000 | 4c8b d049 | 83c2 104d | 3b97 c801 | 0000 0f83 | d442 0000 | 4d89 97b8 | 0100 0041 
  0x000001f8a9138ee0: 0f0d 8ac0 | 0000 0048 | c700 0100 

  0x000001f8a9138eec: ;   {metadata('java/lang/Object')}
  0x000001f8a9138eec: 0000 c740 | 0890 0e00 | 0044 8960 | 0c44 8944 | 242c 488b | e844 8b5c | 242c 498b | d34c 8b84 
  0x000001f8a9138f0c: 2488 0000 | 004c 8bcd | bf01 0000 | 0066 6690 

  0x000001f8a9138f1c: ;   {optimized virtual_call}
  0x000001f8a9138f1c: c5f8 77e8 

  0x000001f8a9138f20: ; ImmutableOopMap {rbp=Oop [72]=Oop [136]=Oop }
                      ;*invokevirtual putVal {reexecute=0 rethrow=0 return_oop=1}
                      ; - java.util.concurrent.ConcurrentHashMap::putIfAbsent@4
                      ; - java.lang.ClassLoader::getClassLoadingLock@23
                      ; - java.lang.ClassLoader::loadClass@2
  0x000001f8a9138f20: 9c46 eaff 

  0x000001f8a9138f24: ;   {other}
  0x000001f8a9138f24: 0f1f 8400 | 940b 0000 | 4885 c00f | 8594 1e00 | 0048 896c | 2450 488d | 9c24 1001 | 0000 4c8b 
  0x000001f8a9138f44: 5c24 5049 | 8b03 a802 | 0f85 2300 | 0000 4883 | c801 4889 | 03f0 490f | b11b 0f84 | 3700 0000 
  0x000001f8a9138f64: 482b c448 | 2507 f0ff | ff48 8903 | e924 0000 | 004c 8bd0 | 4833 c0f0 | 4d0f b17a | 3e48 c703 
  0x000001f8a9138f84: 0300 0000 | 7411 4c3b | f875 1549 | ff82 8600 | 0000 4833 | c075 0949 | ff87 5005 | 0000 33c0 
  0x000001f8a9138fa4: 0f85 aa5a | 0000 4c8b | 9424 8800 | 0000 458b | 5a14 458b | 530c 660f | 1f44 0000 | 4585 d20f 
  0x000001f8a9138fc4: 86b4 5a00 | 004c 8b84 | 2488 0000 | 0045 0fbe | 4010 4585 | c00f 8541 | 6000 00c4 | c23a f7d2 
  0x000001f8a9138fe4: 413b d241 | 0f4f d24d | 8bc3 4d8d | 4310 85d2 | 0f8e d300 | 0000 660f | 1f44 0000 | 443b d20f 
  0x000001f8a9139004: 82a7 5a00 | 0049 8bf8 | b82f 0000 | 0048 8bdf | 83fa 100f | 8c79 0000 | 0083 fa20 

  0x000001f8a9139020: ;   {no_reloc}
  0x000001f8a9139020: 0f8c 3600 | 0000 c5f9 | 6ec8 c4e2 | 7d78 c9c5 | edef d28b | ca83 e1e0 | 83e2 1fc5 | fe6f 03c5 
  0x000001f8a9139040: fd74 c1c4 | e27d 17d0 | 0f83 6900 | 0000 4883 | c320 83e9 | 2075 e4e9 | 0d00 0000 | c5f9 6ec8 
  0x000001f8a9139060: c5e9 efd2 | c4e2 7100 | ca83 fa10 | 0f8c 2400 | 0000 8bca | 83e1 f083 | e20f c5fa | 6f03 c5f9 
  0x000001f8a9139080: 74c1 c4e2 | 7917 d00f | 832a 0000 | 0048 83c3 | 1083 e910 | 75e4 85d2 | 0f84 1200 | 0000 0fb6 
  0x000001f8a91390a0: 0b3b c174 | 1c48 83c3 | 0183 ea01 | 7402 ebee | bbff ffff | ffeb 0dc5 | fdd7 c80f | bcc1 4803 
  0x000001f8a91390c0: d848 2bdf | 83fb ff0f | 858b 5f00 | 0045 0fb6 | 1841 83fb | 5b0f 84b5 | 5f00 0048 | 8b54 2448 
  0x000001f8a91390e0: 4c8b 8424 | 8800 0000 

  0x000001f8a91390e8: ;   {optimized virtual_call}
  0x000001f8a91390e8: c5f8 77e8 

  0x000001f8a91390ec: ; ImmutableOopMap {[72]=Oop [80]=Oop [136]=Oop }
                      ;*invokevirtual findLoadedClass0 {reexecute=0 rethrow=0 return_oop=1}
                      ; - java.lang.ClassLoader::findLoadedClass@11
                      ; - java.lang.ClassLoader::loadClass@10
  0x000001f8a91390ec: 700d d1ff 

  0x000001f8a91390f0: ;   {other}
  0x000001f8a91390f0: 0f1f 8400 | 600d 0001 | 488b d80f | 1f44 0000 | 4885 c00f | 8564 1700 | 00c5 f877 | 49ba 2027 
  0x000001f8a9139110: 9dcc f97f | 0000 41ff 

  0x000001f8a9139118: ;   {other}
  0x000001f8a9139118: d20f 1f84 | 0000 0000 | 0048 8944 | 2438 4c8b | 5424 4845 | 8b52 1845 | 85d2 0f84 | 905f 0000 
  0x000001f8a9139138: 498b d24c | 8b84 2488 | 0000 0045 | 33c9 c5f8 | 7748 b8ff | ffff ffff 

  0x000001f8a9139150: ;   {virtual_call}
  0x000001f8a9139150: ffff ffe8 

  0x000001f8a9139154: ; ImmutableOopMap {[72]=Oop [80]=Oop [136]=Oop }
                      ;*invokevirtual loadClass {reexecute=0 rethrow=0 return_oop=1}
                      ; - java.lang.ClassLoader::loadClass@38
  0x000001f8a9139154: 30f1 86ff 

  0x000001f8a9139158: ;   {other}
  0x000001f8a9139158: 0f1f 8400 | c80d 0002 | 488b d848 | 85c0 0f85 | 0117 0000 | c5f8 7749 | ba20 279d | ccf9 7f00 
  0x000001f8a9139178: 0041 ffd2 

  0x000001f8a913917c: ;   {other}
  0x000001f8a913917c: 0f1f 8400 | 0000 0000 | 4889 4424 | 404c 8b54 | 2448 458b 

  0x000001f8a9139190: ;   {metadata('org/gradle/internal/classloader/VisitableURLClassLoader')}
  0x000001f8a9139190: 5208 4181 | fa08 3a00 | 010f 8531 | 1600 004c | 8b74 2448 | 458b 5658 | 4585 d20f | 84e3 2d00 
  0x000001f8a91391b0: 004c 89b4 | 2490 0000 | 0049 8bea | 488b d54c | 8b94 2488 | 0000 004c | 8954 2428 | 4c89 7424 
  0x000001f8a91391d0: 5866 6690 

  0x000001f8a91391d4: ;   {static_call}
  0x000001f8a91391d4: c5f8 77e8 

  0x000001f8a91391d8: ; ImmutableOopMap {rbp=Oop [40]=Oop [72]=Oop [80]=Oop [88]=Oop [136]=Oop [144]=Oop }
                      ;*invokestatic ensureMaterializedForStackWalk {reexecute=0 rethrow=0 return_oop=0}
                      ; - java.security.AccessController::executePrivileged@5
                      ; - java.security.AccessController::doPrivileged@13
                      ; - java.net.URLClassLoader::findClass@13
                      ; - java.lang.ClassLoader::loadClass@69
  0x000001f8a91391d8: 842c d4ff 

  0x000001f8a91391dc: ;   {other}
  0x000001f8a91391dc: 0f1f 8400 | 4c0e 0003 | 4c8b 7424 | 5848 8bdd | 4c8b 9424 | 8800 0000 | 450f be5a | 100f 1f80 
  0x000001f8a91391fc: 0000 0000 | 4585 db0f | 85eb 5e00 | 0045 8b52 | 1445 8b5a | 0c45 85db | 0f86 7804 | 0000 418b 
  0x000001f8a913921c: d3ff ca90 | 413b d30f | 834b 5a00 | 0045 8d6b | fd4d 8bc2 | c4c1 f96e | c066 6666 | 0f1f 8400 
  0x000001f8a913923c: 0000 0000 | 4180 7a10 | 2e0f 8421 | 2d00 0041 | 83fd 010f | 8e0d 0400 | 00bd 0100 | 0000 418b 
  0x000001f8a913925c: fb2b fd83 | c7fd 4533 | c944 3bed | 410f 4cf9 | 81ff a00f | 0000 41b9 | a00f 0000 | 410f 47f9 
  0x000001f8a913927c: 03fd 6690 | eb11 6666 | 0f1f 8400 | 0000 0000 | 6666 6690 | 418b e948 | 63cd 450f | be44 0a10 
  0x000001f8a913929c: 0f1f 4000 | 4183 f82e | 0f84 8500 | 0000 450f | be4c 0a11 | 4183 f92e | 0f84 6e00 | 0000 450f 
  0x000001f8a91392bc: be44 0a12 | 4183 f82e | 0f84 6200 | 0000 450f | be44 0a13 | 4183 f82e | 0f84 4b00 

  0x000001f8a91392d8: ;   {no_reloc}
  0x000001f8a91392d8: 0000 448d | 4d04 6690 | 443b cf7c | ab49 8b8f | 5804 0000 | 83c5 0348 | 8bb4 2488 

  0x000001f8a91392f4: ; ImmutableOopMap {r10=NarrowOop rbx=Oop rsi=Oop r14=Oop xmm0=Oop [72]=Oop [80]=Oop [136]=Oop }
                      ;*if_icmpne {reexecute=1 rethrow=0 return_oop=0}
                      ; - (reexecute) java.lang.StringLatin1::replace@28
                      ; - java.lang.String::replace@18
                      ; - java.net.URLClassLoader$1::run@8
                      ; - java.net.URLClassLoader$1::run@1
                      ; - java.security.AccessController::executePrivileged@29
                      ; - java.security.AccessController::doPrivileged@13
                      ; - java.net.URLClassLoader::findClass@13
                      ; - java.lang.ClassLoader::loadClass@69
                      ;   {poll}
  0x000001f8a91392f4: 0000 0085 | 010f 1f80 | 0000 0000 | 453b cd0f | 8d5f 0300 | 0041 8be9 | e949 ffff | ff44 8bd0 
  0x000001f8a9139314: c4c1 797e | d3c4 e1f9 | 7ecf 6690 | e9d0 0000 | 0083 c502 | ffc5 eb03 | 83c5 0241 | 3beb 0f8d 
  0x000001f8a9139334: 5a03 0000 | 0f1f 8400 | 0000 0000 | 4181 fb00 | 0010 000f | 875e 4000 | 0049 8bbf | b801 0000 
  0x000001f8a9139354: 4d63 c349 | 83c0 1749 | 83e0 f84c | 8bcf 4d03 | c84d 3b8f | c801 0000 | 0f83 3940 | 0000 4d89 
  0x000001f8a9139374: 8fb8 0100 | 0041 0f0d | 89c0 0000 | 0048 c707 | 0100 0000 | 410f 0d89 | 0001 0000 

  0x000001f8a9139390: ;   {metadata({type array byte})}
  0x000001f8a9139390: c747 0818 | 2300 0044 | 895f 0c41 | 0f0d 8940 | 0100 0041 | 0f0d 8980 | 0100 0085 | ed0f 8edd 
  0x000001f8a91393b0: 0000 0044 | 8bc5 41ff | c80f 1f80 | 0000 0000 | 453b c30f | 835b 6200 | 0045 85db | 0f86 5262 
  0x000001f8a91393d0: 0000 450f | be4a 1044 | 884f 100f | 1f44 0000 | 4183 f801 | 0f8e 9262 | 0000 41b9 | d007 0000 
  0x000001f8a91393f0: b901 0000 | 008b f52b | f1ff ce33 | c044 3bc1 | 0f4c f081 | fed0 0700 | 0041 0f47 | f103 f141 
  0x000001f8a9139410: 8bc2 c4c1 | 796e d3c4 | e1f9 6ecf | 0f1f 4000 | 4863 f944 | 8bd0 450f | be5c 3a10 | c4c1 f97e 
  0x000001f8a9139430: ca45 885c | 3a10 448b | d045 0fbe | 543a 11c4 | c1f9 7ecb | 4588 543b | 1183 c102 | 3bce 7cd0 
  0x000001f8a9139450: 4d8b 9758 

  0x000001f8a9139454: ; ImmutableOopMap {r11=Oop rbx=Oop rax=NarrowOop r14=Oop xmm0=Oop xmm1=Oop [72]=Oop [80]=Oop [136]=Oop }
                      ;*goto {reexecute=1 rethrow=0 return_oop=0}
                      ; - (reexecute) java.lang.StringLatin1::replace@76
                      ; - java.lang.String::replace@18
                      ; - java.net.URLClassLoader$1::run@8
                      ; - java.net.URLClassLoader$1::run@1
                      ; - java.security.AccessController::executePrivileged@29
                      ; - java.security.AccessController::doPrivileged@13
                      ; - java.net.URLClassLoader::findClass@13
                      ; - java.lang.ClassLoader::loadClass@69
                      ;   {poll}
  0x000001f8a9139454: 0400 0041 | 8502 660f | 1f44 0000 | 413b c80f | 8ca8 feff | ff44 8bd0 | c4c1 797e | d3c4 e1f9 
  0x000001f8a9139474: 7ecf 3bcd | 7d16 6690 | 4c63 c147 | 0fbe 4c02 | 1046 884c | 0710 ffc1 | 3bcd 7cec | 413b eb0f 
  0x000001f8a9139494: 8d7d 0100 | 000f 1f80 | 0000 0000 | 413b eb0f | 831c 5b00 | 0041 3bd3 | 0f83 135b | 0000 448b 
  0x000001f8a91394b4: c541 ffc0 | 4863 cd45 | 0fbe 4c0a | 1041 83f9 | 2e0f 8453 | 1700 0044 | 884c 0f10 | 8bcd ffc1 
  0x000001f8a91394d4: 413b c87d | 048b e9eb | db66 6690 | 413b cd0f | 8d02 0100 | 00ff c5e9 | a800 0000 | 41b8 2f00 
  0x000001f8a91394f4: 0000 6666 | 0f1f 8400 | 0000 0000 | 4488 4417 | 1045 0fbe | 4412 1141 | 83f8 2e0f | 8453 0000 
  0x000001f8a9139514: 0044 8844 | 1711 450f | be4c 1212 | 4183 f92e | 0f84 4600 | 0000 4488 | 4c17 1245 | 0fbe 4412 
  0x000001f8a9139534: 1341 83f8 | 2e0f 8439 | 0000 0044 | 8844 1713 | 83c5 043b | e90f 8d33 | 0000 0048 | 63d5 450f 
  0x000001f8a9139554: ;   {no_reloc}
  0x000001f8a9139554: be44 1210 | 0f1f 8400 | 0000 0000 | 4183 f82e | 759a eb88 | 41b8 2f00 | 0000 eba5 | 41b9 2f00 
  0x000001f8a9139574: 0000 ebb2 | 41b8 2f00 | 0000 6690 | ebbd 498b | 8f58 0400 | 004c 8b8c | 2488 0000 

  0x000001f8a9139590: ; ImmutableOopMap {r10=NarrowOop r9=Oop rbx=Oop rdi=Oop r14=Oop xmm0=Oop [72]=Oop [80]=Oop [136]=Oop }
                      ;*goto {reexecute=1 rethrow=0 return_oop=0}
                      ; - (reexecute) java.lang.StringLatin1::replace@113
                      ; - java.lang.String::replace@18
                      ; - java.net.URLClassLoader$1::run@8
                      ; - java.net.URLClassLoader$1::run@1
                      ; - java.security.AccessController::executePrivileged@29
                      ; - java.security.AccessController::doPrivileged@13
                      ; - java.net.URLClassLoader::findClass@13
                      ; - java.lang.ClassLoader::loadClass@69
                      ;   {poll}
  0x000001f8a9139590: 0085 0141 | 3bed 7d55 | 418b cb2b | cd83 c1fd | 4533 c044 | 3bed 410f | 4cc8 81f9 | a00f 0000 
  0x000001f8a91395b0: 41b9 a00f | 0000 410f | 47c9 03cd | 0f1f 4000 | eb8d 42c6 | 441e 102e | 42c6 441e | 1163 42c6 
  0x000001f8a91395d0: 441e 126c | 42c6 441e | 1361 42c6 | 441e 1473 | 42c6 441e | 1573 e9b7 | 0100 008b | e941 3beb 
  0x000001f8a91395f0: 7d24 6690 | 4c63 c547 | 0fbe 4c02 | 1066 6690 | 4183 f92e | 0f84 fb16 | 0000 4688 | 4c07 10ff 
  0x000001f8a9139610: c541 3beb | 7cde 4d8b | 97b8 0100 | 004d 8bda | 4983 c318 | 4d3b 9fc8 | 0100 000f | 8314 3e00 
  0x000001f8a9139630: 004d 899f | b801 0000 | 410f 0d8b | c000 0000 | 49c7 0201 

  0x000001f8a9139644: ;   {metadata('java/lang/String')}
  0x000001f8a9139644: 0000 0041 | c742 0878 | e800 0045 | 8962 0c4d | 8962 104c | 8bdf 4589 | 5a14 6690 | eb3b 41b9 
  0x000001f8a9139664: 0100 0000 | 453b cb7d | 2566 6690 | 470f be44 | 0a10 6666 | 0f1f 8400 | 0000 0000 | 4183 f82e 
  0x000001f8a9139684: 0f84 664c | 0000 41ff | c145 3bcb | 7cde 498b | fa4c 8b94 | 2488 0000 | 008b 4f0c | 85c9 0f86 
  0x000001f8a91396a4: 0815 0000 | 450f be42 | 10c4 623a | f7c9 4d63 | d941 83f8 | 010f 84d1 | 6000 0090 | 4585 c90f 
  0x000001f8a91396c4: 8cbd 5f00 | 0049 8d43 | 068b e885 | ed0f 8c0d | 6000 0048 | 8bd0 48c1 | fa20 8bf2 | c4e2 49f7 
  0x000001f8a91396e4: ed85 ed0f | 8c07 6100 | 0081 fd00 | 0010 000f | 8718 5600 | 0048 63d5 | 0f1f 4000 | 81fd 0000 
  0x000001f8a9139704: 1000 0f87 | 333b 0000 | 498b b7b8 | 0100 0048 | 83c2 1748 | 83e2 f84c | 8bee 4c03 | ea4d 3baf 
  0x000001f8a9139724: c801 0000 | 0f83 113b | 0000 4d89 | afb8 0100 | 0041 0f0d | 8dc0 0000 | 0048 c706 | 0100 0000 
  0x000001f8a9139744: ;   {no_reloc}
  0x000001f8a9139744: 410f 0d8d | 0001 0000 

  0x000001f8a913974c: ;   {metadata({type array byte})}
  0x000001f8a913974c: c746 0818 | 2300 0089 | 6e0c 410f | 0d8d 4001 | 0000 410f | 0d8d 8001 | 0000 418d | 5106 3bea 
  0x000001f8a913976c: 0f82 a755 | 0000 4d63 | d945 85c9 | 0f8e 44fe | ffff 42c6 | 441e 1573 | 42c6 441e | 1473 42c6 
  0x000001f8a913978c: 441e 1361 | 42c6 441e | 126c 42c6 | 441e 1163 | 42c6 441e | 102e 4585 | c00f 8581 | 5f00 003b 
  0x000001f8a91397ac: e90f 82d1 | 5500 0085 | c976 2948 | 83c7 1048 | 8bd6 4883 | c210 4c63 | c148 8bcf | c5f8 7749 
  0x000001f8a91397cc: bac0 448c | a8f8 0100 | 0041 ffd2 

  0x000001f8a91397d8: ;   {other}
  0x000001f8a91397d8: 0f1f 8400 | 0000 0000 | 498b 87b8 | 0100 004c | 8bd0 4983 | c218 4d3b | 97c8 0100 | 000f 83dc 
  0x000001f8a91397f8: 3a00 004d | 8997 b801 | 0000 410f | 0d8a c000 | 0000 48c7 | 0001 0000 

  0x000001f8a9139810: ;   {metadata('java/lang/String')}
  0x000001f8a9139810: 00c7 4008 | 78e8 0000 | 4489 600c | 4489 6010 | 4c8b d644 | 8950 1448 | 8944 2478 | 458b 5e54 
  0x000001f8a9139830: 4585 db0f | 84e7 5300 | 0048 895c | 2458 4c89 | b424 9000 | 0000 4d8b | d34c 8954 | 2428 4489 
  0x000001f8a9139850: 5c24 6049 | 8bd2 4533 | c04c 8b94 | 2488 0000 | 004c 8954 | 2420 498b | ee66 6690 

  0x000001f8a913986c: ;   {optimized virtual_call}
  0x000001f8a913986c: c5f8 77e8 

  0x000001f8a9139870: ; ImmutableOopMap {rbp=Oop [32]=Oop [40]=Oop [72]=Oop [80]=Oop [88]=Oop [96]=NarrowOop [120]=Oop [136]=Oop [144]=Oop }
                      ;*invokevirtual getLoader {reexecute=0 rethrow=0 return_oop=1}
                      ; - jdk.internal.loader.URLClassPath::getResource@42
                      ; - java.net.URLClassLoader$1::run@26
                      ; - java.net.URLClassLoader$1::run@1
                      ; - java.security.AccessController::executePrivileged@29
                      ; - java.security.AccessController::doPrivileged@13
                      ; - java.net.URLClassLoader::findClass@13
                      ; - java.lang.ClassLoader::loadClass@69
  0x000001f8a9139870: 0c43 d9ff 

  0x000001f8a9139874: ;   {other}
  0x000001f8a9139874: 0f1f 8400 | e414 0007 | 0f1f 4000 | 4885 c00f | 84ae 1000 | 0048 b900 | 006a b0f8 | 0100 0045 
  0x000001f8a9139894: 33d2 e9a5 | 0000 0048 | 898c 2480 | 0000 0044 | 8954 2468 | 4889 5c24 | 2049 8bd1 | 4c8b 4424 
  0x000001f8a91398b4: 7848 8bac | 2490 0000 | 0066 6690 

  0x000001f8a91398c0: ;   {optimized virtual_call}
  0x000001f8a91398c0: c5f8 77e8 

  0x000001f8a91398c4: ; ImmutableOopMap {rbp=Oop [32]=Oop [40]=Oop [72]=Oop [80]=Oop [88]=Oop [96]=NarrowOop [120]=Oop [136]=Oop [144]=Oop }
                      ;*invokevirtual getJarEntry {reexecute=0 rethrow=0 return_oop=1}
                      ; - jdk.internal.loader.URLClassPath$JarLoader::getResource@22
                      ; - jdk.internal.loader.URLClassPath::getResource@53
                      ; - java.net.URLClassLoader$1::run@26
                      ; - java.net.URLClassLoader$1::run@1
                      ; - java.security.AccessController::executePrivileged@29
                      ; - java.security.AccessController::doPrivileged@13
                      ; - java.net.URLClassLoader::findClass@13
                      ; - java.lang.ClassLoader::loadClass@69
  0x000001f8a91398c4: 7836 fdff 

  0x000001f8a91398c8: ;   {other}
  0x000001f8a91398c8: 0f1f 8400 | 3815 0008 | 4885 c00f | 857f 0100 | 0033 c04c | 8b54 2478 | 4c8b e848 | 85c0 0f85 
  0x000001f8a91398e8: 6d11 0000 | 4c89 5424 | 788b 6c24 | 68ff c548 | 8b54 2428 | 448b c54c | 8b94 2488 | 0000 004c 
  0x000001f8a9139908: 8954 2468 | 4c8b 9424 | 9000 0000 | 4c89 5424 | 7066 6690 

  0x000001f8a913991c: ;   {optimized virtual_call}
  0x000001f8a913991c: c5f8 77e8 

  0x000001f8a9139920: ; ImmutableOopMap {[40]=Oop [72]=Oop [80]=Oop [88]=Oop [96]=NarrowOop [104]=Oop [112]=Oop [120]=Oop [136]=Oop [144]=Oop }
                      ;*invokevirtual getLoader {reexecute=0 rethrow=0 return_oop=1}
                      ; - jdk.internal.loader.URLClassPath::getResource@42
                      ; - java.net.URLClassLoader$1::run@26
                      ; - java.net.URLClassLoader$1::run@1
                      ; - java.security.AccessController::executePrivileged@29
                      ; - java.security.AccessController::doPrivileged@13
                      ; - java.net.URLClassLoader::findClass@13
                      ; - java.lang.ClassLoader::loadClass@69
  0x000001f8a9139920: 5c42 d9ff 

  0x000001f8a9139924: ;   {other}
  0x000001f8a9139924: 0f1f 8400 | 9415 0009 | 4885 c00f | 8402 1000 | 0048 8b8c | 2480 0000 | 0044 8bd5 | 448b 4008 
  0x000001f8a9139944: ;   {metadata('jdk/internal/loader/URLClassPath$JarLoader')}
  0x000001f8a9139944: 4181 f818 | 0a21 000f | 854a 2600 | 0048 8bd8 | 448b 4b18 | 0f1f 8400 | 0000 0000 | 4585 c90f 
  0x000001f8a9139964: 8532 ffff | ff49 8b87 | b801 0000 | 4c8b d849 | 83c3 1066 | 0f1f 8400 | 0000 0000 | 4d3b 9fc8 
  0x000001f8a9139984: 0100 000f | 8358 3800 | 004d 899f | b801 0000 | 410f 0d8b | c000 0000 | 48c7 0001 

  0x000001f8a91399a0: ;   {metadata('jdk/internal/loader/URLClassPath$JarLoader$1')}
  0x000001f8a91399a0: 0000 00c7 | 4008 e82b | 2100 4489 | 600c 448b | 4328 4c8b | db44 8958 | 0c0f 1f80 | 0000 0000 
  0x000001f8a91399c0: 4585 c00f | 84aa 2500 | 0048 8984 | 2498 0000 | 0048 895c | 2470 4489 | 5424 6848 | 898c 2480 
  0x000001f8a91399e0: 0000 0049 | 8be8 488b | d54c 8b94 | 2490 0000 | 004c 8954 | 2420 6690 

  0x000001f8a91399f8: ;   {static_call}
  0x000001f8a91399f8: c5f8 77e8 

  0x000001f8a91399fc: ; ImmutableOopMap {rbp=Oop [32]=Oop [40]=Oop [72]=Oop [80]=Oop [88]=Oop [96]=NarrowOop [112]=Oop [120]=Oop [136]=Oop [144]=Oop [152]=Oop }
                      ;*invokestatic ensureMaterializedForStackWalk {reexecute=0 rethrow=0 return_oop=0}
                      ; - java.security.AccessController::executePrivileged@5
                      ; - java.security.AccessController::doPrivileged@13
                      ; - jdk.internal.loader.URLClassPath$JarLoader::ensureOpen@19
                      ; - jdk.internal.loader.URLClassPath$JarLoader::getResource@1
                      ; - jdk.internal.loader.URLClassPath::getResource@53
                      ; - java.net.URLClassLoader$1::run@26
                      ; - java.net.URLClassLoader$1::run@1
                      ; - java.security.AccessController::executePrivileged@29
                      ; - java.security.AccessController::doPrivileged@13
                      ; - java.net.URLClassLoader::findClass@13
                      ; - java.lang.ClassLoader::loadClass@69
  0x000001f8a91399fc: 8056 7aff 

  0x000001f8a9139a00: ;   {other}
  0x000001f8a9139a00: 0f1f 8400 | 7016 000a | 4889 6c24 | 2048 8b94 | 2498 0000 | 0048 8bac | 2488 0000 | 0066 6690 
  0x000001f8a9139a20: ;   {optimized virtual_call}
  0x000001f8a9139a20: c5f8 77e8 

  0x000001f8a9139a24: ; ImmutableOopMap {rbp=Oop [32]=Oop [40]=Oop [72]=Oop [80]=Oop [88]=Oop [96]=NarrowOop [112]=Oop [120]=Oop [136]=Oop [144]=Oop }
                      ;*invokevirtual run {reexecute=0 rethrow=0 return_oop=1}
                      ; - jdk.internal.loader.URLClassPath$JarLoader$1::run@1
                      ; - java.security.AccessController::executePrivileged@29
                      ; - java.security.AccessController::doPrivileged@13
                      ; - jdk.internal.loader.URLClassPath$JarLoader::ensureOpen@19
                      ; - jdk.internal.loader.URLClassPath$JarLoader::getResource@1
                      ; - jdk.internal.loader.URLClassPath::getResource@53
                      ; - java.net.URLClassLoader$1::run@26
                      ; - java.net.URLClassLoader$1::run@1
                      ; - java.security.AccessController::executePrivileged@29
                      ; - java.security.AccessController::doPrivileged@13
                      ; - java.net.URLClassLoader::findClass@13
                      ; - java.lang.ClassLoader::loadClass@69
  0x000001f8a9139a24: 5850 7aff 

  0x000001f8a9139a28: ;   {other}
  0x000001f8a9139a28: 0f1f 8400 | 9816 000b | 4c8b 4424 | 7045 8b48 | 180f 1f80 | 0000 0000 | 4585 c90f | 845c 5100 
  0x000001f8a9139a48: 0048 ff74 | 2470 488f | 4424 20e9 | 55fe ffff | 488b 5424 | 204c 8b44 | 2478 4533 | c948 8bf8 
  0x000001f8a9139a68: ;   {optimized virtual_call}
  0x000001f8a9139a68: c5f8 77e8 

  0x000001f8a9139a6c: ; ImmutableOopMap {[40]=Oop [72]=Oop [80]=Oop [88]=Oop [96]=NarrowOop [120]=Oop [136]=Oop [144]=Oop }
                      ;*invokevirtual checkResource {reexecute=0 rethrow=0 return_oop=1}
                      ; - jdk.internal.loader.URLClassPath$JarLoader::getResource@34
                      ; - jdk.internal.loader.URLClassPath::getResource@53
                      ; - java.net.URLClassLoader$1::run@26
                      ; - java.net.URLClassLoader$1::run@1
                      ; - java.security.AccessController::executePrivileged@29
                      ; - java.security.AccessController::doPrivileged@13
                      ; - java.net.URLClassLoader::findClass@13
                      ; - java.lang.ClassLoader::loadClass@69
  0x000001f8a9139a6c: f0c2 dbff 

  0x000001f8a9139a70: ;   {other}
  0x000001f8a9139a70: 0f1f 8400 | e016 000c | e95e feff | ff8b d990 | eb04 8bd9 | ffcb 418b 

  0x000001f8a9139a88: ;   {metadata('jdk/internal/loader/URLClassPath$JarLoader$2')}
  0x000001f8a9139a88: 4d08 81f9 | d821 2100 | 0f85 c42d | 0000 4d8b | d541 8b52 | 2066 6690 

  0x000001f8a9139aa0: ; implicit exception: dispatches to 0x000001f8a9142b44
  0x000001f8a9139aa0: 8b4a 1c89 | 8c24 b000 | 0000 448b | 9424 b000 | 0000 498b | f283 fbff | 0f84 ef2d | 0000 6690 
  0x000001f8a9139ac0: 85db 0f8c | f45f 0000 | 413b d90f | 8f97 6100 | 0041 3bd9 | 0f84 1112 | 0000 660f | 1f44 0000 
  0x000001f8a9139ae0: 85db 0f84 | 6d38 0000 | 4d8b b7b8 | 0100 004d | 8bd6 4983 | c218 6666 | 0f1f 8400 | 0000 0000 
  0x000001f8a9139b00: 4d3b 97c8 | 0100 000f | 83c4 3900 | 004d 8997 | b801 0000 | 410f 0d8a | c000 0000 | 49c7 0601 
  0x000001f8a9139b20: ;   {metadata('java/lang/String')}
  0x000001f8a9139b20: 0000 0041 | c746 0878 | e800 0045 | 8966 0c4d | 8966 1049 | 8d4b 1066 | 0f1f 8400 | 0000 0000 
  0x000001f8a9139b40: 413b d80f | 85d2 0000 | 0049 63e8 | 4181 f800 | 0010 000f | 8744 4700 | 0049 8b9f | b801 0000 
  0x000001f8a9139b60: 4c8d 5517 | 4983 e2f8 | 4c8b cb4d | 03ca 4d3b | 8fc8 0100 | 000f 8322 | 4700 004d | 898f b801 
  0x000001f8a9139b80: 0000 410f | 0d89 c000 | 0000 48c7 | 0301 0000 | 0041 0f0d | 8900 0100 

  0x000001f8a9139b98: ;   {metadata({type array byte})}
  0x000001f8a9139b98: 00c7 4308 | 1823 0000 | 4489 430c | 410f 0d89 | 4001 0000 | 410f 0d89 | 8001 0000 | 4c89 6c24 
  0x000001f8a9139bb8: 7048 8974 | 2428 4c89 | b424 a000 | 0000 4889 | 4c24 6048 | 896c 2468 | 488b d348 | 83c2 104c 
  0x000001f8a9139bd8: 8b44 2468 | 4983 c007 | 49c1 e803 | 488b 4c24 | 60c5 f877 | 49ba 604b | 8ca8 f801 | 0000 41ff 
  0x000001f8a9139bf8: ;   {other}
  0x000001f8a9139bf8: d20f 1f84 | 0000 0000 | 004c 8b6c | 2470 4c8b | b424 a000 | 0000 4c8b | cb48 8b74 | 2428 e9f6 
  0x000001f8a9139c18: 0000 000f | 1f44 0000 | 81fb 0000 | 1000 0f87 | 3f5d 0000 | 4c63 d344 | 3bc3 418b | e80f 4feb 
  0x000001f8a9139c38: 0f1f 8400 | 0000 0000 | 443b c50f | 8296 5d00 | 003b dd0f | 828e 5d00 | 0049 83c2 | 174d 8bda 
  0x000001f8a9139c58: 4983 e3f8 | 0f1f 4000 | 81fb 0000 | 1000 0f87 | eb3a 0000 | 4d8b 8fb8 | 0100 004d | 8bc1 4d03 
  0x000001f8a9139c78: c30f 1f80 | 0000 0000 | 4d3b 87c8 | 0100 000f | 83ca 3a00 | 004d 8987 | b801 0000 | 410f 0d88 
  0x000001f8a9139c98: c000 0000 | 49c7 0101 | 0000 0041 | 0f0d 8800 

  0x000001f8a9139ca8: ;   {metadata({type array byte})}
  0x000001f8a9139ca8: 0100 0041 | c741 0818 | 2300 0041 | 8959 0c41 | 0f0d 8840 | 0100 0041 | 0f0d 8880 | 0100 0049 
  0x000001f8a9139cc8: 8bd1 4883 | c210 49c1 | ea03 85ed | 0f84 995c | 0000 660f | 1f44 0000 | 3beb 0f8c | 7133 0000 
  0x000001f8a9139ce8: 498b d949 | 83c3 f049 | c1eb 034d | 8bc3 c5f8 | 7749 ba60 | 4b8c a8f8 | 0100 0041 

  0x000001f8a9139d04: ;   {other}
  0x000001f8a9139d04: ffd2 0f1f | 8400 0000 | 0000 4c8b | cb41 807f | 4000 0f85 | 6332 0000 | 4d8b de4d | 8bd1 4589 
  0x000001f8a9139d24: 5614 4d8b | d14d 33d3 | 49c1 ea14 | 4d85 d274 | 1a49 c1eb | 0948 b900 | 006a b0f8 | 0100 0049 
  0x000001f8a9139d44: 03cb 8039 | 020f 8563 | 3200 0045 | 8866 104c | 89b4 2400 | 0100 0045 | 8b55 0890 

  0x000001f8a9139d60: ;   {metadata('jdk/internal/loader/URLClassPath$JarLoader$2')}
  0x000001f8a9139d60: 4181 fad8 | 2121 000f | 857f 5600 | 004d 8bd5 | 4c89 9424 | a800 0000 

  0x000001f8a9139d78: ;   {oop(a 'java/lang/Class'{0x0000000082a91e20} = 'jdk/internal/access/SharedSecrets')}
  0x000001f8a9139d78: 49ba 201e | a982 0000 | 0000 458b | 92d4 0000 | 0041 8b4a | 084c 8b9c | 24a8 0000 | 0045 8b5b 
  0x000001f8a9139d98: 2045 8b4b | 1866 6690 

  0x000001f8a9139da0: ;   {metadata('java/util/jar/JavaUtilJarAccessImpl')}
  0x000001f8a9139da0: 81f9 b05a | 3100 0f85 | b856 0000 | 4585 c90f | 84e7 5400 | 004d 8bd9 | 488d 9c24 | 1801 0000 
  0x000001f8a9139dc0: 498b 03a8 | 020f 8523 | 0000 0048 | 83c8 0148 | 8903 f049 | 0fb1 1b0f | 8437 0000 | 0048 2bc4 
  0x000001f8a9139de0: 4825 07f0 | ffff 4889 | 03e9 2400 | 0000 4c8b | d048 33c0 | f04d 0fb1 | 7a3e 48c7 | 0303 0000 
  0x000001f8a9139e00: 0074 114c | 3bf8 7515 | 49ff 8286 | 0000 0048 | 33c0 7509 | 49ff 8750 | 0500 0033 | c066 6690 
  0x000001f8a9139e20: 0f85 d256 | 0000 418b | 6930 85ed | 0f85 b65e | 0000 450f | b641 1266 | 0f1f 8400 | 0000 0000 
  0x000001f8a9139e40: 4585 c00f | 8585 2000 | 0048 8d84 | 2418 0100 | 0048 8338 | 000f 8479 | 0000 004d | 8b13 41f6 
  0x000001f8a9139e60: c202 0f84 | 6200 0000 | 4983 ba86 | 0000 0000 | 7409 49ff | 8a86 0000 | 00eb 4b49 | 8b82 9600 
  0x000001f8a9139e80: 0000 490b | 828e 0000 | 0075 0a49 | c742 3e00 | 0000 00eb | 3d49 83ba | 9e00 0000 

  0x000001f8a9139e9c: ;   {no_reloc}
  0x000001f8a9139e9c: 0074 2248 | 33c0 49c7 | 423e 0000 | 0000 f083 | 0424 0049 | 83ba 9e00 | 0000 0075 | 0df0 4d0f 
  0x000001f8a9139ebc: b17a 3e75 | 0583 c801 | eb0c a800 | eb08 4c8b | 10f0 4d0f | b113 750a | 49ff 8f50 | 0500 0045 
  0x000001f8a9139edc: 33d2 6690 | 0f85 ad56 | 0000 4c8b | 9424 a800 | 0000 458b | 5220 418b | 6a18 448b | 5d08 660f 
  0x000001f8a9139efc: 1f44 0000 

  0x000001f8a9139f00: ;   {metadata('java/util/jar/JarFile')}
  0x000001f8a9139f00: 4181 fb80 | 1219 000f | 85b8 5600 | 004c 8bc5 | 418b 5828 | 85db 0f84 | b70e 0000 | 8b6b 0c90 
  0x000001f8a9139f20: 4180 7f40 | 000f 851f | 3000 008b | 4d08 4c8b 

  0x000001f8a9139f30: ;   {oop(a 'java/lang/Class'{0x0000000082f05830} = 'java/lang/ref/SoftReference')}
  0x000001f8a9139f30: 5320 49bb | 3058 f082 | 0000 0000 | 4d8b 5b70 | 4d3b d30f | 857c 1f00 

  0x000001f8a9139f48: ;   {metadata('java/util/jar/Manifest')}
  0x000001f8a9139f48: 0081 f9a0 | e104 000f | 852b 8800 | 004c 8bf5 | 4c8b 9c24 | 9000 0000 | 418b 5b38 | 85db 0f84 
  0x000001f8a9139f68: 9453 0000 | 4c8b 8c24 | 0001 0000 | 418b 410c | 0f1f 8400 | 0000 0000 | 85c0 0f84 | a10c 0000 
  0x000001f8a9139f88: 8b6b 2885 | ed0f 8470 | 0600 008b | 5d0c 85db | 0f86 b25b | 0000 448b | d041 c1ea | 1044 33d0 
  0x000001f8a9139fa8: ffcb 4181 | e2ff ffff | 7f41 23da | 4c63 c346 | 8b44 8510 | 0f1f 4000 | 4585 c00f | 843a 0600 
  0x000001f8a9139fc8: 0041 8b68 | 0c41 3bea | 0f84 2701 | 0000 85ed | 0f8c 5662 | 0000 498b | c844 8b41 | 1845 85c0 
  0x000001f8a9139fe8: 0f84 1506 | 0000 498b | c844 8b41 | 0c49 8b87 

  0x000001f8a9139ff8: ; ImmutableOopMap {r11=Oop r9=Oop rcx=Oop rsi=Oop r13=Oop r14=Oop [72]=Oop [80]=Oop [88]=Oop [136]=Oop [168]=Oop [176]=NarrowOop }
                      ;*if_icmpne {reexecute=1 rethrow=0 return_oop=0}
                      ; - (reexecute) java.util.concurrent.ConcurrentHashMap::get@127
                      ; - java.lang.ClassLoader::getDefinedPackage@13
                      ; - java.net.URLClassLoader::getAndVerifyPackage@2
                      ; - java.net.URLClassLoader::defineClass@46
                      ; - java.net.URLClassLoader$1::run@43
                      ; - java.net.URLClassLoader$1::run@1
                      ; - java.security.AccessController::executePrivileged@29
                      ; - java.security.AccessController::doPrivileged@13
                      ; - java.net.URLClassLoader::findClass@13
                      ; - java.lang.ClassLoader::loadClass@69
  0x000001f8a9139ff8: 5804 0000 

  0x000001f8a9139ffc: ;   {poll}
  0x000001f8a9139ffc: 8500 6690 | 453b c274 | 1244 8b41 | 1845 85c0 | 0f84 f105 | 0000 498b | c8eb da8b | 6910 4c8b 
  0x000001f8a913a01c: c566 6690 | 4d3b c10f | 84bb 0000 | 0085 ed0f | 844f 6400 | 0048 898c | 2480 0000 | 0044 8954 
  0x000001f8a913a03c: 2424 4c89 | 7424 784c | 8b94 24a8 | 0000 004c | 8954 2468 | 4c89 4c24 | 6048 8974 | 2428 448b 
  0x000001f8a913a05c: 8424 b000 | 0000 4489 | 4424 204c | 896c 2470 | 4c89 9c24 | 9000 0000 | 4c8b c549 | 8bd1 498b 
  0x000001f8a913a07c: eb66 6690 

  0x000001f8a913a080: ;   {optimized virtual_call}
  0x000001f8a913a080: c5f8 77e8 

  0x000001f8a913a084: ; ImmutableOopMap {rbp=Oop [32]=NarrowOop [40]=Oop [72]=Oop [80]=Oop [88]=Oop [96]=Oop [104]=Oop [112]=Oop [120]=Oop [128]=Oop [136]=Oop [144]=Oop }
                      ;*invokevirtual equals {reexecute=0 rethrow=0 return_oop=0}
                      ; - java.util.concurrent.ConcurrentHashMap::get@149
                      ; - java.lang.ClassLoader::getDefinedPackage@13
                      ; - java.net.URLClassLoader::getAndVerifyPackage@2
                      ; - java.net.URLClassLoader::defineClass@46
                      ; - java.net.URLClassLoader$1::run@43
                      ; - java.net.URLClassLoader$1::run@1
                      ; - java.security.AccessController::executePrivileged@29
                      ; - java.security.AccessController::doPrivileged@13
                      ; - java.net.URLClassLoader::findClass@13
                      ; - java.lang.ClassLoader::loadClass@69
  0x000001f8a913a084: 3858 f7ff 

  0x000001f8a913a088: ;   {other}
  0x000001f8a913a088: 0f1f 8400 | f81c 000e | 4d8b 9758 

  0x000001f8a913a094: ; ImmutableOopMap {rbp=Oop [32]=NarrowOop [40]=Oop [72]=Oop [80]=Oop [88]=Oop [96]=Oop [104]=Oop [112]=Oop [120]=Oop [128]=Oop [136]=Oop }
                      ;*ifeq {reexecute=1 rethrow=0 return_oop=0}
                      ; - (reexecute) java.util.concurrent.ConcurrentHashMap::get@152
                      ; - java.lang.ClassLoader::getDefinedPackage@13
                      ; - java.net.URLClassLoader::getAndVerifyPackage@2
                      ; - java.net.URLClassLoader::defineClass@46
                      ; - java.net.URLClassLoader$1::run@43
                      ; - java.net.URLClassLoader$1::run@1
                      ; - java.security.AccessController::executePrivileged@29
                      ; - java.security.AccessController::doPrivileged@13
                      ; - java.net.URLClassLoader::findClass@13
                      ; - java.lang.ClassLoader::loadClass@69
                      ;   {poll}
  0x000001f8a913a094: 0400 0041 | 8502 660f | 1f44 0000 | 85c0 0f84 | bd32 0000 | 4c8b dd4c | 8b6c 2470 | 448b 5424 
  0x000001f8a913a0b4: 2044 8994 | 24b0 0000 | 004c 8b54 | 2428 4c8b | 4c24 604c | 8b44 2468 | 4c89 8424 | a800 0000 
  0x000001f8a913a0d4: 4c8b 7424 | 7848 8b8c | 2480 0000 | 0049 8bf2 | 8b69 1485 | ed0f 8414 | 0500 0041 | 0fb6 5911 
  0x000001f8a913a0f4: 418b 510c | e943 0100 | 0041 8b68 | 1048 8bcd | 493b c90f | 841e 0100 | 008b 5d08 | 488b cd4c 
  0x000001f8a913a114: 3bc9 0f84 | 0f01 0000 | 0f1f 4000 

  0x000001f8a913a120: ;   {metadata('java/lang/String')}
  0x000001f8a913a120: 81fb 78e8 | 0000 0f85 | 995c 0000 | 410f be59 | 100f be69 | 103b dd0f | 8580 6000 | 0048 8bd6 
  0x000001f8a913a140: 8b79 1441 | 8b41 148b | 5f0c 8b48 | 0c3b cb0f | 8570 5c00 | 0048 8bdf | 488d 7710 | 488b d848 
  0x000001f8a913a160: 8d78 1085 | c90f 849d | 0000 008b | c183 e01f | 83e1 e00f | 844b 0000 | 0048 8d3c | 0f48 8d34 
  0x000001f8a913a180: 0e48 f7d9 | c5fe 6f0c | 0fc5 fe6f | 040e c5f5 | efc8 c4e2 | 7d17 c90f | 8572 0000 | 0048 83c1 
  0x000001f8a913a1a0: 2075 e185 | c00f 845d | 0000 00c5 | fe6f 4c07 | e0c5 fe6f | 4406 e0c5 | f5ef c8c4 | e27d 17c9 
  0x000001f8a913a1c0: 754d eb44 | 8bc8 83e1 | fc74 1948 | 8d3c 0f48 | 8d34 0e48 | f7d9 8b1c | 0f3b 1c0e | 7531 4883 
  0x000001f8a913a1e0: c104 75f2 | a802 7412 | 0fb7 1f0f | b70e 3bd9 | 751d 488d | 7f02 488d | 7602 a801 | 740a 0fb6 
  0x000001f8a913a200: 1f0f b60e | 3bd9 7507 | b801 0000 | 00eb 0233 | c0c5 f5ef | c9c5 fdef | c00f 1f80 

  0x000001f8a913a21c: ;   {no_reloc}
  0x000001f8a913a21c: 0000 0000 | 85c0 0f84 | 9d5b 0000 | 488b f241 | 8b68 1485 | ed0f 84cc | 0300 0041 | 8b51 0c41 
  0x000001f8a913a23c: 0fb6 5911 | 448b 5508 

  0x000001f8a913a244: ;   {metadata('java/lang/Package')}
  0x000001f8a913a244: 4181 fae8 | bd01 000f | 85d6 8300 | 0041 8b41 | 148b 780c | 4c8b d545 | 8b52 1090 | 85ff 0f86 
  0x000001f8a913a264: 6056 0000 | 418b 7b38 | 85ff 0f84 | cc55 0000 | 4889 7424 | 2848 8bef | 0f1f 4000 | 85d2 0f84 
  0x000001f8a913a284: 880a 0000 | 897c 2434 | 4489 9424 | b400 0000 | 4c89 b424 | b800 0000 | 4c89 8c24 | a000 0000 
  0x000001f8a913a2a4: 4c89 6c24 | 704c 899c | 2490 0000 | 004c 895c | 2460 4c89 | 8c24 8000 | 0000 6690 

  0x000001f8a913a2c0: ;   {static_call}
  0x000001f8a913a2c0: c5f8 77e8 

  0x000001f8a913a2c4: ; ImmutableOopMap {rbp=Oop [40]=Oop [52]=NarrowOop [72]=Oop [80]=Oop [88]=Oop [96]=Oop [112]=Oop [128]=Oop [136]=Oop [144]=Oop [160]=Oop [168]=Oop [176]=NarrowOop [180]=NarrowOop [184]=Oop }
                      ;*invokestatic spread {reexecute=0 rethrow=0 return_oop=0}
                      ; - java.util.concurrent.ConcurrentHashMap::get@4
                      ; - java.lang.ClassLoader::definePackage@47
                      ; - java.lang.ClassLoader::getDefinedPackage@32
                      ; - java.net.URLClassLoader::getAndVerifyPackage@2
                      ; - java.net.URLClassLoader::defineClass@46
                      ; - java.net.URLClassLoader$1::run@43
                      ; - java.net.URLClassLoader$1::run@1
                      ; - java.security.AccessController::executePrivileged@29
                      ; - java.security.AccessController::doPrivileged@13
                      ; - java.net.URLClassLoader::findClass@13
                      ; - java.lang.ClassLoader::loadClass@69
  0x000001f8a913a2c4: b85d d0ff 

  0x000001f8a913a2c8: ;   {other}
  0x000001f8a913a2c8: 0f1f 8400 | 381f 0010 | 8984 24c0 | 0000 0044 | 8b54 2434 | 458b 5a28 | 4585 db0f | 84d4 0100 
  0x000001f8a913a2e8: 0045 8b53 | 0c45 85d2 | 0f86 725b | 0000 41ff | ca44 23d0 | 498b d345 | 8bc2 4c8b | 5424 604c 
  0x000001f8a913a308: 8954 2420 | 4c8b 9424 | 8000 0000 | 4c89 5424 | 784c 8b94 | 24b8 0000 | 004c 8994 | 2480 0000 
  0x000001f8a913a328: 0048 8b6c | 2420 6690 

  0x000001f8a913a330: ;   {static_call}
  0x000001f8a913a330: c5f8 77e8 

  0x000001f8a913a334: ; ImmutableOopMap {rbp=Oop [32]=Oop [40]=Oop [72]=Oop [80]=Oop [88]=Oop [112]=Oop [120]=Oop [128]=Oop [136]=Oop [144]=Oop [160]=Oop [168]=Oop [176]=NarrowOop [180]=NarrowOop [184]=Oop }
                      ;*invokestatic tabAt {reexecute=0 rethrow=0 return_oop=1}
                      ; - java.util.concurrent.ConcurrentHashMap::get@34
                      ; - java.lang.ClassLoader::definePackage@47
                      ; - java.lang.ClassLoader::getDefinedPackage@32
                      ; - java.net.URLClassLoader::getAndVerifyPackage@2
                      ; - java.net.URLClassLoader::defineClass@46
                      ; - java.net.URLClassLoader$1::run@43
                      ; - java.net.URLClassLoader$1::run@1
                      ; - java.security.AccessController::executePrivileged@29
                      ; - java.security.AccessController::doPrivileged@13
                      ; - java.net.URLClassLoader::findClass@13
                      ; - java.lang.ClassLoader::loadClass@69
  0x000001f8a913a334: c888 d3ff 

  0x000001f8a913a338: ;   {other}
  0x000001f8a913a338: 0f1f 8400 | a81f 0011 | 4885 c00f | 8474 0100 | 008b 680c | 3bac 24c0 | 0000 000f | 84d4 0000 
  0x000001f8a913a358: 000f 1f80 | 0000 0000 | 85ed 0f8c | dc60 0000 | 4889 4424 | 204c 8b54 | 2420 458b | 5a18 4585 
  0x000001f8a913a378: db0f 843e | 0100 004d | 8bcb 458b | 590c 4d8b | 8758 0400 

  0x000001f8a913a38c: ; ImmutableOopMap {r9=Oop [40]=Oop [72]=Oop [80]=Oop [88]=Oop [112]=Oop [136]=Oop [144]=Oop [160]=Oop [168]=Oop [176]=NarrowOop [180]=NarrowOop [184]=Oop }
                      ;*if_icmpne {reexecute=1 rethrow=0 return_oop=0}
                      ; - (reexecute) java.util.concurrent.ConcurrentHashMap::get@127
                      ; - java.lang.ClassLoader::definePackage@47
                      ; - java.lang.ClassLoader::getDefinedPackage@32
                      ; - java.net.URLClassLoader::getAndVerifyPackage@2
                      ; - java.net.URLClassLoader::defineClass@46
                      ; - java.net.URLClassLoader$1::run@43
                      ; - java.net.URLClassLoader$1::run@1
                      ; - java.security.AccessController::executePrivileged@29
                      ; - java.security.AccessController::doPrivileged@13
                      ; - java.net.URLClassLoader::findClass@13
                      ; - java.lang.ClassLoader::loadClass@69
                      ;   {poll}
  0x000001f8a913a38c: 0041 8500 | 443b 9c24 | c000 0000 | 7414 458b | 5118 6690 | 4585 d20f | 8414 0100 | 004d 8bca 
  0x000001f8a913a3ac: ebd4 418b | 6910 4c8b | d54c 8b84 | 24a0 0000 | 0066 6690 | 4d3b d074 | 5285 ed0f | 846e 6b00 
  0x000001f8a913a3cc: 004c 894c | 2420 4c8b | c548 8b94 | 24a0 0000 | 0048 8bac | 2490 0000 | 0066 6690 

  0x000001f8a913a3e8: ;   {optimized virtual_call}
  0x000001f8a913a3e8: c5f8 77e8 

  0x000001f8a913a3ec: ; ImmutableOopMap {rbp=Oop [32]=Oop [40]=Oop [72]=Oop [80]=Oop [88]=Oop [112]=Oop [136]=Oop [144]=Oop [160]=Oop [168]=Oop [176]=NarrowOop [180]=NarrowOop [184]=Oop }
                      ;*invokevirtual equals {reexecute=0 rethrow=0 return_oop=0}
                      ; - java.util.concurrent.ConcurrentHashMap::get@149
                      ; - java.lang.ClassLoader::definePackage@47
                      ; - java.lang.ClassLoader::getDefinedPackage@32
                      ; - java.net.URLClassLoader::getAndVerifyPackage@2
                      ; - java.net.URLClassLoader::defineClass@46
                      ; - java.net.URLClassLoader$1::run@43
                      ; - java.net.URLClassLoader$1::run@1
                      ; - java.security.AccessController::executePrivileged@29
                      ; - java.security.AccessController::doPrivileged@13
                      ; - java.net.URLClassLoader::findClass@13
                      ; - java.lang.ClassLoader::loadClass@69
  0x000001f8a913a3ec: d054 f7ff 

  0x000001f8a913a3f0: ;   {other}
  0x000001f8a913a3f0: 0f1f 8400 | 6020 0013 | 4d8b 9758 

  0x000001f8a913a3fc: ; ImmutableOopMap {rbp=Oop [32]=Oop [40]=Oop [72]=Oop [80]=Oop [88]=Oop [112]=Oop [136]=Oop [144]=Oop [160]=Oop [168]=Oop [176]=NarrowOop [180]=NarrowOop [184]=Oop }
                      ;*ifeq {reexecute=1 rethrow=0 return_oop=0}
                      ; - (reexecute) java.util.concurrent.ConcurrentHashMap::get@152
                      ; - java.lang.ClassLoader::definePackage@47
                      ; - java.lang.ClassLoader::getDefinedPackage@32
                      ; - java.net.URLClassLoader::getAndVerifyPackage@2
                      ; - java.net.URLClassLoader::defineClass@46
                      ; - java.net.URLClassLoader$1::run@43
                      ; - java.net.URLClassLoader$1::run@1
                      ; - java.security.AccessController::executePrivileged@29
                      ; - java.security.AccessController::doPrivileged@13
                      ; - java.net.URLClassLoader::findClass@13
                      ; - java.lang.ClassLoader::loadClass@69
                      ;   {poll}
  0x000001f8a913a3fc: 0400 0041 | 8502 85c0 | 0f84 63ff | ffff 4c8b | 8424 a000 | 0000 4c8b | 4c24 2041 | 8b69 140f 
  0x000001f8a913a41c: 1f44 0000 | 85ed 0f84 | 9d00 0000 | e962 0000 | 008b 6810 | 4c8b d54c | 8b44 2478 | 4d3b d074 
  0x000001f8a913a43c: 4b66 6690 | 85ed 0f84 | 185f 0000 | 4889 8424 | c800 0000 | 4c8b c548 | 8b54 2478 | 488b 6c24 
  0x000001f8a913a45c: 2066 6690 

  0x000001f8a913a460: ;   {optimized virtual_call}
  0x000001f8a913a460: c5f8 77e8 

  0x000001f8a913a464: ; ImmutableOopMap {rbp=Oop [40]=Oop [72]=Oop [80]=Oop [88]=Oop [112]=Oop [136]=Oop [144]=Oop [160]=Oop [168]=Oop [176]=NarrowOop [180]=NarrowOop [184]=Oop [200]=Oop }
                      ;*invokevirtual equals {reexecute=0 rethrow=0 return_oop=0}
                      ; - java.util.concurrent.ConcurrentHashMap::get@73
                      ; - java.lang.ClassLoader::definePackage@47
                      ; - java.lang.ClassLoader::getDefinedPackage@32
                      ; - java.net.URLClassLoader::getAndVerifyPackage@2
                      ; - java.net.URLClassLoader::defineClass@46
                      ; - java.net.URLClassLoader$1::run@43
                      ; - java.net.URLClassLoader$1::run@1
                      ; - java.security.AccessController::executePrivileged@29
                      ; - java.security.AccessController::doPrivileged@13
                      ; - java.net.URLClassLoader::findClass@13
                      ; - java.lang.ClassLoader::loadClass@69
  0x000001f8a913a464: 5854 f7ff 

  0x000001f8a913a468: ;   {other}
  0x000001f8a913a468: 0f1f 8400 | d820 0015 | 85c0 0f84 | 445f 0000 | 4c8b 8424 | a000 0000 | 488b 8424 | c800 0000 
  0x000001f8a913a488: 8b68 1485 | ed74 3644 | 8b5d 0866 | 0f1f 8400 | 0000 0000 | 6666 6690 

  0x000001f8a913a4a0: ;   {metadata('java/lang/Package')}
  0x000001f8a913a4a0: 4181 fbe8 | bd01 000f | 8573 8200 | 004c 8bd5 | 4c89 9424 | c000 0000 | e9c0 0000 | 004c 8b84 
  0x000001f8a913a4c0: 24a0 0000 | 0048 8b8c | 2490 0000 | 008b 6938 | 4d8b 97b8 | 0100 004d | 8bda 4983 | c318 6690 
  0x000001f8a913a4e0: 4d3b 9fc8 | 0100 000f | 83f8 3f00 | 004d 899f | b801 0000 | 410f 0d8b | c000 0000 | 49c7 0201 
  0x000001f8a913a500: ;   {metadata('java/lang/ClassLoader$$Lambda+0x000001f8b7065b78')}
  0x000001f8a913a500: 0000 0041 | c742 0878 | 5b06 014d | 8962 104c | 8bc9 4589 | 4a0c 448b | 8c24 b400 | 0000 4589 
  0x000001f8a913a520: 4a10 85ed | 0f84 d25b | 0000 4c89 | 8424 a000 | 0000 4889 | 8c24 9000 | 0000 488b | d54d 8bca 
  0x000001f8a913a540: 4889 4c24 | 7866 6690 

  0x000001f8a913a548: ;   {optimized virtual_call}
  0x000001f8a913a548: c5f8 77e8 

  0x000001f8a913a54c: ; ImmutableOopMap {[40]=Oop [72]=Oop [80]=Oop [88]=Oop [112]=Oop [120]=Oop [136]=Oop [144]=Oop [160]=Oop [168]=Oop [176]=NarrowOop [184]=Oop }
                      ;*invokevirtual compute {reexecute=0 rethrow=0 return_oop=1}
                      ; - java.lang.ClassLoader::definePackage@78
                      ; - java.lang.ClassLoader::getDefinedPackage@32
                      ; - java.net.URLClassLoader::getAndVerifyPackage@2
                      ; - java.net.URLClassLoader::defineClass@46
                      ; - java.net.URLClassLoader$1::run@43
                      ; - java.net.URLClassLoader$1::run@1
                      ; - java.security.AccessController::executePrivileged@29
                      ; - java.security.AccessController::doPrivileged@13
                      ; - java.net.URLClassLoader::findClass@13
                      ; - java.lang.ClassLoader::loadClass@69
  0x000001f8a913a54c: 3045 7aff 

  0x000001f8a913a550: ;   {other}
  0x000001f8a913a550: 0f1f 8400 | c021 0016 | 4c8b d844 | 8b40 0890 

  0x000001f8a913a560: ;   {metadata('java/lang/Package')}
  0x000001f8a913a560: 4181 f8e8 | bd01 000f | 851b 8100 | 004c 899c | 24c0 0000 | 004c 8b84 | 24a0 0000 | 004c 8984 
  0x000001f8a913a580: 2480 0000 | 0048 8b94 | 24c0 0000 | 004c 8944 | 2478 4c8b | 9424 b800 | 0000 4c89 | 9424 a000 
  0x000001f8a913a5a0: 0000 6690 

  0x000001f8a913a5a4: ;   {optimized virtual_call}
  0x000001f8a913a5a4: c5f8 77e8 

  0x000001f8a913a5a8: ; ImmutableOopMap {[40]=Oop [72]=Oop [80]=Oop [88]=Oop [112]=Oop [120]=Oop [128]=Oop [136]=Oop [144]=Oop [160]=Oop [168]=Oop [176]=NarrowOop [184]=Oop [192]=Oop }
                      ;*invokevirtual isSealed {reexecute=0 rethrow=0 return_oop=0}
                      ; - java.net.URLClassLoader::getAndVerifyPackage@14
                      ; - java.net.URLClassLoader::defineClass@46
                      ; - java.net.URLClassLoader$1::run@43
                      ; - java.net.URLClassLoader$1::run@1
                      ; - java.security.AccessController::executePrivileged@29
                      ; - java.security.AccessController::doPrivileged@13
                      ; - java.net.URLClassLoader::findClass@13
                      ; - java.lang.ClassLoader::loadClass@69
  0x000001f8a913a5a8: 94e8 d2ff 

  0x000001f8a913a5ac: ;   {other}
  0x000001f8a913a5ac: 0f1f 8400 | 1c22 0017 | 85c0 0f85 | 4359 0000 | 4c8b 9c24 | a000 0000 | 4d85 db0f | 84d7 5900 
  0x000001f8a913a5cc: 0048 8b94 | 2490 0000 | 004c 8b44 | 2478 4d8b | cb4c 8944 | 2468 6690 

  0x000001f8a913a5e4: ;   {optimized virtual_call}
  0x000001f8a913a5e4: c5f8 77e8 

  0x000001f8a913a5e8: ; ImmutableOopMap {[40]=Oop [72]=Oop [80]=Oop [88]=Oop [104]=Oop [112]=Oop [128]=Oop [136]=Oop [144]=Oop [160]=Oop [168]=Oop [176]=NarrowOop [184]=Oop [192]=Oop }
                      ;*invokevirtual isSealed {reexecute=0 rethrow=0 return_oop=0}
                      ; - java.net.URLClassLoader::getAndVerifyPackage@68
                      ; - java.net.URLClassLoader::defineClass@46
                      ; - java.net.URLClassLoader$1::run@43
                      ; - java.net.URLClassLoader$1::run@1
                      ; - java.security.AccessController::executePrivileged@29
                      ; - java.security.AccessController::doPrivileged@13
                      ; - java.net.URLClassLoader::findClass@13
                      ; - java.lang.ClassLoader::loadClass@69
  0x000001f8a913a5e8: d48b 0100 

  0x000001f8a913a5ec: ;   {other}
  0x000001f8a913a5ec: 0f1f 8400 | 5c22 0018 | 85c0 0f85 | 405a 0000 | 4c8b 6c24 

  0x000001f8a913a600: ;   {metadata('java/lang/IllegalArgumentException')}
  0x000001f8a913a600: 70eb 5648 | bdc0 9a06 | b6f8 0100 | 004d 85f6 | 0f84 ef29 | 0000 4c89 | 7424 204c | 894c 2478 
  0x000001f8a913a620: 4889 7424 | 284c 896c | 2470 4c89 | 9c24 9000 | 0000 498b | d34d 8bc1 | 4d8b ce48 | 8bfe 4c89 
  0x000001f8a913a640: 5c24 6890 

  0x000001f8a913a644: ;   {optimized virtual_call}
  0x000001f8a913a644: c5f8 77e8 

  0x000001f8a913a648: ; ImmutableOopMap {[32]=Oop [40]=Oop [72]=Oop [80]=Oop [88]=Oop [104]=Oop [112]=Oop [120]=Oop [136]=Oop [144]=Oop [168]=Oop [176]=NarrowOop }
                      ;*invokevirtual definePackage {reexecute=0 rethrow=0 return_oop=1}
                      ; - java.net.URLClassLoader::defineClass@64
                      ; - java.net.URLClassLoader$1::run@43
                      ; - java.net.URLClassLoader$1::run@1
                      ; - java.security.AccessController::executePrivileged@29
                      ; - java.security.AccessController::doPrivileged@13
                      ; - java.net.URLClassLoader::findClass@13
                      ; - java.lang.ClassLoader::loadClass@69
  0x000001f8a913a648: 54ef 53f8 

  0x000001f8a913a64c: ;   {other}
  0x000001f8a913a64c: 0f1f 8400 | bc22 0019 | 4c8b 6c24 | 704c 896c | 2470 498b | d54c 896c | 2468 6690 

  0x000001f8a913a668: ;   {optimized virtual_call}
  0x000001f8a913a668: c5f8 77e8 

  0x000001f8a913a66c: ; ImmutableOopMap {[40]=Oop [72]=Oop [80]=Oop [88]=Oop [104]=Oop [112]=Oop [136]=Oop [144]=Oop [176]=NarrowOop }
                      ;*invokevirtual getByteBuffer {reexecute=0 rethrow=0 return_oop=1}
                      ; - java.net.URLClassLoader::defineClass@132
                      ; - java.net.URLClassLoader$1::run@43
                      ; - java.net.URLClassLoader$1::run@1
                      ; - java.security.AccessController::executePrivileged@29
                      ; - java.security.AccessController::doPrivileged@13
                      ; - java.net.URLClassLoader::findClass@13
                      ; - java.lang.ClassLoader::loadClass@69
  0x000001f8a913a66c: 9025 b1f8 

  0x000001f8a913a670: ;   {other}
  0x000001f8a913a670: 0f1f 8400 | e022 001a | 0f1f 8400 | 0000 0000 | 4885 c00f | 8563 5500 | 0048 8b54 | 2468 448b 
  0x000001f8a913a690: ;   {metadata('jdk/internal/loader/URLClassPath$JarLoader$2')}
  0x000001f8a913a690: 5a08 4181 | fbd8 2121 | 000f 85e6 | 2100 0048 | 8954 2468 

  0x000001f8a913a6a4: ;   {optimized virtual_call}
  0x000001f8a913a6a4: c5f8 77e8 

  0x000001f8a913a6a8: ; ImmutableOopMap {[40]=Oop [72]=Oop [80]=Oop [88]=Oop [104]=Oop [112]=Oop [136]=Oop [144]=Oop [176]=NarrowOop }
                      ;*invokevirtual getBytes {reexecute=0 rethrow=0 return_oop=1}
                      ; - java.net.URLClassLoader::defineClass@179
                      ; - java.net.URLClassLoader$1::run@43
                      ; - java.net.URLClassLoader$1::run@1
                      ; - java.security.AccessController::executePrivileged@29
                      ; - java.security.AccessController::doPrivileged@13
                      ; - java.net.URLClassLoader::findClass@13
                      ; - java.lang.ClassLoader::loadClass@69
  0x000001f8a913a6a8: 34e3 fcff 

  0x000001f8a913a6ac: ;   {other}
  0x000001f8a913a6ac: 0f1f 8400 | 1c23 001b | 4889 8424 | a000 0000 | 4c8b 5424 | 7045 8b42 

  0x000001f8a913a6c4: ;   {metadata('jdk/internal/loader/URLClassPath$JarLoader$2')}
  0x000001f8a913a6c4: 0841 81f8 | d821 2100 | 0f85 7421 | 0000 498b | d266 6690 

  0x000001f8a913a6d8: ;   {optimized virtual_call}
  0x000001f8a913a6d8: c5f8 77e8 

  0x000001f8a913a6dc: ; ImmutableOopMap {[40]=Oop [72]=Oop [80]=Oop [88]=Oop [112]=Oop [136]=Oop [144]=Oop [160]=Oop [176]=NarrowOop }
                      ;*invokevirtual getCodeSigners {reexecute=0 rethrow=0 return_oop=1}
                      ; - java.net.URLClassLoader::defineClass@185
                      ; - java.net.URLClassLoader$1::run@43
                      ; - java.net.URLClassLoader$1::run@1
                      ; - java.security.AccessController::executePrivileged@29
                      ; - java.security.AccessController::doPrivileged@13
                      ; - java.net.URLClassLoader::findClass@13
                      ; - java.lang.ClassLoader::loadClass@69
  0x000001f8a913a6dc: 80e8 fcff 

  0x000001f8a913a6e0: ;   {other}
  0x000001f8a913a6e0: 0f1f 8400 | 5023 001c | 4c8b 5424 | 7048 8be8 | 498b 87b8 | 0100 004c | 8bd8 4983 | c328 6690 
  0x000001f8a913a700: 4d3b 9fc8 | 0100 000f | 839f 2d00 | 004d 899f | b801 0000 | 410f 0d8b | c000 0000 | 48c7 0001 
  0x000001f8a913a720: ;   {metadata('java/security/CodeSource')}
  0x000001f8a913a720: 0000 00c7 | 4008 285c | 0000 4489 | 600c 4c89 | 6010 4c89 | 6018 4c89 | 6020 4c89 | 5424 7048 
  0x000001f8a913a740: 8984 2480 | 0000 0048 | 8bd0 4c8b | 4424 284c | 8bcd 6690 

  0x000001f8a913a754: ;   {optimized virtual_call}
  0x000001f8a913a754: c5f8 77e8 

  0x000001f8a913a758: ; ImmutableOopMap {[72]=Oop [80]=Oop [88]=Oop [112]=Oop [128]=Oop [136]=Oop [144]=Oop [160]=Oop }
                      ;*invokespecial <init> {reexecute=0 rethrow=0 return_oop=0}
                      ; - java.net.URLClassLoader::defineClass@198
                      ; - java.net.URLClassLoader$1::run@43
                      ; - java.net.URLClassLoader$1::run@1
                      ; - java.security.AccessController::executePrivileged@29
                      ; - java.security.AccessController::doPrivileged@13
                      ; - java.net.URLClassLoader::findClass@13
                      ; - java.lang.ClassLoader::loadClass@69
  0x000001f8a913a758: 84d8 fcff 

  0x000001f8a913a75c: ;   {other}
  0x000001f8a913a75c: 0f1f 8400 | cc23 001d 

  0x000001f8a913a764: ;   {oop(a 'jdk/internal/perf/PerfCounter'{0x0000000080b3bb80})}
  0x000001f8a913a764: 48ba 80bb | b380 0000 | 0000 4c8b | 8424 9800 | 0000 6690 

  0x000001f8a913a778: ;   {optimized virtual_call}
  0x000001f8a913a778: c5f8 77e8 

  0x000001f8a913a77c: ; ImmutableOopMap {[72]=Oop [80]=Oop [88]=Oop [112]=Oop [128]=Oop [136]=Oop [144]=Oop [160]=Oop }
                      ;*invokevirtual addElapsedTimeFrom {reexecute=0 rethrow=0 return_oop=0}
                      ; - java.net.URLClassLoader::defineClass@207
                      ; - java.net.URLClassLoader$1::run@43
                      ; - java.net.URLClassLoader$1::run@1
                      ; - java.security.AccessController::executePrivileged@29
                      ; - java.security.AccessController::doPrivileged@13
                      ; - java.net.URLClassLoader::findClass@13
                      ; - java.lang.ClassLoader::loadClass@69
  0x000001f8a913a77c: c061 e7ff 

  0x000001f8a913a780: ;   {other}
  0x000001f8a913a780: 0f1f 8400 | f023 001e | 4c8b 8c24 | a000 0000 

  0x000001f8a913a790: ; implicit exception: dispatches to 0x000001f8a91429bc
  0x000001f8a913a790: 418b 710c | 488b 9424 | 9000 0000 | 4c8b 8424 | 8800 0000 | 33ff 488b | 8c24 8000 | 0000 6690 
  0x000001f8a913a7b0: ;   {optimized virtual_call}
  0x000001f8a913a7b0: c5f8 77e8 

  0x000001f8a913a7b4: ; ImmutableOopMap {[72]=Oop [80]=Oop [88]=Oop [112]=Oop [136]=Oop [144]=Oop }
                      ;*invokevirtual defineClass {reexecute=0 rethrow=0 return_oop=1}
                      ; - java.net.URLClassLoader::defineClass@220
                      ; - java.net.URLClassLoader$1::run@43
                      ; - java.net.URLClassLoader$1::run@1
                      ; - java.security.AccessController::executePrivileged@29
                      ; - java.security.AccessController::doPrivileged@13
                      ; - java.net.URLClassLoader::findClass@13
                      ; - java.lang.ClassLoader::loadClass@69
  0x000001f8a913a7b4: 2855 d4ff 

  0x000001f8a913a7b8: ;   {other}
  0x000001f8a913a7b8: 0f1f 8400 | 2824 001f | 4885 c00f | 846e 0100 | 0048 8944 | 2420 eb31 | 488b 5424 | 484c 8b84 
  0x000001f8a913a7d8: 2488 0000 | 008b 6c24 | 3090 c5f8 | 7748 b8ff | ffff ffff 

  0x000001f8a913a7ec: ;   {virtual_call}
  0x000001f8a913a7ec: ffff ffe8 

  0x000001f8a913a7f0: ; ImmutableOopMap {[72]=Oop [80]=Oop }
                      ;*invokevirtual findClass {reexecute=0 rethrow=0 return_oop=1}
                      ; - java.lang.ClassLoader::loadClass@69
  0x000001f8a913a7f0: e4dd 86ff 

  0x000001f8a913a7f4: ;   {other}
  0x000001f8a913a7f4: 0f1f 8400 | 6424 0020 | 4889 4424 | 204c 8b44 | 2440 4c2b 

  0x000001f8a913a808: ;   {oop(a 'jdk/internal/perf/PerfCounter'{0x0000000080b3bd30})}
  0x000001f8a913a808: 4424 3848 | ba30 bdb3 | 8000 0000 | 0066 6690 

  0x000001f8a913a818: ;   {optimized virtual_call}
  0x000001f8a913a818: c5f8 77e8 

  0x000001f8a913a81c: ; ImmutableOopMap {[32]=Oop [72]=Oop [80]=Oop }
                      ;*invokevirtual add {reexecute=0 rethrow=0 return_oop=0}
                      ; - jdk.internal.perf.PerfCounter::addTime@2
                      ; - java.lang.ClassLoader::loadClass@82
  0x000001f8a913a81c: c020 e0ff 

  0x000001f8a913a820: ;   {other}
  0x000001f8a913a820: 0f1f 8400 | 9024 0021 

  0x000001f8a913a828: ;   {oop(a 'jdk/internal/perf/PerfCounter'{0x0000000080b3bc10})}
  0x000001f8a913a828: 48ba 10bc | b380 0000 | 0000 4c8b | 4424 4090 

  0x000001f8a913a838: ;   {optimized virtual_call}
  0x000001f8a913a838: c5f8 77e8 

  0x000001f8a913a83c: ; ImmutableOopMap {[32]=Oop [72]=Oop [80]=Oop }
                      ;*invokevirtual addElapsedTimeFrom {reexecute=0 rethrow=0 return_oop=0}
                      ; - java.lang.ClassLoader::loadClass@90
  0x000001f8a913a83c: 0061 e7ff 

  0x000001f8a913a840: ;   {other}
  0x000001f8a913a840: 0f1f 8400 | b024 0022 | 41b8 0100 

  0x000001f8a913a84c: ;   {oop(a 'jdk/internal/perf/PerfCounter'{0x0000000080b3bca0})}
  0x000001f8a913a84c: 0000 48ba | a0bc b380 | 0000 0000 

  0x000001f8a913a858: ;   {optimized virtual_call}
  0x000001f8a913a858: c5f8 77e8 

  0x000001f8a913a85c: ; ImmutableOopMap {[32]=Oop [72]=Oop [80]=Oop }
                      ;*invokevirtual add {reexecute=0 rethrow=0 return_oop=0}
                      ; - jdk.internal.perf.PerfCounter::increment@2
                      ; - java.lang.ClassLoader::loadClass@96
  0x000001f8a913a85c: 8020 e0ff 

  0x000001f8a913a860: ;   {other}
  0x000001f8a913a860: 0f1f 8400 | d024 0023 | 488b 5c24 | 2044 8b5c | 2430 4585 | db0f 85b9 | 5200 0048 | 8d84 2410 
  0x000001f8a913a880: 0100 004c | 8b5c 2450 | 4883 3800 | 0f84 7900 | 0000 4d8b | 1341 f6c2 | 020f 8462 | 0000 0049 
  0x000001f8a913a8a0: 83ba 8600 | 0000 0074 | 0949 ff8a | 8600 0000 | eb4b 498b | 8296 0000 | 0049 0b82 | 8e00 0000 
  0x000001f8a913a8c0: 750a 49c7 | 423e 0000 | 0000 eb3d | 4983 ba9e | 0000 0000 | 7422 4833 | c049 c742 | 3e00 0000 
  0x000001f8a913a8e0: 00f0 8304 | 2400 4983 | ba9e 0000 | 0000 750d | f04d 0fb1 | 7a3e 7505 | 83c8 01eb | 0ca8 00eb 
  0x000001f8a913a900: 084c 8b10 | f04d 0fb1 | 1375 0a49 | ff8f 5005 | 0000 4533 | d20f 8529 | 4800 0048 | 8bc3 c5f8 
  0x000001f8a913a920: 7748 81c4 | 3001 0000 

  0x000001f8a913a928: ;   {poll_return}
  0x000001f8a913a928: 5d49 3ba7 | 5004 0000 | 0f87 1097 | 0000 c349 | 8b87 b801 | 0000 4c8b | d049 83c2 | 284d 3b97 
  0x000001f8a913a948: c801 0000 | 0f83 e329 | 0000 4d89 | 97b8 0100 | 0041 0f0d | 8ac0 0000 | 0048 c700 | 0100 0000 
  0x000001f8a913a968: ;   {metadata('java/lang/ClassNotFoundException')}
  0x000001f8a913a968: c740 0888 | 9306 0044 | 8960 0c4c | 8960 104c | 8960 184c | 8960 2048 | 8be8 488b | d54c 8b84 
  0x000001f8a913a988: 2488 0000 | 0066 6690 

  0x000001f8a913a990: ;   {optimized virtual_call}
  0x000001f8a913a990: c5f8 77e8 

  0x000001f8a913a994: ; ImmutableOopMap {rbp=Oop [80]=Oop [144]=Oop }
                      ;*invokespecial <init> {reexecute=0 rethrow=0 return_oop=0}
                      ; - java.net.URLClassLoader::findClass@41
                      ; - java.lang.ClassLoader::loadClass@69
  0x000001f8a913a994: 6836 e8ff 

  0x000001f8a913a998: ;   {other}
  0x000001f8a913a998: 0f1f 8400 | 0826 0024 | 488d 8424 | 1001 0000 | 4c8b 5c24 | 5048 8338 | 000f 8479 | 0000 004d 
  0x000001f8a913a9b8: 8b13 41f6 | c202 0f84 | 6200 0000 | 4983 ba86 | 0000 0000 | 7409 49ff | 8a86 0000 | 00eb 4b49 
  0x000001f8a913a9d8: 8b82 9600 | 0000 490b | 828e 0000 | 0075 0a49 | c742 3e00 | 0000 00eb | 3d49 83ba | 9e00 0000 
  0x000001f8a913a9f8: 0074 2248 | 33c0 49c7 | 423e 0000 | 0000 f083 | 0424 0049 | 83ba 9e00 | 0000 0075 | 0df0 4d0f 
  0x000001f8a913aa18: b17a 3e75 | 0583 c801 | eb0c a800 | eb08 4c8b | 10f0 4d0f | b113 750a | 49ff 8f50 | 0500 0045 
  0x000001f8a913aa38: 33d2 660f | 1f44 0000 | 0f85 3345 | 0000 488b | d5c5 f877 | 4881 c430 | 0100 005d 

  0x000001f8a913aa54: ;   {runtime_call _rethrow_Java}
  0x000001f8a913aa54: e9a7 aa7d | ffc5 f877 | 49ba 2027 | 9dcc f97f | 0000 41ff 

  0x000001f8a913aa68: ;   {other}
  0x000001f8a913aa68: d20f 1f84 | 0000 0000 | 0048 8984 | 2498 0000 | 004c 8b94 | 2488 0000 | 0045 8b5a | 1445 8b43 
  0x000001f8a913aa88: 0c41 0fbe | 4a10 c442 | 72f7 c845 | 8bd1 41ff | ca0f 1f80 | 0000 0000 | 85c9 0f85 | bc4f 0000 
  0x000001f8a913aaa8: 418b c8ff | c941 3bca | 410f 4fca | 498b fb85 | c90f 8ce7 | 0000 0090 | 4585 c00f | 8667 4700 
  0x000001f8a913aac8: 0041 3bc8 | 0f83 5e47 | 0000 85c9 | 0f8e a648 | 0000 448b | d141 ffca | 410f be5c | 0b10 83fb 
  0x000001f8a913aae8: 2e0f 84ca | 1300 00ff | c941 3bca | 7fea 83f9 | 020f 8e8a | 0000 008d | 51fe 33db | 83f9 020f 
  0x000001f8a913ab08: 4cd3 81fa | a00f 0000 | 41ba a00f | 0000 410f | 47d2 8bf1 | 2bf2 6690 | 4863 d945 | 0fbe 541b 
  0x000001f8a913ab28: 1041 83fa | 2e0f 844a | efff ff41 | 0fbe 5c1b | 0f0f 1f80 | 0000 0000 | 83fb 2e0f | 8439 efff 
  0x000001f8a913ab48: ff8d 59fe | 450f be54 | 1b10 4183 | fa2e 0f84 | 2aef ffff | 8d59 fd41 | 0fbe 541b | 1083 fa2e 
  0x000001f8a913ab68: ;   {no_reloc}
  0x000001f8a913ab68: 0f84 18ef | ffff 83c1 | fc3b ce7f | ab4d 8b97 

  0x000001f8a913ab78: ; ImmutableOopMap {r11=NarrowOop rdi=Oop r13=Oop [72]=Oop [80]=Oop [88]=Oop [136]=Oop [144]=Oop }
                      ;*goto {reexecute=1 rethrow=0 return_oop=0}
                      ; - (reexecute) java.lang.StringLatin1::lastIndexOf@35
                      ; - java.lang.String::lastIndexOf@13
                      ; - java.lang.String::lastIndexOf@8
                      ; - java.net.URLClassLoader::defineClass@7
                      ; - java.net.URLClassLoader$1::run@43
                      ; - java.net.URLClassLoader$1::run@1
                      ; - java.security.AccessController::executePrivileged@29
                      ; - java.security.AccessController::doPrivileged@13
                      ; - java.net.URLClassLoader::findClass@13
                      ; - java.lang.ClassLoader::loadClass@69
  0x000001f8a913ab78: 5804 0000 

  0x000001f8a913ab7c: ;   {poll}
  0x000001f8a913ab7c: 4185 0290 | 83f9 020f | 8f76 ffff | ff83 f9ff | 7e18 6690 | 410f be5c | 0b10 83fb | 2e0f 84c5 
  0x000001f8a913ab9c: 4d00 00ff | c983 f9ff | 7fea bbff | ffff ffe9 | d6ee ffff | 498b 87b8 | 0100 004c | 8bd0 4983 
  0x000001f8a913abbc: c218 6690 | 4d3b 97c8 | 0100 000f | 8358 3900 | 004d 8997 | b801 0000 | 410f 0d8a | c000 0000 
  0x000001f8a913abdc: 48c7 0001 

  0x000001f8a913abe0: ;   {metadata('java/lang/String')}
  0x000001f8a913abe0: 0000 00c7 | 4008 78e8 | 0000 4489 | 600c 4489 

  0x000001f8a913abf0: ;   {oop([B{0x0000000080a49728})}
  0x000001f8a913abf0: 6010 c740 | 1428 97a4 

  0x000001f8a913abf8: ;   {oop(".class"{0x0000000080a49710})}
  0x000001f8a913abf8: 8049 ba10 | 97a4 8000 | 0000 0045 | 8b5a 0c44 | 8958 0c45 | 0fb6 5a11 | 4488 5811 | 4889 4424 
  0x000001f8a913ac18: 78e9 0eec | ffff 41b9 | 2f00 0000 | e9a2 e8ff | ff45 0fb6 | 5111 4585 | d20f 856e | 2500 0045 
  0x000001f8a913ac38: 8b51 1448 | 8beb 498b | d241 8079 | 1000 0f85 | 4a29 0000 | 895c 2424 | 4c89 7424 | 784c 8b94 
  0x000001f8a913ac58: 24a8 0000 | 004c 8954 | 2468 48ff | b424 0001 | 0000 488f | 4424 6048 | 8974 2428 | 448b 8424 
  0x000001f8a913ac78: b000 0000 | 4489 4424 | 204c 896c | 2470 4c89 | 9c24 8000 | 0000 6690 

  0x000001f8a913ac90: ;   {static_call}
  0x000001f8a913ac90: c5f8 77e8 

  0x000001f8a913ac94: ; ImmutableOopMap {rbp=Oop [32]=NarrowOop [36]=NarrowOop [40]=Oop [72]=Oop [80]=Oop [88]=Oop [96]=Oop [104]=Oop [112]=Oop [120]=Oop [128]=Oop [136]=Oop [144]=Oop [256]=Oop }
                      ;*invokestatic hashCode {reexecute=0 rethrow=0 return_oop=0}
                      ; - java.lang.String::hashCode@27
                      ; - java.util.concurrent.ConcurrentHashMap::get@1
                      ; - java.lang.ClassLoader::getDefinedPackage@13
                      ; - java.net.URLClassLoader::getAndVerifyPackage@2
                      ; - java.net.URLClassLoader::defineClass@46
                      ; - java.net.URLClassLoader$1::run@43
                      ; - java.net.URLClassLoader$1::run@1
                      ; - java.security.AccessController::executePrivileged@29
                      ; - java.security.AccessController::doPrivileged@13
                      ; - java.net.URLClassLoader::findClass@13
                      ; - java.lang.ClassLoader::loadClass@69
  0x000001f8a913ac94: 281b d2ff 

  0x000001f8a913ac98: ;   {other}
  0x000001f8a913ac98: 0f1f 8400 | 0829 0026 | 85c0 0f84 | a828 0000 | 4c8b 4c24 | 6041 8941 | 0c4c 8b9c | 2490 0000 
  0x000001f8a913acb8: 004c 8b6c | 2470 448b | 5424 2044 | 8994 24b0 | 0000 004c | 8b44 2468 | 4c89 8424 | a800 0000 
  0x000001f8a913acd8: 4c8b 7424 | 788b 5c24 | 2448 8b74 | 2428 e99d | f2ff ff4c | 8b94 2488 | 0000 004c | 8994 2400 
  0x000001f8a913acf8: 0100 000f | 1f44 0000 | e956 f0ff | ff41 b92f | 0000 00e9 | fae8 ffff | 85db 0f85 | 1c25 0000 
  0x000001f8a913ad18: 488b d00f | 1f44 0000 | 4180 7910 | 000f 8504 | 2b00 0089 | 7c24 3444 | 8954 2424 | 4c89 7424 
  0x000001f8a913ad38: 784c 8b94 | 24a8 0000 | 004c 8954 | 2468 4c89 | 4c24 6044 | 8b84 24b0 | 0000 0044 | 8944 2420 
  0x000001f8a913ad58: 4c89 6c24 | 704c 899c | 2490 0000 | 004c 899c | 2480 0000 | 0066 6690 

  0x000001f8a913ad70: ;   {static_call}
  0x000001f8a913ad70: c5f8 77e8 

  0x000001f8a913ad74: ; ImmutableOopMap {rbp=Oop [32]=NarrowOop [36]=NarrowOop [40]=Oop [52]=NarrowOop [72]=Oop [80]=Oop [88]=Oop [96]=Oop [104]=Oop [112]=Oop [120]=Oop [128]=Oop [136]=Oop [144]=Oop }
                      ;*invokestatic hashCode {reexecute=0 rethrow=0 return_oop=0}
                      ; - java.lang.String::hashCode@27
                      ; - java.util.concurrent.ConcurrentHashMap::get@1
                      ; - java.lang.ClassLoader::definePackage@47
                      ; - java.lang.ClassLoader::getDefinedPackage@32
                      ; - java.net.URLClassLoader::getAndVerifyPackage@2
                      ; - java.net.URLClassLoader::defineClass@46
                      ; - java.net.URLClassLoader$1::run@43
                      ; - java.net.URLClassLoader$1::run@1
                      ; - java.security.AccessController::executePrivileged@29
                      ; - java.security.AccessController::doPrivileged@13
                      ; - java.net.URLClassLoader::findClass@13
                      ; - java.lang.ClassLoader::loadClass@69
  0x000001f8a913ad74: 0843 7aff 

  0x000001f8a913ad78: ;   {other}
  0x000001f8a913ad78: 0f1f 8400 | e829 0027 | 85c0 0f84 | 652a 0000 | 4c8b 4c24 | 6041 8941 | 0c8b d04c | 8b9c 2490 
  0x000001f8a913ad98: 0000 004c | 8b6c 2470 | 448b 5424 | 2044 8994 | 24b0 0000 | 004c 8b54 | 2468 4c89 | 9424 a800 
  0x000001f8a913adb8: 0000 4c8b | 7424 7844 | 8b54 2424 | e9c3 f4ff | ff48 8944 | 2450 e967 | e1ff ff4c | 8944 2428 
  0x000001f8a913add8: 4889 7424 | 2044 8b9c | 24b0 0000 | 0044 899c | 24a0 0000 | 004c 896c | 2470 498b | d04c 8b94 
  0x000001f8a913adf8: 2490 0000 | 004c 8954 | 2460 6690 

  0x000001f8a913ae04: ;   {optimized virtual_call}
  0x000001f8a913ae04: c5f8 77e8 

  0x000001f8a913ae08: ; ImmutableOopMap {[32]=Oop [40]=Oop [72]=Oop [80]=Oop [88]=Oop [96]=Oop [112]=Oop [136]=Oop [144]=Oop [160]=NarrowOop [168]=Oop [256]=Oop }
                      ;*invokevirtual getManEntry {reexecute=0 rethrow=0 return_oop=1}
                      ; - java.util.jar.JarFile::getManifestFromReference@27
                      ; - java.util.jar.JarFile::getManifest@1
                      ; - jdk.internal.loader.URLClassPath$JarLoader$2::getManifest@22
                      ; - java.net.URLClassLoader::defineClass@34
                      ; - java.net.URLClassLoader$1::run@43
                      ; - java.net.URLClassLoader$1::run@1
                      ; - java.security.AccessController::executePrivileged@29
                      ; - java.security.AccessController::doPrivileged@13
                      ; - java.net.URLClassLoader::findClass@13
                      ; - java.lang.ClassLoader::loadClass@69
  0x000001f8a913ae08: f44c 4ff8 

  0x000001f8a913ae0c: ;   {other}
  0x000001f8a913ae0c: 0f1f 8400 | 7c2a 0028 | 4885 c00f | 845f 2300 | 004c 8b44 | 2428 450f | b650 1245 | 85d2 0f85 
  0x000001f8a913ae2c: c502 0000 | 498b e849 | 8bd0 4c8b | c04c 8b54 | 2460 4c89 | 5424 2890 

  0x000001f8a913ae44: ;   {optimized virtual_call}
  0x000001f8a913ae44: c5f8 77e8 

  0x000001f8a913ae48: ; ImmutableOopMap {rbp=Oop [32]=Oop [40]=Oop [72]=Oop [80]=Oop [88]=Oop [112]=Oop [136]=Oop [144]=Oop [160]=NarrowOop [168]=Oop [256]=Oop }
                      ;*invokespecial getInputStream {reexecute=0 rethrow=0 return_oop=1}
                      ; - java.util.jar.JarFile::getManifestFromReference@130
                      ; - java.util.jar.JarFile::getManifest@1
                      ; - jdk.internal.loader.URLClassPath$JarLoader$2::getManifest@22
                      ; - java.net.URLClassLoader::defineClass@34
                      ; - java.net.URLClassLoader$1::run@43
                      ; - java.net.URLClassLoader$1::run@1
                      ; - java.security.AccessController::executePrivileged@29
                      ; - java.security.AccessController::doPrivileged@13
                      ; - java.net.URLClassLoader::findClass@13
                      ; - java.lang.ClassLoader::loadClass@69
  0x000001f8a913ae48: 74ce eeff 

  0x000001f8a913ae4c: ;   {other}
  0x000001f8a913ae4c: 0f1f 8400 | bc2a 0029 | 4889 4424 | 2849 8b87 | b801 0000 | 4c8b d049 | 83c2 184d | 3b97 c801 
  0x000001f8a913ae6c: 0000 0f83 | 803c 0000 | 4d89 97b8 | 0100 0041 | 0f0d 8ac0 | 0000 0048 | c700 0100 

  0x000001f8a913ae88: ;   {metadata('java/util/jar/Manifest')}
  0x000001f8a913ae88: 0000 c740 | 08a0 e104 | 0044 8960 | 0c4c 8960 | 104c 8bd8 | 4c8b c545 | 8b48 1449 | 8baf b801 
  0x000001f8a913aea8: 0000 4c8b | d549 83c2 | 104d 3b97 | c801 0000 | 0f83 673c | 0000 4d89 | 97b8 0100 | 0041 0f0d 
  0x000001f8a913aec8: 8ac0 0000 | 0048 c745 | 0001 0000 

  0x000001f8a913aed4: ;   {metadata('java/util/jar/Attributes')}
  0x000001f8a913aed4: 00c7 4508 | 4088 1600 | 4489 650c | 4c89 8424 | b800 0000 | 4c89 5c24 | 6044 894c | 2434 ba10 
  0x000001f8a913aef4: 0000 004c | 8b94 2490 | 0000 004c | 8954 2468 

  0x000001f8a913af04: ;   {static_call}
  0x000001f8a913af04: c5f8 77e8 

  0x000001f8a913af08: ; ImmutableOopMap {rbp=Oop [32]=Oop [40]=Oop [52]=NarrowOop [72]=Oop [80]=Oop [88]=Oop [96]=Oop [104]=Oop [112]=Oop [136]=Oop [144]=Oop [160]=NarrowOop [168]=Oop [184]=Oop [256]=Oop }
                      ;*invokestatic newLinkedHashMap {reexecute=0 rethrow=0 return_oop=1}
                      ; - java.util.jar.Attributes::<init>@6
                      ; - java.util.jar.Attributes::<init>@3
                      ; - java.util.jar.Manifest::<init>@9
                      ; - java.util.jar.Manifest::<init>@4
                      ; - java.util.jar.JarFile::getManifestFromReference@143
                      ; - java.util.jar.JarFile::getManifest@1
                      ; - jdk.internal.loader.URLClassPath$JarLoader$2::getManifest@22
                      ; - java.net.URLClassLoader::defineClass@34
                      ; - java.net.URLClassLoader$1::run@43
                      ; - java.net.URLClassLoader$1::run@1
                      ; - java.security.AccessController::executePrivileged@29
                      ; - java.security.AccessController::doPrivileged@13
                      ; - java.net.URLClassLoader::findClass@13
                      ; - java.lang.ClassLoader::loadClass@69
  0x000001f8a913af08: 14ab 48f8 

  0x000001f8a913af0c: ;   {other}
  0x000001f8a913af0c: 0f1f 8400 | 7c2b 002a | 488b f866 | 0f1f 8400 | 0000 0000 | 4180 7f40 | 000f 8504 | 3400 004c 
  0x000001f8a913af2c: 8bdf 4d8b | d344 8955 | 0c4d 8bd3 | 4c8b dd4d | 33d3 488b | dd49 c1ea | 1444 8b4c | 2434 4d8b 
  0x000001f8a913af4c: c14c 8944 | 2468 4d85 | d274 1f48 | 85ff 741a | 49c1 eb09 | 48b9 0000 | 6ab0 f801 | 0000 4903 
  0x000001f8a913af6c: cb80 3902 | 0f85 1835 | 0000 6666 | 0f1f 8400 | 0000 0000 | 4180 7f40 | 000f 85da | 3300 004c 
  0x000001f8a913af8c: 8b44 2460 | 4189 580c | 4c8b d54d | 8bd8 4d33 | d349 c1ea | 144d 85d2 | 7423 49c1 | eb09 48b9 
  0x000001f8a913afac: 0000 6ab0 | f801 0000 | 4903 cb66 | 0f1f 8400 | 0000 0000 | 8039 020f | 8516 3400 | 0049 8b9f 
  0x000001f8a913afcc: b801 0000 | 4c8b d349 | 83c2 3066 | 0f1f 8400 | 0000 0000 | 4d3b 97c8 | 0100 000f | 8378 3b00 
  0x000001f8a913afec: 004d 8997 | b801 0000 | 410f 0d8a | c000 0000 | 48c7 0301 

  0x000001f8a913b000: ;   {metadata('java/util/HashMap')}
  0x000001f8a913b000: 0000 00c7 | 4308 68a9 | 0800 4489 | 630c 4c89 | 6310 4c89 | 6318 4c89 | 6328 48c7 | 4320 0000 
  0x000001f8a913b020: 403f 4180 | 7f40 000f | 85cb 3200 | 004d 8bd0 | 4c8b cb45 | 8948 104c | 8bdb 4d33 | da49 c1eb 
  0x000001f8a913b040: 144d 85db | 7423 49c1 | ea09 48b9 | 0000 6ab0 | f801 0000 | 4903 ca66 | 0f1f 8400 | 0000 0000 
  0x000001f8a913b060: 8039 020f | 85ce 3300 | 0049 8be8 | 498b d04c | 8b44 2428 | 4c8b 4c24 | 684c 8b94 | 2490 0000 
  0x000001f8a913b080: 004c 8954 | 2460 6690 

  0x000001f8a913b088: ;   {optimized virtual_call}
  0x000001f8a913b088: c5f8 77e8 

  0x000001f8a913b08c: ; ImmutableOopMap {rbp=Oop [32]=Oop [40]=Oop [72]=Oop [80]=Oop [88]=Oop [96]=Oop [112]=Oop [136]=Oop [144]=Oop [160]=NarrowOop [168]=Oop [184]=Oop [256]=Oop }
                      ;*invokevirtual read {reexecute=0 rethrow=0 return_oop=0}
                      ; - java.util.jar.Manifest::<init>@29
                      ; - java.util.jar.Manifest::<init>@4
                      ; - java.util.jar.JarFile::getManifestFromReference@143
                      ; - java.util.jar.JarFile::getManifest@1
                      ; - jdk.internal.loader.URLClassPath$JarLoader$2::getManifest@22
                      ; - java.net.URLClassLoader::defineClass@34
                      ; - java.net.URLClassLoader$1::run@43
                      ; - java.net.URLClassLoader$1::run@1
                      ; - java.security.AccessController::executePrivileged@29
                      ; - java.security.AccessController::doPrivileged@13
                      ; - java.net.URLClassLoader::findClass@13
                      ; - java.lang.ClassLoader::loadClass@69
  0x000001f8a913b08c: 902b 52f8 

  0x000001f8a913b090: ;   {other}
  0x000001f8a913b090: 0f1f 8400 | 002d 002b | 0f1f 8400 | 0000 0000 | 4180 7f40 | 000f 85fa | 3200 004c | 8bdd 4589 
  0x000001f8a913b0b0: 6314 4c8b | 4424 2845 | 8b48 080f | 1f44 0000 

  0x000001f8a913b0c0: ;   {metadata('java/util/zip/ZipFile$ZipFileInflaterInputStream')}
  0x000001f8a913b0c0: 4181 f9d0 | a331 000f | 85d7 5e00 | 0049 8beb | 498b d04c | 8b54 2460 | 4c89 5424 | 2866 6690 
  0x000001f8a913b0e0: ;   {optimized virtual_call}
  0x000001f8a913b0e0: c5f8 77e8 

  0x000001f8a913b0e4: ; ImmutableOopMap {rbp=Oop [32]=Oop [40]=Oop [72]=Oop [80]=Oop [88]=Oop [112]=Oop [136]=Oop [144]=Oop [160]=NarrowOop [168]=Oop [184]=Oop [256]=Oop }
                      ;*invokevirtual close {reexecute=0 rethrow=0 return_oop=0}
                      ; - java.util.jar.JarFile::getManifestFromReference@152
                      ; - java.util.jar.JarFile::getManifest@1
                      ; - jdk.internal.loader.URLClassPath$JarLoader$2::getManifest@22
                      ; - java.net.URLClassLoader::defineClass@34
                      ; - java.net.URLClassLoader$1::run@43
                      ; - java.net.URLClassLoader$1::run@1
                      ; - java.security.AccessController::executePrivileged@29
                      ; - java.security.AccessController::doPrivileged@13
                      ; - java.net.URLClassLoader::findClass@13
                      ; - java.lang.ClassLoader::loadClass@69
  0x000001f8a913b0e4: f81d eeff 

  0x000001f8a913b0e8: ;   {other}
  0x000001f8a913b0e8: 0f1f 8400 | 582d 002c | e9a7 0c00 | 0048 8944 | 2428 498b | e849 8bd0 | 4c8b c090 

  0x000001f8a913b104: ;   {optimized virtual_call}
  0x000001f8a913b104: c5f8 77e8 

  0x000001f8a913b108: ; ImmutableOopMap {rbp=Oop [32]=Oop [40]=Oop [72]=Oop [80]=Oop [88]=Oop [96]=Oop [112]=Oop [136]=Oop [144]=Oop [160]=NarrowOop [168]=Oop [256]=Oop }
                      ;*invokevirtual getBytes {reexecute=0 rethrow=0 return_oop=1}
                      ; - java.util.jar.JarFile::getManifestFromReference@44
                      ; - java.util.jar.JarFile::getManifest@1
                      ; - jdk.internal.loader.URLClassPath$JarLoader$2::getManifest@22
                      ; - java.net.URLClassLoader::defineClass@34
                      ; - java.net.URLClassLoader$1::run@43
                      ; - java.net.URLClassLoader$1::run@1
                      ; - java.security.AccessController::executePrivileged@29
                      ; - java.security.AccessController::doPrivileged@13
                      ; - java.net.URLClassLoader::findClass@13
                      ; - java.lang.ClassLoader::loadClass@69
  0x000001f8a913b108: 7439 7aff 

  0x000001f8a913b10c: ;   {other}
  0x000001f8a913b10c: 0f1f 8400 | 7c2d 002d | 4889 8424 | b000 0000 | 4c8b c541 | 0fb6 6811 | 85ed 0f85 | 0460 0000 
  0x000001f8a913b12c: 4c89 8424 | b800 0000 | 498b d048 | 8b6c 2460 

  0x000001f8a913b13c: ;   {optimized virtual_call}
  0x000001f8a913b13c: c5f8 77e8 

  0x000001f8a913b140: ; ImmutableOopMap {rbp=Oop [32]=Oop [40]=Oop [72]=Oop [80]=Oop [88]=Oop [112]=Oop [136]=Oop [144]=Oop [160]=NarrowOop [168]=Oop [176]=Oop [184]=Oop [256]=Oop }
                      ;*invokevirtual getManifestNum {reexecute=0 rethrow=0 return_oop=0}
                      ; - java.util.zip.ZipFile$1::getManifestNum@1
                      ; - java.util.jar.JarFile::getManifestFromReference@59
                      ; - java.util.jar.JarFile::getManifest@1
                      ; - jdk.internal.loader.URLClassPath$JarLoader$2::getManifest@22
                      ; - java.net.URLClassLoader::defineClass@34
                      ; - java.net.URLClassLoader$1::run@43
                      ; - java.net.URLClassLoader$1::run@1
                      ; - java.security.AccessController::executePrivileged@29
                      ; - java.security.AccessController::doPrivileged@13
                      ; - java.net.URLClassLoader::findClass@13
                      ; - java.lang.ClassLoader::loadClass@69
  0x000001f8a913b140: 3c39 7aff 

  0x000001f8a913b144: ;   {other}
  0x000001f8a913b144: 0f1f 8400 | b42d 002e | 83f8 010f | 855f 6000 | 004d 8b87 | b801 0000 | 4d8b d049 | 83c2 404d 
  0x000001f8a913b164: 3b97 c801 | 0000 0f83 | f835 0000 | 4d89 97b8 | 0100 0041 | 0f0d 8ac0 | 0000 0049 | c700 0100 
  0x000001f8a913b184: ;   {metadata('java/util/jar/JarVerifier')}
  0x000001f8a913b184: 0000 41c7 | 4008 789e | 1600 4589 | 600c 4d89 | 6010 4d89 | 6018 4d89 | 6020 4d89 | 6028 4d89 
  0x000001f8a913b1a4: 6030 4d89 | 6038 4c8b | 5424 2845 | 8b5a 0866 | 0f1f 8400 | 0000 0000 | 6666 6690 

  0x000001f8a913b1c0: ;   {metadata('java/util/jar/JarFile$JarFileEntry')}
  0x000001f8a913b1c0: 4181 fb48 | 3231 000f | 8598 5300 | 0041 c640 | 0e01 458b | 5260 4589 | 5030 41c6 | 400d 014d 
  0x000001f8a913b1e0: 8bda 4d8b | c849 8bd8 | 4d33 d94c | 8b84 24b0 | 0000 0049 | 8bc8 8bf1 | 49c1 eb14 | 0f1f 4000 
  0x000001f8a913b200: 4d85 db74 | 2445 85d2 | 741f 49c1 | e909 48b9 | 0000 6ab0 | f801 0000 | 4903 c90f | 1f44 0000 
  0x000001f8a913b220: 8039 020f | 8572 2f00 | 0041 807f | 4000 0f85 | a826 0000 | 4c8b cb44 | 8bc6 4589 | 412c 488b 
  0x000001f8a913b240: 9c24 b000 | 0000 4c8b | d34d 8bd9 | 4d33 d349 | c1ea 144d | 85d2 741f | 4885 db74 | 1a49 c1eb 
  0x000001f8a913b260: 0948 b900 | 006a b0f8 | 0100 0049 | 03cb 8039 | 020f 85d1 | 2e00 0049 | 8baf b801 | 0000 4c8b 
  0x000001f8a913b280: d549 83c2 | 304d 3b97 | c801 0000 | 0f83 fa34 | 0000 4d89 | 97b8 0100 | 0041 0f0d | 8ac0 0000 
  0x000001f8a913b2a0: 0048 c745 | 0001 0000 

  0x000001f8a913b2a8: ;   {metadata('java/util/Hashtable')}
  0x000001f8a913b2a8: 00c7 4508 | b8d3 0000 | 4489 650c | 4c89 6510 | 4c89 6518 | 4c89 6520 | 4c89 6528 | 4c89 8c24 
  0x000001f8a913b2c8: c000 0000 | 4489 4424 

  0x000001f8a913b2d0: ;   {section_word}
  0x000001f8a913b2d0: 28c5 fa10 | 0567 dbff | ff4c 8b94 | 2490 0000 | 004c 8954 | 2460 6690 

  0x000001f8a913b2e8: ;   {static_call}
  0x000001f8a913b2e8: c5f8 77e8 

  0x000001f8a913b2ec: ; ImmutableOopMap {rbp=Oop [32]=Oop [40]=NarrowOop [72]=Oop [80]=Oop [88]=Oop [96]=Oop [112]=Oop [136]=Oop [144]=Oop [160]=NarrowOop [168]=Oop [176]=Oop [184]=Oop [192]=Oop [256]=Oop }
                      ;*invokestatic isNaN {reexecute=0 rethrow=0 return_oop=0}
                      ; - java.util.Hashtable::<init>@47
                      ; - java.util.Hashtable::<init>@5
                      ; - java.util.jar.JarVerifier::<init>@39
                      ; - java.util.jar.JarFile::getManifestFromReference@78
                      ; - java.util.jar.JarFile::getManifest@1
                      ; - jdk.internal.loader.URLClassPath$JarLoader$2::getManifest@22
                      ; - java.net.URLClassLoader::defineClass@34
                      ; - java.net.URLClassLoader$1::run@43
                      ; - java.net.URLClassLoader$1::run@1
                      ; - java.security.AccessController::executePrivileged@29
                      ; - java.security.AccessController::doPrivileged@13
                      ; - java.net.URLClassLoader::findClass@13
                      ; - java.lang.ClassLoader::loadClass@69
  0x000001f8a913b2ec: 903d 7aff 

  0x000001f8a913b2f0: ;   {other}
  0x000001f8a913b2f0: 0f1f 8400 | 602f 002f | 0f1f 8400 | 0000 0000 | 85c0 0f85 | 2053 0000 | c745 1400 | 0040 3f4d 
  0x000001f8a913b310: 8b97 b801 | 0000 4d8b | da49 83c3 | 4066 6690 | 4d3b 9fc8 | 0100 000f | 83bf 3400 | 004d 899f 
  0x000001f8a913b330: b801 0000 | 410f 0d8b | c000 0000 | 49c7 0201 | 0000 0041 | 0f0d 8b00 

  0x000001f8a913b348: ;   {metadata('java/util/Hashtable$Entry'[])}
  0x000001f8a913b348: 0100 0041 | c742 08a8 | 7f13 0041 | 0f0d 8b40 | 0100 0041 | c742 0c0b | 0000 0041 | 0f0d 8b80 
  0x000001f8a913b368: 0100 004d | 8962 104d | 8962 184d | 8962 204d | 8962 284d | 8962 304d | 8962 3849 | 8bda 4180 
  0x000001f8a913b388: 7f40 000f | 85bf 2500 | 004c 8bd3 | 4d8b da44 | 895d 1c4c | 8bdd 4d33 | d348 8bfd | 49c1 ea14 
  0x000001f8a913b3a8: 4d85 d274 | 1c49 c1eb | 0948 b900 | 006a b0f8 | 0100 0049 | 03cb 6690 | 8039 020f | 8547 2900 
  0x000001f8a913b3c8: 0041 807f | 4000 0f85 | 4125 0000 | 4c8b 9424 | c000 0000 | 4189 7a14 | c745 1008 | 0000 004c 
  0x000001f8a913b3e8: 8bd5 4c8b | 9c24 c000 | 0000 4d33 | d349 c1ea | 144d 85d2 | 741a 49c1 | eb09 48b9 | 0000 6ab0 
  0x000001f8a913b408: f801 0000 | 4903 cb80 | 3902 0f85 | a728 0000 | 498b afb8 | 0100 004c | 8bd5 4983 | c230 4d3b 
  0x000001f8a913b428: 97c8 0100 | 000f 8392 | 3300 004d | 8997 b801 | 0000 410f | 0d8a c000 | 0000 48c7 | 4500 0100 
  0x000001f8a913b448: ;   {metadata('java/util/Hashtable')}
  0x000001f8a913b448: 0000 c745 | 08b8 d300 | 0044 8965 | 0c4c 8965 | 104c 8965 | 184c 8965 | 204c 8965 

  0x000001f8a913b464: ;   {section_word}
  0x000001f8a913b464: 28c5 fa10 | 05d3 d9ff | ff4c 8b94 | 2490 0000 | 004c 8954 | 2460 6690 

  0x000001f8a913b47c: ;   {static_call}
  0x000001f8a913b47c: c5f8 77e8 

  0x000001f8a913b480: ; ImmutableOopMap {rbp=Oop [32]=Oop [40]=NarrowOop [72]=Oop [80]=Oop [88]=Oop [96]=Oop [112]=Oop [136]=Oop [144]=Oop [160]=NarrowOop [168]=Oop [176]=Oop [184]=Oop [192]=Oop [256]=Oop }
                      ;*invokestatic isNaN {reexecute=0 rethrow=0 return_oop=0}
                      ; - java.util.Hashtable::<init>@47
                      ; - java.util.Hashtable::<init>@5
                      ; - java.util.jar.JarVerifier::<init>@50
                      ; - java.util.jar.JarFile::getManifestFromReference@78
                      ; - java.util.jar.JarFile::getManifest@1
                      ; - jdk.internal.loader.URLClassPath$JarLoader$2::getManifest@22
                      ; - java.net.URLClassLoader::defineClass@34
                      ; - java.net.URLClassLoader$1::run@43
                      ; - java.net.URLClassLoader$1::run@1
                      ; - java.security.AccessController::executePrivileged@29
                      ; - java.security.AccessController::doPrivileged@13
                      ; - java.net.URLClassLoader::findClass@13
                      ; - java.lang.ClassLoader::loadClass@69
  0x000001f8a913b480: fc3b 7aff 

  0x000001f8a913b484: ;   {other}
  0x000001f8a913b484: 0f1f 8400 | f430 0030 | 85c0 0f85 | 3052 0000 | c745 1400 | 0040 3f4d | 8b97 b801 | 0000 4d8b 
  0x000001f8a913b4a4: da49 83c3 | 404d 3b9f | c801 0000 | 0f83 8633 | 0000 4d89 | 9fb8 0100 | 0041 0f0d | 8bc0 0000 
  0x000001f8a913b4c4: 0049 c702 | 0100 0000 | 410f 0d8b | 0001 0000 

  0x000001f8a913b4d4: ;   {metadata('java/util/Hashtable$Entry'[])}
  0x000001f8a913b4d4: 41c7 4208 | a87f 1300 | 410f 0d8b | 4001 0000 | 41c7 420c | 0b00 0000 | 410f 0d8b | 8001 0000 
  0x000001f8a913b4f4: 4d89 6210 | 4d89 6218 | 4d89 6220 | 4d89 6228 | 4d89 6230 | 4d89 6238 | 498b da41 | 807f 4000 
  0x000001f8a913b514: 0f85 ab24 | 0000 4c8b | d344 8955 | 1c4c 8bd3 | 4c8b dd4d | 33d3 488b | dd49 c1ea | 144d 85d2 
  0x000001f8a913b534: 741a 49c1 | eb09 48b9 | 0000 6ab0 | f801 0000 | 4903 cb80 | 3902 0f85 | 6728 0000 | 4180 7f40 
  0x000001f8a913b554: 000f 852a | 2400 004c | 8b94 24c0 | 0000 0041 | 895a 10c7 | 4510 0800 | 0000 4c8b | d54c 8b9c 
  0x000001f8a913b574: 24c0 0000 | 004d 33d3 | 49c1 ea14 | 4d85 d274 | 1a49 c1eb | 0948 b900 | 006a b0f8 | 0100 0049 
  0x000001f8a913b594: 03cb 8039 | 020f 85c6 | 2700 0049 | 8baf b801 | 0000 4c8b | d549 83c2 | 304d 3b97 | c801 0000 
  0x000001f8a913b5b4: 0f83 5a32 | 0000 4d89 | 97b8 0100 | 0041 0f0d | 8ac0 0000 | 0048 c745 | 0001 0000 

  0x000001f8a913b5d0: ;   {metadata('java/util/Hashtable')}
  0x000001f8a913b5d0: 00c7 4508 | b8d3 0000 | 4489 650c | 4c89 6510 | 4c89 6518 | 4c89 6520 | 4c89 6528 

  0x000001f8a913b5ec: ;   {section_word}
  0x000001f8a913b5ec: c5fa 1005 | 4cd8 ffff | 4c8b 9424 | 9000 0000 | 4c89 5424 | 6066 6690 

  0x000001f8a913b604: ;   {static_call}
  0x000001f8a913b604: c5f8 77e8 

  0x000001f8a913b608: ; ImmutableOopMap {rbp=Oop [32]=Oop [40]=NarrowOop [72]=Oop [80]=Oop [88]=Oop [96]=Oop [112]=Oop [136]=Oop [144]=Oop [160]=NarrowOop [168]=Oop [176]=Oop [184]=Oop [192]=Oop [256]=Oop }
                      ;*invokestatic isNaN {reexecute=0 rethrow=0 return_oop=0}
                      ; - java.util.Hashtable::<init>@47
                      ; - java.util.Hashtable::<init>@4
                      ; - java.util.jar.JarVerifier::<init>@63
                      ; - java.util.jar.JarFile::getManifestFromReference@78
                      ; - java.util.jar.JarFile::getManifest@1
                      ; - jdk.internal.loader.URLClassPath$JarLoader$2::getManifest@22
                      ; - java.net.URLClassLoader::defineClass@34
                      ; - java.net.URLClassLoader$1::run@43
                      ; - java.net.URLClassLoader$1::run@1
                      ; - java.security.AccessController::executePrivileged@29
                      ; - java.security.AccessController::doPrivileged@13
                      ; - java.net.URLClassLoader::findClass@13
                      ; - java.lang.ClassLoader::loadClass@69
  0x000001f8a913b608: 743a 7aff 

  0x000001f8a913b60c: ;   {other}
  0x000001f8a913b60c: 0f1f 8400 | 7c32 0031 | 85c0 0f85 | 4451 0000 | c745 1400 | 0040 3f4d | 8b97 b801 | 0000 4d8b 
  0x000001f8a913b62c: da49 83c3 | 404d 3b9f | c801 0000 | 0f83 5e33 | 0000 4d89 | 9fb8 0100 | 0041 0f0d | 8bc0 0000 
  0x000001f8a913b64c: 0049 c702 | 0100 0000 | 410f 0d8b | 0001 0000 

  0x000001f8a913b65c: ;   {metadata('java/util/Hashtable$Entry'[])}
  0x000001f8a913b65c: 41c7 4208 | a87f 1300 | 410f 0d8b | 4001 0000 | 41c7 420c | 0b00 0000 | 410f 0d8b | 8001 0000 
  0x000001f8a913b67c: 4d89 6210 | 4d89 6218 | 4d89 6220 | 4d89 6228 | 4d89 6230 | 4d89 6238 | 4180 7f40 | 000f 8526 
  0x000001f8a913b69c: 2400 004d | 8bc2 4489 | 451c 4c8b | 9c24 c000 | 0000 4489 | 9c24 a400 | 0000 488b | fd4c 8bdd 
  0x000001f8a913b6bc: 4d33 d349 | c1ea 144d | 85d2 7421 | 49c1 eb09 | 48b9 0000 | 6ab0 f801 | 0000 4903 | cb0f 1f80 
  0x000001f8a913b6dc: 0000 0000 | 8039 020f | 8561 2900 | 0041 807f | 4000 0f85 | 5124 0000 | 4c8b 9424 | c000 0000 
  0x000001f8a913b6fc: 4189 7a18 | c745 1008 | 0000 004c | 8bd5 4c8b | 9c24 c000 | 0000 4d33 | d349 c1ea | 144d 85d2 
  0x000001f8a913b71c: 741a 49c1 | eb09 48b9 | 0000 6ab0 | f801 0000 | 4903 cb80 | 3902 0f85 | 1f28 0000 | 4d8b 97b8 
  0x000001f8a913b73c: 0100 004d | 8bda 4983 | c318 4d3b | 9fc8 0100 | 000f 8321 | 3200 004d | 899f b801 

  0x000001f8a913b758: ;   {no_reloc}
  0x000001f8a913b758: 0000 410f | 0d8b c000 | 0000 49c7 | 0201 0000 

  0x000001f8a913b768: ;   {metadata('java/util/ArrayList')}
  0x000001f8a913b768: 0041 c742 | 08d0 890b | 0045 8962 | 0c45 8962 

  0x000001f8a913b778: ;   {oop(a 'java/lang/Object'[0] {0x00000000805f7dc0})}
  0x000001f8a913b778: 1041 c742 | 14c0 7d5f | 8041 807f | 4000 0f85 | 7923 0000 | 4d8b da4c | 8b84 24c0 | 0000 0045 
  0x000001f8a913b798: 8958 1c4d | 8bd8 4d33 | d349 c1ea | 144d 85d2 | 741f 49c1 | eb09 48b9 | 0000 6ab0 | f801 0000 
  0x000001f8a913b7b8: 4903 cb0f | 1f44 0000 | 8039 020f | 853c 2700 | 004d 8b9f | b801 0000 | 4d8b d349 | 83c2 1866 
  0x000001f8a913b7d8: 0f1f 8400 | 0000 0000 | 4d3b 97c8 | 0100 000f | 8304 3100 | 004d 8997 | b801 0000 | 410f 0d8a 
  0x000001f8a913b7f8: c000 0000 | 49c7 0301 

  0x000001f8a913b800: ;   {metadata('java/io/ByteArrayOutputStream')}
  0x000001f8a913b800: 0000 0041 | c743 0848 | fe21 0045 | 8963 0c4d | 8963 1049 | 8beb 498b | 87b8 0100 | 004c 8bd0 
  0x000001f8a913b820: 4983 c230 | 4d3b 97c8 | 0100 000f | 838c 3000 | 004d 8997 | b801 0000 | 410f 0d8a | c000 0000 
  0x000001f8a913b840: 48c7 0001 | 0000 0041 | 0f0d 8a00 

  0x000001f8a913b84c: ;   {metadata({type array byte})}
  0x000001f8a913b84c: 0100 00c7 | 4008 1823 | 0000 410f | 0d8a 4001 | 0000 c740 | 0c20 0000 | 0041 0f0d | 8a80 0100 
  0x000001f8a913b86c: 004c 8960 | 104c 8960 | 184c 8960 | 204c 8960 | 2848 8bfd | 4c8b d04c | 8bdd 4589 | 5310 4c8b 
  0x000001f8a913b88c: d04d 33d3 | 49c1 ea14 | 4d85 d274 | 1a49 c1eb | 0948 b900 | 006a b0f8 | 0100 0049 | 03cb 8039 
  0x000001f8a913b8ac: 020f 8546 | 2700 0041 | 807f 4000 | 0f85 c722 | 0000 4c8b | 9424 c000 | 0000 4189 | 7a24 4c8b 
  0x000001f8a913b8cc: d54c 8b9c | 24c0 0000 | 004d 33d3 | 49c1 ea14 | 0f1f 4000 | 4d85 d274 | 1a49 c1eb | 0948 b900 
  0x000001f8a913b8ec: 006a b0f8 | 0100 0049 | 03cb 8039 | 020f 85b1 | 2500 004d | 8b97 b801 | 0000 4d8b | da49 83c3 
  0x000001f8a913b90c: 184d 3b9f | c801 0000 | 0f83 2e30 | 0000 4d89 | 9fb8 0100 | 0041 0f0d | 8bc0 0000 | 0049 c702 
  0x000001f8a913b92c: 0100 0000 

  0x000001f8a913b930: ;   {metadata('java/util/ArrayList')}
  0x000001f8a913b930: 41c7 4208 | d089 0b00 | 4589 620c | 4589 6210 

  0x000001f8a913b940: ;   {oop(a 'java/lang/Object'[0] {0x00000000805f7dc0})}
  0x000001f8a913b940: 41c7 4214 | c07d 5f80 | 4180 7f40 | 000f 8533 | 2100 004d | 8bda 4c8b | 8424 c000 | 0000 4589 
  0x000001f8a913b960: 5834 4d8b | d84d 33d3 | 49c1 ea14 | 4d85 d274 | 1a49 c1eb | 0948 b900 | 006a b0f8 | 0100 0049 
  0x000001f8a913b980: 03cb 8039 | 020f 851d | 2600 004d | 8b97 b801 | 0000 4d8b | da49 83c3 | 300f 1f80 | 0000 0000 
  0x000001f8a913b9a0: 4d3b 9fc8 | 0100 000f | 836f 2f00 | 004d 899f | b801 0000 | 410f 0d8b | c000 0000 | 49c7 0201 
  0x000001f8a913b9c0: ;   {metadata('java/util/HashMap')}
  0x000001f8a913b9c0: 0000 0041 | c742 0868 | a908 0045 | 8962 0c4d | 8962 104d | 8962 184d | 8962 2849 | c742 2000 
  0x000001f8a913b9e0: 0040 3f41 | 807f 4000 | 0f85 1120 | 0000 4d8b | da4c 8b84 | 24c0 0000 | 0045 8958 | 384d 8bd8 
  0x000001f8a913ba00: 4d33 d349 | c1ea 144d | 85d2 741d | 49c1 eb09 | 48b9 0000 | 6ab0 f801 | 0000 4903 | cb66 6690 
  0x000001f8a913ba20: 8039 020f | 8536 2400 | 0041 807f | 4000 0f85 | 1120 0000 | 4c8b 8424 | b800 0000 | 448b 9424 
  0x000001f8a913ba40: a400 0000 | 4589 5030 | 4c8b 9424 | c000 0000 | 4d8b d84d | 33d3 49c1 | ea14 4d85 | d274 1a49 
  0x000001f8a913ba60: c1eb 0948 | b900 006a | b0f8 0100 | 0049 03cb | 8039 020f | 858f 2300 | 0049 8b87 | b801 0000 
  0x000001f8a913ba80: 4c8b d049 | 83c2 184d | 3b97 c801 | 0000 0f83 | d12d 0000 | 4d89 97b8 | 0100 0041 | 0f0d 8ac0 
  0x000001f8a913baa0: 0000 0048 | c700 0100 

  0x000001f8a913baa8: ;   {metadata('java/util/jar/Manifest')}
  0x000001f8a913baa8: 0000 c740 | 08a0 e104 | 0044 8960 | 0c4c 8960 | 104c 8984 | 24b8 0000 | 004c 8bd0 | 4c89 9424 
  0x000001f8a913bac8: c000 0000 | 4c8b 9424 | b800 0000 | 458b 5230 | 4489 9424 | a400 0000 | 498b 87b8 | 0100 004c 
  0x000001f8a913bae8: 8bd0 4983 | c220 448b | 8424 a400 | 0000 4d8b | d84c 895c | 2460 6690 | 4d3b 97c8 | 0100 000f 
  0x000001f8a913bb08: 8388 2d00 | 004d 8997 | b801 0000 | 410f 0d8a | c000 0000 | 48c7 0001 

  0x000001f8a913bb20: ;   {metadata('java/io/ByteArrayInputStream')}
  0x000001f8a913bb20: 0000 00c7 | 4008 a023 | 0500 4489 | 600c 4c89 | 6010 4c89 | 6018 4c8b | c044 8b54 | 2428 4589 
  0x000001f8a913bb40: 5018 4c8b | 9424 b000 | 0000 458b | 5a0c 4589 | 5814 4c89 | 4424 284c | 8b94 24b8 | 0000 0045 
  0x000001f8a913bb60: 8b5a 1444 | 895c 2434 | 498b afb8 | 0100 004c | 8bd5 4983 | c210 6666 | 0f1f 8400 | 0000 0000 
  0x000001f8a913bb80: 4d3b 97c8 | 0100 000f | 8338 2e00 | 004d 8997 | b801 0000 | 410f 0d8a | c000 0000 | 48c7 4500 
  0x000001f8a913bba0: 0100 0000 

  0x000001f8a913bba4: ;   {metadata('java/util/jar/Attributes')}
  0x000001f8a913bba4: c745 0840 | 8816 0044 | 8965 0cba | 1000 0000 | 4c8b 9424 | 9000 0000 | 4c89 5424 | 6866 6690 
  0x000001f8a913bbc4: ;   {static_call}
  0x000001f8a913bbc4: c5f8 77e8 

  0x000001f8a913bbc8: ; ImmutableOopMap {rbp=Oop [32]=Oop [40]=Oop [52]=NarrowOop [72]=Oop [80]=Oop [88]=Oop [96]=Oop [104]=Oop [112]=Oop [136]=Oop [144]=Oop [160]=NarrowOop [164]=NarrowOop [168]=Oop [184]=Oop [192]=Oop [256]=Oop }
                      ;*invokestatic newLinkedHashMap {reexecute=0 rethrow=0 return_oop=1}
                      ; - java.util.jar.Attributes::<init>@6
                      ; - java.util.jar.Attributes::<init>@3
                      ; - java.util.jar.Manifest::<init>@9
                      ; - java.util.jar.JarFile::getManifestFromReference@121
                      ; - java.util.jar.JarFile::getManifest@1
                      ; - jdk.internal.loader.URLClassPath$JarLoader$2::getManifest@22
                      ; - java.net.URLClassLoader::defineClass@34
                      ; - java.net.URLClassLoader$1::run@43
                      ; - java.net.URLClassLoader$1::run@1
                      ; - java.security.AccessController::executePrivileged@29
                      ; - java.security.AccessController::doPrivileged@13
                      ; - java.net.URLClassLoader::findClass@13
                      ; - java.lang.ClassLoader::loadClass@69
  0x000001f8a913bbc8: b434 7aff 

  0x000001f8a913bbcc: ;   {other}
  0x000001f8a913bbcc: 0f1f 8400 | 3c38 0032 | 488b d866 | 0f1f 8400 | 0000 0000 | 4180 7f40 | 000f 85da | 1f00 004c 
  0x000001f8a913bbec: 8bd3 4489 | 550c 4c8b | d34c 8bdd | 4d33 d344 | 8b4c 2434 | 4d8b c14c | 8944 2468 | 49c1 ea14 
  0x000001f8a913bc0c: 488b fd4d | 85d2 741f | 4885 db74 | 1a49 c1eb | 0948 b900 | 006a b0f8 | 0100 0049 | 03cb 8039 
  0x000001f8a913bc2c: 020f 85b9 | 2500 0041 | 807f 4000 | 0f85 c11f | 0000 4c8b | 9424 c000 | 0000 4189 | 7a0c 4c8b 
  0x000001f8a913bc4c: d54c 8b9c | 24c0 0000 | 004d 33d3 | 49c1 ea14 | 0f1f 4000 | 4d85 d274 | 1a49 c1eb | 0948 b900 
  0x000001f8a913bc6c: 006a b0f8 | 0100 0049 | 03cb 8039 | 020f 8526 | 2400 004d | 8b97 b801 | 0000 4d8b | da49 83c3 
  0x000001f8a913bc8c: 304d 3b9f | c801 0000 | 0f83 562d | 0000 4d89 | 9fb8 0100 | 0041 0f0d | 8bc0 0000 | 004d 8bda 
  0x000001f8a913bcac: 49c7 0301 

  0x000001f8a913bcb0: ;   {metadata('java/util/HashMap')}
  0x000001f8a913bcb0: 0000 0041 | c743 0868 | a908 0045 | 8963 0c4d | 8963 104d | 8963 184d | 8963 2849 | c743 2000 
  0x000001f8a913bcd0: 0040 3f41 | 807f 4000 | 0f85 611f | 0000 4c8b | 8424 c000 | 0000 4d8b | d34d 8bd8 | 498b e84d 
  0x000001f8a913bcf0: 8bca 4589 | 4810 4d33 | d349 c1ea | 1466 6690 | 4d85 d274 | 1a49 c1eb | 0948 b900 | 006a b0f8 
  0x000001f8a913bd10: 0100 0049 | 03cb 8039 | 020f 85d8 | 2300 0048 | 8bd5 4c8b | 4424 284c | 8b4c 2468 | 4c8b 9424 
  0x000001f8a913bd30: 9000 0000 | 4c89 5424 | 2866 6690 

  0x000001f8a913bd3c: ;   {optimized virtual_call}
  0x000001f8a913bd3c: c5f8 77e8 

  0x000001f8a913bd40: ; ImmutableOopMap {rbp=Oop [32]=Oop [40]=Oop [72]=Oop [80]=Oop [88]=Oop [96]=Oop [112]=Oop [136]=Oop [144]=Oop [160]=NarrowOop [164]=NarrowOop [168]=Oop [184]=Oop [256]=Oop }
                      ;*invokevirtual read {reexecute=0 rethrow=0 return_oop=0}
                      ; - java.util.jar.Manifest::<init>@29
                      ; - java.util.jar.JarFile::getManifestFromReference@121
                      ; - java.util.jar.JarFile::getManifest@1
                      ; - jdk.internal.loader.URLClassPath$JarLoader$2::getManifest@22
                      ; - java.net.URLClassLoader::defineClass@34
                      ; - java.net.URLClassLoader$1::run@43
                      ; - java.net.URLClassLoader$1::run@1
                      ; - java.security.AccessController::executePrivileged@29
                      ; - java.security.AccessController::doPrivileged@13
                      ; - java.net.URLClassLoader::findClass@13
                      ; - java.lang.ClassLoader::loadClass@69
  0x000001f8a913bd40: 3c2d 7aff 

  0x000001f8a913bd44: ;   {other}
  0x000001f8a913bd44: 0f1f 8400 | b439 0033 | 4180 7f40 | 000f 8531 | 1f00 004c | 8bc5 448b | 8c24 a400 | 0000 4589 
  0x000001f8a913bd64: 4814 4c8b | 5424 604d | 8bd8 4d33 | d349 c1ea | 144d 85d2 | 741f 4585 | c974 1a49 | c1eb 0948 
  0x000001f8a913bd84: b900 006a | b0f8 0100 | 0049 03cb | 8039 020f | 85ac 2400 | 0049 8be8 | 4d8b 87b8 | 0100 004d 
  0x000001f8a913bda4: 8bd0 4983 | c228 4d3b | 97c8 0100 | 000f 8381 | 2900 004d | 8997 b801 | 0000 410f | 0d8a c000 
  0x000001f8a913bdc4: 0000 49c7 | 0001 0000 

  0x000001f8a913bdcc: ;   {metadata('java/lang/ref/SoftReference')}
  0x000001f8a913bdcc: 0041 c740 | 0890 df03 | 0045 8960 | 0c4d 8960 | 104d 8960 | 184d 8960 | 204c 8bdd | 4589 580c 
  0x000001f8a913bdec: 4180 7f40 | 000f 857d 

  0x000001f8a913bdf4: ;   {oop(a 'java/lang/ref/ReferenceQueue$Null'{0x000000008056c350})}
  0x000001f8a913bdf4: 1800 0041 | c740 1050 | c356 804d | 8bd0 498b 

  0x000001f8a913be04: ;   {oop(a 'java/lang/ref/ReferenceQueue$Null'{0x000000008056c350})}
  0x000001f8a913be04: f849 bb50 | c356 8000 | 0000 004d | 33da 49c1 | eb14 4d85 | db74 1a49 | c1ea 0948 | b900 006a 
  0x000001f8a913be24: b0f8 0100 | 0049 03ca | 8039 020f | 85d2 1800 | 00f0 8344 | 24c0 000f | 1f44 0000 | 4180 7f40 
  0x000001f8a913be44: 000f 85dd | 1700 004c | 8b8c 24b8 | 0000 0041 

  0x000001f8a913be54: ;   {oop(a 'java/lang/Class'{0x0000000082f05830} = 'java/lang/ref/SoftReference')}
  0x000001f8a913be54: 8979 2849 | ba30 58f0 | 8200 0000 | 004d 8b52 | 704d 8950 | 204d 8bd0 | 4d8b d94d | 33d3 49c1 
  0x000001f8a913be74: ea14 4d85 | d274 1949 | c1eb 094c | 8b84 2480 | 0000 004d | 03c3 4180 | 3802 0f85 | 1b18 0000 
  0x000001f8a913be94: 4c8b 6c24 | 7044 8b84 | 24a0 0000 | 0044 8984 | 24b0 0000 | 004c 8b5c | 2420 4c8b | f549 8bf3 
  0x000001f8a913beb4: e99f e0ff | ff8b d90f | 1f44 0000 | e9c1 dbff | ff4c 895b | 20e9 7be0 | ffff 4c89 | 5c24 2844 
  0x000001f8a913bed4: 898c 24a4 | 0000 0048 | 8974 2420 | 448b 9c24 | b000 0000 | 4489 9c24 | a000 0000 | 4c89 6c24 
  0x000001f8a913bef4: 7048 8b54 | 2428 41b8 | 0100 0000 | 488b ac24 | 9000 0000 

  0x000001f8a913bf08: ;   {optimized virtual_call}
  0x000001f8a913bf08: c5f8 77e8 

  0x000001f8a913bf0c: ; ImmutableOopMap {rbp=Oop [32]=Oop [40]=Oop [72]=Oop [80]=Oop [88]=Oop [112]=Oop [136]=Oop [144]=Oop [160]=NarrowOop [164]=NarrowOop [168]=Oop [256]=Oop }
                      ;*invokevirtual getManifestName {reexecute=0 rethrow=0 return_oop=1}
                      ; - java.util.zip.ZipFile$1::getManifestName@2
                      ; - java.util.jar.JarFile::maybeInstantiateVerifier@20
                      ; - java.util.jar.JarFile::ensureInitialization@1
                      ; - java.util.jar.JavaUtilJarAccessImpl::ensureInitialization@1
                      ; - jdk.internal.loader.URLClassPath$JarLoader$2::getManifest@10
                      ; - java.net.URLClassLoader::defineClass@34
                      ; - java.net.URLClassLoader$1::run@43
                      ; - java.net.URLClassLoader$1::run@1
                      ; - java.security.AccessController::executePrivileged@29
                      ; - java.security.AccessController::doPrivileged@13
                      ; - java.net.URLClassLoader::findClass@13
                      ; - java.lang.ClassLoader::loadClass@69
  0x000001f8a913bf0c: 70a2 45f8 

  0x000001f8a913bf10: ;   {other}
  0x000001f8a913bf10: 0f1f 8400 | 803b 0034 | 0f1f 8400 | 0000 0000 | 4885 c00f | 8523 5800 | 0044 8b94 | 24a4 0000 
  0x000001f8a913bf30: 0045 8862 | 1241 8b6a | 300f 1f80 | 0000 0000 | 85ed 0f85 | 9c58 0000 | 4c8b 6c24 | 7044 8b94 
  0x000001f8a913bf50: 24a0 0000 | 0044 8994 | 24b0 0000 | 004c 8b5c | 2428 488b | 7424 20e9 | ddde ffff | 33ed e9bc 
  0x000001f8a913bf70: d3ff ff33 | ed48 898c | 2480 0000 | 0044 8954 | 2468 4889 | 5c24 7048 | 8984 2498 | 0000 00e9 
  0x000001f8a913bf90: 74da ffff | 33db e951 | d2ff ff0f | 1f44 0000 

  0x000001f8a913bfa0: ;   {metadata('jdk/internal/loader/URLClassPath$FileLoader')}
  0x000001f8a913bfa0: 4181 f878 | 904e 010f | 8507 5100 | 004c 8bc0 | 498b 87b8 | 0100 004c | 8bd8 4983 | c340 6690 
  0x000001f8a913bfc0: 4d3b 9fc8 | 0100 000f | 830b 2d00 | 004d 899f | b801 0000 | 410f 0d8b | c000 0000 | 48c7 0001 
  0x000001f8a913bfe0: ;   {metadata('java/net/URL')}
  0x000001f8a913bfe0: 0000 00c7 | 4008 80a9 | 0100 4489 | 600c 4c89 | 6010 4c89 | 6018 4c89 | 6020 4c89 | 6028 4c89 
  0x000001f8a913c000: 6030 4c89 | 6038 4889 | 8c24 8000 | 0000 4489 | 5424 684c | 8944 2420 | 4c8b d04c | 8954 2470 
  0x000001f8a913c020: 4c8b 5424 | 2041 8b6a | 0c48 8b54 | 2478 4533 | c066 6690 

  0x000001f8a913c034: ;   {static_call}
  0x000001f8a913c034: c5f8 77e8 

  0x000001f8a913c038: ; ImmutableOopMap {rbp=NarrowOop [32]=Oop [40]=Oop [72]=Oop [80]=Oop [88]=Oop [96]=NarrowOop [112]=Oop [120]=Oop [136]=Oop [144]=Oop }
                      ;*invokestatic encodePath {reexecute=0 rethrow=0 return_oop=1}
                      ; - jdk.internal.loader.URLClassPath$FileLoader::getResource@10
                      ; - jdk.internal.loader.URLClassPath::getResource@53
                      ; - java.net.URLClassLoader$1::run@26
                      ; - java.net.URLClassLoader$1::run@1
                      ; - java.security.AccessController::executePrivileged@29
                      ; - java.security.AccessController::doPrivileged@13
                      ; - java.net.URLClassLoader::findClass@13
                      ; - java.lang.ClassLoader::loadClass@69
  0x000001f8a913c038: 4430 7aff 

  0x000001f8a913c03c: ;   {other}
  0x000001f8a913c03c: 0f1f 8400 | ac3c 0035 | 4c8b c548 | 8b54 2470 | 4c8b c833 | ff48 8bac | 2490 0000 | 0066 6690 
  0x000001f8a913c05c: ;   {optimized virtual_call}
  0x000001f8a913c05c: c5f8 77e8 

  0x000001f8a913c060: ; ImmutableOopMap {rbp=Oop [32]=Oop [40]=Oop [72]=Oop [80]=Oop [88]=Oop [96]=NarrowOop [112]=Oop [120]=Oop [136]=Oop [144]=Oop }
                      ;*invokespecial <init> {reexecute=0 rethrow=0 return_oop=0}
                      ; - java.net.URL::<init>@4
                      ; - jdk.internal.loader.URLClassPath$FileLoader::getResource@13
                      ; - jdk.internal.loader.URLClassPath::getResource@53
                      ; - java.net.URLClassLoader$1::run@26
                      ; - java.net.URLClassLoader$1::run@1
                      ; - java.security.AccessController::executePrivileged@29
                      ; - java.security.AccessController::doPrivileged@13
                      ; - java.net.URLClassLoader::findClass@13
                      ; - java.lang.ClassLoader::loadClass@69
  0x000001f8a913c060: 1c2a 7aff 

  0x000001f8a913c064: ;   {other}
  0x000001f8a913c064: 0f1f 8400 | d43c 0036 | 4c8b 4c24 | 2045 8b59 | 1848 8b4c | 2470 448b | 511c 6690 

  0x000001f8a913c080: ; implicit exception: dispatches to 0x000001f8a91430d0
  0x000001f8a913c080: 418b 6b1c | 4585 d20f | 84bf 4f00 | 0048 898c | 24a0 0000 | 0048 ff74 | 2420 488f | 8424 9800 
  0x000001f8a913c0a0: 0000 4c8b | c549 8bd2 | 488b ac24 | 9000 0000 

  0x000001f8a913c0b0: ;   {optimized virtual_call}
  0x000001f8a913c0b0: c5f8 77e8 

  0x000001f8a913c0b4: ; ImmutableOopMap {rbp=Oop [40]=Oop [72]=Oop [80]=Oop [88]=Oop [96]=NarrowOop [120]=Oop [136]=Oop [144]=Oop [152]=Oop [160]=Oop }
                      ;*invokevirtual startsWith {reexecute=0 rethrow=0 return_oop=0}
                      ; - jdk.internal.loader.URLClassPath$FileLoader::getResource@31
                      ; - jdk.internal.loader.URLClassPath::getResource@53
                      ; - java.net.URLClassLoader$1::run@26
                      ; - java.net.URLClassLoader$1::run@1
                      ; - java.security.AccessController::executePrivileged@29
                      ; - java.security.AccessController::doPrivileged@13
                      ; - java.net.URLClassLoader::findClass@13
                      ; - java.lang.ClassLoader::loadClass@69
  0x000001f8a913c0b4: c829 7aff 

  0x000001f8a913c0b8: ;   {other}
  0x000001f8a913c0b8: 0f1f 8400 | 283d 0037 | 85c0 0f84 | 2108 0000 

  0x000001f8a913c0c8: ;   {oop(".."{0x000000008047b948})}
  0x000001f8a913c0c8: 49b8 48b9 | 4780 0000 | 0000 488b | 5424 7890 

  0x000001f8a913c0d8: ;   {optimized virtual_call}
  0x000001f8a913c0d8: c5f8 77e8 

  0x000001f8a913c0dc: ; ImmutableOopMap {rbp=Oop [40]=Oop [72]=Oop [80]=Oop [88]=Oop [96]=NarrowOop [120]=Oop [136]=Oop [144]=Oop [152]=Oop [160]=Oop }
                      ;*invokevirtual contains {reexecute=0 rethrow=0 return_oop=0}
                      ; - jdk.internal.loader.URLClassPath$FileLoader::getResource@50
                      ; - jdk.internal.loader.URLClassPath::getResource@53
                      ; - java.net.URLClassLoader$1::run@26
                      ; - java.net.URLClassLoader$1::run@1
                      ; - java.security.AccessController::executePrivileged@29
                      ; - java.security.AccessController::doPrivileged@13
                      ; - java.net.URLClassLoader::findClass@13
                      ; - java.lang.ClassLoader::loadClass@69
  0x000001f8a913c0dc: a029 7aff 

  0x000001f8a913c0e0: ;   {other}
  0x000001f8a913c0e0: 0f1f 8400 | 503d 0038 | 4c8b 9424 | 9800 0000 | 458b 5214 | 4489 5424 | 640f 1f80 | 0000 0000 
  0x000001f8a913c100: 85c0 0f84 | ed07 0000 | 498b 87b8 | 0100 004c | 8bd0 4983 | c220 6666 | 0f1f 8400 | 0000 0000 
  0x000001f8a913c120: 4d3b 97c8 | 0100 000f | 832c 2e00 | 004d 8997 | b801 0000 | 410f 0d8a | c000 0000 | 48c7 0001 
  0x000001f8a913c140: ;   {metadata('java/io/File')}
  0x000001f8a913c140: 0000 00c7 | 4008 10f6 | 0400 4489 | 600c 4c89 | 6010 4c89 | 6018 4c8b | d04c 8994 | 24a8 0000 
  0x000001f8a913c160: 0048 8b54 | 2478 41b8 | 2f00 0000 | 41b9 5c00 | 0000 6690 

  0x000001f8a913c174: ;   {optimized virtual_call}
  0x000001f8a913c174: c5f8 77e8 

  0x000001f8a913c178: ; ImmutableOopMap {rbp=Oop [40]=Oop [72]=Oop [80]=Oop [88]=Oop [96]=NarrowOop [100]=NarrowOop [120]=Oop [136]=Oop [144]=Oop [152]=Oop [160]=Oop [168]=Oop }
                      ;*invokevirtual replace {reexecute=0 rethrow=0 return_oop=1}
                      ; - jdk.internal.loader.URLClassPath$FileLoader::getResource@70
                      ; - jdk.internal.loader.URLClassPath::getResource@53
                      ; - java.net.URLClassLoader$1::run@26
                      ; - java.net.URLClassLoader$1::run@1
                      ; - java.security.AccessController::executePrivileged@29
                      ; - java.security.AccessController::doPrivileged@13
                      ; - java.net.URLClassLoader::findClass@13
                      ; - java.lang.ClassLoader::loadClass@69
  0x000001f8a913c178: 0429 7aff 

  0x000001f8a913c17c: ;   {other}
  0x000001f8a913c17c: 0f1f 8400 | ec3d 0039 | 4889 8424 | b000 0000 | 4180 7f40 | 000f 85ff | 2300 004c | 8b94 24a8 
  0x000001f8a913c19c: 0000 0045 | 8962 144c | 8b94 24b0 | 0000 0045 | 8b4a 1444 | 8b54 2464 

  0x000001f8a913c1b4: ; implicit exception: dispatches to 0x000001f8a91436a0
  0x000001f8a913c1b4: 458b 5a10 | 4489 9c24 | b800 0000 

  0x000001f8a913c1c0: ; implicit exception: dispatches to 0x000001f8a9143190
  0x000001f8a913c1c0: 458b 5b14 

  0x000001f8a913c1c4: ; implicit exception: dispatches to 0x000001f8a9143204
  0x000001f8a913c1c4: 458b 530c | 4585 d20f | 86e7 5200 | 0045 8b51 | 0c4c 8b9c | 24b0 0000 | 0045 0fbe 

  0x000001f8a913c1e0: ;   {oop(a 'java/io/WinNTFileSystem'{0x00000000808ac4a8})}
  0x000001f8a913c1e0: 4310 49bb | a8c4 8a80 | 0000 0000 | 450f b75b | 0c44 899c | 24bc 0000 | 00c4 423a | f7da 4489 
  0x000001f8a913c200: 9c24 c000 | 0000 4585 | db0f 8e0f 

  0x000001f8a913c20c: ;   {oop(a 'java/io/WinNTFileSystem'{0x00000000808ac4a8})}
  0x000001f8a913c20c: 1000 0049 | baa8 c48a | 8000 0000 | 0045 0fb7 | 520e 4489 | 9424 c400 | 0000 41bb | 0300 0000 
  0x000001f8a913c22c: 4533 d245 | 33c9 4489 | 9c24 f000 | 0000 4489 | 9424 ec00 | 0000 4489 | 8c24 e800 | 0000 eb37 
  0x000001f8a913c24c: 0f1f 4000 | 4183 fa3a | 0f84 9105 | 0000 448b | 9c24 ec00 | 0000 41ff | c344 899c | 24ec 0000 
  0x000001f8a913c26c: 0044 3b9c | 24c0 0000 | 000f 8d71 | 0100 0044 | 8994 24e8 | 0000 004c | 8b94 24b0 | 0000 0045 
  0x000001f8a913c28c: 8b42 1441 | 807a 1000 | 0f85 8d27 | 0000 418b | 680c 448b | 9c24 ec00 | 0000 443b | dd0f 83c2 
  0x000001f8a913c2ac: 2e00 0047 | 0fb6 5418 | 1066 6666 | 0f1f 8400 | 0000 0000 | 443b 9424 | c400 0000 | 0f84 570e 
  0x000001f8a913c2cc: 0000 443b | 9424 bc00 | 0000 0f85 | 74ff ffff | 448b 9c24 | e800 0000 | 443b 9c24 | bc00 0000 
  0x000001f8a913c2ec: 0f85 5eff | ffff ba45 | ffff ff48 | 8bac 2490 | 0000 0044 | 8b44 2430 | 4489 4424 | 204c 8b5c 
  0x000001f8a913c30c: ;   {no_reloc}
  0x000001f8a913c30c: 2438 4c89 | 5c24 304c | 8b5c 2440 | 4c89 5c24 | 384c 8b5c | 2450 4c89 | 5c24 404c | 8b9c 2488 
  0x000001f8a913c32c: 0000 004c | 895c 2448 | 4c8b 5c24 | 584c 895c | 2450 448b | 4424 6044 | 8944 2424 | 448b 5c24 
  0x000001f8a913c34c: 6844 895c | 2460 4c8b | 5c24 784c | 895c 2468 | 4c8b 9c24 | 9800 0000 | 4c89 9c24 | 8000 0000 
  0x000001f8a913c36c: 4c8b 9c24 | a000 0000 | 4c89 9c24 | 8800 0000 | 4c8b 9c24 | a800 0000 | 4c89 9c24 | 9800 0000 
  0x000001f8a913c38c: 4c89 9c24 | a000 0000 | 448b 8424 | b800 0000 | 4489 4424 | 644c 8b9c | 24b0 0000 | 004c 899c 
  0x000001f8a913c3ac: 24a8 0000 | 0044 8b9c | 24c0 0000 | 0044 899c | 24b0 0000 | 0044 8b9c | 24c4 0000 | 0044 899c 
  0x000001f8a913c3cc: 24b8 0000 | 0044 8994 | 24c4 0000 | 0066 6690 

  0x000001f8a913c3dc: ;   {runtime_call UncommonTrapBlob}
  0x000001f8a913c3dc: c5f8 77e8 

  0x000001f8a913c3e0: ; ImmutableOopMap {rbp=Oop [36]=NarrowOop [64]=Oop [72]=Oop [80]=Oop [100]=NarrowOop [104]=Oop [128]=Oop [136]=Oop [152]=Oop [160]=Oop [168]=Oop }
                      ;*if_icmpne {reexecute=1 rethrow=0 return_oop=0}
                      ; - (reexecute) java.io.WinNTFileSystem::normalize@74
                      ; - java.io.File::<init>@73
                      ; - jdk.internal.loader.URLClassPath$FileLoader::getResource@73
                      ; - jdk.internal.loader.URLClassPath::getResource@53
                      ; - java.net.URLClassLoader$1::run@26
                      ; - java.net.URLClassLoader$1::run@1
                      ; - java.security.AccessController::executePrivileged@29
                      ; - java.security.AccessController::doPrivileged@13
                      ; - java.net.URLClassLoader::findClass@13
                      ; - java.lang.ClassLoader::loadClass@69
  0x000001f8a913c3e0: 9c7f 7aff 

  0x000001f8a913c3e4: ;   {other}
  0x000001f8a913c3e4: 0f1f 8400 | 5440 003a | 458b c244 | 3b84 24bc | 0000 000f | 84e8 1100 | 004c 8b8c | 24b0 0000 
  0x000001f8a913c404: 0044 8b94 | 24b8 0000 | 004d 8bc2 

  0x000001f8a913c410: ;   {oop(a 'java/io/WinNTFileSystem'{0x00000000808ac4a8})}
  0x000001f8a913c410: 48ba a8c4 | 8a80 0000 | 0000 488b | ac24 9000 | 0000 6690 

  0x000001f8a913c424: ;   {optimized virtual_call}
  0x000001f8a913c424: c5f8 77e8 

  0x000001f8a913c428: ; ImmutableOopMap {rbp=Oop [40]=Oop [72]=Oop [80]=Oop [88]=Oop [96]=NarrowOop [120]=Oop [136]=Oop [144]=Oop [152]=Oop [160]=Oop [168]=Oop }
                      ;*invokevirtual resolve {reexecute=0 rethrow=0 return_oop=1}
                      ; - java.io.File::<init>@76
                      ; - jdk.internal.loader.URLClassPath$FileLoader::getResource@73
                      ; - jdk.internal.loader.URLClassPath::getResource@53
                      ; - java.net.URLClassLoader$1::run@26
                      ; - java.net.URLClassLoader$1::run@1
                      ; - java.security.AccessController::executePrivileged@29
                      ; - java.security.AccessController::doPrivileged@13
                      ; - java.net.URLClassLoader::findClass@13
                      ; - java.lang.ClassLoader::loadClass@69
  0x000001f8a913c428: 5426 7aff 

  0x000001f8a913c42c: ;   {other}
  0x000001f8a913c42c: 0f1f 8400 | 9c40 003b | 488b d866 | 0f1f 8400 | 0000 0000 | 4180 7f40 | 000f 8505 | 2200 004c 
  0x000001f8a913c44c: 8bdb 4c8b | 9424 a800 | 0000 4589 | 5a10 4c8b | db4d 33da | 49c1 eb14 | 4d85 db0f | 8464 2100 
  0x000001f8a913c46c: 0048 85db | 0f84 6721 | 0000 49c1 | ea09 48b9 | 0000 6ab0 | f801 0000 | 4903 ca80 | 3902 0f85 
  0x000001f8a913c48c: ff21 0000 | 4c8b d34c | 8994 24b0 | 0000 0045 | 8b52 1445 | 8bc2 458b | 5a0c 418b | cb4c 8b94 
  0x000001f8a913c4ac: 24b0 0000 | 0045 0fbe | 5210 c442 | 2af7 db44 | 899c 24b8 | 0000 0045 | 85db 0f84 | bc55 0000 
  0x000001f8a913c4cc: ;   {oop(a 'java/io/WinNTFileSystem'{0x00000000808ac4a8})}
  0x000001f8a913c4cc: 49bb a8c4 | 8a80 0000 | 0000 450f | b74b 0c44 | 898c 24bc | 0000 0045 | 85d2 0f85 | 0440 0000 
  0x000001f8a913c4ec: 448b d945 | 85db 0f86 | 5050 0000 | 458b d045 | 0fb6 5210 | 4489 9424 | c000 0000 | 448b 9c24 
  0x000001f8a913c50c: b800 0000 | 4183 fb01 | 0f8e 0225 | 0000 4c8b | 9424 b000 | 0000 458b | 5214 458b | c24c 8b94 
  0x000001f8a913c52c: 24b0 0000 | 0041 807a | 1000 0f85 | d83f 0000 | 458b d090 

  0x000001f8a913c540: ; implicit exception: dispatches to 0x000001f8a914345c
  0x000001f8a913c540: 418b 6a0c | 83fd 010f | 86bf 5000 | 0045 0fb6 | 5a11 458b | cb44 8b9c | 24c0 0000 | 0066 6690 
  0x000001f8a913c560: 443b 9c24 | bc00 0000 | 0f84 ae55 | 0000 448b | 9424 c000 | 0000 4183 | c29f 660f | 1f44 0000 
  0x000001f8a913c580: 4183 fa1a | 0f82 d600 | 0000 4183 | fb41 0f8c | fa1f 0000 | 4183 fb5a | 0f8e c200 | 0000 ba45 
  0x000001f8a913c5a0: ffff ff48 | 8bac 2490 | 0000 0044 | 8b54 2430 | 4489 5424 | 204c 8b54 | 2438 4c89 | 5424 304c 
  0x000001f8a913c5c0: 8b54 2440 | 4c89 5424 

  0x000001f8a913c5c8: ;   {no_reloc}
  0x000001f8a913c5c8: 384c 8b54 | 2450 4c89 | 5424 404c | 8b94 2488 | 0000 004c | 8954 2448 | 4c8b 5424 | 584c 8954 
  0x000001f8a913c5e8: 2450 448b | 5c24 6044 | 895c 2424 | 448b 5424 | 6844 8954 | 2460 4c8b | 5424 784c | 8954 2468 
  0x000001f8a913c608: 4c8b 9424 | 9800 0000 | 4c89 9424 | 8000 0000 | 4c8b 9424 | a000 0000 | 4c89 9424 | 8800 0000 
  0x000001f8a913c628: 4c8b 9424 | a800 0000 | 4c89 9424 | 9800 0000 | 4c8b 9424 | b000 0000 | 4c89 9424 | a000 0000 
  0x000001f8a913c648: 4489 8c24 | ac00 0000 

  0x000001f8a913c650: ;   {runtime_call UncommonTrapBlob}
  0x000001f8a913c650: c5f8 77e8 

  0x000001f8a913c654: ; ImmutableOopMap {rbp=Oop [36]=NarrowOop [64]=Oop [72]=Oop [80]=Oop [104]=Oop [128]=Oop [136]=Oop [152]=Oop [160]=Oop }
                      ;*if_icmpgt {reexecute=1 rethrow=0 return_oop=0}
                      ; - (reexecute) java.io.WinNTFileSystem::isLetter@21
                      ; - java.io.WinNTFileSystem::prefixLength@58
                      ; - java.io.File::<init>@104
                      ; - jdk.internal.loader.URLClassPath$FileLoader::getResource@73
                      ; - jdk.internal.loader.URLClassPath::getResource@53
                      ; - java.net.URLClassLoader$1::run@26
                      ; - java.net.URLClassLoader$1::run@1
                      ; - java.security.AccessController::executePrivileged@29
                      ; - java.security.AccessController::doPrivileged@13
                      ; - java.net.URLClassLoader::findClass@13
                      ; - java.lang.ClassLoader::loadClass@69
  0x000001f8a913c654: 287d 7aff 

  0x000001f8a913c658: ;   {other}
  0x000001f8a913c658: 0f1f 8400 | c842 003c | 4183 f93a | 0f85 241f | 0000 448b | 9c24 b800 | 0000 4183 | fb02 0f8e 
  0x000001f8a913c678: bf52 0000 | 4c8b 9424 | b000 0000 | 450f be5a | 1045 8b42 | 1445 85db | 0f85 a23e | 0000 418b 
  0x000001f8a913c698: 680c 660f | 1f44 0000 | 83fd 020f | 8613 5000 | 0045 0fb6 | 4012 443b | 8424 bc00 | 0000 0f85 
  0x000001f8a913c6b8: 1c53 0000 | 448b 8424 | f000 0000 | 4c8b 9424 | a800 0000 | 4589 420c | 498b d248 | 8bac 2490 
  0x000001f8a913c6d8: 0000 0090 

  0x000001f8a913c6dc: ;   {optimized virtual_call}
  0x000001f8a913c6dc: c5f8 77e8 

  0x000001f8a913c6e0: ; ImmutableOopMap {rbp=Oop [40]=Oop [72]=Oop [80]=Oop [88]=Oop [96]=NarrowOop [120]=Oop [136]=Oop [144]=Oop [152]=Oop [160]=Oop }
                      ;*invokevirtual getCanonicalFile {reexecute=0 rethrow=0 return_oop=1}
                      ; - jdk.internal.loader.URLClassPath$FileLoader::getResource@76
                      ; - jdk.internal.loader.URLClassPath::getResource@53
                      ; - java.net.URLClassLoader$1::run@26
                      ; - java.net.URLClassLoader$1::run@1
                      ; - java.security.AccessController::executePrivileged@29
                      ; - java.security.AccessController::doPrivileged@13
                      ; - java.net.URLClassLoader::findClass@13
                      ; - java.lang.ClassLoader::loadClass@69
  0x000001f8a913c6e0: 9c23 7aff 

  0x000001f8a913c6e4: ;   {other}
  0x000001f8a913c6e4: 0f1f 8400 | 5443 003d 

  0x000001f8a913c6ec: ; implicit exception: dispatches to 0x000001f8a9143360
  0x000001f8a913c6ec: 448b 5010 | 488b 8c24 | 9800 0000 | 448b 5914 | 0f1f 4000 

  0x000001f8a913c700: ; implicit exception: dispatches to 0x000001f8a91433d4
  0x000001f8a913c700: 418b 6b10 | 4585 d20f | 8442 4d00 | 0048 8944 | 2420 4c8b | c549 8bd2 | 488b ac24 | 9000 0000 
  0x000001f8a913c720: ;   {optimized virtual_call}
  0x000001f8a913c720: c5f8 77e8 

  0x000001f8a913c724: ; ImmutableOopMap {rbp=Oop [32]=Oop [40]=Oop [72]=Oop [80]=Oop [88]=Oop [96]=NarrowOop [120]=Oop [136]=Oop [144]=Oop [152]=Oop [160]=Oop }
                      ;*invokevirtual startsWith {reexecute=0 rethrow=0 return_oop=0}
                      ; - jdk.internal.loader.URLClassPath$FileLoader::getResource@93
                      ; - jdk.internal.loader.URLClassPath::getResource@53
                      ; - java.net.URLClassLoader$1::run@26
                      ; - java.net.URLClassLoader$1::run@1
                      ; - java.security.AccessController::executePrivileged@29
                      ; - java.security.AccessController::doPrivileged@13
                      ; - java.net.URLClassLoader::findClass@13
                      ; - java.lang.ClassLoader::loadClass@69
  0x000001f8a913c724: 5823 7aff 

  0x000001f8a913c728: ;   {other}
  0x000001f8a913c728: 0f1f 8400 | 9843 003e | 85c0 0f84 | b101 0000 | 4c8b 5424 | 204c 8994 | 24b8 0000 | 0048 8b94 
  0x000001f8a913c748: 24b8 0000 | 0048 8bac | 2490 0000 | 0066 6690 

  0x000001f8a913c758: ;   {optimized virtual_call}
  0x000001f8a913c758: c5f8 77e8 

  0x000001f8a913c75c: ; ImmutableOopMap {rbp=Oop [40]=Oop [72]=Oop [80]=Oop [88]=Oop [96]=NarrowOop [120]=Oop [136]=Oop [144]=Oop [152]=Oop [160]=Oop [184]=Oop }
                      ;*invokevirtual exists {reexecute=0 rethrow=0 return_oop=0}
                      ; - jdk.internal.loader.URLClassPath$FileLoader::getResource@125
                      ; - jdk.internal.loader.URLClassPath::getResource@53
                      ; - java.net.URLClassLoader$1::run@26
                      ; - java.net.URLClassLoader$1::run@1
                      ; - java.security.AccessController::executePrivileged@29
                      ; - java.security.AccessController::doPrivileged@13
                      ; - java.net.URLClassLoader::findClass@13
                      ; - java.lang.ClassLoader::loadClass@69
  0x000001f8a913c75c: 2023 7aff 

  0x000001f8a913c760: ;   {other}
  0x000001f8a913c760: 0f1f 8400 | d043 003f | 85c0 0f84 | 7901 0000 | 498b 87b8 | 0100 004c | 8bd0 4983 | c220 6690 
  0x000001f8a913c780: 4d3b 97c8 | 0100 000f | 8319 2800 | 004d 8997 | b801 0000 | 410f 0d8a | c000 0000 | 48c7 0001 
  0x000001f8a913c7a0: ;   {metadata('jdk/internal/loader/URLClassPath$FileLoader$1')}
  0x000001f8a913c7a0: 0000 00c7 | 4008 f092 | 4e01 4489 | 600c 4c89 | 6010 4c89 | 6018 4c8b | 5424 784d | 8bda 4489 
  0x000001f8a913c7c0: 5810 4c8b | 9c24 9800 | 0000 4489 | 581c 4c8b | 9c24 a000 | 0000 4489 | 5814 4c8b | 9c24 b800 
  0x000001f8a913c7e0: 0000 4489 | 5818 e9f5 | d0ff ff44 | 8b9c 24ec | 0000 0041 | 83fb 017e 

  0x000001f8a913c7f8: ;   {oop(a 'java/io/WinNTFileSystem'{0x00000000808ac4a8})}
  0x000001f8a913c7f8: 3f48 baa8 | c48a 8000 | 0000 004c | 8b84 24b0 | 0000 0044 | 8b8c 24c0 | 0000 0033 | ff48 8bac 
  0x000001f8a913c818: 2490 0000 | 0066 6690 

  0x000001f8a913c820: ;   {optimized virtual_call}
  0x000001f8a913c820: c5f8 77e8 

  0x000001f8a913c824: ; ImmutableOopMap {rbp=Oop [40]=Oop [72]=Oop [80]=Oop [88]=Oop [96]=NarrowOop [120]=Oop [136]=Oop [144]=Oop [152]=Oop [160]=Oop [168]=Oop [184]=NarrowOop }
                      ;*invokevirtual normalize {reexecute=0 rethrow=0 return_oop=1}
                      ; - java.io.WinNTFileSystem::normalize@111
                      ; - java.io.File::<init>@73
                      ; - jdk.internal.loader.URLClassPath$FileLoader::getResource@73
                      ; - jdk.internal.loader.URLClassPath::getResource@53
                      ; - java.net.URLClassLoader$1::run@26
                      ; - java.net.URLClassLoader$1::run@1
                      ; - java.security.AccessController::executePrivileged@29
                      ; - java.security.AccessController::doPrivileged@13
                      ; - java.net.URLClassLoader::findClass@13
                      ; - java.lang.ClassLoader::loadClass@69
  0x000001f8a913c824: 5822 7aff 

  0x000001f8a913c828: ;   {other}
  0x000001f8a913c828: 0f1f 8400 | 9844 0040 | 4c8b c8e9 | cdfb ffff | 41bb 3a00 | 0000 458b | d3e9 14fa 

  0x000001f8a913c844: ;   {metadata('jdk/internal/loader/URLClassPath$FileLoader$1')}
  0x000001f8a913c844: ffff 4181 | f8f0 924e | 010f 8505 | 5400 0033 | ede9 96de | ffff 660f | 1f44 0000 

  0x000001f8a913c860: ;   {metadata('jdk/internal/loader/URLClassPath$FileLoader$1')}
  0x000001f8a913c860: 81f9 f092 | 4e01 0f85 | 5054 0000 | 4d8b d541 | 8b52 1c8b | 520c 8994 | 24b0 0000 | 0066 6690 
  0x000001f8a913c880: e925 d2ff | ff90 c5f8 | 7748 b8ff | ffff ffff 

  0x000001f8a913c890: ;   {virtual_call}
  0x000001f8a913c890: ffff ffe8 

  0x000001f8a913c894: ; ImmutableOopMap {[40]=Oop [72]=Oop [80]=Oop [88]=Oop [112]=Oop [136]=Oop [144]=Oop [176]=NarrowOop }
                      ;*invokevirtual getBytes {reexecute=0 rethrow=0 return_oop=1}
                      ; - java.net.URLClassLoader::defineClass@179
                      ; - java.net.URLClassLoader$1::run@43
                      ; - java.net.URLClassLoader$1::run@1
                      ; - java.security.AccessController::executePrivileged@29
                      ; - java.security.AccessController::doPrivileged@13
                      ; - java.net.URLClassLoader::findClass@13
                      ; - java.lang.ClassLoader::loadClass@69
  0x000001f8a913c894: e824 7aff 

  0x000001f8a913c898: ;   {other}
  0x000001f8a913c898: 0f1f 8400 | 0845 0041 | 4889 8424 | a000 0000 | e90f deff | ff48 8974 | 2428 e9a2 | ddff ff48 
  0x000001f8a913c8b8: 8bd8 448b | 5808 49ba | 0000 00b6 | f801 0000 | 4d03 d34d 

  0x000001f8a913c8cc: ;   {metadata('java/lang/Exception')}
  0x000001f8a913c8cc: 8b52 4049 | bb20 c000 | b6f8 0100 | 000f 1f80 | 0000 0000 | 4d3b d30f | 858a 4400 | 0033 c04c 
  0x000001f8a913c8ec: 8b54 2478 | e9eb cfff | ff49 8b87 | b801 0000 | 4c8b d049 | 83c2 204d | 3b97 c801 | 0000 0f83 
  0x000001f8a913c90c: 8c38 0000 | 4d89 97b8 | 0100 0041 | 0f0d 8ac0 | 0000 0048 | c700 0100 

  0x000001f8a913c924: ;   {metadata('java/io/File')}
  0x000001f8a913c924: 0000 c740 | 0810 f604 | 0044 8960 | 0c4c 8960 | 104c 8960 | 184c 8bd0 | 4c89 9424 | a800 0000 
  0x000001f8a913c944: 488b 5424 | 7841 b82f | 0000 0041 | b95c 0000 | 0066 6690 

  0x000001f8a913c958: ;   {optimized virtual_call}
  0x000001f8a913c958: c5f8 77e8 

  0x000001f8a913c95c: ; ImmutableOopMap {rbp=Oop [40]=Oop [72]=Oop [80]=Oop [88]=Oop [96]=NarrowOop [100]=NarrowOop [120]=Oop [136]=Oop [144]=Oop [152]=Oop [160]=Oop [168]=Oop }
                      ;*invokevirtual replace {reexecute=0 rethrow=0 return_oop=1}
                      ; - jdk.internal.loader.URLClassPath$FileLoader::getResource@115
                      ; - jdk.internal.loader.URLClassPath::getResource@53
                      ; - java.net.URLClassLoader$1::run@26
                      ; - java.net.URLClassLoader$1::run@1
                      ; - java.security.AccessController::executePrivileged@29
                      ; - java.security.AccessController::doPrivileged@13
                      ; - java.net.URLClassLoader::findClass@13
                      ; - java.lang.ClassLoader::loadClass@69
  0x000001f8a913c95c: 2021 7aff 

  0x000001f8a913c960: ;   {other}
  0x000001f8a913c960: 0f1f 8400 | d045 0042 | 4889 8424 | b000 0000 | 4180 7f40 | 000f 856d | 2400 004c | 8b94 24a8 
  0x000001f8a913c980: 0000 0045 | 8962 144c | 8b94 24b0 | 0000 0045 | 8b5a 1444 | 8b54 2464 

  0x000001f8a913c998: ; implicit exception: dispatches to 0x000001f8a9143bd4
  0x000001f8a913c998: 458b 4210 | 4489 8424 | b800 0000 

  0x000001f8a913c9a4: ; implicit exception: dispatches to 0x000001f8a9143814
  0x000001f8a913c9a4: 458b 5014 

  0x000001f8a913c9a8: ; implicit exception: dispatches to 0x000001f8a9143888
  0x000001f8a913c9a8: 458b 420c | 4585 c00f | 8673 5300 | 0045 8b5b | 0c4c 8b94 | 24b0 0000 | 0045 0fbe 

  0x000001f8a913c9c4: ;   {oop(a 'java/io/WinNTFileSystem'{0x00000000808ac4a8})}
  0x000001f8a913c9c4: 5210 49b8 | a8c4 8a80 | 0000 0000 | 450f b740 | 0c44 8984 | 24bc 0000 | 00c4 422a | f7db 4489 
  0x000001f8a913c9e4: 9c24 c000 | 0000 4585 | db0f 8e85 

  0x000001f8a913c9f0: ;   {oop(a 'java/io/WinNTFileSystem'{0x00000000808ac4a8})}
  0x000001f8a913c9f0: 1b00 0049 | baa8 c48a | 8000 0000 | 0045 0fb7 | 520e 4489 | 9424 c400 | 0000 41bb | 0300 0000 
  0x000001f8a913ca10: 4533 d245 | 33c0 4489 | 9c24 f000 | 0000 4489 | 9424 ec00 | 0000 4489 | 8424 e800 | 0000 eb33 
  0x000001f8a913ca30: 4183 f83a | 0f84 b504 | 0000 448b | 9c24 ec00 | 0000 41ff | c344 899c | 24ec 0000 | 0044 3b9c 
  0x000001f8a913ca50: 24c0 0000 | 000f 8d71 | 0100 0044 | 8984 24e8 | 0000 004c | 8b94 24b0 | 0000 0045 | 8b5a 1445 
  0x000001f8a913ca70: 8bcb 4180 | 7a10 000f | 8553 3600 | 0066 6690 

  0x000001f8a913ca80: ; implicit exception: dispatches to 0x000001f8a9142f8c
  0x000001f8a913ca80: 418b 6b0c | 448b 9424 | ec00 0000 | 443b d50f | 830f 3800 | 0047 0fb6 | 5413 1045 | 8bc2 6690 
  0x000001f8a913caa0: 443b 8424 | c400 0000 | 0f84 d70d | 0000 443b | 8424 bc00 | 0000 0f85 | 74ff ffff | 448b 9424 
  0x000001f8a913cac0: e800 0000 | 443b 9424 | bc00 0000 | 0f85 5eff | ffff ba45 | ffff ff48 | 8bac 2490 | 0000 0044 
  0x000001f8a913cae0: 8b5c 2430 | 4489 5c24 | 204c 8b54 | 2438 4c89 

  0x000001f8a913caf0: ;   {no_reloc}
  0x000001f8a913caf0: 5424 304c | 8b54 2440 | 4c89 5424 | 384c 8b54 | 2450 4c89 | 5424 404c | 8b94 2488 | 0000 004c 
  0x000001f8a913cb10: 8954 2448 | 4c8b 5424 | 584c 8954 | 2450 448b | 5424 6044 | 8954 2424 | 4c8b 5424 | 7844 8b5c 
  0x000001f8a913cb30: 2468 4489 | 5c24 604c | 8954 2468 | 4c8b 9424 | 9800 0000 | 4c89 9424 | 8000 0000 | 4c8b 9424 
  0x000001f8a913cb50: a000 0000 | 4c89 9424 | 8800 0000 | 4c8b 9424 | a800 0000 | 4c89 9424 | 9800 0000 | 4c89 9424 
  0x000001f8a913cb70: a000 0000 | 448b 9424 | b800 0000 | 4489 5424 | 644c 8b94 | 24b0 0000 | 004c 8994 | 24a8 0000 
  0x000001f8a913cb90: 0044 8b9c | 24c0 0000 | 0044 899c | 24b0 0000 | 0044 8b9c | 24c4 0000 | 0044 899c | 24b8 0000 
  0x000001f8a913cbb0: 0044 8984 | 24c4 0000 | 0066 6690 

  0x000001f8a913cbbc: ;   {runtime_call UncommonTrapBlob}
  0x000001f8a913cbbc: c5f8 77e8 

  0x000001f8a913cbc0: ; ImmutableOopMap {rbp=Oop [36]=NarrowOop [64]=Oop [72]=Oop [80]=Oop [100]=NarrowOop [104]=Oop [128]=Oop [136]=Oop [152]=Oop [160]=Oop [168]=Oop }
                      ;*if_icmpne {reexecute=1 rethrow=0 return_oop=0}
                      ; - (reexecute) java.io.WinNTFileSystem::normalize@74
                      ; - java.io.File::<init>@73
                      ; - jdk.internal.loader.URLClassPath$FileLoader::getResource@118
                      ; - jdk.internal.loader.URLClassPath::getResource@53
                      ; - java.net.URLClassLoader$1::run@26
                      ; - java.net.URLClassLoader$1::run@1
                      ; - java.security.AccessController::executePrivileged@29
                      ; - java.security.AccessController::doPrivileged@13
                      ; - java.net.URLClassLoader::findClass@13
                      ; - java.lang.ClassLoader::loadClass@69
  0x000001f8a913cbc0: bc77 7aff 

  0x000001f8a913cbc4: ;   {other}
  0x000001f8a913cbc4: 0f1f 8400 | 3448 0043 | 458b d044 | 3b94 24bc | 0000 000f | 8417 1b00 | 004c 8b8c | 24b0 0000 
  0x000001f8a913cbe4: 0044 8b9c | 24b8 0000 | 004d 8bc3 

  0x000001f8a913cbf0: ;   {oop(a 'java/io/WinNTFileSystem'{0x00000000808ac4a8})}
  0x000001f8a913cbf0: 48ba a8c4 | 8a80 0000 | 0000 488b | ac24 9000 | 0000 6690 

  0x000001f8a913cc04: ;   {optimized virtual_call}
  0x000001f8a913cc04: c5f8 77e8 

  0x000001f8a913cc08: ; ImmutableOopMap {rbp=Oop [40]=Oop [72]=Oop [80]=Oop [88]=Oop [96]=NarrowOop [120]=Oop [136]=Oop [144]=Oop [152]=Oop [160]=Oop [168]=Oop }
                      ;*invokevirtual resolve {reexecute=0 rethrow=0 return_oop=1}
                      ; - java.io.File::<init>@76
                      ; - jdk.internal.loader.URLClassPath$FileLoader::getResource@118
                      ; - jdk.internal.loader.URLClassPath::getResource@53
                      ; - java.net.URLClassLoader$1::run@26
                      ; - java.net.URLClassLoader$1::run@1
                      ; - java.security.AccessController::executePrivileged@29
                      ; - java.security.AccessController::doPrivileged@13
                      ; - java.net.URLClassLoader::findClass@13
                      ; - java.lang.ClassLoader::loadClass@69
  0x000001f8a913cc08: 741e 7aff 

  0x000001f8a913cc0c: ;   {other}
  0x000001f8a913cc0c: 0f1f 8400 | 7c48 0044 | 4889 8424 | b000 0000 | 0f1f 4000 | 4180 7f40 | 000f 857d | 2200 004c 
  0x000001f8a913cc2c: 8b94 24b0 | 0000 004c | 8b9c 24a8 | 0000 0045 | 8953 104d | 8bd3 4c8b | 9c24 b000 | 0000 4d33 
  0x000001f8a913cc4c: da49 c1eb | 144d 85db | 0f84 cb21 | 0000 4c8b | 9c24 b000 | 0000 4d85 | db0f 84cb | 2100 0049 
  0x000001f8a913cc6c: c1ea 0948 | b900 006a | b0f8 0100 | 0049 03ca | 0f1f 4000 | 8039 020f | 855c 2200 | 004c 8b94 
  0x000001f8a913cc8c: 24b0 0000 | 0045 8b52 | 1445 8bca 

  0x000001f8a913cc98: ; implicit exception: dispatches to 0x000001f8a9143970
  0x000001f8a913cc98: 458b 5a0c | 458b c34c | 8b94 24b0 | 0000 0045 | 0fbe 5a10 | c442 22f7 | d044 8994 | 24b8 0000 
  0x000001f8a913ccb8: 000f 1f80 | 0000 0000 | 4585 d20f | 847f 5400 

  0x000001f8a913ccc8: ;   {oop(a 'java/io/WinNTFileSystem'{0x00000000808ac4a8})}
  0x000001f8a913ccc8: 0049 baa8 | c48a 8000 | 0000 0041 | 0fb7 4a0c | 898c 24bc | 0000 0090 | 4585 db0f | 85f7 4e00 
  0x000001f8a913cce8: 0045 85c0 | 0f86 c650 | 0000 450f | b651 1044 | 8994 24c0 | 0000 0044 | 8b94 24b8 | 0000 0041 
  0x000001f8a913cd08: 83fa 010f | 8ee3 3100 | 004c 8b94 | 24b0 0000 | 0045 8b52 | 1445 8bca | 4c8b 9424 | b000 0000 
  0x000001f8a913cd28: 4180 7a10 | 000f 85d5 | 4e00 0041 | 8b69 0c66 | 0f1f 8400 | 0000 0000 | 83fd 010f | 8633 5100 
  0x000001f8a913cd48: 0045 8bd1 | 450f b65a | 1145 8bc3 | 448b 9424 | c000 0000 | 0f1f 4000 | 443b 9424 | bc00 0000 
  0x000001f8a913cd68: 0f84 6e54 | 0000 448b | 9c24 c000 | 0000 4183 | c39f 660f | 1f44 0000 | 4183 fb1a | 0f82 d600 
  0x000001f8a913cd88: 0000 4183 | fa41 0f8c | 071e 0000 | 4183 fa5a | 0f8e c200 | 0000 ba45 | ffff ff48 | 8bac 2490 
  0x000001f8a913cda8: 0000 0044 | 8b54 2430 | 4489 5424 | 204c 8b54 | 2438 4c89 | 5424 304c | 8b54 2440 | 4c89 5424 
  0x000001f8a913cdc8: ;   {no_reloc}
  0x000001f8a913cdc8: 384c 8b54 | 2450 4c89 | 5424 404c | 8b94 2488 | 0000 004c | 8954 2448 | 4c8b 5424 | 584c 8954 
  0x000001f8a913cde8: 2450 448b | 5c24 6044 | 895c 2424 | 448b 5424 | 6844 8954 | 2460 4c8b | 5424 784c | 8954 2468 
  0x000001f8a913ce08: 4c8b 9424 | 9800 0000 | 4c89 9424 | 8000 0000 | 4c8b 9424 | a000 0000 | 4c89 9424 | 8800 0000 
  0x000001f8a913ce28: 4c8b 9424 | a800 0000 | 4c89 9424 | 9800 0000 | 4c8b 9424 | b000 0000 | 4c89 9424 | a000 0000 
  0x000001f8a913ce48: 4489 8424 | ac00 0000 

  0x000001f8a913ce50: ;   {runtime_call UncommonTrapBlob}
  0x000001f8a913ce50: c5f8 77e8 

  0x000001f8a913ce54: ; ImmutableOopMap {rbp=Oop [36]=NarrowOop [64]=Oop [72]=Oop [80]=Oop [104]=Oop [128]=Oop [136]=Oop [152]=Oop [160]=Oop }
                      ;*if_icmpgt {reexecute=1 rethrow=0 return_oop=0}
                      ; - (reexecute) java.io.WinNTFileSystem::isLetter@21
                      ; - java.io.WinNTFileSystem::prefixLength@58
                      ; - java.io.File::<init>@104
                      ; - jdk.internal.loader.URLClassPath$FileLoader::getResource@118
                      ; - jdk.internal.loader.URLClassPath::getResource@53
                      ; - java.net.URLClassLoader$1::run@26
                      ; - java.net.URLClassLoader$1::run@1
                      ; - java.security.AccessController::executePrivileged@29
                      ; - java.security.AccessController::doPrivileged@13
                      ; - java.net.URLClassLoader::findClass@13
                      ; - java.lang.ClassLoader::loadClass@69
  0x000001f8a913ce54: 2875 7aff 

  0x000001f8a913ce58: ;   {other}
  0x000001f8a913ce58: 0f1f 8400 | c84a 0045 | 4183 f83a | 0f85 311d | 0000 448b | 9424 b800 | 0000 4183 | fa02 0f8e 
  0x000001f8a913ce78: 8051 0000 | 4c8b 9424 | b000 0000 | 450f be52 | 104c 8b9c | 24b0 0000 | 0045 8b43 | 1445 85d2 
  0x000001f8a913ce98: 0f85 8e4d | 0000 6690 

  0x000001f8a913cea0: ; implicit exception: dispatches to 0x000001f8a9143a60
  0x000001f8a913cea0: 418b 680c | 83fd 020f | 867f 5000 | 0045 0fb6 | 5012 458b | da45 8bc3 | 0f1f 8400 | 0000 0000 
  0x000001f8a913cec0: 443b 9c24 | bc00 0000 | 0f85 ca51 | 0000 448b | 9c24 f000 | 0000 4c8b | 9424 a800 | 0000 4589 
  0x000001f8a913cee0: 5a0c 4c89 | 9424 b800 | 0000 e956 | f8ff ff44 | 8b94 24ec | 0000 0041 | 83fa 017e 

  0x000001f8a913cefc: ;   {oop(a 'java/io/WinNTFileSystem'{0x00000000808ac4a8})}
  0x000001f8a913cefc: 3f48 baa8 | c48a 8000 | 0000 004c | 8b84 24b0 | 0000 0044 | 8b8c 24c0 | 0000 0033 | ff48 8bac 
  0x000001f8a913cf1c: 2490 0000 | 0066 6690 

  0x000001f8a913cf24: ;   {optimized virtual_call}
  0x000001f8a913cf24: c5f8 77e8 

  0x000001f8a913cf28: ; ImmutableOopMap {rbp=Oop [40]=Oop [72]=Oop [80]=Oop [88]=Oop [96]=NarrowOop [120]=Oop [136]=Oop [144]=Oop [152]=Oop [160]=Oop [168]=Oop [184]=NarrowOop }
                      ;*invokevirtual normalize {reexecute=0 rethrow=0 return_oop=1}
                      ; - java.io.WinNTFileSystem::normalize@111
                      ; - java.io.File::<init>@73
                      ; - jdk.internal.loader.URLClassPath$FileLoader::getResource@118
                      ; - jdk.internal.loader.URLClassPath::getResource@53
                      ; - java.net.URLClassLoader$1::run@26
                      ; - java.net.URLClassLoader$1::run@1
                      ; - java.security.AccessController::executePrivileged@29
                      ; - java.security.AccessController::doPrivileged@13
                      ; - java.net.URLClassLoader::findClass@13
                      ; - java.lang.ClassLoader::loadClass@69
  0x000001f8a913cf28: 541b 7aff 

  0x000001f8a913cf2c: ;   {other}
  0x000001f8a913cf2c: 0f1f 8400 | 9c4b 0046 | 4c8b c8e9 | a9fc ffff | 41ba 3a00 | 0000 458b | c2e9 f0fa | ffff 85ed 
  0x000001f8a913cf4c: 0f84 d9cf | ffff 4d8b | 5728 488b | cd0f 1f80 | 0000 0000 | 4d85 d20f | 84f7 2d00 | 004d 8b5f 
  0x000001f8a913cf6c: 384b 894c | 13f8 4983 | c2f8 4d89 | 5728 e9ac | cfff ff45 | 8b5e 1445 | 85db 0f84 | 90cd ffff 
  0x000001f8a913cf8c: 4d8b 5728 | 498b cb4d | 85d2 0f84 | f82d 0000 | 4d8b 5f38 | 4b89 4c13 | f849 83c2 | f84d 8957 
  0x000001f8a913cfac: 28e9 6acd | ffff 4d8b | 5748 4d8b | 5f58 f083 | 4424 c000 | 8039 000f | 8486 cdff | ff44 8821 
  0x000001f8a913cfcc: 4d85 d275 | 2049 8bd7 | c5f8 7749 | bad0 a062 | ccf9 7f00 | 0041 ffd2 

  0x000001f8a913cfe4: ;   {other}
  0x000001f8a913cfe4: 0f1f 8400 | 0000 0000 | e95e cdff | ff4b 894c | 13f8 4983 | c2f8 4d89 | 5748 6690 | e94a cdff 
  0x000001f8a913d004: ff4c 894c | 2478 4889 | 7424 284c | 896c 2470 | 4c89 9c24 | 9000 0000 | 498b d34d | 8bc1 4533 
  0x000001f8a913d024: c933 ff33 | f633 c945 | 33d2 4c89 | 1424 4c89 | 5424 084c | 8954 2410 | 4c89 9c24 | 8000 0000 
  0x000001f8a913d044: ;   {optimized virtual_call}
  0x000001f8a913d044: c5f8 77e8 

  0x000001f8a913d048: ; ImmutableOopMap {[40]=Oop [72]=Oop [80]=Oop [88]=Oop [112]=Oop [120]=Oop [128]=Oop [136]=Oop [144]=Oop [168]=Oop [176]=NarrowOop }
                      ;*invokevirtual definePackage {reexecute=0 rethrow=0 return_oop=1}
                      ; - java.net.URLClassLoader::defineClass@81
                      ; - java.net.URLClassLoader$1::run@43
                      ; - java.net.URLClassLoader$1::run@1
                      ; - java.security.AccessController::executePrivileged@29
                      ; - java.security.AccessController::doPrivileged@13
                      ; - java.net.URLClassLoader::findClass@13
                      ; - java.lang.ClassLoader::loadClass@69
  0x000001f8a913d048: 341a 7aff 

  0x000001f8a913d04c: ;   {other}
  0x000001f8a913d04c: 0f1f 8400 | bc4c 0047 | e9fb d5ff | ffc4 e1f9 | 6ec2 4c8b | d94c 8974 | 2428 4889 | 7424 204c 
  0x000001f8a913d06c: 63c5 498d | 4810 488b | d148 83e2 | f849 8bf9 | 4803 fa49 | 8be9 48c1 | e903 4c2b | d149 8bca 
  0x000001f8a913d08c: 4833 c048 | 83f9 087f | 1048 ffc9 | 784f 4889 | 04cf 48ff | c97d f7eb | 44c5 f5ef | c9e9 0d00 
  0x000001f8a913d0ac: 0000 c5fe | 7f0f c5fe | 7f4f 2048 | 83c7 4048 | 83e9 087d | ed48 83c1 | 047c 0cc5 | fe7f 0f48 
  0x000001f8a913d0cc: 83c7 2048 | 83e9 0448 | 83c1 047e | 1048 ffc9 | c5f9 d60f | 4883 c708 | 48ff c97d | f349 8bcb 
  0x000001f8a913d0ec: c4e1 f97e | c2c5 f877 | 49ba c044 | 8ca8 f801 | 0000 41ff 

  0x000001f8a913d100: ;   {other}
  0x000001f8a913d100: d20f 1f84 | 0000 0000 | 004c 8b74 | 2428 4c8b | cd48 8b74 | 2420 e9f6 | cbff ff48 | 8954 2450 
  0x000001f8a913d120: e915 beff | ff44 8b9c | 24e8 0000 | 0044 3b9c | 24bc 0000 | 000f 84f1 

  0x000001f8a913d138: ;   {oop(a 'java/io/WinNTFileSystem'{0x00000000808ac4a8})}
  0x000001f8a913d138: 5100 0048 | baa8 c48a | 8000 0000 | 004c 8b84 | 24b0 0000 | 0044 8b8c | 24c0 0000 | 008b bc24 
  0x000001f8a913d158: ec00 0000 | 488b ac24 | 9000 0000 

  0x000001f8a913d164: ;   {optimized virtual_call}
  0x000001f8a913d164: c5f8 77e8 

  0x000001f8a913d168: ; ImmutableOopMap {rbp=Oop [40]=Oop [72]=Oop [80]=Oop [88]=Oop [96]=NarrowOop [120]=Oop [136]=Oop [144]=Oop [152]=Oop [160]=Oop [168]=Oop [184]=NarrowOop }
                      ;*invokevirtual normalize {reexecute=0 rethrow=0 return_oop=1}
                      ; - java.io.WinNTFileSystem::normalize@61
                      ; - java.io.File::<init>@73
                      ; - jdk.internal.loader.URLClassPath$FileLoader::getResource@73
                      ; - jdk.internal.loader.URLClassPath::getResource@53
                      ; - java.net.URLClassLoader$1::run@26
                      ; - java.net.URLClassLoader$1::run@1
                      ; - java.security.AccessController::executePrivileged@29
                      ; - java.security.AccessController::doPrivileged@13
                      ; - java.net.URLClassLoader::findClass@13
                      ; - java.lang.ClassLoader::loadClass@69
  0x000001f8a913d168: 1419 7aff 

  0x000001f8a913d16c: ;   {other}
  0x000001f8a913d16c: 0f1f 8400 | dc4d 0048 | 4c8b c8e9 | 89f2 ffff | 4533 f64c | 8b6c 2470 | 448b 9424 | a000 0000 
  0x000001f8a913d18c: 4489 9424 | b000 0000 | 4c8b 5424 | 2049 8bf2 | 0f1f 4000 | e9b3 cdff | ff33 c0e9 | dccd ffff 
  0x000001f8a913d1ac: 4489 4424 

  0x000001f8a913d1b0: ;   {metadata('java/lang/Object')}
  0x000001f8a913d1b0: 2c48 ba90 | 0e00 b6f8 | 0100 0048 | 8b6c 2448 | 4c8b 9424 | 8800 0000 | 4c89 5424 | 2066 6690 
  0x000001f8a913d1d0: ;   {runtime_call _new_instance_Java}
  0x000001f8a913d1d0: c5f8 77e8 

  0x000001f8a913d1d4: ; ImmutableOopMap {rbp=Oop [32]=Oop [44]=NarrowOop [72]=Oop [136]=Oop }
                      ;*new {reexecute=0 rethrow=0 return_oop=1}
                      ; - java.lang.ClassLoader::getClassLoadingLock@9
                      ; - java.lang.ClassLoader::loadClass@2
  0x000001f8a913d1d4: 2823 7dff 

  0x000001f8a913d1d8: ;   {other}
  0x000001f8a913d1d8: 0f1f 8400 | 484e 0049 | e919 bdff | ff48 895c | 2470 4489 | 5424 6848 

  0x000001f8a913d1f0: ;   {metadata('jdk/internal/loader/URLClassPath$JarLoader$1')}
  0x000001f8a913d1f0: 8be9 48ba | e82b 21b6 | f801 0000 

  0x000001f8a913d1fc: ;   {runtime_call _new_instance_Java}
  0x000001f8a913d1fc: c5f8 77e8 

  0x000001f8a913d200: ; ImmutableOopMap {[40]=Oop [72]=Oop [80]=Oop [88]=Oop [96]=NarrowOop [112]=Oop [120]=Oop [136]=Oop [144]=Oop }
                      ;*new {reexecute=0 rethrow=0 return_oop=1}
                      ; - jdk.internal.loader.URLClassPath$JarLoader::ensureOpen@7
                      ; - jdk.internal.loader.URLClassPath$JarLoader::getResource@1
                      ; - jdk.internal.loader.URLClassPath::getResource@53
                      ; - java.net.URLClassLoader$1::run@26
                      ; - java.net.URLClassLoader$1::run@1
                      ; - java.security.AccessController::executePrivileged@29
                      ; - java.security.AccessController::doPrivileged@13
                      ; - java.net.URLClassLoader::findClass@13
                      ; - java.lang.ClassLoader::loadClass@69
  0x000001f8a913d200: fc22 7dff 

  0x000001f8a913d204: ;   {other}
  0x000001f8a913d204: 0f1f 8400 | 744e 004a | 488b cd44 | 8b54 2468 | 488b 5c24 | 70e9 90c7 | ffff 41ba | 0300 0000 
  0x000001f8a913d224: 4533 c044 | 8994 24f0 | 0000 00e9 | bbf1 ffff | 33d2 897c | 2434 e94d | d0ff ff89 | 6c24 704c 
  0x000001f8a913d244: 895c 2468 | 4489 4c24 | 6444 8944 | 2460 894c | 2434 4c89 | 5424 5848 | 897c 2428 | 4889 5c24 
  0x000001f8a913d264: 204c 89b4 | 2490 0000 | 0048 8b6c 

  0x000001f8a913d270: ;   {metadata({type array byte})}
  0x000001f8a913d270: 2448 48ba | 1823 00b6 | f801 0000 | 448b 4424 | 7048 8984 | 2498 0000 | 0066 6690 

  0x000001f8a913d28c: ;   {runtime_call _new_array_Java}
  0x000001f8a913d28c: c5f8 77e8 

  0x000001f8a913d290: ; ImmutableOopMap {rbp=Oop [32]=Oop [40]=Oop [80]=Oop [88]=Oop [136]=Oop [144]=Oop }
                      ;*invokevirtual allocateUninitializedArray0 {reexecute=0 rethrow=0 return_oop=1}
                      ; - jdk.internal.misc.Unsafe::allocateUninitializedArray@51
                      ; - java.lang.StringConcatHelper::newArray@33
                      ; - java.lang.StringConcatHelper::simpleConcat@61
                      ; - java.lang.String::concat@11
                      ; - java.net.URLClassLoader$1::run@13
                      ; - java.net.URLClassLoader$1::run@1
                      ; - java.security.AccessController::executePrivileged@29
                      ; - java.security.AccessController::doPrivileged@13
                      ; - java.net.URLClassLoader::findClass@13
                      ; - java.lang.ClassLoader::loadClass@69
  0x000001f8a913d290: 6c1f 7dff 

  0x000001f8a913d294: ;   {other}
  0x000001f8a913d294: 0f1f 8400 | 044f 004b | 4889 6c24 | 484c 8bb4 | 2490 0000 | 0048 8b5c | 2420 488b | 7c24 284c 
  0x000001f8a913d2b4: 8b54 2458 | 8b4c 2434 | 448b 4424 | 6044 8b4c | 2464 4c8b | 5c24 688b | 6c24 7048 | 8bf0 e98f 
  0x000001f8a913d2d4: c4ff ff48 | 8974 2428 | 4889 5c24 | 204c 89b4 | 2490 0000 | 0048 8b6c 

  0x000001f8a913d2ec: ;   {metadata('java/lang/String')}
  0x000001f8a913d2ec: 2448 48ba | 78e8 00b6 | f801 0000 | 4c8b 9424 | 8800 0000 | 4c89 5424 | 684c 8974 | 2470 6690 
  0x000001f8a913d30c: ;   {runtime_call _new_instance_Java}
  0x000001f8a913d30c: c5f8 77e8 

  0x000001f8a913d310: ; ImmutableOopMap {rbp=Oop [32]=Oop [40]=Oop [80]=Oop [104]=Oop [112]=Oop [136]=Oop [144]=Oop }
                      ;*new {reexecute=0 rethrow=0 return_oop=1}
                      ; - java.lang.StringConcatHelper::newString@6
                      ; - java.lang.StringConcatHelper::simpleConcat@90
                      ; - java.lang.String::concat@11
                      ; - java.net.URLClassLoader$1::run@13
                      ; - java.net.URLClassLoader$1::run@1
                      ; - java.security.AccessController::executePrivileged@29
                      ; - java.security.AccessController::doPrivileged@13
                      ; - java.net.URLClassLoader::findClass@13
                      ; - java.lang.ClassLoader::loadClass@69
  0x000001f8a913d310: ec21 7dff 

  0x000001f8a913d314: ;   {other}
  0x000001f8a913d314: 0f1f 8400 | 844f 004c | 4889 6c24 | 484c 8b74 | 2470 488b | 5c24 2048 | 8b74 2428 | e9eb c4ff 
  0x000001f8a913d334: ;   {metadata('java/lang/ClassNotFoundException')}
  0x000001f8a913d334: ff48 ba88 | 9306 b6f8 | 0100 0090 

  0x000001f8a913d340: ;   {runtime_call _new_instance_Java}
  0x000001f8a913d340: c5f8 77e8 

  0x000001f8a913d344: ; ImmutableOopMap {[80]=Oop [136]=Oop [144]=Oop }
                      ;*new {reexecute=0 rethrow=0 return_oop=1}
                      ; - java.net.URLClassLoader::findClass@36
                      ; - java.lang.ClassLoader::loadClass@69
  0x000001f8a913d344: b821 7dff 

  0x000001f8a913d348: ;   {other}
  0x000001f8a913d348: 0f1f 8400 | b84f 004d | e92a d6ff 

  0x000001f8a913d354: ;   {oop(""{0x000000008056c3c8})}
  0x000001f8a913d354: ff49 bec8 | c356 8000 | 0000 0090 | e9ee c9ff | ff4c 8bdd | 4c8b 6c24 | 7044 8b54 | 2420 4489 
  0x000001f8a913d374: 9424 b000 | 0000 4c8b | 4424 284c | 8b4c 2460 | 4c8b 5424 | 684c 8994 | 24a8 0000 | 004c 8b74 
  0x000001f8a913d394: 2478 448b | 5424 2448 | 8b8c 2480 | 0000 0049 | 8bf0 e936 | ccff ffc5 | fb11 4424 | 6844 896c 
  0x000001f8a913d3b4: 2460 8954 | 245c 4489 | 5c24 5844 | 8954 2434 | 4889 5c24 | 284c 89b4 | 2490 0000 | 004c 8b54 
  0x000001f8a913d3d4: 2448 4c89 

  0x000001f8a913d3d8: ;   {metadata({type array byte})}
  0x000001f8a913d3d8: 5424 2048 | ba18 2300 | b6f8 0100 | 0045 8bc3 | 4c8b 9424 | 8800 0000 | 4c89 9424 | 8000 0000 
  0x000001f8a913d3f8: ;   {runtime_call _new_array_Java}
  0x000001f8a913d3f8: c5f8 77e8 

  0x000001f8a913d3fc: ; ImmutableOopMap {[32]=Oop [40]=Oop [52]=NarrowOop [80]=Oop [104]=Oop [128]=Oop [136]=Oop [144]=Oop }
                      ;*invokevirtual allocateUninitializedArray0 {reexecute=0 rethrow=0 return_oop=1}
                      ; - jdk.internal.misc.Unsafe::allocateUninitializedArray@51
                      ; - java.lang.StringConcatHelper::newArray@33
                      ; - java.lang.StringLatin1::replace@49
                      ; - java.lang.String::replace@18
                      ; - java.net.URLClassLoader$1::run@8
                      ; - java.net.URLClassLoader$1::run@1
                      ; - java.security.AccessController::executePrivileged@29
                      ; - java.security.AccessController::doPrivileged@13
                      ; - java.net.URLClassLoader::findClass@13
                      ; - java.lang.ClassLoader::loadClass@69
  0x000001f8a913d3fc: 001e 7dff 

  0x000001f8a913d400: ;   {other}
  0x000001f8a913d400: 0f1f 8400 | 7050 004e | 4c8b 5424 | 204c 8954 | 2448 4c8b | b424 9000 | 0000 488b | 5c24 2844 
  0x000001f8a913d420: 8b54 2434 | 448b 5c24 | 588b 5424 | 5c44 8b6c | 2460 c5fb | 1044 2468 | 488b f80f | 1f44 0000 
  0x000001f8a913d440: e966 bfff | ff48 897c | 2428 4889 | 5c24 204c | 89b4 2490 | 0000 0048 | 8b6c 2448 

  0x000001f8a913d45c: ;   {metadata('java/lang/String')}
  0x000001f8a913d45c: 48ba 78e8 | 00b6 f801 | 0000 4c8b | 9424 8800 | 0000 4c89 | 5424 684c | 8954 2470 | 4c89 7424 
  0x000001f8a913d47c: 7866 6690 

  0x000001f8a913d480: ;   {runtime_call _new_instance_Java}
  0x000001f8a913d480: c5f8 77e8 

  0x000001f8a913d484: ; ImmutableOopMap {rbp=Oop [32]=Oop [40]=Oop [80]=Oop [104]=Oop [112]=Oop [120]=Oop [136]=Oop [144]=Oop }
                      ;*new {reexecute=0 rethrow=0 return_oop=1}
                      ; - java.lang.StringLatin1::replace@116
                      ; - java.lang.String::replace@18
                      ; - java.net.URLClassLoader$1::run@8
                      ; - java.net.URLClassLoader$1::run@1
                      ; - java.security.AccessController::executePrivileged@29
                      ; - java.security.AccessController::doPrivileged@13
                      ; - java.net.URLClassLoader::findClass@13
                      ; - java.lang.ClassLoader::loadClass@69
  0x000001f8a913d484: 7820 7dff 

  0x000001f8a913d488: ;   {other}
  0x000001f8a913d488: 0f1f 8400 | f850 004f | 4889 6c24 | 484c 8b74 | 2478 488b | 5c24 2048 | 8b7c 2428 | 4c8b d0e9 
  0x000001f8a913d4a8: abc1 ffff | 4c89 5424 

  0x000001f8a913d4b0: ;   {metadata('java/security/CodeSource')}
  0x000001f8a913d4b0: 7048 ba28 | 5c00 b6f8 | 0100 0090 

  0x000001f8a913d4bc: ;   {runtime_call _new_instance_Java}
  0x000001f8a913d4bc: c5f8 77e8 

  0x000001f8a913d4c0: ; ImmutableOopMap {rbp=Oop [40]=Oop [72]=Oop [80]=Oop [88]=Oop [112]=Oop [136]=Oop [144]=Oop [160]=Oop [176]=NarrowOop }
                      ;*new {reexecute=0 rethrow=0 return_oop=1}
                      ; - java.net.URLClassLoader::defineClass@190
                      ; - java.net.URLClassLoader$1::run@43
                      ; - java.net.URLClassLoader$1::run@1
                      ; - java.security.AccessController::executePrivileged@29
                      ; - java.security.AccessController::doPrivileged@13
                      ; - java.net.URLClassLoader::findClass@13
                      ; - java.lang.ClassLoader::loadClass@69
  0x000001f8a913d4c0: 3c20 7dff 

  0x000001f8a913d4c4: ;   {other}
  0x000001f8a913d4c4: 0f1f 8400 | 3451 0050 | e96e d2ff | ff48 8974 | 2460 448b | 9424 b000 | 0000 4489 | 5424 3489 
  0x000001f8a913d4e4: 5c24 2448 | 897c 2428 | 4489 4424 | 2041 8beb | 4c89 6c24 

  0x000001f8a913d4f8: ;   {metadata('java/lang/String')}
  0x000001f8a913d4f8: 7048 ba78 | e800 b6f8 | 0100 004c | 8b94 2490 | 0000 004c | 8954 2468 

  0x000001f8a913d510: ;   {runtime_call _new_instance_Java}
  0x000001f8a913d510: c5f8 77e8 

  0x000001f8a913d514: ; ImmutableOopMap {rbp=NarrowOop [40]=Oop [52]=NarrowOop [72]=Oop [80]=Oop [88]=Oop [96]=Oop [104]=Oop [112]=Oop [136]=Oop [144]=Oop }
                      ;*new {reexecute=0 rethrow=0 return_oop=1}
                      ; - java.lang.StringLatin1::newString@7
                      ; - java.lang.String::substring@41
                      ; - java.net.URLClassLoader::defineClass@28
                      ; - java.net.URLClassLoader$1::run@43
                      ; - java.net.URLClassLoader$1::run@1
                      ; - java.security.AccessController::executePrivileged@29
                      ; - java.security.AccessController::doPrivileged@13
                      ; - java.net.URLClassLoader::findClass@13
                      ; - java.lang.ClassLoader::loadClass@69
  0x000001f8a913d514: e81f 7dff 

  0x000001f8a913d518: ;   {other}
  0x000001f8a913d518: 0f1f 8400 | 8851 0051 | 4c8b 6c24 | 7044 8bdd | 448b 4424 | 2048 8b7c | 2428 8b5c | 2424 448b 
  0x000001f8a913d538: 5424 3444 | 8994 24b0 | 0000 004c | 8bf0 488b | 7424 60e9 | e3c5 ffff | 4c8b 4c24 | 6041 c641 
  0x000001f8a913d558: 1101 33c0 | 4c8b 9c24 | 9000 0000 | 4c8b 6c24 | 7044 8b44 | 2420 4489 | 8424 b000 | 0000 4c8b 
  0x000001f8a913d578: 4424 684c | 8984 24a8 | 0000 004c | 8b74 2478 | 8b5c 2424 | 488b 7424 | 28e9 f2c9 | ffff 895c 
  0x000001f8a913d598: 2424 4c89 | 7424 784c | 8b94 24a8 | 0000 004c | 8954 2468 | 48ff b424 | 0001 0000 | 488f 4424 
  0x000001f8a913d5b8: 6048 8974 | 2428 448b | 9424 b000 | 0000 4489 | 5424 204c | 896c 2470 

  0x000001f8a913d5d0: ;   {static_call}
  0x000001f8a913d5d0: c5f8 77e8 

  0x000001f8a913d5d4: ; ImmutableOopMap {rbp=Oop [32]=NarrowOop [36]=NarrowOop [40]=Oop [72]=Oop [80]=Oop [88]=Oop [96]=Oop [104]=Oop [112]=Oop [120]=Oop [136]=Oop [144]=Oop [256]=Oop }
                      ;*invokestatic hashCode {reexecute=0 rethrow=0 return_oop=0}
                      ; - java.lang.String::hashCode@37
                      ; - java.util.concurrent.ConcurrentHashMap::get@1
                      ; - java.lang.ClassLoader::getDefinedPackage@13
                      ; - java.net.URLClassLoader::getAndVerifyPackage@2
                      ; - java.net.URLClassLoader::defineClass@46
                      ; - java.net.URLClassLoader$1::run@43
                      ; - java.net.URLClassLoader$1::run@1
                      ; - java.security.AccessController::executePrivileged@29
                      ; - java.security.AccessController::doPrivileged@13
                      ; - java.net.URLClassLoader::findClass@13
                      ; - java.lang.ClassLoader::loadClass@69
  0x000001f8a913d5d4: a81a 7aff 

  0x000001f8a913d5d8: ;   {other}
  0x000001f8a913d5d8: 0f1f 8400 | 4852 0052 | e9bb d6ff | ff8b bc24 | c000 0000 

  0x000001f8a913d5ec: ;   {oop(a 'java/io/WinNTFileSystem'{0x00000000808ac4a8})}
  0x000001f8a913d5ec: ffcf 48ba | a8c4 8a80 | 0000 0000 | 4c8b 8424 | b000 0000 | 448b 8c24 | c000 0000 | 488b ac24 
  0x000001f8a913d60c: 9000 0000 

  0x000001f8a913d610: ;   {optimized virtual_call}
  0x000001f8a913d610: c5f8 77e8 

  0x000001f8a913d614: ; ImmutableOopMap {rbp=Oop [40]=Oop [72]=Oop [80]=Oop [88]=Oop [96]=NarrowOop [120]=Oop [136]=Oop [144]=Oop [152]=Oop [160]=Oop [168]=Oop [184]=NarrowOop }
                      ;*invokevirtual normalize {reexecute=0 rethrow=0 return_oop=1}
                      ; - java.io.WinNTFileSystem::normalize@137
                      ; - java.io.File::<init>@73
                      ; - jdk.internal.loader.URLClassPath$FileLoader::getResource@73
                      ; - jdk.internal.loader.URLClassPath::getResource@53
                      ; - java.net.URLClassLoader$1::run@26
                      ; - java.net.URLClassLoader$1::run@1
                      ; - java.security.AccessController::executePrivileged@29
                      ; - java.security.AccessController::doPrivileged@13
                      ; - java.net.URLClassLoader::findClass@13
                      ; - java.lang.ClassLoader::loadClass@69
  0x000001f8a913d614: 6814 7aff 

  0x000001f8a913d618: ;   {other}
  0x000001f8a913d618: 0f1f 8400 | 8852 0053 | 4c8b c8e9 | dded ffff | 4c8b 8c24 | b800 0000 | 458b 5128 | 4585 d20f 
  0x000001f8a913d638: 8416 e8ff | ff4d 8b5f | 2849 8bca | 4d85 db0f | 849d 3800 | 0049 8bf0 | 488b 9c24 | b800 0000 
  0x000001f8a913d658: 4d8b 5738 | 4b89 4c1a | f849 83c3 | f84d 895f | 284c 8bcb | 4c8b c6e9 | dfe7 ffff | 458b 5010 
  0x000001f8a913d678: 0f1f 8400 | 0000 0000 | 4585 d20f | 846e e7ff | ff4d 8b5f | 2849 8bca | 4d85 db0f | 847c 3800 
  0x000001f8a913d698: 004d 8b57 | 384b 894c | 1af8 4983 | c3f8 4d89 | 5f28 e948 | e7ff ff4d | 8b57 484d | 8b5f 58f0 
  0x000001f8a913d6b8: 8344 24c0 | 0066 6690 | 4180 3800 | 0f84 cae7 | ffff 4588 | 204d 85d2 | 7523 498b | c849 8bd7 
  0x000001f8a913d6d8: c5f8 7749 | bad0 a062 | ccf9 7f00 | 0041 ffd2 

  0x000001f8a913d6e8: ;   {other}
  0x000001f8a913d6e8: 0f1f 8400 | 0000 0000 | e99f e7ff | ff4f 8944 | 13f8 4983 | c2f8 4d89 | 5748 e98d | e7ff ff49 
  0x000001f8a913d708: 8bd8 4d8b | 5748 4d8b | 5f58 f083 | 4424 c000 | 8039 0074 | 3244 8821 | 4d85 d274 | 0f4b 894c 
  0x000001f8a913d728: 13f8 4983 | c2f8 4d89 | 5748 eb1b | 498b d7c5 | f877 49ba | d0a0 62cc | f97f 0000 

  0x000001f8a913d744: ;   {other}
  0x000001f8a913d744: 41ff d20f | 1f84 0000 | 0000 004c | 8bc3 e9de | e6ff ff4c | 899c 24a8 | 0000 004c | 8994 24a0 
  0x000001f8a913d764: 0000 0048 | 894c 2478 | 4c89 7424 | 6848 8974 | 2460 448b | 9424 b000 | 0000 4489 | 5424 2c89 
  0x000001f8a913d784: 5c24 2848 | 897c 2420 | 4c89 6c24 

  0x000001f8a913d790: ;   {metadata({type array byte})}
  0x000001f8a913d790: 7048 ba18 | 2300 b6f8 | 0100 0044 | 8bc3 6690 

  0x000001f8a913d7a0: ;   {runtime_call _new_array_nozero_Java}
  0x000001f8a913d7a0: c5f8 77e8 

  0x000001f8a913d7a4: ; ImmutableOopMap {[32]=Oop [120]=Derived_oop_[32] [44]=NarrowOop [72]=Oop [80]=Oop [88]=Oop [96]=Oop [104]=Oop [112]=Oop [136]=Oop [144]=Oop }
                      ;*newarray {reexecute=0 rethrow=0 return_oop=1}
                      ; - java.util.Arrays::copyOfRangeByte@10
                      ; - java.util.Arrays::copyOfRange@13
                      ; - java.lang.StringLatin1::newString@16
                      ; - java.lang.String::substring@41
                      ; - java.net.URLClassLoader::defineClass@28
                      ; - java.net.URLClassLoader$1::run@43
                      ; - java.net.URLClassLoader$1::run@1
                      ; - java.security.AccessController::executePrivileged@29
                      ; - java.security.AccessController::doPrivileged@13
                      ; - java.net.URLClassLoader::findClass@13
                      ; - java.lang.ClassLoader::loadClass@69
  0x000001f8a913d7a4: d816 7dff 

  0x000001f8a913d7a8: ;   {other}
  0x000001f8a913d7a8: 0f1f 8400 | 1854 0054 | 4c8b 6c24 | 708b 5c24 | 2844 8b5c | 242c 4489 | 9c24 b000 | 0000 4c8b 
  0x000001f8a913d7c8: 7424 6848 | 8b4c 2478 | 4c8b 9424 | a000 0000 | 4c8b 9c24 | a800 0000 | 4c8b c848 | 8b74 2460 
  0x000001f8a913d7e8: e9da c4ff | ff4c 8b4c | 2460 41c6 | 4111 0133 | d24c 8b9c | 2490 0000 | 004c 8b6c | 2470 448b 
  0x000001f8a913d808: 4424 2044 | 8984 24b0 | 0000 004c | 8b54 2468 | 4c89 9424 | a800 0000 | 4c8b 7424 | 7844 8b54 
  0x000001f8a913d828: 2424 e95d | caff ff89 | 7c24 3444 | 8954 2424 | 4c89 7424 | 784c 8b94 | 24a8 0000 | 004c 8954 
  0x000001f8a913d848: 2468 4c89 | 4c24 6044 | 8b94 24b0 | 0000 0044 | 8954 2420 | 4c89 6c24 | 704c 899c | 2490 0000 
  0x000001f8a913d868: 0066 6690 

  0x000001f8a913d86c: ;   {static_call}
  0x000001f8a913d86c: c5f8 77e8 

  0x000001f8a913d870: ; ImmutableOopMap {rbp=Oop [32]=NarrowOop [36]=NarrowOop [40]=Oop [52]=NarrowOop [72]=Oop [80]=Oop [88]=Oop [96]=Oop [104]=Oop [112]=Oop [120]=Oop [136]=Oop [144]=Oop }
                      ;*invokestatic hashCode {reexecute=0 rethrow=0 return_oop=0}
                      ; - java.lang.String::hashCode@37
                      ; - java.util.concurrent.ConcurrentHashMap::get@1
                      ; - java.lang.ClassLoader::definePackage@47
                      ; - java.lang.ClassLoader::getDefinedPackage@32
                      ; - java.net.URLClassLoader::getAndVerifyPackage@2
                      ; - java.net.URLClassLoader::defineClass@46
                      ; - java.net.URLClassLoader$1::run@43
                      ; - java.net.URLClassLoader$1::run@1
                      ; - java.security.AccessController::executePrivileged@29
                      ; - java.security.AccessController::doPrivileged@13
                      ; - java.net.URLClassLoader::findClass@13
                      ; - java.lang.ClassLoader::loadClass@69
  0x000001f8a913d870: 0c18 7aff 

  0x000001f8a913d874: ;   {other}
  0x000001f8a913d874: 0f1f 8400 | e454 0055 | 0f1f 4000 | e9fb d4ff | ff44 8b94 | 24e8 0000 | 0044 3b94 | 24bc 0000 
  0x000001f8a913d894: 000f 84ae 

  0x000001f8a913d898: ;   {oop(a 'java/io/WinNTFileSystem'{0x00000000808ac4a8})}
  0x000001f8a913d898: 4b00 0048 | baa8 c48a | 8000 0000 | 004c 8b84 | 24b0 0000 | 0044 8b8c | 24c0 0000 | 008b bc24 
  0x000001f8a913d8b8: ec00 0000 | 488b ac24 | 9000 0000 

  0x000001f8a913d8c4: ;   {optimized virtual_call}
  0x000001f8a913d8c4: c5f8 77e8 

  0x000001f8a913d8c8: ; ImmutableOopMap {rbp=Oop [40]=Oop [72]=Oop [80]=Oop [88]=Oop [96]=NarrowOop [120]=Oop [136]=Oop [144]=Oop [152]=Oop [160]=Oop [168]=Oop [184]=NarrowOop }
                      ;*invokevirtual normalize {reexecute=0 rethrow=0 return_oop=1}
                      ; - java.io.WinNTFileSystem::normalize@61
                      ; - java.io.File::<init>@73
                      ; - jdk.internal.loader.URLClassPath$FileLoader::getResource@118
                      ; - jdk.internal.loader.URLClassPath::getResource@53
                      ; - java.net.URLClassLoader$1::run@26
                      ; - java.net.URLClassLoader$1::run@1
                      ; - java.security.AccessController::executePrivileged@29
                      ; - java.security.AccessController::doPrivileged@13
                      ; - java.net.URLClassLoader::findClass@13
                      ; - java.lang.ClassLoader::loadClass@69
  0x000001f8a913d8c8: b411 7aff 

  0x000001f8a913d8cc: ;   {other}
  0x000001f8a913d8cc: 0f1f 8400 | 3c55 0056 | 4c8b c8e9 | 09f3 ffff | 4c8b cb45 | 8b51 2c45 | 85d2 0f84 | 4bd9 ffff 
  0x000001f8a913d8ec: 4d8b 5f28 | 498b ca4d | 85db 0f84 | 5039 0000 | 4d8b 5738 | 4b89 4c1a | f849 83c3 | f84d 895f 
  0x000001f8a913d90c: 284c 8bcb | e922 d9ff | ff4c 8b94 | 24c0 0000 | 0045 8b5a | 1445 85db | 0f84 aada | ffff 4d8b 
  0x000001f8a913d92c: 5728 498b | cb4d 85d2 | 0f84 5239 | 0000 4d8b | 5f38 4b89 | 4c13 f849 | 83c2 f84d | 8957 28e9 
  0x000001f8a913d94c: 84da ffff | 448b 551c | 4585 d20f | 8434 daff | ff4d 8b5f | 2849 8bca | 4d85 db0f | 84ff 3800 
  0x000001f8a913d96c: 004d 8b57 | 384b 894c | 1af8 4983 | c3f8 4d89 | 5f28 6690 | e90c daff | ff4c 8b94 | 24c0 0000 
  0x000001f8a913d98c: 0045 8b52 | 1045 85d2 | 0f84 c1db | ffff 4d8b | 5f28 498b | ca4d 85db | 0f84 0239 | 0000 4d8b 
  0x000001f8a913d9ac: 5738 4b89 | 4c1a f849 | 83c3 f84d | 895f 280f | 1f44 0000 | e996 dbff | ff44 8b5d 

  0x000001f8a913d9c8: ;   {no_reloc}
  0x000001f8a913d9c8: 1c45 85db | 0f84 48db | ffff 4d8b | 5728 498b | cb0f 1f80 | 0000 0000 | 4d85 d20f | 84e3 3800 
  0x000001f8a913d9e8: 004d 8b5f | 384b 894c | 13f8 4983 | c2f8 4d89 | 5728 e91b | dbff ff49 | 8bda 4c8b | 9424 c000 
  0x000001f8a913da08: 0000 458b | 5a38 4585 | db74 274d | 8b57 2849 | 8bcb 660f | 1f44 0000 | 4d85 d20f | 84e3 3800 
  0x000001f8a913da28: 004d 8b5f | 384b 894c | 13f8 4983 | c2f8 4d89 | 5728 4c8b | d366 6690 | e9a9 dfff | ff4c 8b84 
  0x000001f8a913da48: 24b8 0000 | 0045 8b58 | 3045 85db | 0f84 e2df | ffff 498b | d84d 8b57 | 2849 8bcb | 4d85 d20f 
  0x000001f8a913da68: 847f 3800 | 004d 8b5f | 384b 894c | 13f8 4983 | c2f8 4d89 | 5728 4c8b | c3e9 b6df | ffff 498b 
  0x000001f8a913da88: da4c 8b94 | 24c0 0000 | 0045 8b5a | 3445 85db | 7421 4d8b | 5728 498b | cb4d 85d2 | 0f84 a238 
  0x000001f8a913daa8: 0000 4d8b | 5f38 4b89 | 4c13 f849 | 83c2 f84d | 8957 284c | 8bd3 6690 | e98e deff | ff49 8bda 
  0x000001f8a913dac8: ;   {no_reloc}
  0x000001f8a913dac8: 448b 551c | 4585 d274 | 294d 8b5f | 2849 8bca | 0f1f 8400 | 0000 0000 | 4d85 db0f | 84c3 3800 
  0x000001f8a913dae8: 004d 8b57 | 384b 894c | 1af8 4983 | c3f8 4d89 | 5f28 4c8b | d366 6690 | e99a dbff | ff49 8bda 
  0x000001f8a913db08: 4c8b 9424 | c000 0000 | 458b 5a1c | 4585 db74 | 214d 8b57 | 2849 8bcb | 4d85 d20f | 8403 3800 
  0x000001f8a913db28: 004d 8b5f | 384b 894c | 13f8 4983 | c2f8 4d89 | 5728 4c8b | d366 6690 | e947 dcff | ff4c 8b94 
  0x000001f8a913db48: 24c0 0000 | 0045 8b5a | 1845 85db | 0f84 9adb | ffff 4d8b | 5728 498b | cb4d 85d2 | 0f84 2238 
  0x000001f8a913db68: 0000 4d8b | 5f38 4b89 | 4c13 f849 | 83c2 f84d | 8957 280f | 1f44 0000 | e96f dbff | ff4c 8b94 
  0x000001f8a913db88: 24c0 0000 | 0045 8b5a | 2445 85db | 0f84 24dd | ffff 4d8b | 5728 498b | cb4d 85d2 | 0f84 c237 
  0x000001f8a913dba8: 0000 4d8b | 5f38 4b89 | 4c13 f849 | 83c2 f84d | 8957 280f | 1f44 0000 | e9f9 dcff | ff44 8b5d 
  0x000001f8a913dbc8: ;   {no_reloc}
  0x000001f8a913dbc8: 0c45 85db | 0f84 19e0 | ffff 4d8b | 5728 498b | cb0f 1f80 | 0000 0000 | 4d85 d20f | 8403 3800 
  0x000001f8a913dbe8: 004d 8b5f | 384b 894c | 13f8 4983 | c2f8 4d89 | 5728 e9ec | dfff ff4c | 8b94 24c0 | 0000 0045 
  0x000001f8a913dc08: 8b52 0c45 | 85d2 0f84 | 2ae0 ffff | 4d8b 5f28 | 498b ca0f | 1f44 0000 | 4d85 db0f | 84a3 3700 
  0x000001f8a913dc28: 004d 8b57 | 384b 894c | 1af8 4983 | c3f8 4d89 | 5f28 e9ff | dfff ff4c | 8b84 24c0 | 0000 0045 
  0x000001f8a913dc48: 8b50 1045 | 85d2 7430 | 498b fb49 | 8bd8 4d8b | 5f28 498b | ca66 6690 | 4d85 db0f | 84a3 3700 
  0x000001f8a913dc68: 004d 8b57 | 384b 894c | 1af8 4983 | c3f8 4d89 | 5f28 4c8b | c34c 8bdf | 4d8b d3e9 | 61e0 ffff 
  0x000001f8a913dc88: 4c8b c545 | 8b50 1445 | 85d2 0f84 | c2e0 ffff | 4d8b 5f28 | 498b ca90 | 4d85 db0f | 8483 3700 
  0x000001f8a913dca8: 004d 8b57 | 384b 894c | 1af8 4983 | c3f8 4d89 | 5f28 e99b | e0ff ff4d | 8b57 484d | 8b5f 58f0 
  0x000001f8a913dcc8: ;   {no_reloc}
  0x000001f8a913dcc8: 8344 24c0 | 0080 3900 | 0f84 42d7 | ffff 4488 | 214d 85d2 | 7520 498b | d7c5 f877 | 49ba d0a0 
  0x000001f8a913dce8: 62cc f97f | 0000 41ff 

  0x000001f8a913dcf0: ;   {other}
  0x000001f8a913dcf0: d20f 1f84 | 0000 0000 | 00e9 1ad7 | ffff 4b89 | 4c13 f849 | 83c2 f84d | 8957 48e9 | 08d7 ffff 
  0x000001f8a913dd10: 4d8b 5758 | 4d8b 5f48 | f083 4424 | c000 6690 | 8039 000f | 84a0 d6ff | ff44 8821 | 4d85 db75 
  0x000001f8a913dd30: 2049 8bd7 | c5f8 7749 | bad0 a062 | ccf9 7f00 | 0041 ffd2 

  0x000001f8a913dd44: ;   {other}
  0x000001f8a913dd44: 0f1f 8400 | 0000 0000 | e978 d6ff | ff4b 894c | 1af8 4983 | c3f8 4d89 | 5f48 6690 | e964 d6ff 
  0x000001f8a913dd64: ff4d 8b57 | 484d 8b5f | 58f0 8344 | 24c0 0080 | 3900 0f84 | 23d8 ffff | 4488 2190 | 4d85 d275 
  0x000001f8a913dd84: 2049 8bd7 | c5f8 7749 | bad0 a062 | ccf9 7f00 | 0041 ffd2 

  0x000001f8a913dd98: ;   {other}
  0x000001f8a913dd98: 0f1f 8400 | 0000 0000 | e9fa d7ff | ff4b 894c | 13f8 4983 | c2f8 4d89 | 5748 e9e8 | d7ff ff4d 
  0x000001f8a913ddb8: 8b57 584d | 8b5f 48f0 | 8344 24c0 | 0080 3900 | 0f84 82d7 | ffff 4488 | 214d 85db | 7520 498b 
  0x000001f8a913ddd8: d7c5 f877 | 49ba d0a0 | 62cc f97f | 0000 41ff 

  0x000001f8a913dde8: ;   {other}
  0x000001f8a913dde8: d20f 1f84 | 0000 0000 | 00e9 5ad7 | ffff 4b89 | 4c1a f849 | 83c3 f84d | 895f 48e9 | 48d7 ffff 
  0x000001f8a913de08: 4d8b 5748 | 4d8b 5f58 | f083 4424 | c000 8039 | 000f 845a | dcff ff44 | 8821 4d85 | d275 2649 
  0x000001f8a913de28: 8bd8 498b | d7c5 f877 | 49ba d0a0 | 62cc f97f | 0000 41ff 

  0x000001f8a913de3c: ;   {other}
  0x000001f8a913de3c: d20f 1f84 | 0000 0000 | 004c 8bc3 | e92c dcff | ff4b 894c | 13f8 4983 | c2f8 4d89 | 5748 e91a 
  0x000001f8a913de5c: dcff ff4d | 8b57 584d | 8b5f 48f0 | 8344 24c0 | 0080 3900 | 0f84 b3db | ffff 4488 | 214d 85db 
  0x000001f8a913de7c: 7520 498b | d7c5 f877 | 49ba d0a0 | 62cc f97f | 0000 41ff 

  0x000001f8a913de90: ;   {other}
  0x000001f8a913de90: d20f 1f84 | 0000 0000 | 00e9 8bdb | ffff 4b89 | 4c1a f849 | 83c3 f84d | 895f 48e9 | 79db ffff 
  0x000001f8a913deb0: 4d8b 5748 | 4d8b 5f58 | f083 4424 | c000 6690 | 8039 000f | 8436 daff | ff44 8821 | 4d85 d275 
  0x000001f8a913ded0: 2049 8bd7 | c5f8 7749 | bad0 a062 | ccf9 7f00 | 0041 ffd2 

  0x000001f8a913dee4: ;   {other}
  0x000001f8a913dee4: 0f1f 8400 | 0000 0000 | e90e daff | ff4b 894c | 13f8 4983 | c2f8 4d89 | 5748 6690 | e9fa d9ff 
  0x000001f8a913df04: ff4d 8b57 | 584d 8b5f | 48f0 8344 | 24c0 0080 | 3900 0f84 | add8 ffff | 4488 2190 | 4d85 db75 
  0x000001f8a913df24: 2049 8bd7 | c5f8 7749 | bad0 a062 | ccf9 7f00 | 0041 ffd2 

  0x000001f8a913df38: ;   {other}
  0x000001f8a913df38: 0f1f 8400 | 0000 0000 | e984 d8ff | ff4b 894c | 1af8 4983 | c3f8 4d89 | 5f48 e972 | d8ff ff4d 
  0x000001f8a913df58: 8b57 484d | 8b5f 58f0 | 8344 24c0 | 0080 3900 | 0f84 cad7 | ffff 4488 | 214d 85d2 | 7520 498b 
  0x000001f8a913df78: d7c5 f877 | 49ba d0a0 | 62cc f97f | 0000 41ff 

  0x000001f8a913df88: ;   {other}
  0x000001f8a913df88: d20f 1f84 | 0000 0000 | 00e9 a2d7 | ffff 4b89 | 4c13 f849 | 83c2 f84d | 8957 48e9 | 90d7 ffff 
  0x000001f8a913dfa8: 4d8b 5758 | 4d8b 5f48 | f083 4424 | c000 8039 | 000f 84cc | d9ff ff44 | 8821 4d85 | db75 2049 
  0x000001f8a913dfc8: 8bd7 c5f8 | 7749 bad0 | a062 ccf9 | 7f00 0041 

  0x000001f8a913dfd8: ;   {other}
  0x000001f8a913dfd8: ffd2 0f1f | 8400 0000 | 0000 e9a4 | d9ff ff4b | 894c 1af8 | 4983 c3f8 | 4d89 5f48 | e992 d9ff 
  0x000001f8a913dff8: ff4d 8b57 | 584d 8b5f | 48f0 8344 | 24c0 0080 | 3900 0f84 | a3d8 ffff | 4488 214d | 85db 7520 
  0x000001f8a913e018: 498b d7c5 | f877 49ba | d0a0 62cc | f97f 0000 

  0x000001f8a913e028: ;   {other}
  0x000001f8a913e028: 41ff d20f | 1f84 0000 | 0000 00e9 | 7bd8 ffff | 4b89 4c1a | f849 83c3 | f84d 895f | 48e9 69d8 
  0x000001f8a913e048: ffff 4d8b | 5758 4d8b | 5f48 f083 | 4424 c000 | 0f1f 8400 | 0000 0000 | 8039 000f | 8480 d6ff 
  0x000001f8a913e068: ff44 8821 | 4d85 db75 | 2049 8bd7 | c5f8 7749 | bad0 a062 | ccf9 7f00 | 0041 ffd2 

  0x000001f8a913e084: ;   {other}
  0x000001f8a913e084: 0f1f 8400 | 0000 0000 | e958 d6ff | ff4b 894c | 1af8 4983 | c3f8 4d89 | 5f48 6690 | e944 d6ff 
  0x000001f8a913e0a4: ff4d 8b57 | 484d 8b5f | 58f0 8344 | 24c0 0080 | 3900 0f84 | c3db ffff | 4488 2190 | 4d85 d275 
  0x000001f8a913e0c4: 2049 8bd7 | c5f8 7749 | bad0 a062 | ccf9 7f00 | 0041 ffd2 

  0x000001f8a913e0d8: ;   {other}
  0x000001f8a913e0d8: 0f1f 8400 | 0000 0000 | e99a dbff | ff4b 894c | 13f8 4983 | c2f8 4d89 | 5748 e988 | dbff ff4d 
  0x000001f8a913e0f8: 8b57 484d | 8b5f 58f0 | 8344 24c0 | 0080 3900 | 0f84 11dc | ffff 4488 | 214d 85d2 | 7520 498b 
  0x000001f8a913e118: d7c5 f877 | 49ba d0a0 | 62cc f97f | 0000 41ff 

  0x000001f8a913e128: ;   {other}
  0x000001f8a913e128: d20f 1f84 | 0000 0000 | 00e9 e9db | ffff 4b89 | 4c13 f849 | 83c2 f84d | 8957 48e9 | d7db ffff 
  0x000001f8a913e148: 498b f94d | 8b57 584d | 8b5f 48f0 | 8344 24c0 | 0080 3900 | 7432 4488 | 214d 85db | 740f 4b89 
  0x000001f8a913e168: 4c1a f849 | 83c3 f84d | 895f 48eb | 1b49 8bd7 | c5f8 7749 | bad0 a062 | ccf9 7f00 | 0041 ffd2 
  0x000001f8a913e188: ;   {other}
  0x000001f8a913e188: 0f1f 8400 | 0000 0000 | 4c8b cf44 | 8bc6 e9dc | d0ff ff4d | 8b57 584d | 8b5f 48f0 | 8344 24c0 
  0x000001f8a913e1a8: 0080 3900 | 0f84 77d0 | ffff 4488 | 214d 85db | 7520 498b | d7c5 f877 | 49ba d0a0 | 62cc f97f 
  0x000001f8a913e1c8: 0000 41ff 

  0x000001f8a913e1cc: ;   {other}
  0x000001f8a913e1cc: d20f 1f84 | 0000 0000 | 00e9 4fd0 | ffff 4b89 | 4c1a f849 | 83c3 f84d | 895f 48e9 | 3dd0 ffff 
  0x000001f8a913e1ec: 4d8b 5758 | 4d8b 5f48 | f083 4424 | c000 660f | 1f44 0000 | 8039 000f | 842a daff | ff44 8821 
  0x000001f8a913e20c: 4d85 db75 | 2049 8bd7 | c5f8 7749 | bad0 a062 | ccf9 7f00 | 0041 ffd2 

  0x000001f8a913e224: ;   {other}
  0x000001f8a913e224: 0f1f 8400 | 0000 0000 | e902 daff | ff4b 894c | 1af8 4983 | c3f8 4d89 | 5f48 6690 | e9ee d9ff 
  0x000001f8a913e244: ff4d 8b57 | 484d 8b5f | 58f0 8344 | 24c0 0080 | 3900 0f84 | 3ddb ffff | 4488 2190 | 4d85 d275 
  0x000001f8a913e264: 2649 8bd8 | 498b d7c5 | f877 49ba | d0a0 62cc | f97f 0000 

  0x000001f8a913e278: ;   {other}
  0x000001f8a913e278: 41ff d20f | 1f84 0000 | 0000 004c | 8bc3 e90e | dbff ff4b | 894c 13f8 | 4983 c2f8 | 4d89 5748 
  0x000001f8a913e298: e9fc daff | ff48 896c | 2468 4889 | 4c24 604c | 89b4 24a0 | 0000 0048 | 8974 2428 | 488b ef44 
  0x000001f8a913e2b8: 895c 2424 | 4c89 6c24 

  0x000001f8a913e2c0: ;   {metadata({type array byte})}
  0x000001f8a913e2c0: 7048 ba18 | 2300 b6f8 | 0100 004c | 8b94 2490 | 0000 004c | 8954 2478 

  0x000001f8a913e2d8: ;   {runtime_call _new_array_nozero_Java}
  0x000001f8a913e2d8: c5f8 77e8 

  0x000001f8a913e2dc: ; ImmutableOopMap {rbp=Oop [96]=Derived_oop_rbp [36]=NarrowOop [40]=Oop [72]=Oop [80]=Oop [88]=Oop [112]=Oop [120]=Oop [136]=Oop [144]=Oop [160]=Oop [176]=NarrowOop }
                      ;*invokevirtual clone {reexecute=1 rethrow=0 return_oop=1}
                      ; - (reexecute) java.util.Arrays::copyOfRange@18
                      ; - java.lang.StringLatin1::newString@16
                      ; - java.lang.String::substring@41
                      ; - java.net.URLClassLoader::defineClass@28
                      ; - java.net.URLClassLoader$1::run@43
                      ; - java.net.URLClassLoader$1::run@1
                      ; - java.security.AccessController::executePrivileged@29
                      ; - java.security.AccessController::doPrivileged@13
                      ; - java.net.URLClassLoader::findClass@13
                      ; - java.lang.ClassLoader::loadClass@69
  0x000001f8a913e2dc: a00b 7dff 

  0x000001f8a913e2e0: ;   {other}
  0x000001f8a913e2e0: 0f1f 8400 | 505f 0057 | 488b d8e9 | e0b8 ffff | 418b e9e9 | 37b0 ffff | 458b 5010 | 0f1f 4000 
  0x000001f8a913e300: 4585 d20f | 8424 cdff | ff4d 8b5f | 2849 8bca | 4d85 db0f | 8473 3500 | 004d 8b57 | 384b 894c 
  0x000001f8a913e320: 1af8 4983 | c3f8 4d89 | 5f28 e9fe | ccff ff44 | 8b5d 0c45 | 85db 0f84 | efcb ffff | 4d8b 5728 
  0x000001f8a913e340: 498b cb4d | 85d2 0f84 | 2035 0000 | 4d8b 5f38 | 4b89 4c13 | f849 83c2 | f84d 8957 | 2866 6690 
  0x000001f8a913e360: e9c6 cbff | ff4c 8b44 | 2460 458b | 500c 4585 | d20f 8419 | ccff ff4d | 8b5f 2849 | 8bca 6690 
  0x000001f8a913e380: 4d85 db0f | 842f 3500 | 004d 8b57 | 384b 894c | 1af8 4983 | c3f8 4d89 | 5f28 4c8b | 4424 6090 
  0x000001f8a913e3a0: e9eb cbff | ff4c 8bdd | 458b 5314 | 4585 d20f | 84f9 ccff | ff4d 8b47 | 2849 8bca | 0f1f 4000 
  0x000001f8a913e3c0: 4d85 c00f | 840f 3500 | 004d 8b57 | 384b 894c | 02f8 4983 | c0f8 4d89 | 4728 e9cf 

  0x000001f8a913e3dc: ;   {no_reloc}
  0x000001f8a913e3dc: ccff ff4d | 8b57 484d | 8b5f 58f0 | 8344 24c0 | 0080 3900 | 0f84 d3cb | ffff 4488 | 214d 85d2 
  0x000001f8a913e3fc: 7527 498b | d849 8bd7 | c5f8 7749 | bad0 a062 | ccf9 7f00 | 0041 ffd2 

  0x000001f8a913e414: ;   {other}
  0x000001f8a913e414: 0f1f 8400 | 0000 0000 | 4c8b c390 | e9a4 cbff | ff4b 894c | 13f8 4983 | c2f8 4d89 | 5748 e992 
  0x000001f8a913e434: cbff ff4d | 8b57 484d | 8b5f 58f0 | 8344 24c0 | 0080 3900 | 0f84 1bcc | ffff 4488 | 214d 85d2 
  0x000001f8a913e454: 7526 498b | d849 8bd7 | c5f8 7749 | bad0 a062 | ccf9 7f00 | 0041 ffd2 

  0x000001f8a913e46c: ;   {other}
  0x000001f8a913e46c: 0f1f 8400 | 0000 0000 | 4c8b c3e9 | edcb ffff | 4b89 4c13 | f849 83c2 | f84d 8957 | 48e9 dbcb 
  0x000001f8a913e48c: ffff 4d8b | 5758 4d8b | 5f48 f083 | 4424 c000 | 0f1f 4000 | 8039 000f | 84cd caff | ff44 8821 
  0x000001f8a913e4ac: 4d85 db75 | 2049 8bd7 | c5f8 7749 | bad0 a062 | ccf9 7f00 | 0041 ffd2 

  0x000001f8a913e4c4: ;   {other}
  0x000001f8a913e4c4: 0f1f 8400 | 0000 0000 | e9a5 caff | ff4b 894c | 1af8 4983 | c3f8 4d89 | 5f48 6690 | e991 caff 
  0x000001f8a913e4e4: ff4c 8944 

  0x000001f8a913e4e8: ;   {metadata('java/lang/ClassLoader$$Lambda+0x000001f8b7065b78')}
  0x000001f8a913e4e8: 2420 48ba | 785b 06b7 | f801 0000 | 4889 8c24 | 8000 0000 

  0x000001f8a913e4fc: ;   {runtime_call _new_instance_Java}
  0x000001f8a913e4fc: c5f8 77e8 

  0x000001f8a913e500: ; ImmutableOopMap {rbp=NarrowOop [32]=Oop [40]=Oop [72]=Oop [80]=Oop [88]=Oop [112]=Oop [128]=Oop [136]=Oop [144]=Oop [168]=Oop [176]=NarrowOop [180]=NarrowOop [184]=Oop }
                      ;*invokevirtual allocateInstance {reexecute=0 rethrow=0 return_oop=1}
                      ; - java.lang.invoke.DirectMethodHandle::allocateInstance@12
                      ; - java.lang.invoke.DirectMethodHandle$Holder::newInvokeSpecial@1
                      ; - java.lang.invoke.Invokers$Holder::linkToTargetMethod@6
                      ; - java.lang.ClassLoader::definePackage@73
                      ; - java.lang.ClassLoader::getDefinedPackage@32
                      ; - java.net.URLClassLoader::getAndVerifyPackage@2
                      ; - java.net.URLClassLoader::defineClass@46
                      ; - java.net.URLClassLoader$1::run@43
                      ; - java.net.URLClassLoader$1::run@1
                      ; - java.security.AccessController::executePrivileged@29
                      ; - java.security.AccessController::doPrivileged@13
                      ; - java.net.URLClassLoader::findClass@13
                      ; - java.lang.ClassLoader::loadClass@69
  0x000001f8a913e500: fc0f 7dff 

  0x000001f8a913e504: ;   {other}
  0x000001f8a913e504: 0f1f 8400 | 7461 0058 | 488b 8c24 | 8000 0000 | 4c8b 4424 | 204c 8bd0 | 0f1f 4000 | e9ea bfff 
  0x000001f8a913e524: ff48 895c | 2420 4c89 | b424 9000 | 0000 488b 

  0x000001f8a913e534: ;   {metadata('java/lang/String')}
  0x000001f8a913e534: 6c24 4848 | ba78 e800 | b6f8 0100 | 004c 8b94 | 2488 0000 | 004c 8954 | 2468 4c89 | 7424 7090 
  0x000001f8a913e554: ;   {runtime_call _new_instance_Java}
  0x000001f8a913e554: c5f8 77e8 

  0x000001f8a913e558: ; ImmutableOopMap {rbp=Oop [32]=Oop [80]=Oop [104]=Oop [112]=Oop [136]=Oop [144]=Oop }
                      ;*new {reexecute=0 rethrow=0 return_oop=1}
                      ; - java.lang.StringConcatHelper::simpleConcat@17
                      ; - java.lang.String::concat@11
                      ; - java.net.URLClassLoader$1::run@13
                      ; - java.net.URLClassLoader$1::run@1
                      ; - java.security.AccessController::executePrivileged@29
                      ; - java.security.AccessController::doPrivileged@13
                      ; - java.net.URLClassLoader::findClass@13
                      ; - java.lang.ClassLoader::loadClass@69
  0x000001f8a913e558: a40f 7dff 

  0x000001f8a913e55c: ;   {other}
  0x000001f8a913e55c: 0f1f 8400 | cc61 0059 | 4889 6c24 | 484c 8b74 | 2470 488b | 5c24 20e9 | 7ac6 ffff | 41bb 0300 
  0x000001f8a913e57c: 0000 4533 | d244 899c | 24f0 0000 | 00e9 41e6 | ffff 4533 | c0e9 2ee1 | ffff 4c8b | 9424 a800 
  0x000001f8a913e59c: 0000 458b | 5214 4585 | d20f 84ec | dbff ff4d | 8b5f 2849 | 8bca 4d85 | db0f 8440 | 3300 004d 
  0x000001f8a913e5bc: 8b57 384b | 894c 1af8 | 4983 c3f8 | 4d89 5f28 | e9c6 dbff | ff4c 8bd3 | 4d85 d20f | 85b6 deff 
  0x000001f8a913e5dc: ffba f6ff | ffff 448b | 5c24 3044 | 895c 2420 | 4c8b 5424 | 384c 8954 | 2430 4c8b | 5424 404c 
  0x000001f8a913e5fc: 8954 2438 | 4c8b 5424 | 504c 8954 | 2440 4c8b | 9424 8800 | 0000 4c89 | 5424 484c | 8b54 2458 
  0x000001f8a913e61c: 4c89 5424 | 5044 8b5c | 2460 4489 | 5c24 2444 | 8b54 2468 | 4489 5424 | 604c 8b54 | 2478 4c89 
  0x000001f8a913e63c: 5424 6890 

  0x000001f8a913e640: ;   {runtime_call UncommonTrapBlob}
  0x000001f8a913e640: c5f8 77e8 

  0x000001f8a913e644: ; ImmutableOopMap {rbp=Oop [36]=NarrowOop [64]=Oop [72]=Oop [80]=Oop [104]=Oop [152]=Oop [160]=Oop [168]=Oop }
                      ;*invokevirtual length {reexecute=0 rethrow=0 return_oop=0}
                      ; - java.io.WinNTFileSystem::prefixLength@6
                      ; - java.io.File::<init>@104
                      ; - jdk.internal.loader.URLClassPath$FileLoader::getResource@73
                      ; - jdk.internal.loader.URLClassPath::getResource@53
                      ; - java.net.URLClassLoader$1::run@26
                      ; - java.net.URLClassLoader$1::run@1
                      ; - java.security.AccessController::executePrivileged@29
                      ; - java.security.AccessController::doPrivileged@13
                      ; - java.net.URLClassLoader::findClass@13
                      ; - java.lang.ClassLoader::loadClass@69
  0x000001f8a913e644: 385d 7aff 

  0x000001f8a913e648: ;   {other}
  0x000001f8a913e648: 0f1f 8400 | b862 005a | 4c8b 9424 | a800 0000 | 458b 5210 | 0f1f 4000 | 4585 d20f | 84e2 ddff 
  0x000001f8a913e668: ff4d 8b5f | 2849 8bca | 4d85 db0f | 84a2 3200 | 004d 8b57 | 384b 894c | 1af8 4983 | c3f8 4d89 
  0x000001f8a913e688: 5f28 e9bc | ddff ff4d | 8b57 584d | 8b5f 48f0 | 8344 24c0 | 0066 6690 | 8039 0074 | 3244 8821 
  0x000001f8a913e6a8: 4d85 db74 | 0f4b 894c | 1af8 4983 | c3f8 4d89 | 5f48 eb1b | 498b d7c5 | f877 49ba | d0a0 62cc 
  0x000001f8a913e6c8: f97f 0000 

  0x000001f8a913e6cc: ;   {other}
  0x000001f8a913e6cc: 41ff d20f | 1f84 0000 | 0000 004c | 8b94 24a8 | 0000 0045 | 8b52 1045 | 85d2 0f84 | f1fe ffff 
  0x000001f8a913e6ec: 498b dae9 | 9cdd ffff | 8bbc 24c0 | 0000 00ff 

  0x000001f8a913e6fc: ;   {oop(a 'java/io/WinNTFileSystem'{0x00000000808ac4a8})}
  0x000001f8a913e6fc: cf48 baa8 | c48a 8000 | 0000 004c | 8b84 24b0 | 0000 0044 | 8b8c 24c0 | 0000 0048 | 8bac 2490 
  0x000001f8a913e71c: 0000 0090 

  0x000001f8a913e720: ;   {optimized virtual_call}
  0x000001f8a913e720: c5f8 77e8 

  0x000001f8a913e724: ; ImmutableOopMap {rbp=Oop [40]=Oop [72]=Oop [80]=Oop [88]=Oop [96]=NarrowOop [120]=Oop [136]=Oop [144]=Oop [152]=Oop [160]=Oop [168]=Oop [184]=NarrowOop }
                      ;*invokevirtual normalize {reexecute=0 rethrow=0 return_oop=1}
                      ; - java.io.WinNTFileSystem::normalize@137
                      ; - java.io.File::<init>@73
                      ; - jdk.internal.loader.URLClassPath$FileLoader::getResource@118
                      ; - jdk.internal.loader.URLClassPath::getResource@53
                      ; - java.net.URLClassLoader$1::run@26
                      ; - java.net.URLClassLoader$1::run@1
                      ; - java.security.AccessController::executePrivileged@29
                      ; - java.security.AccessController::doPrivileged@13
                      ; - java.net.URLClassLoader::findClass@13
                      ; - java.lang.ClassLoader::loadClass@69
  0x000001f8a913e724: 5803 7aff 

  0x000001f8a913e728: ;   {other}
  0x000001f8a913e728: 0f1f 8400 | 9863 005b | 4c8b c8e9 | ade4 ffff 

  0x000001f8a913e738: ;   {metadata('java/lang/ref/SoftReference')}
  0x000001f8a913e738: 48ba 90df | 03b6 f801 | 0000 4c8b | 9424 9000 | 0000 4c89 | 5424 2890 

  0x000001f8a913e750: ;   {runtime_call _new_instance_Java}
  0x000001f8a913e750: c5f8 77e8 

  0x000001f8a913e754: ; ImmutableOopMap {rbp=Oop [32]=Oop [40]=Oop [72]=Oop [80]=Oop [88]=Oop [112]=Oop [136]=Oop [144]=Oop [160]=NarrowOop [168]=Oop [184]=Oop [256]=Oop }
                      ;*new {reexecute=0 rethrow=0 return_oop=1}
                      ; - java.util.jar.JarFile::getManifestFromReference@184
                      ; - java.util.jar.JarFile::getManifest@1
                      ; - jdk.internal.loader.URLClassPath$JarLoader$2::getManifest@22
                      ; - java.net.URLClassLoader::defineClass@34
                      ; - java.net.URLClassLoader$1::run@43
                      ; - java.net.URLClassLoader$1::run@1
                      ; - java.security.AccessController::executePrivileged@29
                      ; - java.security.AccessController::doPrivileged@13
                      ; - java.net.URLClassLoader::findClass@13
                      ; - java.lang.ClassLoader::loadClass@69
  0x000001f8a913e754: a80d 7dff 

  0x000001f8a913e758: ;   {other}
  0x000001f8a913e758: 0f1f 8400 | c863 005c | 4c8b c0e9 | 7dd6 ffff 

  0x000001f8a913e768: ;   {metadata('java/util/jar/JarVerifier')}
  0x000001f8a913e768: 48ba 789e | 16b6 f801 | 0000 6690 

  0x000001f8a913e774: ;   {runtime_call _new_instance_Java}
  0x000001f8a913e774: c5f8 77e8 

  0x000001f8a913e778: ; ImmutableOopMap {rbp=Oop [32]=Oop [40]=Oop [72]=Oop [80]=Oop [88]=Oop [112]=Oop [136]=Oop [144]=Oop [160]=NarrowOop [168]=Oop [176]=Oop [184]=Oop [256]=Oop }
                      ;*new {reexecute=0 rethrow=0 return_oop=1}
                      ; - java.util.jar.JarFile::getManifestFromReference@69
                      ; - java.util.jar.JarFile::getManifest@1
                      ; - jdk.internal.loader.URLClassPath$JarLoader$2::getManifest@22
                      ; - java.net.URLClassLoader::defineClass@34
                      ; - java.net.URLClassLoader$1::run@43
                      ; - java.net.URLClassLoader$1::run@1
                      ; - java.security.AccessController::executePrivileged@29
                      ; - java.security.AccessController::doPrivileged@13
                      ; - java.net.URLClassLoader::findClass@13
                      ; - java.lang.ClassLoader::loadClass@69
  0x000001f8a913e778: 840d 7dff 

  0x000001f8a913e77c: ;   {other}
  0x000001f8a913e77c: 0f1f 8400 | ec63 005d | 4c8b c0e9 | 1eca ffff | 4489 4424 | 284c 898c | 24c0 0000 

  0x000001f8a913e798: ;   {metadata('java/util/Hashtable')}
  0x000001f8a913e798: 0048 bab8 | d300 b6f8 | 0100 0048 | 8bac 2490 | 0000 0090 

  0x000001f8a913e7ac: ;   {runtime_call _new_instance_Java}
  0x000001f8a913e7ac: c5f8 77e8 

  0x000001f8a913e7b0: ; ImmutableOopMap {rbp=Oop [32]=Oop [40]=NarrowOop [72]=Oop [80]=Oop [88]=Oop [112]=Oop [136]=Oop [144]=Oop [160]=NarrowOop [168]=Oop [176]=Oop [184]=Oop [192]=Oop [256]=Oop }
                      ;*new {reexecute=0 rethrow=0 return_oop=1}
                      ; - java.util.jar.JarVerifier::<init>@35
                      ; - java.util.jar.JarFile::getManifestFromReference@78
                      ; - java.util.jar.JarFile::getManifest@1
                      ; - jdk.internal.loader.URLClassPath$JarLoader$2::getManifest@22
                      ; - java.net.URLClassLoader::defineClass@34
                      ; - java.net.URLClassLoader$1::run@43
                      ; - java.net.URLClassLoader$1::run@1
                      ; - java.security.AccessController::executePrivileged@29
                      ; - java.security.AccessController::doPrivileged@13
                      ; - java.net.URLClassLoader::findClass@13
                      ; - java.lang.ClassLoader::loadClass@69
  0x000001f8a913e7b0: 4c0d 7dff 

  0x000001f8a913e7b4: ;   {other}
  0x000001f8a913e7b4: 0f1f 8400 | 2464 005e | 488b e890 | e90c cbff 

  0x000001f8a913e7c4: ;   {metadata('java/util/Hashtable')}
  0x000001f8a913e7c4: ff48 bab8 | d300 b6f8 | 0100 0048 | 8b6c 2460 

  0x000001f8a913e7d4: ;   {runtime_call _new_instance_Java}
  0x000001f8a913e7d4: c5f8 77e8 

  0x000001f8a913e7d8: ; ImmutableOopMap {rbp=Oop [32]=Oop [40]=NarrowOop [72]=Oop [80]=Oop [88]=Oop [112]=Oop [136]=Oop [144]=Oop [160]=NarrowOop [168]=Oop [176]=Oop [184]=Oop [192]=Oop [256]=Oop }
                      ;*new {reexecute=0 rethrow=0 return_oop=1}
                      ; - java.util.jar.JarVerifier::<init>@46
                      ; - java.util.jar.JarFile::getManifestFromReference@78
                      ; - java.util.jar.JarFile::getManifest@1
                      ; - jdk.internal.loader.URLClassPath$JarLoader$2::getManifest@22
                      ; - java.net.URLClassLoader::defineClass@34
                      ; - java.net.URLClassLoader$1::run@43
                      ; - java.net.URLClassLoader$1::run@1
                      ; - java.security.AccessController::executePrivileged@29
                      ; - java.security.AccessController::doPrivileged@13
                      ; - java.net.URLClassLoader::findClass@13
                      ; - java.lang.ClassLoader::loadClass@69
  0x000001f8a913e7d8: 240d 7dff 

  0x000001f8a913e7dc: ;   {other}
  0x000001f8a913e7dc: 0f1f 8400 | 4c64 005f | 488b e8e9 | 79cc ffff 

  0x000001f8a913e7ec: ;   {metadata('java/util/Hashtable$Entry'[])}
  0x000001f8a913e7ec: 48ba a87f | 13b6 f801 | 0000 41b8 | 0b00 0000 

  0x000001f8a913e7fc: ;   {runtime_call _new_array_Java}
  0x000001f8a913e7fc: c5f8 77e8 

  0x000001f8a913e800: ; ImmutableOopMap {rbp=Oop [32]=Oop [40]=NarrowOop [72]=Oop [80]=Oop [88]=Oop [96]=Oop [112]=Oop [136]=Oop [144]=Oop [160]=NarrowOop [168]=Oop [176]=Oop [184]=Oop [192]=Oop [256]=Oop }
                      ;*anewarray {reexecute=0 rethrow=0 return_oop=1}
                      ; - java.util.Hashtable::<init>@93
                      ; - java.util.Hashtable::<init>@5
                      ; - java.util.jar.JarVerifier::<init>@39
                      ; - java.util.jar.JarFile::getManifestFromReference@78
                      ; - java.util.jar.JarFile::getManifest@1
                      ; - jdk.internal.loader.URLClassPath$JarLoader$2::getManifest@22
                      ; - java.net.URLClassLoader::defineClass@34
                      ; - java.net.URLClassLoader$1::run@43
                      ; - java.net.URLClassLoader$1::run@1
                      ; - java.security.AccessController::executePrivileged@29
                      ; - java.security.AccessController::doPrivileged@13
                      ; - java.net.URLClassLoader::findClass@13
                      ; - java.lang.ClassLoader::loadClass@69
  0x000001f8a913e800: fc09 7dff 

  0x000001f8a913e804: ;   {other}
  0x000001f8a913e804: 0f1f 8400 | 7464 0060 | 4c8b d0e9 | 6fcb ffff 

  0x000001f8a913e814: ;   {metadata('java/util/Hashtable')}
  0x000001f8a913e814: 48ba b8d3 | 00b6 f801 | 0000 488b | 6c24 6090 

  0x000001f8a913e824: ;   {runtime_call _new_instance_Java}
  0x000001f8a913e824: c5f8 77e8 

  0x000001f8a913e828: ; ImmutableOopMap {rbp=Oop [32]=Oop [40]=NarrowOop [72]=Oop [80]=Oop [88]=Oop [112]=Oop [136]=Oop [144]=Oop [160]=NarrowOop [168]=Oop [176]=Oop [184]=Oop [192]=Oop [256]=Oop }
                      ;*new {reexecute=0 rethrow=0 return_oop=1}
                      ; - java.util.jar.JarVerifier::<init>@57
                      ; - java.util.jar.JarFile::getManifestFromReference@78
                      ; - java.util.jar.JarFile::getManifest@1
                      ; - jdk.internal.loader.URLClassPath$JarLoader$2::getManifest@22
                      ; - java.net.URLClassLoader::defineClass@34
                      ; - java.net.URLClassLoader$1::run@43
                      ; - java.net.URLClassLoader$1::run@1
                      ; - java.security.AccessController::executePrivileged@29
                      ; - java.security.AccessController::doPrivileged@13
                      ; - java.net.URLClassLoader::findClass@13
                      ; - java.lang.ClassLoader::loadClass@69
  0x000001f8a913e828: d40c 7dff 

  0x000001f8a913e82c: ;   {other}
  0x000001f8a913e82c: 0f1f 8400 | 9c64 0061 | 488b e8e9 | b0cd ffff 

  0x000001f8a913e83c: ;   {metadata('java/util/Hashtable$Entry'[])}
  0x000001f8a913e83c: 48ba a87f | 13b6 f801 | 0000 41b8 | 0b00 0000 

  0x000001f8a913e84c: ;   {runtime_call _new_array_Java}
  0x000001f8a913e84c: c5f8 77e8 

  0x000001f8a913e850: ; ImmutableOopMap {rbp=Oop [32]=Oop [40]=NarrowOop [72]=Oop [80]=Oop [88]=Oop [96]=Oop [112]=Oop [136]=Oop [144]=Oop [160]=NarrowOop [168]=Oop [176]=Oop [184]=Oop [192]=Oop [256]=Oop }
                      ;*anewarray {reexecute=0 rethrow=0 return_oop=1}
                      ; - java.util.Hashtable::<init>@93
                      ; - java.util.Hashtable::<init>@5
                      ; - java.util.jar.JarVerifier::<init>@50
                      ; - java.util.jar.JarFile::getManifestFromReference@78
                      ; - java.util.jar.JarFile::getManifest@1
                      ; - jdk.internal.loader.URLClassPath$JarLoader$2::getManifest@22
                      ; - java.net.URLClassLoader::defineClass@34
                      ; - java.net.URLClassLoader$1::run@43
                      ; - java.net.URLClassLoader$1::run@1
                      ; - java.security.AccessController::executePrivileged@29
                      ; - java.security.AccessController::doPrivileged@13
                      ; - java.net.URLClassLoader::findClass@13
                      ; - java.lang.ClassLoader::loadClass@69
  0x000001f8a913e850: ac09 7dff 

  0x000001f8a913e854: ;   {other}
  0x000001f8a913e854: 0f1f 8400 | c464 0062 | 4c8b d090 | e9a7 ccff | ff4c 8984 | 24b8 0000 

  0x000001f8a913e86c: ;   {metadata('java/util/jar/Manifest')}
  0x000001f8a913e86c: 0048 baa0 | e104 b6f8 | 0100 0048 | 8bac 2490 | 0000 0090 

  0x000001f8a913e880: ;   {runtime_call _new_instance_Java}
  0x000001f8a913e880: c5f8 77e8 

  0x000001f8a913e884: ; ImmutableOopMap {rbp=Oop [32]=Oop [40]=NarrowOop [72]=Oop [80]=Oop [88]=Oop [112]=Oop [136]=Oop [144]=Oop [160]=NarrowOop [168]=Oop [176]=Oop [184]=Oop [256]=Oop }
                      ;*new {reexecute=0 rethrow=0 return_oop=1}
                      ; - java.util.jar.JarFile::getManifestFromReference@101
                      ; - java.util.jar.JarFile::getManifest@1
                      ; - jdk.internal.loader.URLClassPath$JarLoader$2::getManifest@22
                      ; - java.net.URLClassLoader::defineClass@34
                      ; - java.net.URLClassLoader$1::run@43
                      ; - java.net.URLClassLoader$1::run@1
                      ; - java.security.AccessController::executePrivileged@29
                      ; - java.security.AccessController::doPrivileged@13
                      ; - java.net.URLClassLoader::findClass@13
                      ; - java.lang.ClassLoader::loadClass@69
  0x000001f8a913e884: 780c 7dff 

  0x000001f8a913e888: ;   {other}
  0x000001f8a913e888: 0f1f 8400 | f864 0063 | e92c d2ff 

  0x000001f8a913e894: ;   {metadata('java/io/ByteArrayInputStream')}
  0x000001f8a913e894: ff48 baa0 | 2305 b6f8 | 0100 0048 | 8bac 2490 | 0000 0090 

  0x000001f8a913e8a8: ;   {runtime_call _new_instance_Java}
  0x000001f8a913e8a8: c5f8 77e8 

  0x000001f8a913e8ac: ; ImmutableOopMap {rbp=Oop [32]=Oop [40]=NarrowOop [72]=Oop [80]=Oop [88]=Oop [96]=Oop [112]=Oop [136]=Oop [144]=Oop [160]=NarrowOop [164]=NarrowOop [168]=Oop [176]=Oop [184]=Oop [192]=Oop [256]=Oop }
                      ;*new {reexecute=0 rethrow=0 return_oop=1}
                      ; - java.util.jar.JarFile::getManifestFromReference@109
                      ; - java.util.jar.JarFile::getManifest@1
                      ; - jdk.internal.loader.URLClassPath$JarLoader$2::getManifest@22
                      ; - java.net.URLClassLoader::defineClass@34
                      ; - java.net.URLClassLoader$1::run@43
                      ; - java.net.URLClassLoader$1::run@1
                      ; - java.security.AccessController::executePrivileged@29
                      ; - java.security.AccessController::doPrivileged@13
                      ; - java.net.URLClassLoader::findClass@13
                      ; - java.lang.ClassLoader::loadClass@69
  0x000001f8a913e8ac: 500c 7dff 

  0x000001f8a913e8b0: ;   {other}
  0x000001f8a913e8b0: 0f1f 8400 | 2065 0064 | e979 d2ff 

  0x000001f8a913e8bc: ;   {metadata({type array byte})}
  0x000001f8a913e8bc: ff48 ba18 | 2300 b6f8 | 0100 0041 | b820 0000 | 004c 8b94 | 2490 0000 | 004c 8954 | 2460 6690 
  0x000001f8a913e8dc: ;   {runtime_call _new_array_Java}
  0x000001f8a913e8dc: c5f8 77e8 

  0x000001f8a913e8e0: ; ImmutableOopMap {rbp=Oop [32]=Oop [40]=NarrowOop [72]=Oop [80]=Oop [88]=Oop [96]=Oop [112]=Oop [136]=Oop [144]=Oop [160]=NarrowOop [164]=NarrowOop [168]=Oop [176]=Oop [184]=Oop [192]=Oop [256]=Oop }
                      ;*newarray {reexecute=0 rethrow=0 return_oop=1}
                      ; - java.io.ByteArrayOutputStream::<init>@37
                      ; - java.io.ByteArrayOutputStream::<init>@3
                      ; - java.util.jar.JarVerifier::<init>@85
                      ; - java.util.jar.JarFile::getManifestFromReference@78
                      ; - java.util.jar.JarFile::getManifest@1
                      ; - jdk.internal.loader.URLClassPath$JarLoader$2::getManifest@22
                      ; - java.net.URLClassLoader::defineClass@34
                      ; - java.net.URLClassLoader$1::run@43
                      ; - java.net.URLClassLoader$1::run@1
                      ; - java.security.AccessController::executePrivileged@29
                      ; - java.security.AccessController::doPrivileged@13
                      ; - java.net.URLClassLoader::findClass@13
                      ; - java.lang.ClassLoader::loadClass@69
  0x000001f8a913e8e0: 1c09 7dff 

  0x000001f8a913e8e4: ;   {other}
  0x000001f8a913e8e4: 0f1f 8400 | 5465 0065 | e98c cfff 

  0x000001f8a913e8f0: ;   {metadata('java/io/ByteArrayOutputStream')}
  0x000001f8a913e8f0: ff48 ba48 | fe21 b6f8 | 0100 0048 | 8bac 2490 | 0000 0090 

  0x000001f8a913e904: ;   {runtime_call _new_instance_Java}
  0x000001f8a913e904: c5f8 77e8 

  0x000001f8a913e908: ; ImmutableOopMap {rbp=Oop [32]=Oop [40]=NarrowOop [72]=Oop [80]=Oop [88]=Oop [112]=Oop [136]=Oop [144]=Oop [160]=NarrowOop [164]=NarrowOop [168]=Oop [176]=Oop [184]=Oop [192]=Oop [256]=Oop }
                      ;*new {reexecute=0 rethrow=0 return_oop=1}
                      ; - java.util.jar.JarVerifier::<init>@81
                      ; - java.util.jar.JarFile::getManifestFromReference@78
                      ; - java.util.jar.JarFile::getManifest@1
                      ; - jdk.internal.loader.URLClassPath$JarLoader$2::getManifest@22
                      ; - java.net.URLClassLoader::defineClass@34
                      ; - java.net.URLClassLoader$1::run@43
                      ; - java.net.URLClassLoader$1::run@1
                      ; - java.security.AccessController::executePrivileged@29
                      ; - java.security.AccessController::doPrivileged@13
                      ; - java.net.URLClassLoader::findClass@13
                      ; - java.lang.ClassLoader::loadClass@69
  0x000001f8a913e908: f40b 7dff 

  0x000001f8a913e90c: ;   {other}
  0x000001f8a913e90c: 0f1f 8400 | 7c65 0066 | 4c8b d8e9 | f7ce ffff 

  0x000001f8a913e91c: ;   {metadata('java/util/HashMap')}
  0x000001f8a913e91c: 48ba 68a9 | 08b6 f801 | 0000 488b | ac24 9000 | 0000 6690 

  0x000001f8a913e930: ;   {runtime_call _new_instance_Java}
  0x000001f8a913e930: c5f8 77e8 

  0x000001f8a913e934: ; ImmutableOopMap {rbp=Oop [32]=Oop [40]=NarrowOop [72]=Oop [80]=Oop [88]=Oop [112]=Oop [136]=Oop [144]=Oop [160]=NarrowOop [164]=NarrowOop [168]=Oop [176]=Oop [184]=Oop [192]=Oop [256]=Oop }
                      ;*new {reexecute=0 rethrow=0 return_oop=1}
                      ; - java.util.jar.JarVerifier::<init>@103
                      ; - java.util.jar.JarFile::getManifestFromReference@78
                      ; - java.util.jar.JarFile::getManifest@1
                      ; - jdk.internal.loader.URLClassPath$JarLoader$2::getManifest@22
                      ; - java.net.URLClassLoader::defineClass@34
                      ; - java.net.URLClassLoader$1::run@43
                      ; - java.net.URLClassLoader$1::run@1
                      ; - java.security.AccessController::executePrivileged@29
                      ; - java.security.AccessController::doPrivileged@13
                      ; - java.net.URLClassLoader::findClass@13
                      ; - java.lang.ClassLoader::loadClass@69
  0x000001f8a913e934: c80b 7dff 

  0x000001f8a913e938: ;   {other}
  0x000001f8a913e938: 0f1f 8400 | a865 0067 | 4c8b d0e9 | 93d0 ffff 

  0x000001f8a913e948: ;   {metadata('java/util/ArrayList')}
  0x000001f8a913e948: 48ba d089 | 0bb6 f801 | 0000 488b | ac24 9000 | 0000 6690 

  0x000001f8a913e95c: ;   {runtime_call _new_instance_Java}
  0x000001f8a913e95c: c5f8 77e8 

  0x000001f8a913e960: ; ImmutableOopMap {rbp=Oop [32]=Oop [40]=NarrowOop [72]=Oop [80]=Oop [88]=Oop [112]=Oop [136]=Oop [144]=Oop [160]=NarrowOop [164]=NarrowOop [168]=Oop [176]=Oop [184]=Oop [192]=Oop [256]=Oop }
                      ;*new {reexecute=0 rethrow=0 return_oop=1}
                      ; - java.util.jar.JarVerifier::<init>@92
                      ; - java.util.jar.JarFile::getManifestFromReference@78
                      ; - java.util.jar.JarFile::getManifest@1
                      ; - jdk.internal.loader.URLClassPath$JarLoader$2::getManifest@22
                      ; - java.net.URLClassLoader::defineClass@34
                      ; - java.net.URLClassLoader$1::run@43
                      ; - java.net.URLClassLoader$1::run@1
                      ; - java.security.AccessController::executePrivileged@29
                      ; - java.security.AccessController::doPrivileged@13
                      ; - java.net.URLClassLoader::findClass@13
                      ; - java.lang.ClassLoader::loadClass@69
  0x000001f8a913e960: 9c0b 7dff 

  0x000001f8a913e964: ;   {other}
  0x000001f8a913e964: 0f1f 8400 | d465 0068 | 4c8b d0e9 | cccf ffff 

  0x000001f8a913e974: ;   {metadata('java/util/ArrayList')}
  0x000001f8a913e974: 48ba d089 | 0bb6 f801 | 0000 488b | 6c24 6090 

  0x000001f8a913e984: ;   {runtime_call _new_instance_Java}
  0x000001f8a913e984: c5f8 77e8 

  0x000001f8a913e988: ; ImmutableOopMap {rbp=Oop [32]=Oop [40]=NarrowOop [72]=Oop [80]=Oop [88]=Oop [112]=Oop [136]=Oop [144]=Oop [160]=NarrowOop [164]=NarrowOop [168]=Oop [176]=Oop [184]=Oop [192]=Oop [256]=Oop }
                      ;*new {reexecute=0 rethrow=0 return_oop=1}
                      ; - java.util.jar.JarVerifier::<init>@70
                      ; - java.util.jar.JarFile::getManifestFromReference@78
                      ; - java.util.jar.JarFile::getManifest@1
                      ; - jdk.internal.loader.URLClassPath$JarLoader$2::getManifest@22
                      ; - java.net.URLClassLoader::defineClass@34
                      ; - java.net.URLClassLoader$1::run@43
                      ; - java.net.URLClassLoader$1::run@1
                      ; - java.security.AccessController::executePrivileged@29
                      ; - java.security.AccessController::doPrivileged@13
                      ; - java.net.URLClassLoader::findClass@13
                      ; - java.lang.ClassLoader::loadClass@69
  0x000001f8a913e988: 740b 7dff 

  0x000001f8a913e98c: ;   {other}
  0x000001f8a913e98c: 0f1f 8400 | fc65 0069 | 4c8b d0e9 | ddcd ffff 

  0x000001f8a913e99c: ;   {metadata('java/util/Hashtable$Entry'[])}
  0x000001f8a913e99c: 48ba a87f | 13b6 f801 | 0000 41b8 | 0b00 0000 

  0x000001f8a913e9ac: ;   {runtime_call _new_array_Java}
  0x000001f8a913e9ac: c5f8 77e8 

  0x000001f8a913e9b0: ; ImmutableOopMap {rbp=Oop [32]=Oop [40]=NarrowOop [72]=Oop [80]=Oop [88]=Oop [96]=Oop [112]=Oop [136]=Oop [144]=Oop [160]=NarrowOop [168]=Oop [176]=Oop [184]=Oop [192]=Oop [256]=Oop }
                      ;*anewarray {reexecute=0 rethrow=0 return_oop=1}
                      ; - java.util.Hashtable::<init>@93
                      ; - java.util.Hashtable::<init>@4
                      ; - java.util.jar.JarVerifier::<init>@63
                      ; - java.util.jar.JarFile::getManifestFromReference@78
                      ; - java.util.jar.JarFile::getManifest@1
                      ; - jdk.internal.loader.URLClassPath$JarLoader$2::getManifest@22
                      ; - java.net.URLClassLoader::defineClass@34
                      ; - java.net.URLClassLoader$1::run@43
                      ; - java.net.URLClassLoader$1::run@1
                      ; - java.security.AccessController::executePrivileged@29
                      ; - java.security.AccessController::doPrivileged@13
                      ; - java.net.URLClassLoader::findClass@13
                      ; - java.lang.ClassLoader::loadClass@69
  0x000001f8a913e9b0: 4c08 7dff 

  0x000001f8a913e9b4: ;   {other}
  0x000001f8a913e9b4: 0f1f 8400 | 2466 006a | 4c8b d090 | e9cf ccff 

  0x000001f8a913e9c4: ;   {metadata('java/util/jar/Attributes')}
  0x000001f8a913e9c4: ff48 ba40 | 8816 b6f8 | 0100 0048 | 8bac 2490 | 0000 0090 

  0x000001f8a913e9d8: ;   {runtime_call _new_instance_Java}
  0x000001f8a913e9d8: c5f8 77e8 

  0x000001f8a913e9dc: ; ImmutableOopMap {rbp=Oop [32]=Oop [40]=Oop [52]=NarrowOop [72]=Oop [80]=Oop [88]=Oop [96]=Oop [112]=Oop [136]=Oop [144]=Oop [160]=NarrowOop [164]=NarrowOop [168]=Oop [184]=Oop [192]=Oop [256]=Oop }
                      ;*new {reexecute=0 rethrow=0 return_oop=1}
                      ; - java.util.jar.Manifest::<init>@5
                      ; - java.util.jar.JarFile::getManifestFromReference@121
                      ; - java.util.jar.JarFile::getManifest@1
                      ; - jdk.internal.loader.URLClassPath$JarLoader$2::getManifest@22
                      ; - java.net.URLClassLoader::defineClass@34
                      ; - java.net.URLClassLoader$1::run@43
                      ; - java.net.URLClassLoader$1::run@1
                      ; - java.security.AccessController::executePrivileged@29
                      ; - java.security.AccessController::doPrivileged@13
                      ; - java.net.URLClassLoader::findClass@13
                      ; - java.lang.ClassLoader::loadClass@69
  0x000001f8a913e9dc: 200b 7dff 

  0x000001f8a913e9e0: ;   {other}
  0x000001f8a913e9e0: 0f1f 8400 | 5066 006b | 488b e8e9 | bfd1 ffff 

  0x000001f8a913e9f0: ;   {metadata('java/util/HashMap')}
  0x000001f8a913e9f0: 48ba 68a9 | 08b6 f801 | 0000 488b | ac24 9000 | 0000 6690 

  0x000001f8a913ea04: ;   {runtime_call _new_instance_Java}
  0x000001f8a913ea04: c5f8 77e8 

  0x000001f8a913ea08: ; ImmutableOopMap {rbp=Oop [32]=Oop [40]=Oop [52]=NarrowOop [72]=Oop [80]=Oop [88]=Oop [96]=Oop [104]=Oop [112]=Oop [136]=Oop [144]=Oop [160]=NarrowOop [164]=NarrowOop [168]=Oop [184]=Oop [192]=Oop [256]=Oop }
                      ;*new {reexecute=0 rethrow=0 return_oop=1}
                      ; - java.util.jar.Manifest::<init>@16
                      ; - java.util.jar.JarFile::getManifestFromReference@121
                      ; - java.util.jar.JarFile::getManifest@1
                      ; - jdk.internal.loader.URLClassPath$JarLoader$2::getManifest@22
                      ; - java.net.URLClassLoader::defineClass@34
                      ; - java.net.URLClassLoader$1::run@43
                      ; - java.net.URLClassLoader$1::run@1
                      ; - java.security.AccessController::executePrivileged@29
                      ; - java.security.AccessController::doPrivileged@13
                      ; - java.net.URLClassLoader::findClass@13
                      ; - java.lang.ClassLoader::loadClass@69
  0x000001f8a913ea08: f40a 7dff 

  0x000001f8a913ea0c: ;   {other}
  0x000001f8a913ea0c: 0f1f 8400 | 7c66 006c | 4c8b d8e9 | afd2 ffff | 4533 db45 | 8bcb e92e | dbff ff49 | 8bd0 448b 
  0x000001f8a913ea2c: 8424 ec00 | 0000 488b | ac24 9000 | 0000 6690 

  0x000001f8a913ea3c: ;   {static_call}
  0x000001f8a913ea3c: c5f8 77e8 

  0x000001f8a913ea40: ; ImmutableOopMap {rbp=Oop [40]=Oop [72]=Oop [80]=Oop [88]=Oop [96]=NarrowOop [120]=Oop [136]=Oop [144]=Oop [152]=Oop [160]=Oop [168]=Oop [176]=Oop [184]=NarrowOop }
                      ;*invokestatic charAt {reexecute=0 rethrow=0 return_oop=0}
                      ; - java.lang.String::charAt@21
                      ; - java.io.WinNTFileSystem::normalize@31
                      ; - java.io.File::<init>@73
                      ; - jdk.internal.loader.URLClassPath$FileLoader::getResource@73
                      ; - jdk.internal.loader.URLClassPath::getResource@53
                      ; - java.net.URLClassLoader$1::run@26
                      ; - java.net.URLClassLoader$1::run@1
                      ; - java.security.AccessController::executePrivileged@29
                      ; - java.security.AccessController::doPrivileged@13
                      ; - java.net.URLClassLoader::findClass@13
                      ; - java.lang.ClassLoader::loadClass@69
  0x000001f8a913ea40: 3c06 7aff 

  0x000001f8a913ea44: ;   {other}
  0x000001f8a913ea44: 0f1f 8400 | b466 006d | 448b d0e9 | 61d8 ffff | 488b 5424 | 504c 8d84 | 2410 0100 | 0048 8b6c 
  0x000001f8a913ea64: 2448 6690 

  0x000001f8a913ea68: ;   {runtime_call _complete_monitor_locking_Java}
  0x000001f8a913ea68: c5f8 77e8 

  0x000001f8a913ea6c: ; ImmutableOopMap {rbp=Oop [72]=Oop [80]=Oop [136]=Oop }
                      ;*monitorenter {reexecute=0 rethrow=0 return_oop=0}
                      ; - java.lang.ClassLoader::loadClass@7
  0x000001f8a913ea6c: 9061 7dff 

  0x000001f8a913ea70: ;   {other}
  0x000001f8a913ea70: 0f1f 8400 | e066 006e | e92d a5ff | ffba 45ff | ffff 488b | 6c24 484c | 8b94 2488 | 0000 004c 
  0x000001f8a913ea90: 8954 2420 | 448b 5424 | 3044 8954 | 2428 6690 

  0x000001f8a913eaa0: ;   {runtime_call UncommonTrapBlob}
  0x000001f8a913eaa0: c5f8 77e8 

  0x000001f8a913eaa4: ; ImmutableOopMap {rbp=Oop [32]=Oop [80]=Oop }
                      ;*ifeq {reexecute=1 rethrow=0 return_oop=0}
                      ; - (reexecute) java.lang.ClassLoader::checkName@8
                      ; - java.lang.ClassLoader::findLoadedClass@1
                      ; - java.lang.ClassLoader::loadClass@10
  0x000001f8a913eaa4: d858 7aff 

  0x000001f8a913eaa8: ;   {other}
  0x000001f8a913eaa8: 0f1f 8400 | 1867 006f | 488b 6c24 | 484c 8b94 | 2488 0000 | 004c 8954 | 2420 448b | 5424 3044 
  0x000001f8a913eac8: 8954 2428 | 4c8b 5424 | 504c 8954 | 2438 4489 | 5c24 2c89 | 5424 58ba | ceff ffff 

  0x000001f8a913eae4: ;   {runtime_call UncommonTrapBlob}
  0x000001f8a913eae4: c5f8 77e8 

  0x000001f8a913eae8: ; ImmutableOopMap {rbp=Oop [32]=Oop [44]=NarrowOop [56]=Oop }
                      ;*invokestatic indexOfChar {reexecute=0 rethrow=0 return_oop=0}
                      ; - java.lang.StringLatin1::indexOf@33
                      ; - java.lang.String::indexOf@17
                      ; - java.lang.String::indexOf@3
                      ; - java.lang.ClassLoader::checkName@16
                      ; - java.lang.ClassLoader::findLoadedClass@1
                      ; - java.lang.ClassLoader::loadClass@10
  0x000001f8a913eae8: 9458 7aff 

  0x000001f8a913eaec: ;   {other}
  0x000001f8a913eaec: 0f1f 8400 | 5c67 0070 

  0x000001f8a913eaf4: ;   {metadata('java/util/jar/Manifest')}
  0x000001f8a913eaf4: 48ba a0e1 | 04b6 f801 | 0000 4c8b | 9424 9000 | 0000 4c89 | 5424 6090 

  0x000001f8a913eb0c: ;   {runtime_call _new_instance_Java}
  0x000001f8a913eb0c: c5f8 77e8 

  0x000001f8a913eb10: ; ImmutableOopMap {rbp=Oop [32]=Oop [40]=Oop [72]=Oop [80]=Oop [88]=Oop [96]=Oop [112]=Oop [136]=Oop [144]=Oop [160]=NarrowOop [168]=Oop [256]=Oop }
                      ;*new {reexecute=0 rethrow=0 return_oop=1}
                      ; - java.util.jar.JarFile::getManifestFromReference@134
                      ; - java.util.jar.JarFile::getManifest@1
                      ; - jdk.internal.loader.URLClassPath$JarLoader$2::getManifest@22
                      ; - java.net.URLClassLoader::defineClass@34
                      ; - java.net.URLClassLoader$1::run@43
                      ; - java.net.URLClassLoader$1::run@1
                      ; - java.security.AccessController::executePrivileged@29
                      ; - java.security.AccessController::doPrivileged@13
                      ; - java.net.URLClassLoader::findClass@13
                      ; - java.lang.ClassLoader::loadClass@69
  0x000001f8a913eb10: ec09 7dff 

  0x000001f8a913eb14: ;   {other}
  0x000001f8a913eb14: 0f1f 8400 | 8467 0071 | 0f1f 4000 | e974 c3ff | ff44 894c | 2434 4c89 | 5c24 604c | 8984 24b8 
  0x000001f8a913eb34: ;   {metadata('java/util/jar/Attributes')}
  0x000001f8a913eb34: 0000 0048 | ba40 8816 | b6f8 0100 | 0048 8bac | 2490 0000 | 0066 6690 

  0x000001f8a913eb4c: ;   {runtime_call _new_instance_Java}
  0x000001f8a913eb4c: c5f8 77e8 

  0x000001f8a913eb50: ; ImmutableOopMap {rbp=Oop [32]=Oop [40]=Oop [52]=NarrowOop [72]=Oop [80]=Oop [88]=Oop [96]=Oop [112]=Oop [136]=Oop [144]=Oop [160]=NarrowOop [168]=Oop [184]=Oop [256]=Oop }
                      ;*new {reexecute=0 rethrow=0 return_oop=1}
                      ; - java.util.jar.Manifest::<init>@5
                      ; - java.util.jar.Manifest::<init>@4
                      ; - java.util.jar.JarFile::getManifestFromReference@143
                      ; - java.util.jar.JarFile::getManifest@1
                      ; - jdk.internal.loader.URLClassPath$JarLoader$2::getManifest@22
                      ; - java.net.URLClassLoader::defineClass@34
                      ; - java.net.URLClassLoader$1::run@43
                      ; - java.net.URLClassLoader$1::run@1
                      ; - java.security.AccessController::executePrivileged@29
                      ; - java.security.AccessController::doPrivileged@13
                      ; - java.net.URLClassLoader::findClass@13
                      ; - java.lang.ClassLoader::loadClass@69
  0x000001f8a913eb50: ac09 7dff 

  0x000001f8a913eb54: ;   {other}
  0x000001f8a913eb54: 0f1f 8400 | c467 0072 | 488b e890 | e98d c3ff | ff49 8be8 

  0x000001f8a913eb68: ;   {metadata('java/util/HashMap')}
  0x000001f8a913eb68: 48ba 68a9 | 08b6 f801 | 0000 4c8b | 9424 9000 | 0000 4c89 | 5424 6090 

  0x000001f8a913eb80: ;   {runtime_call _new_instance_Java}
  0x000001f8a913eb80: c5f8 77e8 

  0x000001f8a913eb84: ; ImmutableOopMap {rbp=Oop [32]=Oop [40]=Oop [52]=NarrowOop [72]=Oop [80]=Oop [88]=Oop [96]=Oop [104]=Oop [112]=Oop [136]=Oop [144]=Oop [160]=NarrowOop [168]=Oop [184]=Oop [256]=Oop }
                      ;*new {reexecute=0 rethrow=0 return_oop=1}
                      ; - java.util.jar.Manifest::<init>@16
                      ; - java.util.jar.Manifest::<init>@4
                      ; - java.util.jar.JarFile::getManifestFromReference@143
                      ; - java.util.jar.JarFile::getManifest@1
                      ; - jdk.internal.loader.URLClassPath$JarLoader$2::getManifest@22
                      ; - java.net.URLClassLoader::defineClass@34
                      ; - java.net.URLClassLoader$1::run@43
                      ; - java.net.URLClassLoader$1::run@1
                      ; - java.security.AccessController::executePrivileged@29
                      ; - java.security.AccessController::doPrivileged@13
                      ; - java.net.URLClassLoader::findClass@13
                      ; - java.lang.ClassLoader::loadClass@69
  0x000001f8a913eb84: 7809 7dff 

  0x000001f8a913eb88: ;   {other}
  0x000001f8a913eb88: 0f1f 8400 | f867 0073 | 4c8b c548 | 8bd8 e97f | c4ff ff45 | 33db 6690 | e931 e3ff | ffba f6ff 
  0x000001f8a913eba8: ffff 488b | ac24 9000 | 0000 448b | 5424 3044 | 8954 2420 | 4c8b 5424 | 384c 8954 | 2430 4c8b 
  0x000001f8a913ebc8: 5424 404c | 8954 2438 | 4c8b 5424 | 504c 8954 | 2440 4c8b | 9424 8800 | 0000 4c89 | 5424 484c 
  0x000001f8a913ebe8: 8b54 2458 | 4c89 5424 | 5044 8b54 | 2460 4489 | 5424 2444 | 8b5c 2468 | 4489 5c24 | 6048 ff74 
  0x000001f8a913ec08: 2470 488f | 4424 6890 

  0x000001f8a913ec10: ;   {runtime_call UncommonTrapBlob}
  0x000001f8a913ec10: c5f8 77e8 

  0x000001f8a913ec14: ; ImmutableOopMap {rbp=Oop [36]=NarrowOop [64]=Oop [72]=Oop [80]=Oop [104]=Oop [120]=Oop }
                      ;*invokevirtual getJarEntry {reexecute=0 rethrow=0 return_oop=0}
                      ; - jdk.internal.loader.URLClassPath$JarLoader::getResource@22
                      ; - jdk.internal.loader.URLClassPath::getResource@53
                      ; - java.net.URLClassLoader$1::run@26
                      ; - java.net.URLClassLoader$1::run@1
                      ; - java.security.AccessController::executePrivileged@29
                      ; - java.security.AccessController::doPrivileged@13
                      ; - java.net.URLClassLoader::findClass@13
                      ; - java.lang.ClassLoader::loadClass@69
  0x000001f8a913ec14: 6857 7aff 

  0x000001f8a913ec18: ;   {other}
  0x000001f8a913ec18: 0f1f 8400 | 8868 0074 | baf6 ffff | ff44 8b54 | 2430 4489 | 5424 204c | 8b54 2438 | 4c89 5424 
  0x000001f8a913ec38: 304c 8b54 | 2440 4c89 | 5424 384c | 8b54 2450 | 4c89 5424 | 404c 8b94 | 2488 0000 | 004c 8954 
  0x000001f8a913ec58: 2448 4889 | 5c24 504c | 8974 2468 

  0x000001f8a913ec64: ;   {runtime_call UncommonTrapBlob}
  0x000001f8a913ec64: c5f8 77e8 

  0x000001f8a913ec68: ; ImmutableOopMap {[64]=Oop [72]=Oop [80]=Oop [104]=Oop [120]=Oop }
                      ;*invokevirtual getResource {reexecute=0 rethrow=0 return_oop=0}
                      ; - java.net.URLClassLoader$1::run@26
                      ; - java.net.URLClassLoader$1::run@1
                      ; - java.security.AccessController::executePrivileged@29
                      ; - java.security.AccessController::doPrivileged@13
                      ; - java.net.URLClassLoader::findClass@13
                      ; - java.lang.ClassLoader::loadClass@69
  0x000001f8a913ec68: 1457 7aff 

  0x000001f8a913ec6c: ;   {other}
  0x000001f8a913ec6c: 0f1f 8400 | dc68 0075 | ba76 ffff | ff44 8b4c | 2430 4489 | 4c24 204c | 8b44 2438 | 4c89 4424 
  0x000001f8a913ec8c: 304c 8b44 | 2440 4c89 | 4424 384c | 8b44 2450 | 4c89 4424 | 404c 8b84 | 2488 0000 | 0048 895c 
  0x000001f8a913ecac: 2450 4c89 | 4424 5844 | 8954 2424 | 4489 5c24 | 644c 8944 | 2468 4c89 | 7424 7090 

  0x000001f8a913ecc8: ;   {runtime_call UncommonTrapBlob}
  0x000001f8a913ecc8: c5f8 77e8 

  0x000001f8a913eccc: ; ImmutableOopMap {[36]=NarrowOop [64]=Oop [80]=Oop [88]=Oop [104]=Oop [112]=Oop }
                      ;*if_icmpge {reexecute=1 rethrow=0 return_oop=0}
                      ; - (reexecute) java.lang.StringLatin1::replace@19
                      ; - java.lang.String::replace@18
                      ; - java.net.URLClassLoader$1::run@8
                      ; - java.net.URLClassLoader$1::run@1
                      ; - java.security.AccessController::executePrivileged@29
                      ; - java.security.AccessController::doPrivileged@13
                      ; - java.net.URLClassLoader::findClass@13
                      ; - java.lang.ClassLoader::loadClass@69
  0x000001f8a913eccc: b056 7aff 

  0x000001f8a913ecd0: ;   {other}
  0x000001f8a913ecd0: 0f1f 8400 | 4069 0076 | 4c89 4424 | 2044 8954 | 2468 4889 | 8c24 8000 

  0x000001f8a913ece8: ;   {metadata('java/net/URL')}
  0x000001f8a913ece8: 0000 48ba | 80a9 01b6 | f801 0000 | 488b ac24 | 9000 0000 

  0x000001f8a913ecfc: ;   {runtime_call _new_instance_Java}
  0x000001f8a913ecfc: c5f8 77e8 

  0x000001f8a913ed00: ; ImmutableOopMap {rbp=Oop [32]=Oop [40]=Oop [72]=Oop [80]=Oop [88]=Oop [96]=NarrowOop [120]=Oop [136]=Oop [144]=Oop }
                      ;*new {reexecute=0 rethrow=0 return_oop=1}
                      ; - jdk.internal.loader.URLClassPath$FileLoader::getResource@0
                      ; - jdk.internal.loader.URLClassPath::getResource@53
                      ; - java.net.URLClassLoader$1::run@26
                      ; - java.net.URLClassLoader$1::run@1
                      ; - java.security.AccessController::executePrivileged@29
                      ; - java.security.AccessController::doPrivileged@13
                      ; - java.net.URLClassLoader::findClass@13
                      ; - java.lang.ClassLoader::loadClass@69
  0x000001f8a913ed00: fc07 7dff 

  0x000001f8a913ed04: ;   {other}
  0x000001f8a913ed04: 0f1f 8400 | 7469 0077 | e907 d3ff | ff48 63d5 | e9e3 a9ff | ffba ccff | ffff 448b | 4424 3044 
  0x000001f8a913ed24: 8944 2420 | 4c8b 4424 | 384c 8944 | 2430 4c8b | 4424 404c | 8944 2438 | 4c8b 4424 | 504c 8944 
  0x000001f8a913ed44: 2440 4c8b | 8424 8800 | 0000 4889 | 5c24 504c | 8944 2458 | 4c89 7424 | 604c 8954 | 2468 4c89 
  0x000001f8a913ed64: 5c24 7848 | 89b4 2480 | 0000 0044 | 894c 2424 

  0x000001f8a913ed74: ;   {runtime_call UncommonTrapBlob}
  0x000001f8a913ed74: c5f8 77e8 

  0x000001f8a913ed78: ; ImmutableOopMap {[64]=Oop [80]=Oop [88]=Oop [96]=Oop [104]=Oop [128]=Oop [136]=Oop }
                      ;*invokestatic arraycopy {reexecute=0 rethrow=0 return_oop=0}
                      ; - java.lang.String::getBytes@22
                      ; - java.lang.StringConcatHelper::prepend@21
                      ; - java.lang.StringConcatHelper::simpleConcat@71
                      ; - java.lang.String::concat@11
                      ; - java.net.URLClassLoader$1::run@13
                      ; - java.net.URLClassLoader$1::run@1
                      ; - java.security.AccessController::executePrivileged@29
                      ; - java.security.AccessController::doPrivileged@13
                      ; - java.net.URLClassLoader::findClass@13
                      ; - java.lang.ClassLoader::loadClass@69
  0x000001f8a913ed78: 0456 7aff 

  0x000001f8a913ed7c: ;   {other}
  0x000001f8a913ed7c: 0f1f 8400 | ec69 0078 | bacc ffff | ff44 8b54 | 2430 4489 | 5424 204c | 8b54 2438 | 4c89 5424 
  0x000001f8a913ed9c: 304c 8b54 | 2440 4c89 | 5424 384c | 8b54 2450 | 4c89 5424 | 404c 8b94 | 2488 0000 | 0048 895c 
  0x000001f8a913edbc: 2450 4889 | 7c24 584c | 8954 2460 | 4c89 7424 | 6848 8974 | 2478 894c | 2424 6690 

  0x000001f8a913edd8: ;   {runtime_call UncommonTrapBlob}
  0x000001f8a913edd8: c5f8 77e8 

  0x000001f8a913eddc: ; ImmutableOopMap {[64]=Oop [80]=Oop [88]=Oop [96]=Oop [104]=Oop [120]=Oop [136]=Oop }
                      ;*invokestatic arraycopy {reexecute=0 rethrow=0 return_oop=0}
                      ; - java.lang.String::getBytes@22
                      ; - java.lang.StringConcatHelper::prepend@21
                      ; - java.lang.StringConcatHelper::simpleConcat@81
                      ; - java.lang.String::concat@11
                      ; - java.net.URLClassLoader$1::run@13
                      ; - java.net.URLClassLoader$1::run@1
                      ; - java.security.AccessController::executePrivileged@29
                      ; - java.security.AccessController::doPrivileged@13
                      ; - java.net.URLClassLoader::findClass@13
                      ; - java.lang.ClassLoader::loadClass@69
  0x000001f8a913eddc: a055 7aff 

  0x000001f8a913ede0: ;   {other}
  0x000001f8a913ede0: 0f1f 8400 | 506a 0079 | 4c8b 9424 | a800 0000 | 458b 5214 | 4585 d20f | 847e dbff | ff4d 8b5f 
  0x000001f8a913ee00: 2849 8bca | 4d85 db0f | 84af 3100 | 004d 8b57 | 384b 894c | 1af8 4983 | c3f8 4d89 | 5f28 6690 
  0x000001f8a913ee20: e956 dbff | ff4c 8b94 | 24b0 0000 | 004d 85d2 | 0f85 53de | ffff baf6 | ffff ff44 | 8b54 2430 
  0x000001f8a913ee40: 4489 5424 | 204c 8b54 | 2438 4c89 | 5424 304c | 8b54 2440 | 4c89 5424 | 384c 8b54 | 2450 4c89 
  0x000001f8a913ee60: 5424 404c | 8b94 2488 | 0000 004c | 8954 2448 | 4c8b 5424 | 584c 8954 | 2450 448b | 5c24 6044 
  0x000001f8a913ee80: 895c 2424 | 448b 5424 | 6844 8954 | 2460 4c8b | 5424 784c | 8954 2468 

  0x000001f8a913ee98: ;   {runtime_call UncommonTrapBlob}
  0x000001f8a913ee98: c5f8 77e8 

  0x000001f8a913ee9c: ; ImmutableOopMap {rbp=Oop [36]=NarrowOop [64]=Oop [72]=Oop [80]=Oop [104]=Oop [152]=Oop [160]=Oop [168]=Oop }
                      ;*invokevirtual length {reexecute=0 rethrow=0 return_oop=0}
                      ; - java.io.WinNTFileSystem::prefixLength@6
                      ; - java.io.File::<init>@104
                      ; - jdk.internal.loader.URLClassPath$FileLoader::getResource@118
                      ; - jdk.internal.loader.URLClassPath::getResource@53
                      ; - java.net.URLClassLoader$1::run@26
                      ; - java.net.URLClassLoader$1::run@1
                      ; - java.security.AccessController::executePrivileged@29
                      ; - java.security.AccessController::doPrivileged@13
                      ; - java.net.URLClassLoader::findClass@13
                      ; - java.lang.ClassLoader::loadClass@69
  0x000001f8a913ee9c: e054 7aff 

  0x000001f8a913eea0: ;   {other}
  0x000001f8a913eea0: 0f1f 8400 | 106b 007a | 4c8b 9424 | a800 0000 | 458b 5a10 | 4585 db0f | 846e ddff | ff4d 8b57 
  0x000001f8a913eec0: 2849 8bcb | 4d85 d20f | 840f 3100 | 004d 8b5f | 384b 894c | 13f8 4983 | c2f8 4d89 | 5728 6690 
  0x000001f8a913eee0: e946 ddff | ff4d 8b57 | 584d 8b5f | 48f0 8344 | 24c0 0080 | 3900 7437 | 4488 210f | 1f44 0000 
  0x000001f8a913ef00: 4d85 db74 | 0f4b 894c | 1af8 4983 | c3f8 4d89 | 5f48 eb1b | 498b d7c5 | f877 49ba | d0a0 62cc 
  0x000001f8a913ef20: f97f 0000 

  0x000001f8a913ef24: ;   {other}
  0x000001f8a913ef24: 41ff d20f | 1f84 0000 | 0000 004c | 8b94 24a8 | 0000 0045 | 8b5a 100f | 1f44 0000 | 4585 db0f 
  0x000001f8a913ef44: 84ed feff | ff4d 8bd3 | 4c89 9424 | b000 0000 | e930 ddff 

  0x000001f8a913ef58: ;   {metadata('java/io/File')}
  0x000001f8a913ef58: ff48 ba10 | f604 b6f8 | 0100 0090 

  0x000001f8a913ef64: ;   {runtime_call _new_instance_Java}
  0x000001f8a913ef64: c5f8 77e8 

  0x000001f8a913ef68: ; ImmutableOopMap {rbp=Oop [40]=Oop [72]=Oop [80]=Oop [88]=Oop [96]=NarrowOop [100]=NarrowOop [120]=Oop [136]=Oop [144]=Oop [152]=Oop [160]=Oop }
                      ;*new {reexecute=0 rethrow=0 return_oop=1}
                      ; - jdk.internal.loader.URLClassPath$FileLoader::getResource@56
                      ; - jdk.internal.loader.URLClassPath::getResource@53
                      ; - java.net.URLClassLoader$1::run@26
                      ; - java.net.URLClassLoader$1::run@1
                      ; - java.security.AccessController::executePrivileged@29
                      ; - java.security.AccessController::doPrivileged@13
                      ; - java.net.URLClassLoader::findClass@13
                      ; - java.lang.ClassLoader::loadClass@69
  0x000001f8a913ef68: 9405 7dff 

  0x000001f8a913ef6c: ;   {other}
  0x000001f8a913ef6c: 0f1f 8400 | dc6b 007b | e9dd d1ff | ff48 8b4c | 2450 488d | 9424 1001 | 0000 4d8b | c7c5 f877 
  0x000001f8a913ef8c: 49ba b0cf | a3cc f97f | 0000 41ff 

  0x000001f8a913ef98: ;   {other}
  0x000001f8a913ef98: d20f 1f84 | 0000 0000 | 00e9 a0ba 

  0x000001f8a913efa4: ;   {metadata('jdk/internal/loader/URLClassPath$FileLoader$1')}
  0x000001f8a913efa4: ffff 48ba | f092 4eb7 | f801 0000 

  0x000001f8a913efb0: ;   {runtime_call _new_instance_Java}
  0x000001f8a913efb0: c5f8 77e8 

  0x000001f8a913efb4: ; ImmutableOopMap {rbp=Oop [40]=Oop [72]=Oop [80]=Oop [88]=Oop [96]=NarrowOop [120]=Oop [136]=Oop [144]=Oop [152]=Oop [160]=Oop [184]=Oop }
                      ;*new {reexecute=0 rethrow=0 return_oop=1}
                      ; - jdk.internal.loader.URLClassPath$FileLoader::getResource@131
                      ; - jdk.internal.loader.URLClassPath::getResource@53
                      ; - java.net.URLClassLoader$1::run@26
                      ; - java.net.URLClassLoader$1::run@1
                      ; - java.security.AccessController::executePrivileged@29
                      ; - java.security.AccessController::doPrivileged@13
                      ; - java.net.URLClassLoader::findClass@13
                      ; - java.lang.ClassLoader::loadClass@69
  0x000001f8a913efb4: 4805 7dff 

  0x000001f8a913efb8: ;   {other}
  0x000001f8a913efb8: 0f1f 8400 | 286c 007c | e9f1 d7ff | ffba 76ff | ffff 448b | 4424 3044 | 8944 2428 | 4c8b 4424 
  0x000001f8a913efd8: 504c 8944 | 2448 4c8b | 8424 8800 | 0000 4889 | 5c24 584c | 8944 2460 | 4489 5424 | 2c48 897c 
  0x000001f8a913eff8: 2470 4489 | 5c24 784c | 8984 2480 | 0000 004c | 89b4 2488 | 0000 0090 

  0x000001f8a913f010: ;   {runtime_call UncommonTrapBlob}
  0x000001f8a913f010: c5f8 77e8 

  0x000001f8a913f014: ; ImmutableOopMap {[44]=NarrowOop [72]=Oop [88]=Oop [96]=Oop [112]=Oop [128]=Oop [136]=Oop }
                      ;*if_icmpge {reexecute=1 rethrow=0 return_oop=0}
                      ; - (reexecute) java.lang.StringLatin1::replace@82
                      ; - java.lang.String::replace@18
                      ; - java.net.URLClassLoader$1::run@8
                      ; - java.net.URLClassLoader$1::run@1
                      ; - java.security.AccessController::executePrivileged@29
                      ; - java.security.AccessController::doPrivileged@13
                      ; - java.net.URLClassLoader::findClass@13
                      ; - java.lang.ClassLoader::loadClass@69
  0x000001f8a913f014: 6853 7aff 

  0x000001f8a913f018: ;   {other}
  0x000001f8a913f018: 0f1f 8400 | 886c 007d | 33ed 4585 | c040 0f94 | c5ba 45ff | ffff 4c8b | 9424 8800 | 0000 4c89 
  0x000001f8a913f038: 5424 284c | 8b54 2450 | 4c89 5424 | 4066 6690 

  0x000001f8a913f048: ;   {runtime_call UncommonTrapBlob}
  0x000001f8a913f048: c5f8 77e8 

  0x000001f8a913f04c: ; ImmutableOopMap {[40]=Oop [64]=Oop [72]=Oop }
                      ;*ifeq {reexecute=1 rethrow=0 return_oop=0}
                      ; - (reexecute) java.lang.String::indexOf@4
                      ; - java.lang.String::indexOf@3
                      ; - java.lang.ClassLoader::checkName@16
                      ; - java.lang.ClassLoader::findLoadedClass@1
                      ; - java.lang.ClassLoader::loadClass@10
  0x000001f8a913f04c: 3053 7aff 

  0x000001f8a913f050: ;   {other}
  0x000001f8a913f050: 0f1f 8400 | c06c 007e | ba45 ffff | ff48 8b6c | 2448 4c8b | 9424 8800 | 0000 4c89 | 5424 2044 
  0x000001f8a913f070: 8b5c 2430 | 4489 5c24 | 2889 5c24 | 2c66 6690 

  0x000001f8a913f080: ;   {runtime_call UncommonTrapBlob}
  0x000001f8a913f080: c5f8 77e8 

  0x000001f8a913f084: ; ImmutableOopMap {rbp=Oop [32]=Oop [80]=Oop }
                      ;*if_icmpne {reexecute=1 rethrow=0 return_oop=0}
                      ; - (reexecute) java.lang.ClassLoader::checkName@20
                      ; - java.lang.ClassLoader::findLoadedClass@1
                      ; - java.lang.ClassLoader::loadClass@10
  0x000001f8a913f084: f852 7aff 

  0x000001f8a913f088: ;   {other}
  0x000001f8a913f088: 0f1f 8400 | f86c 007f | ba45 ffff | ff48 8b6c | 2448 4c8b | 9424 8800 | 0000 4c89 | 5424 2044 
  0x000001f8a913f0a8: 8b54 2430 | 4489 5424 | 2844 895c | 242c 6690 

  0x000001f8a913f0b8: ;   {runtime_call UncommonTrapBlob}
  0x000001f8a913f0b8: c5f8 77e8 

  0x000001f8a913f0bc: ; ImmutableOopMap {rbp=Oop [32]=Oop [80]=Oop }
                      ;*if_icmpne {reexecute=1 rethrow=0 return_oop=0}
                      ; - (reexecute) java.lang.ClassLoader::checkName@30
                      ; - java.lang.ClassLoader::findLoadedClass@1
                      ; - java.lang.ClassLoader::loadClass@10
  0x000001f8a913f0bc: c052 7aff 

  0x000001f8a913f0c0: ;   {other}
  0x000001f8a913f0c0: 0f1f 8400 | 306d 0080 | ba45 ffff | ff48 8b6c | 2448 448b | 4424 3044 | 8944 2428 | 4489 5424 
  0x000001f8a913f0e0: 2c66 6690 

  0x000001f8a913f0e4: ;   {runtime_call UncommonTrapBlob}
  0x000001f8a913f0e4: c5f8 77e8 

  0x000001f8a913f0e8: ; ImmutableOopMap {rbp=Oop [44]=NarrowOop [80]=Oop [136]=Oop }
                      ;*ifnull {reexecute=1 rethrow=0 return_oop=0}
                      ; - (reexecute) java.lang.ClassLoader::loadClass@29
  0x000001f8a913f0e8: 9452 7aff 

  0x000001f8a913f0ec: ;   {other}
  0x000001f8a913f0ec: 0f1f 8400 | 5c6d 0081 | 33ed 4585 | db40 0f94 | c5ba 45ff | ffff 448b | 5424 3044 | 8954 2428 
  0x000001f8a913f10c: 4c8b 5424 | 504c 8954 | 2448 4c8b | 9424 8800 | 0000 4889 | 5c24 584c | 8954 2460 | 4c89 5424 
  0x000001f8a913f12c: 684c 8974 | 2470 6690 

  0x000001f8a913f134: ;   {runtime_call UncommonTrapBlob}
  0x000001f8a913f134: c5f8 77e8 

  0x000001f8a913f138: ; ImmutableOopMap {[72]=Oop [88]=Oop [96]=Oop [104]=Oop [112]=Oop }
                      ;*ifeq {reexecute=1 rethrow=0 return_oop=0}
                      ; - (reexecute) java.lang.String::replace@9
                      ; - java.net.URLClassLoader$1::run@8
                      ; - java.net.URLClassLoader$1::run@1
                      ; - java.security.AccessController::executePrivileged@29
                      ; - java.security.AccessController::doPrivileged@13
                      ; - java.net.URLClassLoader::findClass@13
                      ; - java.lang.ClassLoader::loadClass@69
  0x000001f8a913f138: 4452 7aff 

  0x000001f8a913f13c: ;   {other}
  0x000001f8a913f13c: 0f1f 8400 | ac6d 0082 | 488b 4c24 | 5048 8d94 | 2410 0100 | 004d 8bc7 | c5f8 7749 | bab0 cfa3 
  0x000001f8a913f15c: ccf9 7f00 | 0041 ffd2 

  0x000001f8a913f164: ;   {other}
  0x000001f8a913f164: 0f1f 8400 | 0000 0000 | e9aa b7ff | ffba e4ff | ffff 4c8b | 9424 9000 | 0000 4c89 | 5424 2044 
  0x000001f8a913f184: 8b5c 2430 | 4489 5c24 | 284c 8b54 | 2450 4c89 | 5424 484c | 8b94 2488 | 0000 004c | 8954 2450 
  0x000001f8a913f1a4: 448b 5424 | 6044 8954 | 242c 4c8b | 5424 784c | 8954 2470 | 4c8b 9424 | 9800 0000 | 4c89 9424 
  0x000001f8a913f1c4: 8800 0000 | 4c8b 9424 | a000 0000 | 4c89 9424 | 9000 0000 | 4c8b 9424 | a800 0000 | 4c89 9424 
  0x000001f8a913f1e4: a000 0000 | 448b 9c24 | b800 0000 | 4489 5c24 | 6c44 8b94 | 24c0 0000 | 0044 8994 | 24b8 0000 
  0x000001f8a913f204: 0044 8b9c | 24c4 0000 | 0044 899c | 24c0 0000 | 0044 8984 | 24cc 0000 | 0066 6690 

  0x000001f8a913f220: ;   {runtime_call UncommonTrapBlob}
  0x000001f8a913f220: c5f8 77e8 

  0x000001f8a913f224: ; ImmutableOopMap {[32]=Oop [44]=NarrowOop [72]=Oop [80]=Oop [88]=Oop [108]=NarrowOop [112]=Oop [136]=Oop [144]=Oop [160]=Oop [168]=Oop [176]=Oop [204]=NarrowOop }
                      ;*invokestatic checkIndex {reexecute=0 rethrow=0 return_oop=0}
                      ; - java.lang.String::checkIndex@5
                      ; - java.lang.StringLatin1::charAt@3
                      ; - java.lang.String::charAt@12
                      ; - java.io.WinNTFileSystem::normalize@31
                      ; - java.io.File::<init>@73
                      ; - jdk.internal.loader.URLClassPath$FileLoader::getResource@73
                      ; - jdk.internal.loader.URLClassPath::getResource@53
                      ; - java.net.URLClassLoader$1::run@26
                      ; - java.net.URLClassLoader$1::run@1
                      ; - java.security.AccessController::executePrivileged@29
                      ; - java.security.AccessController::doPrivileged@13
                      ; - java.net.URLClassLoader::findClass@13
                      ; - java.lang.ClassLoader::loadClass@69
  0x000001f8a913f224: 5851 7aff 

  0x000001f8a913f228: ;   {other}
  0x000001f8a913f228: 0f1f 8400 | 986e 0083 | ba76 ffff | ff48 8bac | 2490 0000 | 0044 8b54 | 2430 4489 | 5424 204c 
  0x000001f8a913f248: 8b54 2438 | 4c89 5424 | 304c 8b54 | 2440 4c89 | 5424 384c | 8b54 2450 | 4c89 5424 | 404c 8b94 
  0x000001f8a913f268: 2488 0000 | 004c 8954 | 2448 4c8b | 5424 584c | 8954 2450 | 4c89 6c24 | 7044 895c | 2424 894c 
  0x000001f8a913f288: 247c 6690 

  0x000001f8a913f28c: ;   {runtime_call UncommonTrapBlob}
  0x000001f8a913f28c: c5f8 77e8 

  0x000001f8a913f290: ; ImmutableOopMap {rbp=Oop [36]=NarrowOop [64]=Oop [72]=Oop [80]=Oop [112]=Oop }
                      ;*iflt {reexecute=1 rethrow=0 return_oop=0}
                      ; - (reexecute) java.lang.StringLatin1::lastIndexOf@19
                      ; - java.lang.String::lastIndexOf@13
                      ; - java.lang.String::lastIndexOf@8
                      ; - java.net.URLClassLoader::defineClass@7
                      ; - java.net.URLClassLoader$1::run@43
                      ; - java.net.URLClassLoader$1::run@1
                      ; - java.security.AccessController::executePrivileged@29
                      ; - java.security.AccessController::doPrivileged@13
                      ; - java.net.URLClassLoader::findClass@13
                      ; - java.lang.ClassLoader::loadClass@69
  0x000001f8a913f290: ec50 7aff 

  0x000001f8a913f294: ;   {other}
  0x000001f8a913f294: 0f1f 8400 | 046f 0084 | baf6 ffff | ff48 8bac | 2490 0000 | 0044 8b54 | 2430 4489 | 5424 204c 
  0x000001f8a913f2b4: 8b54 2438 | 4c89 5424 | 304c 8b54 | 2440 4c89 | 5424 384c | 8b54 2450 | 4c89 5424 | 404c 8b94 
  0x000001f8a913f2d4: 2488 0000 | 004c 8954 | 2448 4c8b | 5424 584c | 8954 2450 | 4c89 6c24 | 5866 6690 

  0x000001f8a913f2f0: ;   {runtime_call UncommonTrapBlob}
  0x000001f8a913f2f0: c5f8 77e8 

  0x000001f8a913f2f4: ; ImmutableOopMap {rbp=Oop [64]=Oop [72]=Oop [80]=Oop [88]=Oop [168]=Oop [176]=NarrowOop [256]=Oop }
                      ;*invokevirtual ensureInitialization {reexecute=0 rethrow=0 return_oop=0}
                      ; - java.util.jar.JavaUtilJarAccessImpl::ensureInitialization@1
                      ; - jdk.internal.loader.URLClassPath$JarLoader$2::getManifest@10
                      ; - java.net.URLClassLoader::defineClass@34
                      ; - java.net.URLClassLoader$1::run@43
                      ; - java.net.URLClassLoader$1::run@1
                      ; - java.security.AccessController::executePrivileged@29
                      ; - java.security.AccessController::doPrivileged@13
                      ; - java.net.URLClassLoader::findClass@13
                      ; - java.lang.ClassLoader::loadClass@69
  0x000001f8a913f2f4: 8850 7aff 

  0x000001f8a913f2f8: ;   {other}
  0x000001f8a913f2f8: 0f1f 8400 | 686f 0085 | baf6 ffff | ff44 8b44 | 2430 4489 | 4424 204c | 8b54 2438 | 4c89 5424 
  0x000001f8a913f318: 304c 8b54 | 2440 4c89 | 5424 384c | 8b54 2450 | 4c89 5424 | 404c 8b54 | 2458 4c89 | 5424 504c 
  0x000001f8a913f338: 896c 2458 | 4c89 5c24 | 604c 8b94 | 2488 0000 | 004c 8954 | 2468 4c89 | 5424 704c | 895c 2478 
  0x000001f8a913f358: 4c8b 9424 | 9800 0000 | 4c89 9424 | 8800 0000 | 4c89 b424 | 9800 0000 

  0x000001f8a913f370: ;   {runtime_call UncommonTrapBlob}
  0x000001f8a913f370: c5f8 77e8 

  0x000001f8a913f374: ; ImmutableOopMap {[64]=Oop [80]=Oop [88]=Oop [96]=Oop [104]=Oop [112]=Oop [120]=Oop [152]=Oop [168]=Oop [176]=NarrowOop [256]=Oop }
                      ;*invokevirtual get {reexecute=0 rethrow=0 return_oop=0}
                      ; - java.lang.ClassLoader::getDefinedPackage@13
                      ; - java.net.URLClassLoader::getAndVerifyPackage@2
                      ; - java.net.URLClassLoader::defineClass@46
                      ; - java.net.URLClassLoader$1::run@43
                      ; - java.net.URLClassLoader$1::run@1
                      ; - java.security.AccessController::executePrivileged@29
                      ; - java.security.AccessController::doPrivileged@13
                      ; - java.net.URLClassLoader::findClass@13
                      ; - java.lang.ClassLoader::loadClass@69
  0x000001f8a913f374: 0850 7aff 

  0x000001f8a913f378: ;   {other}
  0x000001f8a913f378: 0f1f 8400 | e86f 0086 | ba6e ffff | ff48 8bac | 2490 0000 | 0044 8b44 | 2430 4489 | 4424 204c 
  0x000001f8a913f398: 8b54 2438 | 4c89 5424 | 304c 8b54 | 2440 4c89 | 5424 384c | 8b54 2450 | 4c89 5424 | 404c 8b94 
  0x000001f8a913f3b8: 2488 0000 | 004c 8954 | 2448 4c8b | 5424 584c | 8954 2450 | 4c89 6c24 | 7044 895c | 2424 894c 
  0x000001f8a913f3d8: 247c 6690 

  0x000001f8a913f3dc: ;   {runtime_call UncommonTrapBlob}
  0x000001f8a913f3dc: c5f8 77e8 

  0x000001f8a913f3e0: ; ImmutableOopMap {rbp=Oop [36]=NarrowOop [64]=Oop [72]=Oop [80]=Oop [112]=Oop }
                      ;*iflt {reexecute=1 rethrow=0 return_oop=0}
                      ; - (reexecute) java.lang.StringLatin1::lastIndexOf@19
                      ; - java.lang.String::lastIndexOf@13
                      ; - java.lang.String::lastIndexOf@8
                      ; - java.net.URLClassLoader::defineClass@7
                      ; - java.net.URLClassLoader$1::run@43
                      ; - java.net.URLClassLoader$1::run@1
                      ; - java.security.AccessController::executePrivileged@29
                      ; - java.security.AccessController::doPrivileged@13
                      ; - java.net.URLClassLoader::findClass@13
                      ; - java.lang.ClassLoader::loadClass@69
  0x000001f8a913f3e0: 9c4f 7aff 

  0x000001f8a913f3e4: ;   {other}
  0x000001f8a913f3e4: 0f1f 8400 | 5470 0087 | bade ffff | ff48 8bac | 2490 0000 | 0044 8b54 | 2430 4489 | 5424 204c 
  0x000001f8a913f404: 8b54 2438 | 4c89 5424 | 304c 8b54 | 2440 4c89 | 5424 384c | 8b54 2450 | 4c89 5424 | 404c 8b94 
  0x000001f8a913f424: 2488 0000 | 004c 8954 | 2448 4c8b | 5424 584c | 8954 2450 | 4c89 6c24 | 704c 896c | 2478 4c8b 
  0x000001f8a913f444: 9424 9800 | 0000 4c89 | 9424 9000 | 0000 6690 

  0x000001f8a913f454: ;   {runtime_call UncommonTrapBlob}
  0x000001f8a913f454: c5f8 77e8 

  0x000001f8a913f458: ; ImmutableOopMap {rbp=Oop [64]=Oop [72]=Oop [80]=Oop [112]=Oop [120]=Oop [176]=NarrowOop [256]=Oop }
                      ;*invokevirtual getManifest {reexecute=0 rethrow=0 return_oop=0}
                      ; - java.net.URLClassLoader::defineClass@34
                      ; - java.net.URLClassLoader$1::run@43
                      ; - java.net.URLClassLoader$1::run@1
                      ; - java.security.AccessController::executePrivileged@29
                      ; - java.security.AccessController::doPrivileged@13
                      ; - java.net.URLClassLoader::findClass@13
                      ; - java.lang.ClassLoader::loadClass@69
  0x000001f8a913f458: 244f 7aff 

  0x000001f8a913f45c: ;   {other}
  0x000001f8a913f45c: 0f1f 8400 | cc70 0088 | bade ffff | ff48 8bac | 2490 0000 | 0044 8b44 | 2430 4489 | 4424 204c 
  0x000001f8a913f47c: 8b5c 2438 | 4c89 5c24 | 304c 8b5c | 2440 4c89 | 5c24 384c | 8b5c 2450 | 4c89 5c24 | 404c 8b9c 
  0x000001f8a913f49c: 2488 0000 | 004c 895c | 2448 4c8b | 5c24 584c | 895c 2450 | 4c89 6c24 | 584c 8b9c | 24a8 0000 
  0x000001f8a913f4bc: 004c 899c | 2480 0000 | 004c 8b9c | 2498 0000 | 004c 899c | 2488 0000 | 0044 8994 | 24a0 0000 
  0x000001f8a913f4dc: 0044 898c | 24a4 0000 | 0066 6690 

  0x000001f8a913f4e8: ;   {runtime_call UncommonTrapBlob}
  0x000001f8a913f4e8: c5f8 77e8 

  0x000001f8a913f4ec: ; ImmutableOopMap {rbp=Oop [64]=Oop [72]=Oop [80]=Oop [88]=Oop [128]=Oop [160]=NarrowOop [164]=NarrowOop [176]=NarrowOop [256]=Oop }
                      ;*invokeinterface ensureInitialization {reexecute=0 rethrow=0 return_oop=0}
                      ; - jdk.internal.loader.URLClassPath$JarLoader$2::getManifest@10
                      ; - java.net.URLClassLoader::defineClass@34
                      ; - java.net.URLClassLoader$1::run@43
                      ; - java.net.URLClassLoader$1::run@1
                      ; - java.security.AccessController::executePrivileged@29
                      ; - java.security.AccessController::doPrivileged@13
                      ; - java.net.URLClassLoader::findClass@13
                      ; - java.lang.ClassLoader::loadClass@69
  0x000001f8a913f4ec: 904e 7aff 

  0x000001f8a913f4f0: ;   {other}
  0x000001f8a913f4f0: 0f1f 8400 | 6071 0089 | 4c89 5c24 | 7044 894c | 242c 4c8b | 9424 a800 | 0000 4c89 | 5424 6848 
  0x000001f8a913f510: 8974 2460 | 448b 9c24 | b000 0000 | 4489 5c24 | 284c 896c | 2420 488b | ac24 8800 | 0000 488b 
  0x000001f8a913f530: 5424 704c | 8d84 2418 | 0100 004c | 8b94 2490 | 0000 004c | 8954 2478 

  0x000001f8a913f548: ;   {runtime_call _complete_monitor_locking_Java}
  0x000001f8a913f548: c5f8 77e8 

  0x000001f8a913f54c: ; ImmutableOopMap {rbp=Oop [32]=Oop [40]=NarrowOop [44]=NarrowOop [72]=Oop [80]=Oop [88]=Oop [96]=Oop [104]=Oop [112]=Oop [120]=Oop [144]=Oop [256]=Oop }
                      ;*synchronization entry
                      ; - java.util.jar.JarFile::ensureInitialization@-1
                      ; - java.util.jar.JavaUtilJarAccessImpl::ensureInitialization@1
                      ; - jdk.internal.loader.URLClassPath$JarLoader$2::getManifest@10
                      ; - java.net.URLClassLoader::defineClass@34
                      ; - java.net.URLClassLoader$1::run@43
                      ; - java.net.URLClassLoader$1::run@1
                      ; - java.security.AccessController::executePrivileged@29
                      ; - java.security.AccessController::doPrivileged@13
                      ; - java.net.URLClassLoader::findClass@13
                      ; - java.lang.ClassLoader::loadClass@69
  0x000001f8a913f54c: b056 7dff 

  0x000001f8a913f550: ;   {other}
  0x000001f8a913f550: 0f1f 8400 | c071 008a | 4889 ac24 | 8800 0000 | 4c8b 6c24 | 2044 8b54 | 2428 4489 | 9424 b000 
  0x000001f8a913f570: 0000 4c8b | 5c24 684c | 899c 24a8 | 0000 0044 | 8b4c 242c | 4c8b 5c24 | 7048 8b74 | 2460 e993 
  0x000001f8a913f590: a8ff ff48 | 8bee 498b | cb48 8d94 | 2418 0100 | 004d 8bc7 | c5f8 7749 | bab0 cfa3 | ccf9 7f00 
  0x000001f8a913f5b0: 0041 ffd2 

  0x000001f8a913f5b4: ;   {other}
  0x000001f8a913f5b4: 0f1f 8400 | 0000 0000 | 488b f590 | e921 a9ff | ffba deff | ffff 4c8b | 9424 9000 | 0000 4c89 
  0x000001f8a913f5d4: 5424 2044 | 8b54 2430 | 4489 5424 | 284c 8b54 | 2450 4c89 | 5424 484c | 896c 2460 | 4c8b 9424 
  0x000001f8a913f5f4: 8800 0000 | 4c89 5424 | 704c 8954 | 2478 4c8b | 9424 9800 | 0000 4c89 | 9424 9000 | 0000 6690 
  0x000001f8a913f614: ;   {runtime_call UncommonTrapBlob}
  0x000001f8a913f614: c5f8 77e8 

  0x000001f8a913f618: ; ImmutableOopMap {rbp=NarrowOop [32]=Oop [72]=Oop [88]=Oop [96]=Oop [112]=Oop [120]=Oop [168]=Oop [176]=NarrowOop [256]=Oop }
                      ;*invokevirtual getManifest {reexecute=0 rethrow=0 return_oop=0}
                      ; - jdk.internal.loader.URLClassPath$JarLoader$2::getManifest@22
                      ; - java.net.URLClassLoader::defineClass@34
                      ; - java.net.URLClassLoader$1::run@43
                      ; - java.net.URLClassLoader$1::run@1
                      ; - java.security.AccessController::executePrivileged@29
                      ; - java.security.AccessController::doPrivileged@13
                      ; - java.net.URLClassLoader::findClass@13
                      ; - java.lang.ClassLoader::loadClass@69
  0x000001f8a913f618: 644d 7aff 

  0x000001f8a913f61c: ;   {other}
  0x000001f8a913f61c: 0f1f 8400 | 8c72 008b | ba76 ffff | ff44 8b44 | 2430 4489 | 4424 284c | 8b44 2450 | 4c89 4424 
  0x000001f8a913f63c: 484c 8b84 | 2488 0000 | 0048 895c | 2458 4c89 | 4424 6044 | 8954 242c | 4489 5c24 | 6848 897c 
  0x000001f8a913f65c: 2470 4c89 | 4424 784c | 89b4 2480 | 0000 0090 

  0x000001f8a913f66c: ;   {runtime_call UncommonTrapBlob}
  0x000001f8a913f66c: c5f8 77e8 

  0x000001f8a913f670: ; ImmutableOopMap {[44]=NarrowOop [72]=Oop [88]=Oop [96]=Oop [112]=Oop [120]=Oop [128]=Oop }
                      ;*if_icmpge {reexecute=1 rethrow=0 return_oop=0}
                      ; - (reexecute) java.lang.StringLatin1::replace@61
                      ; - java.lang.String::replace@18
                      ; - java.net.URLClassLoader$1::run@8
                      ; - java.net.URLClassLoader$1::run@1
                      ; - java.security.AccessController::executePrivileged@29
                      ; - java.security.AccessController::doPrivileged@13
                      ; - java.net.URLClassLoader::findClass@13
                      ; - java.lang.ClassLoader::loadClass@69
  0x000001f8a913f670: 0c4d 7aff 

  0x000001f8a913f674: ;   {other}
  0x000001f8a913f674: 0f1f 8400 | e472 008c | b901 0000 | 00e9 f09d | ffff ba45 | ffff ff44 | 8b5c 2430 | 4489 5c24 
  0x000001f8a913f694: 204c 8b5c | 2438 4c89 | 5c24 304c | 8b5c 2440 | 4c89 5c24 | 384c 8b5c | 2450 4c89 | 5c24 404c 
  0x000001f8a913f6b4: 8b9c 2488 | 0000 0048 | 895c 2450 | 4c89 5c24 | 584c 8974 | 2460 4c89 | 5424 6844 | 894c 2424 
  0x000001f8a913f6d4: ;   {runtime_call UncommonTrapBlob}
  0x000001f8a913f6d4: c5f8 77e8 

  0x000001f8a913f6d8: ; ImmutableOopMap {[64]=Oop [80]=Oop [88]=Oop [96]=Oop [104]=Oop [136]=Oop }
                      ;*iflt {reexecute=1 rethrow=0 return_oop=0}
                      ; - (reexecute) java.lang.StringConcatHelper::checkOverflow@2
                      ; - java.lang.StringConcatHelper::mix@23
                      ; - java.lang.StringConcatHelper::simpleConcat@46
                      ; - java.lang.String::concat@11
                      ; - java.net.URLClassLoader$1::run@13
                      ; - java.net.URLClassLoader$1::run@1
                      ; - java.security.AccessController::executePrivileged@29
                      ; - java.security.AccessController::doPrivileged@13
                      ; - java.net.URLClassLoader::findClass@13
                      ; - java.lang.ClassLoader::loadClass@69
  0x000001f8a913f6d8: a44c 7aff 

  0x000001f8a913f6dc: ;   {other}
  0x000001f8a913f6dc: 0f1f 8400 | 4c73 008d | ba45 ffff | ff44 8b44 | 2430 4489 | 4424 284c | 8b5c 2450 | 4c89 5c24 
  0x000001f8a913f6fc: 484c 8b9c | 2488 0000 | 0048 895c | 2458 4c89 | 5c24 604c | 8974 2468 | 4c89 5424 | 7066 6690 
  0x000001f8a913f71c: ;   {runtime_call UncommonTrapBlob}
  0x000001f8a913f71c: c5f8 77e8 

  0x000001f8a913f720: ; ImmutableOopMap {[72]=Oop [88]=Oop [96]=Oop [104]=Oop [112]=Oop [136]=Oop }
                      ;*iflt {reexecute=1 rethrow=0 return_oop=0}
                      ; - (reexecute) java.lang.StringConcatHelper::checkOverflow@2
                      ; - java.lang.StringConcatHelper::mix@23
                      ; - java.lang.StringConcatHelper::simpleConcat@54
                      ; - java.lang.String::concat@11
                      ; - java.net.URLClassLoader$1::run@13
                      ; - java.net.URLClassLoader$1::run@1
                      ; - java.security.AccessController::executePrivileged@29
                      ; - java.security.AccessController::doPrivileged@13
                      ; - java.net.URLClassLoader::findClass@13
                      ; - java.lang.ClassLoader::loadClass@69
  0x000001f8a913f720: 5c4c 7aff 

  0x000001f8a913f724: ;   {other}
  0x000001f8a913f724: 0f1f 8400 | 9473 008e | ba45 ffff | ff44 8b4c | 2430 4489 | 4c24 204c | 8b5c 2438 | 4c89 5c24 
  0x000001f8a913f744: 304c 8b5c | 2440 4c89 | 5c24 384c | 8b5c 2450 | 4c89 5c24 | 404c 8b9c | 2488 0000 | 0048 895c 
  0x000001f8a913f764: 2450 4c89 | 5c24 584c | 8974 2460 | 4c89 5424 | 7048 8974 | 2478 4489 | 4424 2490 

  0x000001f8a913f780: ;   {runtime_call UncommonTrapBlob}
  0x000001f8a913f780: c5f8 77e8 

  0x000001f8a913f784: ; ImmutableOopMap {[64]=Oop [80]=Oop [88]=Oop [96]=Oop [112]=Oop [120]=Oop [136]=Oop }
                      ;*if_icmpne {reexecute=1 rethrow=0 return_oop=0}
                      ; - (reexecute) java.lang.String::getBytes@5
                      ; - java.lang.StringConcatHelper::prepend@21
                      ; - java.lang.StringConcatHelper::simpleConcat@81
                      ; - java.lang.String::concat@11
                      ; - java.net.URLClassLoader$1::run@13
                      ; - java.net.URLClassLoader$1::run@1
                      ; - java.security.AccessController::executePrivileged@29
                      ; - java.security.AccessController::doPrivileged@13
                      ; - java.net.URLClassLoader::findClass@13
                      ; - java.lang.ClassLoader::loadClass@69
  0x000001f8a913f784: f84b 7aff 

  0x000001f8a913f788: ;   {other}
  0x000001f8a913f788: 0f1f 8400 | f873 008f | ba45 ffff | ff8b 4c24 | 3089 4c24 | 204c 8b4c | 2438 4c89 | 4c24 304c 
  0x000001f8a913f7a8: 8b4c 2440 | 4c89 4c24 | 384c 8b4c | 2450 4c89 | 4c24 404c | 8b8c 2488 | 0000 0048 | 895c 2450 
  0x000001f8a913f7c8: 4c89 4c24 | 584c 8974 | 2460 4c89 | 5424 684c | 895c 2470 | 4489 4424 | 2466 6690 

  0x000001f8a913f7e4: ;   {runtime_call UncommonTrapBlob}
  0x000001f8a913f7e4: c5f8 77e8 

  0x000001f8a913f7e8: ; ImmutableOopMap {[64]=Oop [80]=Oop [88]=Oop [96]=Oop [104]=Oop [136]=Oop }
                      ;*if_icmpne {reexecute=1 rethrow=0 return_oop=0}
                      ; - (reexecute) java.lang.StringConcatHelper::mix@13
                      ; - java.lang.StringConcatHelper::simpleConcat@46
                      ; - java.lang.String::concat@11
                      ; - java.net.URLClassLoader$1::run@13
                      ; - java.net.URLClassLoader$1::run@1
                      ; - java.security.AccessController::executePrivileged@29
                      ; - java.security.AccessController::doPrivileged@13
                      ; - java.net.URLClassLoader::findClass@13
                      ; - java.lang.ClassLoader::loadClass@69
  0x000001f8a913f7e8: 944b 7aff 

  0x000001f8a913f7ec: ;   {other}
  0x000001f8a913f7ec: 0f1f 8400 | 5c74 0090 | ba45 ffff | ff44 8b5c | 2430 4489 | 5c24 284c | 8b5c 2450 | 4c89 5c24 
  0x000001f8a913f80c: 484c 8b9c | 2488 0000 | 0048 895c | 2458 4c89 | 5c24 604c | 8974 2468 | 4c89 5424 | 7048 8944 
  0x000001f8a913f82c: 2478 6690 

  0x000001f8a913f830: ;   {runtime_call UncommonTrapBlob}
  0x000001f8a913f830: c5f8 77e8 

  0x000001f8a913f834: ; ImmutableOopMap {[72]=Oop [88]=Oop [96]=Oop [104]=Oop [112]=Oop [136]=Oop }
                      ;*ifge {reexecute=1 rethrow=0 return_oop=0}
                      ; - (reexecute) java.lang.StringConcatHelper::newArray@13
                      ; - java.lang.StringConcatHelper::simpleConcat@61
                      ; - java.lang.String::concat@11
                      ; - java.net.URLClassLoader$1::run@13
                      ; - java.net.URLClassLoader$1::run@1
                      ; - java.security.AccessController::executePrivileged@29
                      ; - java.security.AccessController::doPrivileged@13
                      ; - java.net.URLClassLoader::findClass@13
                      ; - java.lang.ClassLoader::loadClass@69
  0x000001f8a913f834: 484b 7aff 

  0x000001f8a913f838: ;   {other}
  0x000001f8a913f838: 0f1f 8400 | a874 0091 | baf6 ffff | ff44 8b44 | 2430 4489 | 4424 204c | 8b54 2438 | 4c89 5424 
  0x000001f8a913f858: 304c 8b54 | 2440 4c89 | 5424 384c | 8b54 2450 | 4c89 5424 | 404c 8b54 | 2458 4c89 | 5424 504c 
  0x000001f8a913f878: 896c 2458 | 4c89 5c24 | 604c 8b94 | 2488 0000 | 004c 8954 | 2468 4c89 | 5424 704c | 895c 2478 
  0x000001f8a913f898: 4c8b 9424 | 9800 0000 | 4c89 9424 | 8800 0000 | 4c89 b424 | 9800 0000 | 4c89 8c24 | a000 0000 
  0x000001f8a913f8b8: ;   {runtime_call UncommonTrapBlob}
  0x000001f8a913f8b8: c5f8 77e8 

  0x000001f8a913f8bc: ; ImmutableOopMap {[64]=Oop [80]=Oop [88]=Oop [96]=Oop [104]=Oop [112]=Oop [120]=Oop [152]=Oop [160]=Oop [168]=Oop [176]=NarrowOop }
                      ;*invokevirtual get {reexecute=0 rethrow=0 return_oop=0}
                      ; - java.lang.ClassLoader::definePackage@47
                      ; - java.lang.ClassLoader::getDefinedPackage@32
                      ; - java.net.URLClassLoader::getAndVerifyPackage@2
                      ; - java.net.URLClassLoader::defineClass@46
                      ; - java.net.URLClassLoader$1::run@43
                      ; - java.net.URLClassLoader$1::run@1
                      ; - java.security.AccessController::executePrivileged@29
                      ; - java.security.AccessController::doPrivileged@13
                      ; - java.net.URLClassLoader::findClass@13
                      ; - java.lang.ClassLoader::loadClass@69
  0x000001f8a913f8bc: c04a 7aff 

  0x000001f8a913f8c0: ;   {other}
  0x000001f8a913f8c0: 0f1f 8400 | 3075 0092 | ba45 ffff | ff44 8b44 | 2430 4489 | 4424 204c | 8b44 2438 | 4c89 4424 
  0x000001f8a913f8e0: 304c 8b44 | 2440 4c89 | 4424 384c | 8b44 2450 | 4c89 4424 | 404c 8b44 | 2458 4c89 | 4424 504c 
  0x000001f8a913f900: 896c 2458 | 4c89 5c24 | 604c 8b84 | 2488 0000 | 004c 8944 | 2468 4c89 | 5c24 704c | 8984 2480 
  0x000001f8a913f920: 0000 004c | 8b9c 24a8 | 0000 004c | 899c 2490 | 0000 004c | 898c 24b8 | 0000 004c | 89b4 24c0 
  0x000001f8a913f940: 0000 004c | 898c 24c8 | 0000 0044 | 8994 24b4 | 0000 0090 

  0x000001f8a913f954: ;   {runtime_call UncommonTrapBlob}
  0x000001f8a913f954: c5f8 77e8 

  0x000001f8a913f958: ; ImmutableOopMap {[64]=Oop [80]=Oop [88]=Oop [96]=Oop [104]=Oop [112]=Oop [128]=Oop [144]=Oop [176]=NarrowOop [180]=NarrowOop [184]=Oop [192]=Oop [200]=Oop }
                      ;*ifeq {reexecute=1 rethrow=0 return_oop=0}
                      ; - (reexecute) java.lang.ClassLoader::definePackage@4
                      ; - java.lang.ClassLoader::getDefinedPackage@32
                      ; - java.net.URLClassLoader::getAndVerifyPackage@2
                      ; - java.net.URLClassLoader::defineClass@46
                      ; - java.net.URLClassLoader$1::run@43
                      ; - java.net.URLClassLoader$1::run@1
                      ; - java.security.AccessController::executePrivileged@29
                      ; - java.security.AccessController::doPrivileged@13
                      ; - java.net.URLClassLoader::findClass@13
                      ; - java.lang.ClassLoader::loadClass@69
  0x000001f8a913f958: 244a 7aff 

  0x000001f8a913f95c: ;   {other}
  0x000001f8a913f95c: 0f1f 8400 | cc75 0093 | 8bd9 e91b | a1ff ff4c | 63d3 e9bc | a2ff ff49 | 83c2 fe49 | 8bca 488b 
  0x000001f8a913f97c: fa48 33c0 | 4883 f908 | 7f10 48ff | c978 4f48 | 8904 cf48 | ffc9 7df7 | eb44 c5fd | efc0 e90d 
  0x000001f8a913f99c: 0000 00c5 | fe7f 07c5 | fe7f 4720 | 4883 c740 | 4883 e908 | 7ded 4883 | c104 7c0c | c5fe 7f07 
  0x000001f8a913f9bc: 4883 c720 | 4883 e904 | 4883 c104 | 7e10 48ff | c9c5 f9d6 | 0748 83c7 | 0848 ffc9 | 7df3 e932 
  0x000001f8a913f9dc: a3ff ffba | ccff ffff | 488b ac24 | 9000 0000 | 448b 4424 | 3044 8944 | 2420 4c8b | 5424 384c 
  0x000001f8a913f9fc: 8954 2430 | 4c8b 5424 | 404c 8954 | 2438 4c8b | 5424 504c | 8954 2440 | 4c8b 9424 | 8800 0000 
  0x000001f8a913fa1c: 4c89 5424 | 484c 8b54 | 2458 4c89 | 5424 504c | 896c 2470 | 4489 5c24 | 2489 5c24 | 7c4c 8b94 
  0x000001f8a913fa3c: 2498 0000 | 004c 8994 | 2490 0000 | 004c 89b4 | 24a8 0000 | 0066 6690 

  0x000001f8a913fa54: ;   {runtime_call UncommonTrapBlob}
  0x000001f8a913fa54: c5f8 77e8 

  0x000001f8a913fa58: ; ImmutableOopMap {rbp=Oop [36]=NarrowOop [64]=Oop [72]=Oop [80]=Oop [112]=Oop [168]=Oop [176]=NarrowOop }
                      ;*newarray {reexecute=1 rethrow=0 return_oop=0}
                      ; - (reexecute) java.util.Arrays::copyOfRangeByte@10
                      ; - java.util.Arrays::copyOfRange@13
                      ; - java.lang.StringLatin1::newString@16
                      ; - java.lang.String::substring@41
                      ; - java.net.URLClassLoader::defineClass@28
                      ; - java.net.URLClassLoader$1::run@43
                      ; - java.net.URLClassLoader$1::run@1
                      ; - java.security.AccessController::executePrivileged@29
                      ; - java.security.AccessController::doPrivileged@13
                      ; - java.net.URLClassLoader::findClass@13
                      ; - java.lang.ClassLoader::loadClass@69
  0x000001f8a913fa58: 2449 7aff 

  0x000001f8a913fa5c: ;   {other}
  0x000001f8a913fa5c: 0f1f 8400 | cc76 0094 | 33ed 85c9 | 400f 94c5 | ba45 ffff | ff4c 8b9c | 2490 0000 | 004c 895c 
  0x000001f8a913fa7c: 2420 448b | 4424 3044 | 8944 2428 | 4c8b 5c24 | 504c 895c | 2448 4c8b | 9c24 8800 | 0000 4c89 
  0x000001f8a913fa9c: 5c24 504c | 896c 2478 | 4489 5424 | 2c66 6690 

  0x000001f8a913faac: ;   {runtime_call UncommonTrapBlob}
  0x000001f8a913faac: c5f8 77e8 

  0x000001f8a913fab0: ; ImmutableOopMap {[32]=Oop [72]=Oop [80]=Oop [88]=Oop [120]=Oop }
                      ;*ifeq {reexecute=1 rethrow=0 return_oop=0}
                      ; - (reexecute) java.lang.String::lastIndexOf@4
                      ; - java.lang.String::lastIndexOf@8
                      ; - java.net.URLClassLoader::defineClass@7
                      ; - java.net.URLClassLoader$1::run@43
                      ; - java.net.URLClassLoader$1::run@1
                      ; - java.security.AccessController::executePrivileged@29
                      ; - java.security.AccessController::doPrivileged@13
                      ; - java.net.URLClassLoader::findClass@13
                      ; - java.lang.ClassLoader::loadClass@69
  0x000001f8a913fab0: cc48 7aff 

  0x000001f8a913fab4: ;   {other}
  0x000001f8a913fab4: 0f1f 8400 | 2477 0095 | ba45 ffff | ff48 8bac | 2490 0000 | 0044 8b54 | 2430 4489 | 5424 204c 
  0x000001f8a913fad4: 8b54 2438 | 4c89 5424 | 304c 8b54 | 2440 4c89 | 5424 384c | 8b54 2450 | 4c89 5424 | 404c 8b94 
  0x000001f8a913faf4: 2488 0000 | 004c 8954 | 2448 4c8b | 5424 584c | 8954 2450 | 4c89 6c24 | 7089 9c24 | 8000 0000 
  0x000001f8a913fb14: 899c 2484 | 0000 0044 | 898c 24a8 | 0000 0090 

  0x000001f8a913fb24: ;   {runtime_call UncommonTrapBlob}
  0x000001f8a913fb24: c5f8 77e8 

  0x000001f8a913fb28: ; ImmutableOopMap {rbp=Oop [64]=Oop [72]=Oop [80]=Oop [112]=Oop [176]=NarrowOop }
                      ;*if_icmpgt {reexecute=1 rethrow=0 return_oop=0}
                      ; - (reexecute) jdk.internal.util.Preconditions::checkFromToIndex@6
                      ; - java.lang.String::checkBoundsBeginEnd@6
                      ; - java.lang.String::substring@8
                      ; - java.net.URLClassLoader::defineClass@28
                      ; - java.net.URLClassLoader$1::run@43
                      ; - java.net.URLClassLoader$1::run@1
                      ; - java.security.AccessController::executePrivileged@29
                      ; - java.security.AccessController::doPrivileged@13
                      ; - java.net.URLClassLoader::findClass@13
                      ; - java.lang.ClassLoader::loadClass@69
  0x000001f8a913fb28: 5448 7aff 

  0x000001f8a913fb2c: ;   {other}
  0x000001f8a913fb2c: 0f1f 8400 | 9c77 0096 | ba45 ffff | ff48 895c | 2428 6690 

  0x000001f8a913fb40: ;   {runtime_call UncommonTrapBlob}
  0x000001f8a913fb40: c5f8 77e8 

  0x000001f8a913fb44: ; ImmutableOopMap {[40]=Oop [72]=Oop [80]=Oop }
                      ;*ifeq {reexecute=1 rethrow=0 return_oop=0}
                      ; - (reexecute) java.lang.ClassLoader::loadClass@100
  0x000001f8a913fb44: 3848 7aff 

  0x000001f8a913fb48: ;   {other}
  0x000001f8a913fb48: 0f1f 8400 | b877 0097 | ba45 ffff | ff44 8b44 | 2430 4489 | 4424 204c | 8b54 2438 | 4c89 5424 
  0x000001f8a913fb68: 304c 8b54 | 2440 4c89 | 5424 384c | 8b54 2450 | 4c89 5424 | 404c 8b54 | 2458 4c89 | 5424 504c 
  0x000001f8a913fb88: 896c 2458 | 4c89 5c24 | 604c 8b94 | 2488 0000 | 004c 8954 | 2468 4c89 | 5c24 704c | 8994 2480 
  0x000001f8a913fba8: 0000 004c | 8b94 24a8 | 0000 004c | 8994 2490 | 0000 004c | 898c 24b8 | 0000 004c | 89b4 24c0 
  0x000001f8a913fbc8: 0000 004c | 898c 24c8 | 0000 0089 | 9c24 b400 | 0000 6690 

  0x000001f8a913fbdc: ;   {runtime_call UncommonTrapBlob}
  0x000001f8a913fbdc: c5f8 77e8 

  0x000001f8a913fbe0: ; ImmutableOopMap {[64]=Oop [80]=Oop [88]=Oop [96]=Oop [104]=Oop [112]=Oop [128]=Oop [144]=Oop [176]=NarrowOop [184]=Oop [192]=Oop [200]=Oop }
                      ;*ifle {reexecute=1 rethrow=0 return_oop=0}
                      ; - (reexecute) java.util.concurrent.ConcurrentHashMap::get@23
                      ; - java.lang.ClassLoader::getDefinedPackage@13
                      ; - java.net.URLClassLoader::getAndVerifyPackage@2
                      ; - java.net.URLClassLoader::defineClass@46
                      ; - java.net.URLClassLoader$1::run@43
                      ; - java.net.URLClassLoader$1::run@1
                      ; - java.security.AccessController::executePrivileged@29
                      ; - java.security.AccessController::doPrivileged@13
                      ; - java.net.URLClassLoader::findClass@13
                      ; - java.lang.ClassLoader::loadClass@69
  0x000001f8a913fbe0: 9c47 7aff 

  0x000001f8a913fbe4: ;   {other}
  0x000001f8a913fbe4: 0f1f 8400 | 5478 0098 | ba45 ffff | ff48 8bac | 2490 0000 | 0044 8b54 | 2430 4489 | 5424 204c 
  0x000001f8a913fc04: 8b54 2438 | 4c89 5424 | 304c 8b54 | 2440 4c89 | 5424 384c | 8b54 2450 | 4c89 5424 | 404c 8b54 
  0x000001f8a913fc24: 2458 4c89 | 5424 504c | 8b94 2488 | 0000 004c | 8954 2468 | 4c89 5424 | 784c 8b94 | 2498 0000 
  0x000001f8a913fc44: 004c 8994 | 2488 0000 | 0048 8984 | 2498 0000 | 0066 6690 

  0x000001f8a913fc58: ;   {runtime_call UncommonTrapBlob}
  0x000001f8a913fc58: c5f8 77e8 

  0x000001f8a913fc5c: ; ImmutableOopMap {rbp=Oop [64]=Oop [80]=Oop [104]=Oop [112]=Oop [120]=Oop [152]=Oop [176]=NarrowOop }
                      ;*ifnull {reexecute=1 rethrow=0 return_oop=0}
                      ; - (reexecute) java.net.URLClassLoader::defineClass@139
                      ; - java.net.URLClassLoader$1::run@43
                      ; - java.net.URLClassLoader$1::run@1
                      ; - java.security.AccessController::executePrivileged@29
                      ; - java.security.AccessController::doPrivileged@13
                      ; - java.net.URLClassLoader::findClass@13
                      ; - java.lang.ClassLoader::loadClass@69
  0x000001f8a913fc5c: 2047 7aff 

  0x000001f8a913fc60: ;   {other}
  0x000001f8a913fc60: 0f1f 8400 | d078 0099 | ba45 ffff | ff48 8bac | 2490 0000 | 0044 8b5c | 2430 4489 | 5c24 204c 
  0x000001f8a913fc80: 8b54 2438 | 4c89 5424 | 304c 8b54 | 2440 4c89 | 5424 384c | 8b54 2450 | 4c89 5424 | 404c 8b94 
  0x000001f8a913fca0: 2488 0000 | 004c 8954 | 2448 4c8b | 5424 584c | 8954 2450 | 4c89 6c24 | 7089 9c24 | 8000 0000 
  0x000001f8a913fcc0: 899c 2484 | 0000 0044 | 898c 24a8 | 0000 0044 | 898c 24ac | 0000 0090 

  0x000001f8a913fcd8: ;   {runtime_call UncommonTrapBlob}
  0x000001f8a913fcd8: c5f8 77e8 

  0x000001f8a913fcdc: ; ImmutableOopMap {rbp=Oop [64]=Oop [72]=Oop [80]=Oop [112]=Oop [176]=NarrowOop }
                      ;*if_icmple {reexecute=1 rethrow=0 return_oop=0}
                      ; - (reexecute) jdk.internal.util.Preconditions::checkFromToIndex@11
                      ; - java.lang.String::checkBoundsBeginEnd@6
                      ; - java.lang.String::substring@8
                      ; - java.net.URLClassLoader::defineClass@28
                      ; - java.net.URLClassLoader$1::run@43
                      ; - java.net.URLClassLoader$1::run@1
                      ; - java.security.AccessController::executePrivileged@29
                      ; - java.security.AccessController::doPrivileged@13
                      ; - java.net.URLClassLoader::findClass@13
                      ; - java.lang.ClassLoader::loadClass@69
  0x000001f8a913fcdc: a046 7aff 

  0x000001f8a913fce0: ;   {other}
  0x000001f8a913fce0: 0f1f 8400 | 5079 009a | ba45 ffff | ff4c 8b94 | 2490 0000 | 004c 8954 | 2420 448b | 5c24 3044 
  0x000001f8a913fd00: 895c 2428 | 4c8b 5424 | 504c 8954 | 2448 4c89 | 6c24 604c | 8b94 2488 | 0000 004c | 8954 2470 
  0x000001f8a913fd20: 4c89 5424 | 784c 8b94 | 2498 0000 | 004c 8994 | 2490 0000 | 004c 8b94 | 24a8 0000 | 004c 8994 
  0x000001f8a913fd40: 24a0 0000 | 0044 898c | 24ac 0000 | 0066 6690 

  0x000001f8a913fd50: ;   {runtime_call UncommonTrapBlob}
  0x000001f8a913fd50: c5f8 77e8 

  0x000001f8a913fd54: ; ImmutableOopMap {rbp=NarrowOop [32]=Oop [72]=Oop [88]=Oop [96]=Oop [112]=Oop [120]=Oop [160]=Oop [172]=NarrowOop [176]=NarrowOop [256]=Oop }
                      ;*ifnull {reexecute=1 rethrow=0 return_oop=0}
                      ; - (reexecute) java.util.jar.JarFile::maybeInstantiateVerifier@4
                      ; - java.util.jar.JarFile::ensureInitialization@1
                      ; - java.util.jar.JavaUtilJarAccessImpl::ensureInitialization@1
                      ; - jdk.internal.loader.URLClassPath$JarLoader$2::getManifest@10
                      ; - java.net.URLClassLoader::defineClass@34
                      ; - java.net.URLClassLoader$1::run@43
                      ; - java.net.URLClassLoader$1::run@1
                      ; - java.security.AccessController::executePrivileged@29
                      ; - java.security.AccessController::doPrivileged@13
                      ; - java.net.URLClassLoader::findClass@13
                      ; - java.lang.ClassLoader::loadClass@69
  0x000001f8a913fd54: 2846 7aff 

  0x000001f8a913fd58: ;   {other}
  0x000001f8a913fd58: 0f1f 8400 | c879 009b | 4c89 4424 | 6048 8974 | 2420 498b | d7c5 f877 | 49ba f0a0 | 62cc f97f 
  0x000001f8a913fd78: 0000 41ff 

  0x000001f8a913fd7c: ;   {other}
  0x000001f8a913fd7c: d20f 1f84 | 0000 0000 | 004c 8b44 | 2460 488b | 7424 20e9 | 97a1 ffff | 4c89 4c24 | 2048 8bee 
  0x000001f8a913fd9c: 498b d7c5 | f877 49ba | f0a0 62cc | f97f 0000 

  0x000001f8a913fdac: ;   {other}
  0x000001f8a913fdac: 41ff d20f | 1f84 0000 | 0000 004c | 8b4c 2420 | 488b f590 | e957 9fff | ffba 45ff | ffff 8b4c 
  0x000001f8a913fdcc: 2430 894c | 2420 488b | 4c24 3848 | 894c 2430 | 488b 4c24 | 4048 894c | 2438 488b | 4c24 5048 
  0x000001f8a913fdec: 894c 2440 | 488b 4c24 | 5848 894c | 2450 4c89 | 6c24 584c | 895c 2460 | 488b 8c24 | 8800 0000 
  0x000001f8a913fe0c: 4889 4c24 | 684c 895c | 2470 4889 | 8c24 8000 | 0000 4c8b | 9c24 a800 | 0000 4c89 | 9c24 9000 
  0x000001f8a913fe2c: 0000 4c89 | 8c24 b800 | 0000 4c89 | b424 c000 | 0000 4c89 | 8c24 c800 | 0000 4489 | 8424 b400 
  0x000001f8a913fe4c: 0000 4489 | 9424 d800 | 0000 6690 

  0x000001f8a913fe58: ;   {runtime_call UncommonTrapBlob}
  0x000001f8a913fe58: c5f8 77e8 

  0x000001f8a913fe5c: ; ImmutableOopMap {[64]=Oop [80]=Oop [88]=Oop [96]=Oop [104]=Oop [112]=Oop [128]=Oop [144]=Oop [176]=NarrowOop [180]=NarrowOop [184]=Oop [192]=Oop [200]=Oop }
                      ;*ifeq {reexecute=1 rethrow=0 return_oop=0}
                      ; - (reexecute) java.util.concurrent.ConcurrentHashMap::get@76
                      ; - java.lang.ClassLoader::getDefinedPackage@13
                      ; - java.net.URLClassLoader::getAndVerifyPackage@2
                      ; - java.net.URLClassLoader::defineClass@46
                      ; - java.net.URLClassLoader$1::run@43
                      ; - java.net.URLClassLoader$1::run@1
                      ; - java.security.AccessController::executePrivileged@29
                      ; - java.security.AccessController::doPrivileged@13
                      ; - java.net.URLClassLoader::findClass@13
                      ; - java.lang.ClassLoader::loadClass@69
  0x000001f8a913fe5c: 2045 7aff 

  0x000001f8a913fe60: ;   {other}
  0x000001f8a913fe60: 0f1f 8400 | d07a 009c | ba45 ffff | ff48 8b6c | 2460 448b | 5c24 3044 | 895c 2420 | 4c8b 5c24 
  0x000001f8a913fe80: 384c 895c | 2430 4c8b | 5c24 404c | 895c 2438 | 4c8b 5c24 | 504c 895c | 2440 4c8b | 5c24 584c 
  0x000001f8a913fea0: 895c 2450 | 4c8b 5c24 | 704c 895c | 2458 4c8b | 9c24 8800 | 0000 4c89 | 5c24 684c | 8b9c 2488 
  0x000001f8a913fec0: 0000 004c | 899c 2480 | 0000 004c | 8b9c 24a8 | 0000 004c | 899c 2490 | 0000 0044 | 8994 24d0 
  0x000001f8a913fee0: 0000 0090 

  0x000001f8a913fee4: ;   {runtime_call UncommonTrapBlob}
  0x000001f8a913fee4: c5f8 77e8 

  0x000001f8a913fee8: ; ImmutableOopMap {rbp=Oop [64]=Oop [80]=Oop [88]=Oop [104]=Oop [128]=Oop [144]=Oop [160]=Oop [176]=NarrowOop [180]=NarrowOop [184]=Oop }
                      ;*ifle {reexecute=1 rethrow=0 return_oop=0}
                      ; - (reexecute) java.util.concurrent.ConcurrentHashMap::get@23
                      ; - java.lang.ClassLoader::definePackage@47
                      ; - java.lang.ClassLoader::getDefinedPackage@32
                      ; - java.net.URLClassLoader::getAndVerifyPackage@2
                      ; - java.net.URLClassLoader::defineClass@46
                      ; - java.net.URLClassLoader$1::run@43
                      ; - java.net.URLClassLoader$1::run@1
                      ; - java.security.AccessController::executePrivileged@29
                      ; - java.security.AccessController::doPrivileged@13
                      ; - java.net.URLClassLoader::findClass@13
                      ; - java.lang.ClassLoader::loadClass@69
  0x000001f8a913fee8: 9444 7aff 

  0x000001f8a913feec: ;   {other}
  0x000001f8a913feec: 0f1f 8400 | 5c7b 009d | 4533 d245 | 8bc2 e955 | ceff ffba | 45ff ffff | 488b ac24 | 9000 0000 
  0x000001f8a913ff0c: 448b 5c24 | 3044 895c | 2420 4c8b | 5424 384c | 8954 2430 | 4c8b 5424 | 404c 8954 | 2438 4c8b 
  0x000001f8a913ff2c: 5424 504c | 8954 2440 | 4c8b 5424 | 584c 8954 | 2450 4c8b | 5424 704c | 8954 2458 | 4c8b 9424 
  0x000001f8a913ff4c: 8800 0000 | 4c89 5424 | 684c 8954 | 2470 4c8b | 9424 a800 | 0000 4c89 | 9424 8800 | 0000 4c8b 
  0x000001f8a913ff6c: 9424 9800 | 0000 4c89 | 9424 9000 | 0000 448b | 9c24 b000 | 0000 4489 | 9c24 a800 | 0000 8984 
  0x000001f8a913ff8c: 24ac 0000 | 0066 6690 

  0x000001f8a913ff94: ;   {runtime_call UncommonTrapBlob}
  0x000001f8a913ff94: c5f8 77e8 

  0x000001f8a913ff98: ; ImmutableOopMap {rbp=Oop [64]=Oop [80]=Oop [88]=Oop [104]=Oop [112]=Oop [128]=Oop [136]=Oop [168]=NarrowOop [184]=Oop [192]=Oop }
                      ;*ifeq {reexecute=1 rethrow=0 return_oop=0}
                      ; - (reexecute) java.net.URLClassLoader::getAndVerifyPackage@17
                      ; - java.net.URLClassLoader::defineClass@46
                      ; - java.net.URLClassLoader$1::run@43
                      ; - java.net.URLClassLoader$1::run@1
                      ; - java.security.AccessController::executePrivileged@29
                      ; - java.security.AccessController::doPrivileged@13
                      ; - java.net.URLClassLoader::findClass@13
                      ; - java.lang.ClassLoader::loadClass@69
  0x000001f8a913ff98: e443 7aff 

  0x000001f8a913ff9c: ;   {other}
  0x000001f8a913ff9c: 0f1f 8400 | 0c7c 009e | ba45 ffff | ff48 8bac | 2490 0000 | 0044 8b54 | 2430 4489 | 5424 204c 
  0x000001f8a913ffbc: 8b54 2438 | 4c89 5424 | 304c 8b54 | 2440 4c89 | 5424 384c | 8b54 2450 | 4c89 5424 | 404c 8b54 
  0x000001f8a913ffdc: 2458 4c89 | 5424 504c | 8b54 2470 | 4c89 5424 | 584c 8b94 | 2488 0000 | 004c 8954 | 2468 4c89 
  0x000001f8a913fffc: 5424 704c | 8b94 24a8 | 0000 004c | 8994 2488 | 0000 004c | 8b94 2498 | 0000 004c | 8994 2490 
  0x000001f8a914001c: 0000 0044 | 8b94 24b0 | 0000 0044 | 8954 2424 

  0x000001f8a914002c: ;   {runtime_call UncommonTrapBlob}
  0x000001f8a914002c: c5f8 77e8 

  0x000001f8a9140030: ; ImmutableOopMap {rbp=Oop [36]=NarrowOop [64]=Oop [80]=Oop [88]=Oop [104]=Oop [112]=Oop [128]=Oop [136]=Oop [160]=Oop [192]=Oop }
                      ;*ifnull {reexecute=1 rethrow=0 return_oop=0}
                      ; - (reexecute) java.net.URLClassLoader::getAndVerifyPackage@62
                      ; - java.net.URLClassLoader::defineClass@46
                      ; - java.net.URLClassLoader$1::run@43
                      ; - java.net.URLClassLoader$1::run@1
                      ; - java.security.AccessController::executePrivileged@29
                      ; - java.security.AccessController::doPrivileged@13
                      ; - java.net.URLClassLoader::findClass@13
                      ; - java.lang.ClassLoader::loadClass@69
  0x000001f8a9140030: 4c43 7aff 

  0x000001f8a9140034: ;   {other}
  0x000001f8a9140034: 0f1f 8400 | a47c 009f | ba45 ffff | ff48 8bac | 2490 0000 | 0044 8b5c | 2430 4489 | 5c24 204c 
  0x000001f8a9140054: 8b54 2438 | 4c89 5424 | 304c 8b54 | 2440 4c89 | 5424 384c | 8b54 2450 | 4c89 5424 | 404c 8b54 
  0x000001f8a9140074: 2458 4c89 | 5424 504c | 8b54 2470 | 4c89 5424 | 584c 8b94 | 2488 0000 | 004c 8954 | 2468 4c89 
  0x000001f8a9140094: 5424 704c | 8b94 24a8 | 0000 004c | 8994 2488 | 0000 004c | 8b94 2498 | 0000 004c | 8994 2490 
  0x000001f8a91400b4: 0000 0089 | 8424 a800 | 0000 6690 

  0x000001f8a91400c0: ;   {runtime_call UncommonTrapBlob}
  0x000001f8a91400c0: c5f8 77e8 

  0x000001f8a91400c4: ; ImmutableOopMap {rbp=Oop [64]=Oop [80]=Oop [88]=Oop [104]=Oop [112]=Oop [128]=Oop [136]=Oop [176]=NarrowOop [184]=Oop }
                      ;*ifeq {reexecute=1 rethrow=0 return_oop=0}
                      ; - (reexecute) java.net.URLClassLoader::getAndVerifyPackage@71
                      ; - java.net.URLClassLoader::defineClass@46
                      ; - java.net.URLClassLoader$1::run@43
                      ; - java.net.URLClassLoader$1::run@1
                      ; - java.security.AccessController::executePrivileged@29
                      ; - java.security.AccessController::doPrivileged@13
                      ; - java.net.URLClassLoader::findClass@13
                      ; - java.lang.ClassLoader::loadClass@69
  0x000001f8a91400c4: b842 7aff 

  0x000001f8a91400c8: ;   {other}
  0x000001f8a91400c8: 0f1f 8400 | 387d 00a0 | 498b d344 | 8b84 24ec | 0000 0048 | 8bac 2490 | 0000 0090 

  0x000001f8a91400e4: ;   {static_call}
  0x000001f8a91400e4: c5f8 77e8 

  0x000001f8a91400e8: ; ImmutableOopMap {rbp=Oop [40]=Oop [72]=Oop [80]=Oop [88]=Oop [96]=NarrowOop [120]=Oop [136]=Oop [144]=Oop [152]=Oop [160]=Oop [168]=Oop [176]=Oop [184]=NarrowOop }
                      ;*invokestatic charAt {reexecute=0 rethrow=0 return_oop=0}
                      ; - java.lang.String::charAt@21
                      ; - java.io.WinNTFileSystem::normalize@31
                      ; - java.io.File::<init>@73
                      ; - jdk.internal.loader.URLClassPath$FileLoader::getResource@118
                      ; - jdk.internal.loader.URLClassPath::getResource@53
                      ; - java.net.URLClassLoader$1::run@26
                      ; - java.net.URLClassLoader$1::run@1
                      ; - java.security.AccessController::executePrivileged@29
                      ; - java.security.AccessController::doPrivileged@13
                      ; - java.net.URLClassLoader::findClass@13
                      ; - java.lang.ClassLoader::loadClass@69
  0x000001f8a91400e8: 94ef 79ff 

  0x000001f8a91400ec: ;   {other}
  0x000001f8a91400ec: 0f1f 8400 | 5c7d 00a1 | 448b c0e9 | a2c9 ffff | baf6 ffff | ff44 8b5c | 2430 4489 | 5c24 204c 
  0x000001f8a914010c: 8b5c 2438 | 4c89 5c24 | 304c 8b5c | 2440 4c89 | 5c24 384c | 8b5c 2450 | 4c89 5c24 | 404c 8b5c 
  0x000001f8a914012c: 2458 4c89 | 5c24 504c | 8b5c 2470 | 4c89 5c24 | 5848 894c | 2460 4c8b | 9c24 8800 | 0000 4c89 
  0x000001f8a914014c: 5c24 684c | 895c 2470 | 4889 4c24 | 784c 8b9c | 24a8 0000 | 004c 899c | 2480 0000 | 004c 8b9c 
  0x000001f8a914016c: 2498 0000 | 004c 899c | 2488 0000 | 004c 8984 | 24a0 0000 | 004c 8994 | 24a8 0000 | 0066 6690 
  0x000001f8a914018c: ;   {runtime_call UncommonTrapBlob}
  0x000001f8a914018c: c5f8 77e8 

  0x000001f8a9140190: ; ImmutableOopMap {[64]=Oop [80]=Oop [88]=Oop [96]=Oop [104]=Oop [112]=Oop [120]=Oop [128]=Oop [160]=Oop [168]=Oop [176]=NarrowOop [184]=Oop }
                      ;*invokevirtual compute {reexecute=0 rethrow=0 return_oop=0}
                      ; - java.lang.ClassLoader::definePackage@78
                      ; - java.lang.ClassLoader::getDefinedPackage@32
                      ; - java.net.URLClassLoader::getAndVerifyPackage@2
                      ; - java.net.URLClassLoader::defineClass@46
                      ; - java.net.URLClassLoader$1::run@43
                      ; - java.net.URLClassLoader$1::run@1
                      ; - java.security.AccessController::executePrivileged@29
                      ; - java.security.AccessController::doPrivileged@13
                      ; - java.net.URLClassLoader::findClass@13
                      ; - java.lang.ClassLoader::loadClass@69
  0x000001f8a9140190: ec41 7aff 

  0x000001f8a9140194: ;   {other}
  0x000001f8a9140194: 0f1f 8400 | 047e 00a2 

  0x000001f8a914019c: ;   {metadata('java/io/File')}
  0x000001f8a914019c: 48ba 10f6 | 04b6 f801 | 0000 6690 

  0x000001f8a91401a8: ;   {runtime_call _new_instance_Java}
  0x000001f8a91401a8: c5f8 77e8 

  0x000001f8a91401ac: ; ImmutableOopMap {rbp=Oop [40]=Oop [72]=Oop [80]=Oop [88]=Oop [96]=NarrowOop [100]=NarrowOop [120]=Oop [136]=Oop [144]=Oop [152]=Oop [160]=Oop }
                      ;*new {reexecute=0 rethrow=0 return_oop=1}
                      ; - jdk.internal.loader.URLClassPath$FileLoader::getResource@101
                      ; - jdk.internal.loader.URLClassPath::getResource@53
                      ; - java.net.URLClassLoader$1::run@26
                      ; - java.net.URLClassLoader$1::run@1
                      ; - java.security.AccessController::executePrivileged@29
                      ; - java.security.AccessController::doPrivileged@13
                      ; - java.net.URLClassLoader::findClass@13
                      ; - java.lang.ClassLoader::loadClass@69
  0x000001f8a91401ac: 50f3 7cff 

  0x000001f8a91401b0: ;   {other}
  0x000001f8a91401b0: 0f1f 8400 | 207e 00a3 | e97c c7ff | ffba 45ff | ffff 8b7c | 2430 897c | 2428 488b | 4c24 5048 
  0x000001f8a91401d0: 894c 2448 | 4c89 6c24 | 604c 895c | 2468 4c89 | 5c24 784c | 8b9c 24a8 | 0000 004c | 899c 24a0 
  0x000001f8a91401f0: 0000 004c | 898c 24c0 | 0000 004c | 89b4 24c8 | 0000 004c | 898c 24d0 | 0000 0044 | 8984 24b4 
  0x000001f8a9140210: 0000 0044 | 8994 24e0 | 0000 0089 | 9c24 e400 | 0000 6690 

  0x000001f8a9140224: ;   {runtime_call UncommonTrapBlob}
  0x000001f8a9140224: c5f8 77e8 

  0x000001f8a9140228: ; ImmutableOopMap {[72]=Oop [88]=Oop [96]=Oop [104]=Oop [120]=Oop [136]=Oop [160]=Oop [176]=NarrowOop [180]=NarrowOop [192]=Oop [200]=Oop [208]=Oop }
                      ;*if_icmpne {reexecute=1 rethrow=0 return_oop=0}
                      ; - (reexecute) java.lang.String::equals@33
                      ; - java.util.concurrent.ConcurrentHashMap::get@73
                      ; - java.lang.ClassLoader::getDefinedPackage@13
                      ; - java.net.URLClassLoader::getAndVerifyPackage@2
                      ; - java.net.URLClassLoader::defineClass@46
                      ; - java.net.URLClassLoader$1::run@43
                      ; - java.net.URLClassLoader$1::run@1
                      ; - java.security.AccessController::executePrivileged@29
                      ; - java.security.AccessController::doPrivileged@13
                      ; - java.net.URLClassLoader::findClass@13
                      ; - java.lang.ClassLoader::loadClass@69
  0x000001f8a9140228: 5441 7aff 

  0x000001f8a914022c: ;   {other}
  0x000001f8a914022c: 0f1f 8400 | 9c7e 00a4 | ba45 ffff | ff8b 5c24 | 3089 5c24 | 2848 8b4c | 2450 4889 | 4c24 484c 
  0x000001f8a914024c: 896c 2460 | 4c89 5c24 | 684c 895c | 2478 4c8b | 9c24 a800 | 0000 4c89 | 9c24 a000 | 0000 4c89 
  0x000001f8a914026c: 8c24 c000 | 0000 4c89 | b424 c800 | 0000 4c89 | 8c24 d000 | 0000 4489 | 8424 b400 | 0000 4489 
  0x000001f8a914028c: 9424 e000 | 0000 6690 

  0x000001f8a9140294: ;   {runtime_call UncommonTrapBlob}
  0x000001f8a9140294: c5f8 77e8 

  0x000001f8a9140298: ; ImmutableOopMap {[72]=Oop [88]=Oop [96]=Oop [104]=Oop [120]=Oop [136]=Oop [160]=Oop [176]=NarrowOop [180]=NarrowOop [192]=Oop [200]=Oop [208]=Oop }
                      ;*ifge {reexecute=1 rethrow=0 return_oop=0}
                      ; - (reexecute) java.util.concurrent.ConcurrentHashMap::get@86
                      ; - java.lang.ClassLoader::getDefinedPackage@13
                      ; - java.net.URLClassLoader::getAndVerifyPackage@2
                      ; - java.net.URLClassLoader::defineClass@46
                      ; - java.net.URLClassLoader$1::run@43
                      ; - java.net.URLClassLoader$1::run@1
                      ; - java.security.AccessController::executePrivileged@29
                      ; - java.security.AccessController::doPrivileged@13
                      ; - java.net.URLClassLoader::findClass@13
                      ; - java.lang.ClassLoader::loadClass@69
  0x000001f8a9140298: e440 7aff 

  0x000001f8a914029c: ;   {other}
  0x000001f8a914029c: 0f1f 8400 | 0c7f 00a5 | bae4 ffff | ff4c 8b94 | 2490 0000 | 004c 8954 | 2420 448b | 5c24 3044 
  0x000001f8a91402bc: 895c 2428 | 4c8b 5424 | 504c 8954 | 2448 4c8b | 9424 8800 | 0000 4c89 | 5424 5044 | 8b5c 2460 
  0x000001f8a91402dc: 4489 5c24 | 2c4c 8b54 | 2478 4c89 | 5424 704c | 8b94 2498 | 0000 004c | 8994 2488 | 0000 004c 
  0x000001f8a91402fc: 8b94 24a0 | 0000 004c | 8994 2490 | 0000 004c | 8b94 24a8 | 0000 004c | 8994 24a0 | 0000 0044 
  0x000001f8a914031c: 8b94 24b8 | 0000 0044 | 8954 246c | 448b 9c24 | c000 0000 | 4489 9c24 | b800 0000 | 448b 9424 
  0x000001f8a914033c: c400 0000 | 4489 9424 | c000 0000 | 4489 8c24 | cc00 0000 

  0x000001f8a9140350: ;   {runtime_call UncommonTrapBlob}
  0x000001f8a9140350: c5f8 77e8 

  0x000001f8a9140354: ; ImmutableOopMap {[32]=Oop [44]=NarrowOop [72]=Oop [80]=Oop [88]=Oop [108]=NarrowOop [112]=Oop [136]=Oop [144]=Oop [160]=Oop [168]=Oop [176]=Oop [204]=NarrowOop }
                      ;*invokestatic checkIndex {reexecute=0 rethrow=0 return_oop=0}
                      ; - java.lang.String::checkIndex@5
                      ; - java.lang.StringLatin1::charAt@3
                      ; - java.lang.String::charAt@12
                      ; - java.io.WinNTFileSystem::normalize@31
                      ; - java.io.File::<init>@73
                      ; - jdk.internal.loader.URLClassPath$FileLoader::getResource@118
                      ; - jdk.internal.loader.URLClassPath::getResource@53
                      ; - java.net.URLClassLoader$1::run@26
                      ; - java.net.URLClassLoader$1::run@1
                      ; - java.security.AccessController::executePrivileged@29
                      ; - java.security.AccessController::doPrivileged@13
                      ; - java.net.URLClassLoader::findClass@13
                      ; - java.lang.ClassLoader::loadClass@69
  0x000001f8a9140354: 2840 7aff 

  0x000001f8a9140358: ;   {other}
  0x000001f8a9140358: 0f1f 8400 | c87f 00a6 | ba45 ffff | ff44 8b54 | 2430 4489 | 5424 284c | 8b54 2450 | 4c89 5424 
  0x000001f8a9140378: 484c 8b54 | 2470 4c89 | 5424 604c | 8b94 24a8 | 0000 004c | 8994 24a0 | 0000 004c | 8984 24c8 
  0x000001f8a9140398: 0000 004c | 8984 24d8 | 0000 0048 | 8984 24e8 | 0000 0090 

  0x000001f8a91403ac: ;   {runtime_call UncommonTrapBlob}
  0x000001f8a91403ac: c5f8 77e8 

  0x000001f8a91403b0: ; ImmutableOopMap {rbp=NarrowOop [32]=Oop [72]=Oop [88]=Oop [96]=Oop [136]=Oop [160]=Oop [176]=NarrowOop [180]=NarrowOop [184]=Oop [200]=Oop [216]=Oop [232]=Oop }
                      ;*ifnull {reexecute=1 rethrow=0 return_oop=0}
                      ; - (reexecute) java.util.concurrent.ConcurrentHashMap::get@67
                      ; - java.lang.ClassLoader::definePackage@47
                      ; - java.lang.ClassLoader::getDefinedPackage@32
                      ; - java.net.URLClassLoader::getAndVerifyPackage@2
                      ; - java.net.URLClassLoader::defineClass@46
                      ; - java.net.URLClassLoader$1::run@43
                      ; - java.net.URLClassLoader$1::run@1
                      ; - java.security.AccessController::executePrivileged@29
                      ; - java.security.AccessController::doPrivileged@13
                      ; - java.net.URLClassLoader::findClass@13
                      ; - java.lang.ClassLoader::loadClass@69
  0x000001f8a91403b0: cc3f 7aff 

  0x000001f8a91403b4: ;   {other}
  0x000001f8a91403b4: 0f1f 8400 | 2480 00a7 | ba45 ffff | ff44 8b44 | 2430 4489 | 4424 204c | 8b5c 2438 | 4c89 5c24 
  0x000001f8a91403d4: 304c 8b5c | 2440 4c89 | 5c24 384c | 8b5c 2450 | 4c89 5c24 | 404c 8b5c | 2458 4c89 | 5c24 504c 
  0x000001f8a91403f4: 8b5c 2470 | 4c89 5c24 | 584c 8b9c | 2488 0000 | 004c 895c | 2468 4c8b | 9c24 8800 | 0000 4c89 
  0x000001f8a9140414: 9c24 8000 | 0000 4c8b | 9c24 a800 | 0000 4c89 | 9c24 9000 | 0000 8984 | 24c4 0000 | 0066 6690 
  0x000001f8a9140434: ;   {runtime_call UncommonTrapBlob}
  0x000001f8a9140434: c5f8 77e8 

  0x000001f8a9140438: ; ImmutableOopMap {rbp=Oop [64]=Oop [80]=Oop [88]=Oop [104]=Oop [128]=Oop [144]=Oop [160]=Oop [176]=NarrowOop [180]=NarrowOop [184]=Oop [200]=Oop }
                      ;*ifeq {reexecute=1 rethrow=0 return_oop=0}
                      ; - (reexecute) java.util.concurrent.ConcurrentHashMap::get@76
                      ; - java.lang.ClassLoader::definePackage@47
                      ; - java.lang.ClassLoader::getDefinedPackage@32
                      ; - java.net.URLClassLoader::getAndVerifyPackage@2
                      ; - java.net.URLClassLoader::defineClass@46
                      ; - java.net.URLClassLoader$1::run@43
                      ; - java.net.URLClassLoader$1::run@1
                      ; - java.security.AccessController::executePrivileged@29
                      ; - java.security.AccessController::doPrivileged@13
                      ; - java.net.URLClassLoader::findClass@13
                      ; - java.lang.ClassLoader::loadClass@69
  0x000001f8a9140438: 443f 7aff 

  0x000001f8a914043c: ;   {other}
  0x000001f8a914043c: 0f1f 8400 | ac80 00a8 | ba45 ffff | ff44 8b5c | 2430 4489 | 5c24 284c | 8b54 2450 | 4c89 5424 
  0x000001f8a914045c: 484c 8b54 | 2470 4c89 | 5424 6048 | 8984 24e8 | 0000 0090 

  0x000001f8a9140470: ;   {runtime_call UncommonTrapBlob}
  0x000001f8a9140470: c5f8 77e8 

  0x000001f8a9140474: ; ImmutableOopMap {[32]=Oop [72]=Oop [88]=Oop [96]=Oop [136]=Oop [160]=Oop [168]=Oop [176]=NarrowOop [180]=NarrowOop [184]=Oop [232]=Oop }
                      ;*ifge {reexecute=1 rethrow=0 return_oop=0}
                      ; - (reexecute) java.util.concurrent.ConcurrentHashMap::get@86
                      ; - java.lang.ClassLoader::definePackage@47
                      ; - java.lang.ClassLoader::getDefinedPackage@32
                      ; - java.net.URLClassLoader::getAndVerifyPackage@2
                      ; - java.net.URLClassLoader::defineClass@46
                      ; - java.net.URLClassLoader$1::run@43
                      ; - java.net.URLClassLoader$1::run@1
                      ; - java.security.AccessController::executePrivileged@29
                      ; - java.security.AccessController::doPrivileged@13
                      ; - java.net.URLClassLoader::findClass@13
                      ; - java.lang.ClassLoader::loadClass@69
  0x000001f8a9140474: 083f 7aff 

  0x000001f8a9140478: ;   {other}
  0x000001f8a9140478: 0f1f 8400 | e880 00a9 | ba45 ffff | ff44 8b44 | 2430 4489 | 4424 284c | 8b44 2450 | 4c89 4424 
  0x000001f8a9140498: 484c 896c | 2460 4c89 | 5c24 684c | 895c 2478 | 4c8b 9c24 | a800 0000 | 4c89 9c24 | a000 0000 
  0x000001f8a91404b8: 4c89 8c24 | c000 0000 | 4c89 b424 | c800 0000 | 4c89 8c24 | d000 0000 | 4889 8c24 | e000 0000 
  0x000001f8a91404d8: 4489 9424 | b400 0000 

  0x000001f8a91404e0: ;   {runtime_call UncommonTrapBlob}
  0x000001f8a91404e0: c5f8 77e8 

  0x000001f8a91404e4: ; ImmutableOopMap {rbp=NarrowOop [72]=Oop [88]=Oop [96]=Oop [104]=Oop [120]=Oop [136]=Oop [160]=Oop [176]=NarrowOop [192]=Oop [200]=Oop [208]=Oop [224]=Oop }
                      ;*ifnull {reexecute=1 rethrow=0 return_oop=0}
                      ; - (reexecute) java.util.concurrent.ConcurrentHashMap::get@143
                      ; - java.lang.ClassLoader::getDefinedPackage@13
                      ; - java.net.URLClassLoader::getAndVerifyPackage@2
                      ; - java.net.URLClassLoader::defineClass@46
                      ; - java.net.URLClassLoader$1::run@43
                      ; - java.net.URLClassLoader$1::run@1
                      ; - java.security.AccessController::executePrivileged@29
                      ; - java.security.AccessController::doPrivileged@13
                      ; - java.net.URLClassLoader::findClass@13
                      ; - java.lang.ClassLoader::loadClass@69
  0x000001f8a91404e4: 983e 7aff 

  0x000001f8a91404e8: ;   {other}
  0x000001f8a91404e8: 0f1f 8400 | 5881 00aa | 498b d045 | 33c0 6690 

  0x000001f8a91404f8: ;   {static_call}
  0x000001f8a91404f8: c5f8 77e8 

  0x000001f8a91404fc: ; ImmutableOopMap {rbp=Oop [40]=Oop [72]=Oop [80]=Oop [88]=Oop [96]=NarrowOop [120]=Oop [136]=Oop [144]=Oop [152]=Oop [160]=Oop [168]=Oop [176]=Oop }
                      ;*invokestatic charAt {reexecute=0 rethrow=0 return_oop=0}
                      ; - java.lang.String::charAt@21
                      ; - java.io.WinNTFileSystem::prefixLength@18
                      ; - java.io.File::<init>@104
                      ; - jdk.internal.loader.URLClassPath$FileLoader::getResource@73
                      ; - jdk.internal.loader.URLClassPath::getResource@53
                      ; - java.net.URLClassLoader$1::run@26
                      ; - java.net.URLClassLoader$1::run@1
                      ; - java.security.AccessController::executePrivileged@29
                      ; - java.security.AccessController::doPrivileged@13
                      ; - java.net.URLClassLoader::findClass@13
                      ; - java.lang.ClassLoader::loadClass@69
  0x000001f8a91404fc: 80eb 79ff 

  0x000001f8a9140500: ;   {other}
  0x000001f8a9140500: 0f1f 8400 | 7081 00ab | 8984 24c0 | 0000 00e9 | f4bf ffff | 458b d049 | 8bd2 41b8 | 0100 0000 
  0x000001f8a9140520: ;   {static_call}
  0x000001f8a9140520: c5f8 77e8 

  0x000001f8a9140524: ; ImmutableOopMap {rbp=Oop [40]=Oop [72]=Oop [80]=Oop [88]=Oop [96]=NarrowOop [120]=Oop [136]=Oop [144]=Oop [152]=Oop [160]=Oop [168]=Oop [176]=Oop }
                      ;*invokestatic charAt {reexecute=0 rethrow=0 return_oop=0}
                      ; - java.lang.String::charAt@21
                      ; - java.io.WinNTFileSystem::prefixLength@30
                      ; - java.io.File::<init>@104
                      ; - jdk.internal.loader.URLClassPath$FileLoader::getResource@73
                      ; - jdk.internal.loader.URLClassPath::getResource@53
                      ; - java.net.URLClassLoader$1::run@26
                      ; - java.net.URLClassLoader$1::run@1
                      ; - java.security.AccessController::executePrivileged@29
                      ; - java.security.AccessController::doPrivileged@13
                      ; - java.net.URLClassLoader::findClass@13
                      ; - java.lang.ClassLoader::loadClass@69
  0x000001f8a9140524: 58eb 79ff 

  0x000001f8a9140528: ;   {other}
  0x000001f8a9140528: 0f1f 8400 | 9881 00ac | 448b c8e9 | 1dc0 ffff | 498b d041 | b802 0000 | 0048 8bac | 2490 0000 
  0x000001f8a9140548: 0066 6690 

  0x000001f8a914054c: ;   {static_call}
  0x000001f8a914054c: c5f8 77e8 

  0x000001f8a9140550: ; ImmutableOopMap {rbp=Oop [40]=Oop [72]=Oop [80]=Oop [88]=Oop [96]=NarrowOop [120]=Oop [136]=Oop [144]=Oop [152]=Oop [160]=Oop [168]=Oop }
                      ;*invokestatic charAt {reexecute=0 rethrow=0 return_oop=0}
                      ; - java.lang.String::charAt@21
                      ; - java.io.WinNTFileSystem::prefixLength@78
                      ; - java.io.File::<init>@104
                      ; - jdk.internal.loader.URLClassPath$FileLoader::getResource@73
                      ; - jdk.internal.loader.URLClassPath::getResource@53
                      ; - java.net.URLClassLoader$1::run@26
                      ; - java.net.URLClassLoader$1::run@1
                      ; - java.security.AccessController::executePrivileged@29
                      ; - java.security.AccessController::doPrivileged@13
                      ; - java.net.URLClassLoader::findClass@13
                      ; - java.lang.ClassLoader::loadClass@69
  0x000001f8a9140550: 2ceb 79ff 

  0x000001f8a9140554: ;   {other}
  0x000001f8a9140554: 0f1f 8400 | c481 00ad | 448b c090 | e949 c1ff | ffba deff | ffff 448b | 4c24 3044 | 894c 2420 
  0x000001f8a9140574: 4c8b 5c24 | 384c 895c | 2430 4c8b | 5c24 404c | 895c 2438 | 4c8b 5c24 | 504c 895c | 2440 4c8b 
  0x000001f8a9140594: 5c24 584c | 895c 2450 | 4c8b 5c24 | 704c 895c | 2458 4c8b | 9c24 8800 | 0000 4c89 | 5c24 684c 
  0x000001f8a91405b4: 895c 2470 | 4c8b 9c24 | a800 0000 | 4c89 9c24 | 8000 0000 | 4c8b 9c24 | 9800 0000 | 4c89 9c24 
  0x000001f8a91405d4: 8800 0000 | 448b 9c24 | a000 0000 | 4489 5c24 | 244c 8b9c | 24b8 0000 | 004c 899c | 2498 0000 
  0x000001f8a91405f4: 004c 8b9c | 24b0 0000 | 004c 899c | 24a0 0000 | 004c 8984 | 24b8 0000 | 004c 8994 | 24c0 0000 
  0x000001f8a9140614: 0066 6690 

  0x000001f8a9140618: ;   {runtime_call UncommonTrapBlob}
  0x000001f8a9140618: c5f8 77e8 

  0x000001f8a914061c: ; ImmutableOopMap {rbp=Oop [36]=NarrowOop [64]=Oop [80]=Oop [88]=Oop [104]=Oop [112]=Oop [128]=Oop [152]=Oop [160]=Oop [184]=Oop [192]=Oop [256]=Oop }
                      ;*invokevirtual getName {reexecute=0 rethrow=0 return_oop=0}
                      ; - java.util.jar.JarFile::getManifestFromReference@74
                      ; - java.util.jar.JarFile::getManifest@1
                      ; - jdk.internal.loader.URLClassPath$JarLoader$2::getManifest@22
                      ; - java.net.URLClassLoader::defineClass@34
                      ; - java.net.URLClassLoader$1::run@43
                      ; - java.net.URLClassLoader$1::run@1
                      ; - java.security.AccessController::executePrivileged@29
                      ; - java.security.AccessController::doPrivileged@13
                      ; - java.net.URLClassLoader::findClass@13
                      ; - java.lang.ClassLoader::loadClass@69
  0x000001f8a914061c: 603d 7aff 

  0x000001f8a9140620: ;   {other}
  0x000001f8a9140620: 0f1f 8400 | 9082 00ae | ba0f 0000 | 004c 8b54 | 2460 4c89 | 5424 2044 | 8b54 2430 | 4489 5424 
  0x000001f8a9140640: 284c 8b54 | 2450 4c89 | 5424 484c | 8b54 2470 | 4c89 5424 | 604c 8b94 | 2488 0000 | 004c 8954 
  0x000001f8a9140660: 2470 4c89 | 5424 784c | 8b94 24a8 | 0000 004c | 8994 2488 | 0000 004c | 8b94 2498 | 0000 004c 
  0x000001f8a9140680: 8994 2490 | 0000 0044 | 8b94 24a0 | 0000 0044 | 8954 242c | 4c8b 9424 | b800 0000 | 4c89 9424 
  0x000001f8a91406a0: a000 0000 | 4c8b 9424 | b000 0000 | 4c89 9424 | a800 0000 

  0x000001f8a91406b4: ;   {runtime_call UncommonTrapBlob}
  0x000001f8a91406b4: c5f8 77e8 

  0x000001f8a91406b8: ; ImmutableOopMap {rbp=Oop [32]=Oop [44]=NarrowOop [72]=Oop [88]=Oop [96]=Oop [112]=Oop [120]=Oop [136]=Oop [160]=Oop [168]=Oop [192]=Oop [256]=Oop }
                      ;*new {reexecute=0 rethrow=0 return_oop=0}
                      ; - java.util.Hashtable::<init>@53
                      ; - java.util.Hashtable::<init>@5
                      ; - java.util.jar.JarVerifier::<init>@39
                      ; - java.util.jar.JarFile::getManifestFromReference@78
                      ; - java.util.jar.JarFile::getManifest@1
                      ; - jdk.internal.loader.URLClassPath$JarLoader$2::getManifest@22
                      ; - java.net.URLClassLoader::defineClass@34
                      ; - java.net.URLClassLoader$1::run@43
                      ; - java.net.URLClassLoader$1::run@1
                      ; - java.security.AccessController::executePrivileged@29
                      ; - java.security.AccessController::doPrivileged@13
                      ; - java.net.URLClassLoader::findClass@13
                      ; - java.lang.ClassLoader::loadClass@69
  0x000001f8a91406b8: c43c 7aff 

  0x000001f8a91406bc: ;   {other}
  0x000001f8a91406bc: 0f1f 8400 | 2c83 00af | ba0f 0000 | 004c 8b54 | 2460 4c89 | 5424 2044 | 8b5c 2430 | 4489 5c24 
  0x000001f8a91406dc: 284c 8b54 | 2450 4c89 | 5424 484c | 8b54 2470 | 4c89 5424 | 604c 8b94 | 2488 0000 | 004c 8954 
  0x000001f8a91406fc: 2470 4c89 | 5424 784c | 8b94 24a8 | 0000 004c | 8994 2488 | 0000 004c | 8b94 2498 | 0000 004c 
  0x000001f8a914071c: 8994 2490 | 0000 0044 | 8b9c 24a0 | 0000 0044 | 895c 242c | 4c8b 9424 | b800 0000 | 4c89 9424 
  0x000001f8a914073c: a000 0000 | 4c8b 9424 | b000 0000 | 4c89 9424 | a800 0000 

  0x000001f8a9140750: ;   {runtime_call UncommonTrapBlob}
  0x000001f8a9140750: c5f8 77e8 

  0x000001f8a9140754: ; ImmutableOopMap {rbp=Oop [32]=Oop [44]=NarrowOop [72]=Oop [88]=Oop [96]=Oop [112]=Oop [120]=Oop [136]=Oop [160]=Oop [168]=Oop [192]=Oop [256]=Oop }
                      ;*new {reexecute=0 rethrow=0 return_oop=0}
                      ; - java.util.Hashtable::<init>@53
                      ; - java.util.Hashtable::<init>@5
                      ; - java.util.jar.JarVerifier::<init>@50
                      ; - java.util.jar.JarFile::getManifestFromReference@78
                      ; - java.util.jar.JarFile::getManifest@1
                      ; - jdk.internal.loader.URLClassPath$JarLoader$2::getManifest@22
                      ; - java.net.URLClassLoader::defineClass@34
                      ; - java.net.URLClassLoader$1::run@43
                      ; - java.net.URLClassLoader$1::run@1
                      ; - java.security.AccessController::executePrivileged@29
                      ; - java.security.AccessController::doPrivileged@13
                      ; - java.net.URLClassLoader::findClass@13
                      ; - java.lang.ClassLoader::loadClass@69
  0x000001f8a9140754: 283c 7aff 

  0x000001f8a9140758: ;   {other}
  0x000001f8a9140758: 0f1f 8400 | c883 00b0 | ba0f 0000 | 004c 8b54 | 2460 4c89 | 5424 2044 | 8b54 2430 | 4489 5424 
  0x000001f8a9140778: 284c 8b54 | 2450 4c89 | 5424 484c | 8b54 2470 | 4c89 5424 | 604c 8b94 | 2488 0000 | 004c 8954 
  0x000001f8a9140798: 2470 4c89 | 5424 784c | 8b94 24a8 | 0000 004c | 8994 2488 | 0000 004c | 8b94 2498 | 0000 004c 
  0x000001f8a91407b8: 8994 2490 | 0000 0044 | 8b94 24a0 | 0000 0044 | 8954 242c | 4c8b 9424 | b800 0000 | 4c89 9424 
  0x000001f8a91407d8: a000 0000 | 4c8b 9424 | b000 0000 | 4c89 9424 | a800 0000 

  0x000001f8a91407ec: ;   {runtime_call UncommonTrapBlob}
  0x000001f8a91407ec: c5f8 77e8 

  0x000001f8a91407f0: ; ImmutableOopMap {rbp=Oop [32]=Oop [44]=NarrowOop [72]=Oop [88]=Oop [96]=Oop [112]=Oop [120]=Oop [136]=Oop [160]=Oop [168]=Oop [192]=Oop [256]=Oop }
                      ;*new {reexecute=0 rethrow=0 return_oop=0}
                      ; - java.util.Hashtable::<init>@53
                      ; - java.util.Hashtable::<init>@4
                      ; - java.util.jar.JarVerifier::<init>@63
                      ; - java.util.jar.JarFile::getManifestFromReference@78
                      ; - java.util.jar.JarFile::getManifest@1
                      ; - jdk.internal.loader.URLClassPath$JarLoader$2::getManifest@22
                      ; - java.net.URLClassLoader::defineClass@34
                      ; - java.net.URLClassLoader$1::run@43
                      ; - java.net.URLClassLoader$1::run@1
                      ; - java.security.AccessController::executePrivileged@29
                      ; - java.security.AccessController::doPrivileged@13
                      ; - java.net.URLClassLoader::findClass@13
                      ; - java.lang.ClassLoader::loadClass@69
  0x000001f8a91407f0: 8c3b 7aff 

  0x000001f8a91407f4: ;   {other}
  0x000001f8a91407f4: 0f1f 8400 | 6484 00b1 | 488b d84c | 8b5c 2428 | 488d 8424 | 1801 0000 | 4883 3800 | 0f84 7900 
  0x000001f8a9140814: 0000 4d8b | 1341 f6c2 | 020f 8462 | 0000 0049 | 83ba 8600 | 0000 0074 | 0949 ff8a | 8600 0000 
  0x000001f8a9140834: eb4b 498b | 8296 0000 | 0049 0b82 | 8e00 0000 | 750a 49c7 | 423e 0000 | 0000 eb3d | 4983 ba9e 
  0x000001f8a9140854: 0000 0000 | 7422 4833 | c049 c742 | 3e00 0000 | 00f0 8304 | 2400 4983 | ba9e 0000 | 0000 750d 
  0x000001f8a9140874: f04d 0fb1 | 7a3e 7505 | 83c8 01eb | 0ca8 00eb | 084c 8b10 | f04d 0fb1 | 1375 0a49 | ff8f 5005 
  0x000001f8a9140894: 0000 4533 | d20f 84cc | 0200 0049 | 8bcb 488d | 9424 1801 | 0000 4d8b | c7c5 f877 | 49ba b0cf 
  0x000001f8a91408b4: a3cc f97f | 0000 41ff 

  0x000001f8a91408bc: ;   {other}
  0x000001f8a91408bc: d20f 1f84 | 0000 0000 | 00e9 a102 | 0000 4c8b | d0e9 9602 | 0000 4c8b | d0e9 8e02 | 0000 488b 
  0x000001f8a91408dc: d844 8b58 | 0849 ba00 | 0000 b6f8 | 0100 004d | 03d3 4d8b 

  0x000001f8a91408f0: ;   {metadata('java/io/IOException')}
  0x000001f8a91408f0: 5248 49bb | 5853 04b7 | f801 0000 | 0f1f 4000 | 4d3b d30f | 85f6 feff | ff4c 8bd8 | 498b 87b8 
  0x000001f8a9140910: 0100 004c | 8bd0 4983 | c228 660f | 1f44 0000 | 4d3b 97c8 | 0100 000f | 83eb 1a00 | 004d 8997 
  0x000001f8a9140930: b801 0000 | 410f 0d8a | c000 0000 | 48c7 0001 

  0x000001f8a9140940: ;   {metadata('java/lang/RuntimeException')}
  0x000001f8a9140940: 0000 00c7 | 4008 a8b7 | 0500 4489 | 600c 4c89 | 6010 4c89 | 6018 4c89 | 6020 498b | eb4c 8bd0 
  0x000001f8a9140960: 4c89 5424 | 2049 8bd2 | 4c8b c548 | 8bac 2490 | 0000 0090 

  0x000001f8a9140974: ;   {optimized virtual_call}
  0x000001f8a9140974: c5f8 77e8 

  0x000001f8a9140978: ; ImmutableOopMap {rbp=Oop [32]=Oop [40]=Oop [80]=Oop [88]=Oop [112]=Oop [136]=Oop [144]=Oop [160]=NarrowOop [168]=Oop [256]=Oop }
                      ;*invokespecial <init> {reexecute=0 rethrow=0 return_oop=0}
                      ; - java.util.jar.JarFile::ensureInitialization@13
                      ; - java.util.jar.JavaUtilJarAccessImpl::ensureInitialization@1
                      ; - jdk.internal.loader.URLClassPath$JarLoader$2::getManifest@10
                      ; - java.net.URLClassLoader::defineClass@34
                      ; - java.net.URLClassLoader$1::run@43
                      ; - java.net.URLClassLoader$1::run@1
                      ; - java.security.AccessController::executePrivileged@29
                      ; - java.security.AccessController::doPrivileged@13
                      ; - java.net.URLClassLoader::findClass@13
                      ; - java.lang.ClassLoader::loadClass@69
  0x000001f8a9140978: 04e1 79ff 

  0x000001f8a914097c: ;   {other}
  0x000001f8a914097c: 0f1f 8400 | ec85 00b2 | 4c8b 5c24 | 2848 8d84 | 2418 0100 | 0048 8338 | 000f 8479 | 0000 004d 
  0x000001f8a914099c: 8b13 41f6 | c202 0f84 | 6200 0000 | 4983 ba86 | 0000 0000 | 7409 49ff | 8a86 0000 | 00eb 4b49 
  0x000001f8a91409bc: 8b82 9600 | 0000 490b | 828e 0000 | 0075 0a49 | c742 3e00 | 0000 00eb | 3d49 83ba | 9e00 0000 
  0x000001f8a91409dc: 0074 2248 | 33c0 49c7 | 423e 0000 | 0000 f083 | 0424 0049 | 83ba 9e00 | 0000 0075 | 0df0 4d0f 
  0x000001f8a91409fc: b17a 3e75 | 0583 c801 | eb0c a800 | eb08 4c8b | 10f0 4d0f | b113 750a | 49ff 8f50 | 0500 0045 
  0x000001f8a9140a1c: 33d2 6690 | 0f85 d61b | 0000 4c8b | 5424 2049 | 8bda e964 | 0300 004c | 8bd0 e92d | 0100 004c 
  0x000001f8a9140a3c: 8bd0 6690 | e923 0100 | 004c 8bd0 | e91b 0100 | 004c 8bd0 | e913 0100 | 004c 8bd0 | e90b 0100 
  0x000001f8a9140a5c: 004c 8bd0 | e903 0100 | 004c 8bd0 | e9fb 0000 | 00eb 0048 | 8984 24c0 | 0000 004c 

  0x000001f8a9140a78: ;   {no_reloc}
  0x000001f8a9140a78: 8b54 2428 | 0f1f 4000 | 4d85 d274 | 2749 8bd2 | 488b ac24 | 9000 0000 | 6690 c5f8 | 7748 b8ff 
  0x000001f8a9140a98: ffff ffff 

  0x000001f8a9140a9c: ;   {virtual_call}
  0x000001f8a9140a9c: ffff ffe8 

  0x000001f8a9140aa0: ; ImmutableOopMap {rbp=Oop [80]=Oop [88]=Oop [112]=Oop [136]=Oop [144]=Oop [160]=NarrowOop [168]=Oop [192]=Oop [256]=Oop }
                      ;*invokevirtual close {reexecute=0 rethrow=0 return_oop=0}
                      ; - java.util.jar.JarFile::getManifestFromReference@165
                      ; - java.util.jar.JarFile::getManifest@1
                      ; - jdk.internal.loader.URLClassPath$JarLoader$2::getManifest@22
                      ; - java.net.URLClassLoader::defineClass@34
                      ; - java.net.URLClassLoader$1::run@43
                      ; - java.net.URLClassLoader$1::run@1
                      ; - java.security.AccessController::executePrivileged@29
                      ; - java.security.AccessController::doPrivileged@13
                      ; - java.net.URLClassLoader::findClass@13
                      ; - java.lang.ClassLoader::loadClass@69
  0x000001f8a9140aa0: dce2 79ff 

  0x000001f8a9140aa4: ;   {other}
  0x000001f8a9140aa4: 0f1f 8400 | 1487 00b3 | 4c8b 9424 | c000 0000 | e9af 0000 | 004c 8bd0 | 0f1f 4000 | e983 0100 
  0x000001f8a9140ac4: 0048 8bd8 | 448b 5008 | 49b8 0000 | 00b6 f801 | 0000 4d03 | c24d 8b50 | 5066 6690 | 4c3b d50f 
  0x000001f8a9140ae4: 8573 0100 | 004c 8b4c | 2420 488b | 9424 9000 | 0000 4c8b | 4424 7848 | 8b7c 2428 | 4c8b 9424 
  0x000001f8a9140b04: a800 0000 | 4c89 9424 | a000 0000 

  0x000001f8a9140b10: ;   {optimized virtual_call}
  0x000001f8a9140b10: c5f8 77e8 

  0x000001f8a9140b14: ; ImmutableOopMap {[40]=Oop [72]=Oop [80]=Oop [88]=Oop [112]=Oop [120]=Oop [136]=Oop [144]=Oop [160]=Oop [176]=NarrowOop }
                      ;*invokevirtual getAndVerifyPackage {reexecute=0 rethrow=0 return_oop=1}
                      ; - java.net.URLClassLoader::defineClass@97
                      ; - java.net.URLClassLoader$1::run@43
                      ; - java.net.URLClassLoader$1::run@1
                      ; - java.security.AccessController::executePrivileged@29
                      ; - java.security.AccessController::doPrivileged@13
                      ; - java.net.URLClassLoader::findClass@13
                      ; - java.lang.ClassLoader::loadClass@69
  0x000001f8a9140b14: 68df 79ff 

  0x000001f8a9140b18: ;   {other}
  0x000001f8a9140b18: 0f1f 8400 | 8887 00b4 | 4885 c00f | 847f 1a00 | 004c 8b6c | 2470 e926 | 9bff ff4c | 8bd0 e90d 
  0x000001f8a9140b38: 0100 004c | 8bd0 6690 | e903 0100 | 004c 8bd0 | e9fb 0000 | 0048 8bd8 | e978 0200 | 004c 8bd0 
  0x000001f8a9140b58: e9eb 0000 | 004c 8bd0 | e9e3 0000 | 004c 8bd0 | 498b da44 | 8b53 0849 | b800 0000 | b6f8 0100 
  0x000001f8a9140b78: 004d 03c2 | 0f1f 4000 | e9d7 0000 | 004c 8bd0 | e9bb 0000 | 004c 8bd0 | e9b3 0000 | 004c 8bd0 
  0x000001f8a9140b98: e9ab 0000 | 0048 8bd8 | 448b 5808 | 49b8 0000 | 00b6 f801 | 0000 4d03 | c3e9 a600 | 0000 488b 
  0x000001f8a9140bb8: d844 8b58 | 0849 b800 | 0000 b6f8 | 0100 004d | 03c3 e98d | 0000 0048 | 8bd8 448b | 5808 49b8 
  0x000001f8a9140bd8: 0000 00b6 | f801 0000 | 4d03 c3e9 | 7400 0000 | 488b d844 | 8b58 0849 | b800 0000 | b6f8 0100 
  0x000001f8a9140bf8: 004d 03c3 | 0f1f 4000 | e957 0000 | 004c 8bd0 | 498b da45 | 8b5a 0849 | b800 0000 

  0x000001f8a9140c14: ;   {no_reloc}
  0x000001f8a9140c14: b6f8 0100 | 004d 03c3 | eb3e 488b | d844 8b58 | 0849 b800 | 0000 b6f8 | 0100 004d | 03c3 eb28 
  0x000001f8a9140c34: 488b d8e9 | 3701 0000 | 488b d890 | e988 0100 | 004c 8bd0 | 498b da45 | 8b52 0849 | b800 0000 
  0x000001f8a9140c54: b6f8 0100 | 004d 03c2 | 4d8b 5048 

  0x000001f8a9140c60: ;   {metadata('java/io/IOException')}
  0x000001f8a9140c60: 49bb 5853 | 04b7 f801 | 0000 4d3b | d30f 8479 | 1700 004d 

  0x000001f8a9140c74: ;   {metadata('java/lang/ClassFormatError')}
  0x000001f8a9140c74: 8b50 5049 | bbb0 7936 | b7f8 0100 | 004d 3bd3 | 0f85 e900 | 0000 4c8b | d34c 8954 | 2420 488b 
  0x000001f8a9140c94: 5424 7066 | 6690 c5f8 | 7748 b8ff | ffff ffff 

  0x000001f8a9140ca4: ;   {virtual_call}
  0x000001f8a9140ca4: ffff ffe8 

  0x000001f8a9140ca8: ; ImmutableOopMap {[32]=Oop [80]=Oop [88]=Oop [112]=Oop [136]=Oop [144]=Oop }
                      ;*invokevirtual getDataError {reexecute=0 rethrow=0 return_oop=1}
                      ; - java.net.URLClassLoader$1::run@63
                      ; - java.net.URLClassLoader$1::run@1
                      ; - java.security.AccessController::executePrivileged@29
                      ; - java.security.AccessController::doPrivileged@13
                      ; - java.net.URLClassLoader::findClass@13
                      ; - java.lang.ClassLoader::loadClass@69
  0x000001f8a9140ca8: d4e0 79ff 

  0x000001f8a9140cac: ;   {other}
  0x000001f8a9140cac: 0f1f 8400 | 1c89 00b5 | 4885 c074 | 3f48 8b54 | 2470 c5f8 | 7748 b8ff | ffff ffff 

  0x000001f8a9140cc8: ;   {virtual_call}
  0x000001f8a9140cc8: ffff ffe8 

  0x000001f8a9140ccc: ; ImmutableOopMap {[32]=Oop [80]=Oop [88]=Oop [136]=Oop [144]=Oop }
                      ;*invokevirtual getDataError {reexecute=0 rethrow=0 return_oop=1}
                      ; - java.net.URLClassLoader$1::run@71
                      ; - java.net.URLClassLoader$1::run@1
                      ; - java.security.AccessController::executePrivileged@29
                      ; - java.security.AccessController::doPrivileged@13
                      ; - java.net.URLClassLoader::findClass@13
                      ; - java.lang.ClassLoader::loadClass@69
  0x000001f8a9140ccc: b0e0 79ff 

  0x000001f8a9140cd0: ;   {other}
  0x000001f8a9140cd0: 0f1f 8400 | 4089 00b6 | 488b 6c24 | 5848 8b54 | 2420 4c8b | c066 6690 

  0x000001f8a9140ce8: ;   {optimized virtual_call}
  0x000001f8a9140ce8: c5f8 77e8 

  0x000001f8a9140cec: ; ImmutableOopMap {rbp=Oop [32]=Oop [80]=Oop [136]=Oop [144]=Oop }
                      ;*invokevirtual addSuppressed {reexecute=0 rethrow=0 return_oop=0}
                      ; - java.net.URLClassLoader$1::run@74
                      ; - java.net.URLClassLoader$1::run@1
                      ; - java.security.AccessController::executePrivileged@29
                      ; - java.security.AccessController::doPrivileged@13
                      ; - java.net.URLClassLoader::findClass@13
                      ; - java.lang.ClassLoader::loadClass@69
  0x000001f8a9140cec: 90dd 79ff 

  0x000001f8a9140cf0: ;   {other}
  0x000001f8a9140cf0: 0f1f 8400 | 6089 00b7 | 488b 6c24 | 2066 6690 | e99b 9cff | ff48 8bd8 | 448b 5808 | 49ba 0000 
  0x000001f8a9140d10: 00b6 f801 | 0000 4d03 | d3e9 6600 | 0000 488b | d8e9 4d00 | 0000 488b | d844 8b40 | 0849 bb00 
  0x000001f8a9140d30: 0000 b6f8 | 0100 004d | 03d8 eb14 | 488b d844 | 8b50 0849 | bb00 0000 | b6f8 0100 | 004d 03da 
  0x000001f8a9140d50: 4d8b 5348 

  0x000001f8a9140d54: ;   {metadata('java/lang/RuntimeException')}
  0x000001f8a9140d54: 49b8 a8b7 | 05b6 f801 | 0000 6690 | 4d3b d00f | 856c 0000 | 00eb 2c48 | 8bd8 eb03 | 488b d844 
  0x000001f8a9140d74: 8b5b 0849 | ba00 0000 | b6f8 0100 | 004d 03d3 | 4d8b 5a48 

  0x000001f8a9140d88: ;   {metadata('java/lang/RuntimeException')}
  0x000001f8a9140d88: 49b8 a8b7 | 05b6 f801 | 0000 4d3b | d875 0848 | 8beb e901 | 9cff ff4d 

  0x000001f8a9140da0: ;   {metadata('java/lang/Exception')}
  0x000001f8a9140da0: 8b52 4049 | bb20 c000 | b6f8 0100 | 004d 3bd3 | 0f84 2315 | 0000 448b | 5308 660f | 1f44 0000 
  0x000001f8a9140dc0: ;   {metadata('java/security/PrivilegedActionException')}
  0x000001f8a9140dc0: 4181 faf0 | b212 010f | 843b 1500 | 0048 8beb | e9cb 9bff | ff4d 8b5b 

  0x000001f8a9140dd8: ;   {metadata('java/lang/Exception')}
  0x000001f8a9140dd8: 4049 b820 | c000 b6f8 | 0100 004d | 3bd8 0f84 | 1c17 0000 

  0x000001f8a9140dec: ;   {metadata('java/security/PrivilegedActionException')}
  0x000001f8a9140dec: 49bb f0b2 | 12b7 f801 | 0000 4d3b | d30f 8459 | 1700 0044 | 8b53 0849 | bb00 0000 | b6f8 0100 
  0x000001f8a9140e0c: 004d 03da | 4d8b 5348 

  0x000001f8a9140e14: ;   {metadata('java/io/IOException')}
  0x000001f8a9140e14: 49bb 5853 | 04b7 f801 | 0000 6690 | 4d3b d30f | 854a ffff | ff4c 8bdb | 498b 87b8 | 0100 004c 
  0x000001f8a9140e34: 8bd0 4983 | c228 660f | 1f44 0000 | 4d3b 97c8 | 0100 000f | 8353 1400 | 004d 8997 | b801 0000 
  0x000001f8a9140e54: 410f 0d8a | c000 0000 | 48c7 0001 

  0x000001f8a9140e60: ;   {metadata('java/lang/InternalError')}
  0x000001f8a9140e60: 0000 00c7 | 4008 3807 | 0100 4489 | 600c 4c89 | 6010 4c89 | 6018 4c89 | 6020 4c89 | 5c24 484c 
  0x000001f8a9140e80: 8bd0 4c89 | 5424 7048 | 8b6c 2458 | 448b 5424 | 6044 8954 | 2420 4c8b | 5424 784c | 8954 2428 
  0x000001f8a9140ea0: 448b 5c24 | 6844 895c | 2424 488b | 5424 704c | 8b44 2448 | 4c8b 9424 | 9000 0000 | 4c89 5424 
  0x000001f8a9140ec0: 484c 8b94 | 2488 0000 | 004c 8954 | 2460 6690 

  0x000001f8a9140ed0: ;   {optimized virtual_call}
  0x000001f8a9140ed0: c5f8 77e8 

  0x000001f8a9140ed4: ; ImmutableOopMap {rbp=Oop [32]=NarrowOop [40]=Oop [72]=Oop [80]=Oop [96]=Oop [112]=Oop [136]=Oop [144]=Oop }
                      ;*invokespecial <init> {reexecute=0 rethrow=0 return_oop=0}
                      ; - jdk.internal.loader.URLClassPath$JarLoader::getResource@13
                      ; - jdk.internal.loader.URLClassPath::getResource@53
                      ; - java.net.URLClassLoader$1::run@26
                      ; - java.net.URLClassLoader$1::run@1
                      ; - java.security.AccessController::executePrivileged@29
                      ; - java.security.AccessController::doPrivileged@13
                      ; - java.net.URLClassLoader::findClass@13
                      ; - java.lang.ClassLoader::loadClass@69
  0x000001f8a9140ed4: a8db 79ff 

  0x000001f8a9140ed8: ;   {other}
  0x000001f8a9140ed8: 0f1f 8400 | 488b 00b8 | 488b 6c24 | 70e9 b69a | ffff 498b | f048 8b9c | 24b8 0000 | 0049 8bd7 
  0x000001f8a9140ef8: c5f8 7749 | baf0 a062 | ccf9 7f00 | 0041 ffd2 

  0x000001f8a9140f08: ;   {other}
  0x000001f8a9140f08: 0f1f 8400 | 0000 0000 | e954 c7ff | ff49 8bd8 | 498b d7c5 | f877 49ba | f0a0 62cc | f97f 0000 
  0x000001f8a9140f28: ;   {other}
  0x000001f8a9140f28: 41ff d20f | 1f84 0000 | 0000 004c | 8bc3 e9bc | aeff ffba | 45ff ffff | 4c8b 9424 | 9000 0000 
  0x000001f8a9140f48: 4c89 5424 | 2044 8b5c | 2430 4489 | 5c24 284c | 8b54 2450 | 4c89 5424 | 484c 8b54 | 2470 4c89 
  0x000001f8a9140f68: 5424 604c | 8b94 24a8 | 0000 004c | 8994 24a0 | 0000 004c | 8984 24c8 | 0000 004c | 8984 24d8 
  0x000001f8a9140f88: 0000 004c | 898c 24e8 | 0000 0090 

  0x000001f8a9140f94: ;   {runtime_call UncommonTrapBlob}
  0x000001f8a9140f94: c5f8 77e8 

  0x000001f8a9140f98: ; ImmutableOopMap {rbp=NarrowOop [32]=Oop [72]=Oop [88]=Oop [96]=Oop [136]=Oop [160]=Oop [176]=NarrowOop [180]=NarrowOop [184]=Oop [200]=Oop [216]=Oop [232]=Oop }
                      ;*ifnull {reexecute=1 rethrow=0 return_oop=0}
                      ; - (reexecute) java.util.concurrent.ConcurrentHashMap::get@143
                      ; - java.lang.ClassLoader::definePackage@47
                      ; - java.lang.ClassLoader::getDefinedPackage@32
                      ; - java.net.URLClassLoader::getAndVerifyPackage@2
                      ; - java.net.URLClassLoader::defineClass@46
                      ; - java.net.URLClassLoader$1::run@43
                      ; - java.net.URLClassLoader$1::run@1
                      ; - java.security.AccessController::executePrivileged@29
                      ; - java.security.AccessController::doPrivileged@13
                      ; - java.net.URLClassLoader::findClass@13
                      ; - java.lang.ClassLoader::loadClass@69
  0x000001f8a9140f98: e433 7aff 

  0x000001f8a9140f9c: ;   {other}
  0x000001f8a9140f9c: 0f1f 8400 | 0c8c 00b9 | bade ffff | ff48 8b6c | 2460 448b | 5424 3044 | 8954 2420 | 4c8b 5424 
  0x000001f8a9140fbc: 384c 8954 | 2430 4c8b | 5424 404c | 8954 2438 | 4c8b 5424 | 504c 8954 | 2440 4c8b | 5424 584c 
  0x000001f8a9140fdc: 8954 2450 | 4c8b 5424 | 704c 8954 | 2458 4c8b | 9424 8800 | 0000 4c89 | 5424 684c | 8954 2470 
  0x000001f8a9140ffc: 4c8b 9424 | a800 0000 | 4c89 9424 | 8000 0000 | 4c8b 9424 | 9800 0000 | 4c89 9424 | 8800 0000 
  0x000001f8a914101c: 448b 9424 | a000 0000 | 4489 5424 | 244c 899c | 24a0 0000 | 004c 8984 | 24a8 0000 | 0066 6690 
  0x000001f8a914103c: ;   {runtime_call UncommonTrapBlob}
  0x000001f8a914103c: c5f8 77e8 

  0x000001f8a9141040: ; ImmutableOopMap {rbp=Oop [36]=NarrowOop [64]=Oop [80]=Oop [88]=Oop [104]=Oop [112]=Oop [128]=Oop [160]=Oop [168]=Oop [184]=Oop [256]=Oop }
                      ;*invokevirtual close {reexecute=0 rethrow=0 return_oop=0}
                      ; - java.util.jar.JarFile::getManifestFromReference@152
                      ; - java.util.jar.JarFile::getManifest@1
                      ; - jdk.internal.loader.URLClassPath$JarLoader$2::getManifest@22
                      ; - java.net.URLClassLoader::defineClass@34
                      ; - java.net.URLClassLoader$1::run@43
                      ; - java.net.URLClassLoader$1::run@1
                      ; - java.security.AccessController::executePrivileged@29
                      ; - java.security.AccessController::doPrivileged@13
                      ; - java.net.URLClassLoader::findClass@13
                      ; - java.lang.ClassLoader::loadClass@69
  0x000001f8a9141040: 3c33 7aff 

  0x000001f8a9141044: ;   {other}
  0x000001f8a9141044: 0f1f 8400 | b48c 00ba | baf6 ffff | ff4c 8b94 | 2490 0000 | 004c 8954 | 2420 448b | 5c24 3044 
  0x000001f8a9141064: 895c 2428 | 4c8b 5424 | 504c 8954 | 2448 4c8b | 9424 8800 | 0000 4c89 | 5424 5044 | 8b54 2460 
  0x000001f8a9141084: 4489 5424 | 2c4c 8b54 | 2478 4c89 | 5424 704c | 898c 2488 | 0000 0048 | 898c 2490 | 0000 0090 
  0x000001f8a91410a4: ;   {runtime_call UncommonTrapBlob}
  0x000001f8a91410a4: c5f8 77e8 

  0x000001f8a91410a8: ; ImmutableOopMap {rbp=NarrowOop [32]=Oop [44]=NarrowOop [72]=Oop [80]=Oop [88]=Oop [112]=Oop [136]=Oop [144]=Oop }
                      ;*invokevirtual startsWith {reexecute=0 rethrow=0 return_oop=0}
                      ; - jdk.internal.loader.URLClassPath$FileLoader::getResource@31
                      ; - jdk.internal.loader.URLClassPath::getResource@53
                      ; - java.net.URLClassLoader$1::run@26
                      ; - java.net.URLClassLoader$1::run@1
                      ; - java.security.AccessController::executePrivileged@29
                      ; - java.security.AccessController::doPrivileged@13
                      ; - java.net.URLClassLoader::findClass@13
                      ; - java.lang.ClassLoader::loadClass@69
  0x000001f8a91410a8: d432 7aff 

  0x000001f8a91410ac: ;   {other}
  0x000001f8a91410ac: 0f1f 8400 | 1c8d 00bb | bac6 ffff | ff48 8bac | 2490 0000 | 0044 8b44 | 2430 4489 | 4424 204c 
  0x000001f8a91410cc: 8b5c 2438 | 4c89 5c24 | 304c 8b5c | 2440 4c89 | 5c24 384c | 8b5c 2450 | 4c89 5c24 | 404c 8b9c 
  0x000001f8a91410ec: 2488 0000 | 004c 895c | 2448 4c8b | 5c24 584c | 895c 2450 | 448b 5c24 | 6044 895c | 2424 4c8b 
  0x000001f8a914110c: 5c24 7844 | 8954 2460 | 4889 4424 | 684c 895c | 2470 6690 

  0x000001f8a9141120: ;   {runtime_call UncommonTrapBlob}
  0x000001f8a9141120: c5f8 77e8 

  0x000001f8a9141124: ; ImmutableOopMap {rbp=Oop [36]=NarrowOop [64]=Oop [72]=Oop [80]=Oop [104]=Oop [112]=Oop }
                      ;*invokevirtual getResource {reexecute=0 rethrow=0 return_oop=0}
                      ; - jdk.internal.loader.URLClassPath::getResource@53
                      ; - java.net.URLClassLoader$1::run@26
                      ; - java.net.URLClassLoader$1::run@1
                      ; - java.security.AccessController::executePrivileged@29
                      ; - java.security.AccessController::doPrivileged@13
                      ; - java.net.URLClassLoader::findClass@13
                      ; - java.lang.ClassLoader::loadClass@69
  0x000001f8a9141124: 5832 7aff 

  0x000001f8a9141128: ;   {other}
  0x000001f8a9141128: 0f1f 8400 | 988d 00bc | ba45 ffff | ff4c 8b54 | 2460 4c89 | 5424 2044 | 8b5c 2430 | 4489 5c24 
  0x000001f8a9141148: 284c 8b54 | 2450 4c89 | 5424 484c | 8b54 2470 | 4c89 5424 | 604c 8b94 | 2488 0000 | 004c 8954 
  0x000001f8a9141168: 2470 4c89 | 5424 784c | 8b94 24a8 | 0000 004c | 8994 2488 | 0000 004c | 8b94 2498 | 0000 004c 
  0x000001f8a9141188: 8994 2490 | 0000 0044 | 8b94 24a0 | 0000 0044 | 8954 242c | 4c89 8424 | a000 0000 

  0x000001f8a91411a4: ;   {runtime_call UncommonTrapBlob}
  0x000001f8a91411a4: c5f8 77e8 

  0x000001f8a91411a8: ; ImmutableOopMap {[32]=Oop [44]=NarrowOop [72]=Oop [88]=Oop [96]=Oop [112]=Oop [120]=Oop [136]=Oop [160]=Oop [176]=Oop [256]=Oop }
                      ;*ifne {reexecute=1 rethrow=0 return_oop=0}
                      ; - (reexecute) java.util.jar.JarFile::getManifestFromReference@52
                      ; - java.util.jar.JarFile::getManifest@1
                      ; - jdk.internal.loader.URLClassPath$JarLoader$2::getManifest@22
                      ; - java.net.URLClassLoader::defineClass@34
                      ; - java.net.URLClassLoader$1::run@43
                      ; - java.net.URLClassLoader$1::run@1
                      ; - java.security.AccessController::executePrivileged@29
                      ; - java.security.AccessController::doPrivileged@13
                      ; - java.net.URLClassLoader::findClass@13
                      ; - java.lang.ClassLoader::loadClass@69
  0x000001f8a91411a8: d431 7aff 

  0x000001f8a91411ac: ;   {other}
  0x000001f8a91411ac: 0f1f 8400 | 1c8e 00bd | ba45 ffff | ff44 8b5c | 2430 4489 | 5c24 204c | 8b5c 2438 | 4c89 5c24 
  0x000001f8a91411cc: 304c 8b5c | 2440 4c89 | 5c24 384c | 8b5c 2450 | 4c89 5c24 | 404c 8b5c | 2458 4c89 | 5c24 504c 
  0x000001f8a91411ec: 8b5c 2470 | 4c89 5c24 | 584c 8b9c | 2488 0000 | 004c 895c | 2468 4c89 | 5c24 704c | 8b9c 24a8 
  0x000001f8a914120c: 0000 004c | 899c 2480 | 0000 004c | 8b9c 2498 | 0000 004c | 899c 2488 | 0000 0044 | 8b84 24a0 
  0x000001f8a914122c: 0000 0044 | 8944 2424 | 8984 24a8 | 0000 0090 

  0x000001f8a914123c: ;   {runtime_call UncommonTrapBlob}
  0x000001f8a914123c: c5f8 77e8 

  0x000001f8a9141240: ; ImmutableOopMap {rbp=Oop [36]=NarrowOop [64]=Oop [80]=Oop [88]=Oop [104]=Oop [112]=Oop [128]=Oop [176]=Oop [184]=Oop [256]=Oop }
                      ;*if_icmpne {reexecute=1 rethrow=0 return_oop=0}
                      ; - (reexecute) java.util.jar.JarFile::getManifestFromReference@65
                      ; - java.util.jar.JarFile::getManifest@1
                      ; - jdk.internal.loader.URLClassPath$JarLoader$2::getManifest@22
                      ; - java.net.URLClassLoader::defineClass@34
                      ; - java.net.URLClassLoader$1::run@43
                      ; - java.net.URLClassLoader$1::run@1
                      ; - java.security.AccessController::executePrivileged@29
                      ; - java.security.AccessController::doPrivileged@13
                      ; - java.net.URLClassLoader::findClass@13
                      ; - java.lang.ClassLoader::loadClass@69
  0x000001f8a9141240: 3c31 7aff 

  0x000001f8a9141244: ;   {other}
  0x000001f8a9141244: 0f1f 8400 | b48e 00be | 498b d7c5 | f877 49ba | f0a0 62cc | f97f 0000 

  0x000001f8a914125c: ;   {other}
  0x000001f8a914125c: 41ff d20f | 1f84 0000 | 0000 00e9 | a1c6 ffff | 498b d7c5 | f877 49ba | f0a0 62cc | f97f 0000 
  0x000001f8a914127c: ;   {other}
  0x000001f8a914127c: 41ff d20f | 1f84 0000 | 0000 00e9 | 05a1 ffff | 498b d7c5 | f877 49ba | f0a0 62cc | f97f 0000 
  0x000001f8a914129c: ;   {other}
  0x000001f8a914129c: 41ff d20f | 1f84 0000 | 0000 00e9 | 28a1 ffff | 498b d7c5 | f877 49ba | f0a0 62cc | f97f 0000 
  0x000001f8a91412bc: ;   {other}
  0x000001f8a91412bc: 41ff d20f | 1f84 0000 | 0000 00e9 | 8fa2 ffff | 498b d7c5 | f877 49ba | f0a0 62cc | f97f 0000 
  0x000001f8a91412dc: ;   {other}
  0x000001f8a91412dc: 41ff d20f | 1f84 0000 | 0000 00e9 | 2ea2 ffff | 498b d7c5 | f877 49ba | f0a0 62cc | f97f 0000 
  0x000001f8a91412fc: ;   {other}
  0x000001f8a91412fc: 41ff d20f | 1f84 0000 | 0000 00e9 | 72c7 ffff | 498b d7c5 | f877 49ba | f0a0 62cc | f97f 0000 
  0x000001f8a914131c: ;   {other}
  0x000001f8a914131c: 41ff d20f | 1f84 0000 | 0000 00e9 | 0ec7 ffff | 498b d7c5 | f877 49ba | f0a0 62cc | f97f 0000 
  0x000001f8a914133c: ;   {other}
  0x000001f8a914133c: 41ff d20f | 1f84 0000 | 0000 00e9 | eec7 ffff | 498b d7c5 | f877 49ba | f0a0 62cc | f97f 0000 
  0x000001f8a914135c: ;   {other}
  0x000001f8a914135c: 41ff d20f | 1f84 0000 | 0000 00e9 | 4fc7 ffff | 498b d7c5 | f877 49ba | f0a0 62cc | f97f 0000 
  0x000001f8a914137c: ;   {other}
  0x000001f8a914137c: 41ff d20f | 1f84 0000 | 0000 00e9 | 32a5 ffff | 498b d7c5 | f877 49ba | f0a0 62cc | f97f 0000 
  0x000001f8a914139c: ;   {other}
  0x000001f8a914139c: 41ff d20f | 1f84 0000 | 0000 00e9 | 48a3 ffff | 498b d7c5 | f877 49ba | f0a0 62cc | f97f 0000 
  0x000001f8a91413bc: ;   {other}
  0x000001f8a91413bc: 41ff d20f | 1f84 0000 | 0000 00e9 | 2ec7 ffff | 498b d7c5 | f877 49ba | f0a0 62cc | f97f 0000 
  0x000001f8a91413dc: ;   {other}
  0x000001f8a91413dc: 41ff d20f | 1f84 0000 | 0000 00e9 | 52a8 ffff | 498b d7c5 | f877 49ba | f0a0 62cc | f97f 0000 
  0x000001f8a91413fc: ;   {other}
  0x000001f8a91413fc: 41ff d20f | 1f84 0000 | 0000 00e9 | dfa7 ffff | 498b d7c5 | f877 49ba | f0a0 62cc | f97f 0000 
  0x000001f8a914141c: ;   {other}
  0x000001f8a914141c: 41ff d20f | 1f84 0000 | 0000 00e9 | 4ec8 ffff | 498b d7c5 | f877 49ba | f0a0 62cc | f97f 0000 
  0x000001f8a914143c: ;   {other}
  0x000001f8a914143c: 41ff d20f | 1f84 0000 | 0000 004c | 8bc5 e90b | a9ff ffba | f6ff ffff | 4c8b 9424 | 9000 0000 
  0x000001f8a914145c: 4c89 5424 | 2044 8b5c | 2430 4489 | 5c24 284c | 8b54 2450 | 4c89 5424 | 484c 8b94 | 2488 0000 
  0x000001f8a914147c: 004c 8954 | 2450 448b | 5c24 6044 | 895c 242c | 4c8b 5424 | 784c 8954 | 2470 4889 | 8c24 8800 
  0x000001f8a914149c: 0000 4889 | 8424 9800 | 0000 6690 

  0x000001f8a91414a8: ;   {runtime_call UncommonTrapBlob}
  0x000001f8a91414a8: c5f8 77e8 

  0x000001f8a91414ac: ; ImmutableOopMap {rbp=NarrowOop [32]=Oop [44]=NarrowOop [72]=Oop [80]=Oop [88]=Oop [112]=Oop [136]=Oop [152]=Oop [160]=Oop }
                      ;*invokevirtual startsWith {reexecute=0 rethrow=0 return_oop=0}
                      ; - jdk.internal.loader.URLClassPath$FileLoader::getResource@93
                      ; - jdk.internal.loader.URLClassPath::getResource@53
                      ; - java.net.URLClassLoader$1::run@26
                      ; - java.net.URLClassLoader$1::run@1
                      ; - java.security.AccessController::executePrivileged@29
                      ; - java.security.AccessController::doPrivileged@13
                      ; - java.net.URLClassLoader::findClass@13
                      ; - java.lang.ClassLoader::loadClass@69
  0x000001f8a91414ac: d02e 7aff 

  0x000001f8a91414b0: ;   {other}
  0x000001f8a91414b0: 0f1f 8400 | 2091 00bf | 33ed 4585 | d240 0f96 | c5ba 45ff | ffff 4c8b | 9424 9000 | 0000 4c89 
  0x000001f8a91414d0: 5424 2044 | 8b5c 2430 | 4489 5c24 | 284c 8b54 | 2450 4c89 | 5424 484c | 8b94 2488 | 0000 004c 
  0x000001f8a91414f0: 8954 2450 | 448b 5424 | 6044 8954 | 242c 4c8b | 5424 784c | 8954 2470 | 4c8b 9424 | 9800 0000 
  0x000001f8a9141510: 4c89 9424 | 8800 0000 | 4c8b 9424 | a000 0000 | 4c89 9424 | 9000 0000 | 4c8b 9424 | a800 0000 
  0x000001f8a9141530: 4c89 9424 | a000 0000 

  0x000001f8a9141538: ;   {runtime_call UncommonTrapBlob}
  0x000001f8a9141538: c5f8 77e8 

  0x000001f8a914153c: ; ImmutableOopMap {[32]=Oop [44]=NarrowOop [72]=Oop [80]=Oop [88]=Oop [112]=Oop [136]=Oop [144]=Oop [160]=Oop [176]=Oop }
                      ;*ifeq {reexecute=1 rethrow=0 return_oop=0}
                      ; - (reexecute) java.io.File::<init>@32
                      ; - jdk.internal.loader.URLClassPath$FileLoader::getResource@73
                      ; - jdk.internal.loader.URLClassPath::getResource@53
                      ; - java.net.URLClassLoader$1::run@26
                      ; - java.net.URLClassLoader$1::run@1
                      ; - java.security.AccessController::executePrivileged@29
                      ; - java.security.AccessController::doPrivileged@13
                      ; - java.net.URLClassLoader::findClass@13
                      ; - java.lang.ClassLoader::loadClass@69
  0x000001f8a914153c: 402e 7aff 

  0x000001f8a9141540: ;   {other}
  0x000001f8a9141540: 0f1f 8400 | b091 00c0 | bae4 ffff | ff44 8b5c | 2430 4489 | 5c24 204c | 8b54 2438 | 4c89 5424 
  0x000001f8a9141560: 304c 8b54 | 2440 4c89 | 5424 384c | 8b54 2450 | 4c89 5424 | 404c 8b94 | 2488 0000 | 004c 8954 
  0x000001f8a9141580: 2448 4c8b | 5424 584c | 8954 2450 | 448b 5424 | 6044 8954 | 2424 4c8b | 5424 7844 | 8b5c 2468 
  0x000001f8a91415a0: 4489 5c24 | 604c 8954 | 2468 4c8b | 9424 9800 | 0000 4c89 | 9424 8000 | 0000 4c8b | 9424 a000 
  0x000001f8a91415c0: 0000 4c89 | 9424 8800 | 0000 4c8b | 9424 a800 | 0000 4c89 | 9424 9800 | 0000 4c8b | 9424 b000 
  0x000001f8a91415e0: 0000 4c89 | 9424 a000 | 0000 4489 | 8424 ac00 | 0000 898c | 24b0 0000 | 0066 6690 

  0x000001f8a91415fc: ;   {runtime_call UncommonTrapBlob}
  0x000001f8a91415fc: c5f8 77e8 

  0x000001f8a9141600: ; ImmutableOopMap {rbp=Oop [36]=NarrowOop [64]=Oop [72]=Oop [80]=Oop [104]=Oop [128]=Oop [136]=Oop [152]=Oop [160]=Oop [172]=NarrowOop }
                      ;*invokestatic checkIndex {reexecute=0 rethrow=0 return_oop=0}
                      ; - java.lang.String::checkIndex@5
                      ; - java.lang.StringLatin1::charAt@3
                      ; - java.lang.String::charAt@12
                      ; - java.io.WinNTFileSystem::prefixLength@18
                      ; - java.io.File::<init>@104
                      ; - jdk.internal.loader.URLClassPath$FileLoader::getResource@73
                      ; - jdk.internal.loader.URLClassPath::getResource@53
                      ; - java.net.URLClassLoader$1::run@26
                      ; - java.net.URLClassLoader$1::run@1
                      ; - java.security.AccessController::executePrivileged@29
                      ; - java.security.AccessController::doPrivileged@13
                      ; - java.net.URLClassLoader::findClass@13
                      ; - java.lang.ClassLoader::loadClass@69
  0x000001f8a9141600: 7c2d 7aff 

  0x000001f8a9141604: ;   {other}
  0x000001f8a9141604: 0f1f 8400 | 7492 00c1 | bae4 ffff | ff4c 8b94 | 2490 0000 | 004c 8954 | 2420 448b | 5424 3044 
  0x000001f8a9141624: 8954 2428 | 4c8b 5424 | 504c 8954 | 2448 4c8b | 9424 8800 | 0000 4c89 | 5424 5044 | 8b54 2460 
  0x000001f8a9141644: 4489 5424 | 2c4c 8b54 | 2478 4c89 | 5424 704c | 8b94 2498 | 0000 004c | 8994 2488 | 0000 004c 
  0x000001f8a9141664: 8b94 24a0 | 0000 004c | 8994 2490 | 0000 004c | 8b94 24a8 | 0000 004c | 8994 24a0 | 0000 004c 
  0x000001f8a9141684: 8b94 24b0 | 0000 004c | 8994 24a8 | 0000 0044 | 8b94 24b8 | 0000 0044 | 8994 24b0 | 0000 0044 
  0x000001f8a91416a4: 8984 24b8 | 0000 0090 

  0x000001f8a91416ac: ;   {runtime_call UncommonTrapBlob}
  0x000001f8a91416ac: c5f8 77e8 

  0x000001f8a91416b0: ; ImmutableOopMap {[32]=Oop [44]=NarrowOop [72]=Oop [80]=Oop [88]=Oop [112]=Oop [136]=Oop [144]=Oop [160]=Oop [168]=Oop [184]=NarrowOop }
                      ;*invokestatic checkIndex {reexecute=0 rethrow=0 return_oop=0}
                      ; - java.lang.String::checkIndex@5
                      ; - java.lang.StringLatin1::charAt@3
                      ; - java.lang.String::charAt@12
                      ; - java.io.WinNTFileSystem::prefixLength@30
                      ; - java.io.File::<init>@104
                      ; - jdk.internal.loader.URLClassPath$FileLoader::getResource@73
                      ; - jdk.internal.loader.URLClassPath::getResource@53
                      ; - java.net.URLClassLoader$1::run@26
                      ; - java.net.URLClassLoader$1::run@1
                      ; - java.security.AccessController::executePrivileged@29
                      ; - java.security.AccessController::doPrivileged@13
                      ; - java.net.URLClassLoader::findClass@13
                      ; - java.lang.ClassLoader::loadClass@69
  0x000001f8a91416b0: cc2c 7aff 

  0x000001f8a91416b4: ;   {other}
  0x000001f8a91416b4: 0f1f 8400 | 2493 00c2 | bae4 ffff | ff4c 8b94 | 2490 0000 | 004c 8954 | 2420 448b | 5c24 3044 
  0x000001f8a91416d4: 895c 2428 | 4c8b 5424 | 504c 8954 | 2448 4c8b | 9424 8800 | 0000 4c89 | 5424 5044 | 8b54 2460 
  0x000001f8a91416f4: 4489 5424 | 2c4c 8b54 | 2478 4c89 | 5424 704c | 8b94 2498 | 0000 004c | 8994 2488 | 0000 004c 
  0x000001f8a9141714: 8b94 24a0 | 0000 004c | 8994 2490 | 0000 004c | 8b94 24a8 | 0000 004c | 8994 24a0 | 0000 0044 
  0x000001f8a9141734: 8984 24a8 | 0000 0090 

  0x000001f8a914173c: ;   {runtime_call UncommonTrapBlob}
  0x000001f8a914173c: c5f8 77e8 

  0x000001f8a9141740: ; ImmutableOopMap {[32]=Oop [44]=NarrowOop [72]=Oop [80]=Oop [88]=Oop [112]=Oop [136]=Oop [144]=Oop [160]=Oop [168]=NarrowOop }
                      ;*invokestatic checkIndex {reexecute=0 rethrow=0 return_oop=0}
                      ; - java.lang.String::checkIndex@5
                      ; - java.lang.StringLatin1::charAt@3
                      ; - java.lang.String::charAt@12
                      ; - java.io.WinNTFileSystem::prefixLength@78
                      ; - java.io.File::<init>@104
                      ; - jdk.internal.loader.URLClassPath$FileLoader::getResource@73
                      ; - jdk.internal.loader.URLClassPath::getResource@53
                      ; - java.net.URLClassLoader$1::run@26
                      ; - java.net.URLClassLoader$1::run@1
                      ; - java.security.AccessController::executePrivileged@29
                      ; - java.security.AccessController::doPrivileged@13
                      ; - java.net.URLClassLoader::findClass@13
                      ; - java.lang.ClassLoader::loadClass@69
  0x000001f8a9141740: 3c2c 7aff 

  0x000001f8a9141744: ;   {other}
  0x000001f8a9141744: 0f1f 8400 | b493 00c3 | ba45 ffff | ff44 8b54 | 2430 4489 | 5424 204c | 8b54 2438 | 4c89 5424 
  0x000001f8a9141764: 304c 8b54 | 2440 4c89 | 5424 384c | 8b54 2450 | 4c89 5424 | 404c 8b54 | 2458 4c89 | 5424 504c 
  0x000001f8a9141784: 8b54 2470 | 4c89 5424 | 584c 8b94 | 2488 0000 | 004c 8954 | 2468 4c89 | 5424 704c | 8b94 2498 
  0x000001f8a91417a4: 0000 004c | 8994 2488 | 0000 0044 | 8b94 24a0 | 0000 0044 | 8954 2424 | 4c8b 9424 | a800 0000 
  0x000001f8a91417c4: 4c89 9424 | 9800 0000 | 4889 8424 | b000 0000 

  0x000001f8a91417d4: ;   {runtime_call UncommonTrapBlob}
  0x000001f8a91417d4: c5f8 77e8 

  0x000001f8a91417d8: ; ImmutableOopMap {rbp=Oop [36]=NarrowOop [64]=Oop [80]=Oop [88]=Oop [104]=Oop [112]=Oop [152]=Oop [164]=NarrowOop [176]=Oop [256]=Oop }
                      ;*ifnull {reexecute=1 rethrow=0 return_oop=0}
                      ; - (reexecute) java.util.jar.JarFile::maybeInstantiateVerifier@27
                      ; - java.util.jar.JarFile::ensureInitialization@1
                      ; - java.util.jar.JavaUtilJarAccessImpl::ensureInitialization@1
                      ; - jdk.internal.loader.URLClassPath$JarLoader$2::getManifest@10
                      ; - java.net.URLClassLoader::defineClass@34
                      ; - java.net.URLClassLoader$1::run@43
                      ; - java.net.URLClassLoader$1::run@1
                      ; - java.security.AccessController::executePrivileged@29
                      ; - java.security.AccessController::doPrivileged@13
                      ; - java.net.URLClassLoader::findClass@13
                      ; - java.lang.ClassLoader::loadClass@69
  0x000001f8a91417d8: a42b 7aff 

  0x000001f8a91417dc: ;   {other}
  0x000001f8a91417dc: 0f1f 8400 | 4c94 00c4 | ba45 ffff | ff4c 8b9c | 2490 0000 | 004c 895c | 2420 448b | 4424 3044 
  0x000001f8a91417fc: 8944 2428 | 4c8b 5c24 | 504c 895c | 2448 4c8b | 5c24 704c | 895c 2460 | 4c8b 9c24 | 8800 0000 
  0x000001f8a914181c: 4c89 5c24 | 704c 895c | 2478 4c8b | 9c24 9800 | 0000 4c89 | 9c24 9000 | 0000 448b | 8424 a000 
  0x000001f8a914183c: 0000 4489 | 4424 2c4c | 8b9c 24a8 | 0000 004c | 899c 24a0 | 0000 0044 | 8994 24ac | 0000 0090 
  0x000001f8a914185c: ;   {runtime_call UncommonTrapBlob}
  0x000001f8a914185c: c5f8 77e8 

  0x000001f8a9141860: ; ImmutableOopMap {rbp=NarrowOop [32]=Oop [44]=NarrowOop [72]=Oop [88]=Oop [96]=Oop [112]=Oop [120]=Oop [160]=Oop [172]=NarrowOop [256]=Oop }
                      ;*ifnull {reexecute=1 rethrow=0 return_oop=0}
                      ; - (reexecute) java.util.jar.JarFile::ensureInitialization@21
                      ; - java.util.jar.JavaUtilJarAccessImpl::ensureInitialization@1
                      ; - jdk.internal.loader.URLClassPath$JarLoader$2::getManifest@10
                      ; - java.net.URLClassLoader::defineClass@34
                      ; - java.net.URLClassLoader$1::run@43
                      ; - java.net.URLClassLoader$1::run@1
                      ; - java.security.AccessController::executePrivileged@29
                      ; - java.security.AccessController::doPrivileged@13
                      ; - java.net.URLClassLoader::findClass@13
                      ; - java.lang.ClassLoader::loadClass@69
  0x000001f8a9141860: 1c2b 7aff 

  0x000001f8a9141864: ;   {other}
  0x000001f8a9141864: 0f1f 8400 | d494 00c5 | 498b d7c5 | f877 49ba | f0a0 62cc | f97f 0000 

  0x000001f8a914187c: ;   {other}
  0x000001f8a914187c: 41ff d20f | 1f84 0000 | 0000 00e9 | 9f96 ffff | 488b fb49 | 8bd8 498b | d7c5 f877 | 49ba f0a0 
  0x000001f8a914189c: 62cc f97f | 0000 41ff 

  0x000001f8a91418a4: ;   {other}
  0x000001f8a91418a4: d20f 1f84 | 0000 0000 | 004c 8bc3 | 488b dfe9 | 7597 ffff | 498b d7c5 | f877 49ba | f0a0 62cc 
  0x000001f8a91418c4: f97f 0000 

  0x000001f8a91418c8: ;   {other}
  0x000001f8a91418c8: 41ff d20f | 1f84 0000 | 0000 00e9 | c2ca ffff | 498b d7c5 | f877 49ba | f0a0 62cc | f97f 0000 
  0x000001f8a91418e8: ;   {other}
  0x000001f8a91418e8: 41ff d20f | 1f84 0000 | 0000 004c | 8bdd e9b3 | 97ff ff49 | 8bd7 c5f8 | 7749 baf0 | a062 ccf9 
  0x000001f8a9141908: 7f00 0041 

  0x000001f8a914190c: ;   {other}
  0x000001f8a914190c: ffd2 0f1f | 8400 0000 | 0000 e97c | a8ff ff49 | 8bd7 c5f8 | 7749 baf0 | a062 ccf9 | 7f00 0041 
  0x000001f8a914192c: ;   {other}
  0x000001f8a914192c: ffd2 0f1f | 8400 0000 | 0000 e910 | abff ffba | 45ff ffff | 488b ac24 | 9000 0000 | 448b 5424 
  0x000001f8a914194c: 3044 8954 | 2420 4c8b | 5424 384c | 8954 2430 | 4c8b 5424 | 404c 8954 | 2438 4c8b | 5424 504c 
  0x000001f8a914196c: 8954 2440 | 4c8b 9424 | 8800 0000 | 4c89 5424 | 484c 8b54 | 2458 4c89 | 5424 5044 | 8b54 2460 
  0x000001f8a914198c: 4489 5424 | 244c 8b54 | 2478 448b | 5c24 6844 | 895c 2460 | 4c89 5424 | 684c 8b94 | 2498 0000 
  0x000001f8a91419ac: 004c 8994 | 2480 0000 | 004c 8b94 | 24a8 0000 | 004c 8994 | 2498 0000 | 0066 6690 

  0x000001f8a91419c8: ;   {runtime_call UncommonTrapBlob}
  0x000001f8a91419c8: c5f8 77e8 

  0x000001f8a91419cc: ; ImmutableOopMap {rbp=Oop [36]=NarrowOop [64]=Oop [72]=Oop [80]=Oop [104]=Oop [128]=Oop [152]=Oop [160]=Oop [168]=Oop }
                      ;*if_icmple {reexecute=1 rethrow=0 return_oop=0}
                      ; - (reexecute) java.io.WinNTFileSystem::prefixLength@73
                      ; - java.io.File::<init>@104
                      ; - jdk.internal.loader.URLClassPath$FileLoader::getResource@73
                      ; - jdk.internal.loader.URLClassPath::getResource@53
                      ; - java.net.URLClassLoader$1::run@26
                      ; - java.net.URLClassLoader$1::run@1
                      ; - java.security.AccessController::executePrivileged@29
                      ; - java.security.AccessController::doPrivileged@13
                      ; - java.net.URLClassLoader::findClass@13
                      ; - java.lang.ClassLoader::loadClass@69
  0x000001f8a91419cc: b029 7aff 

  0x000001f8a91419d0: ;   {other}
  0x000001f8a91419d0: 0f1f 8400 | 4096 00c6 | ba45 ffff | ff48 8bac | 2490 0000 | 0044 8b5c | 2430 4489 | 5c24 204c 
  0x000001f8a91419f0: 8b54 2438 | 4c89 5424 | 304c 8b54 | 2440 4c89 | 5424 384c | 8b54 2450 | 4c89 5424 | 404c 8b94 
  0x000001f8a9141a10: 2488 0000 | 004c 8954 | 2448 4c8b | 5424 584c | 8954 2450 | 448b 5c24 | 6044 895c | 2424 448b 
  0x000001f8a9141a30: 5424 6844 | 8954 2460 | 4c8b 5424 | 784c 8954 | 2468 4c8b | 9424 9800 | 0000 4c89 | 9424 8000 
  0x000001f8a9141a50: 0000 4c8b | 9424 a000 | 0000 4c89 | 9424 8800 | 0000 4c8b | 9424 a800 | 0000 4c89 | 9424 9800 
  0x000001f8a9141a70: 0000 4489 | 4424 6490 

  0x000001f8a9141a78: ;   {runtime_call UncommonTrapBlob}
  0x000001f8a9141a78: c5f8 77e8 

  0x000001f8a9141a7c: ; ImmutableOopMap {rbp=Oop [36]=NarrowOop [64]=Oop [72]=Oop [80]=Oop [104]=Oop [128]=Oop [136]=Oop [152]=Oop [168]=Oop }
                      ;*if_icmpne {reexecute=1 rethrow=0 return_oop=0}
                      ; - (reexecute) java.io.WinNTFileSystem::prefixLength@82
                      ; - java.io.File::<init>@104
                      ; - jdk.internal.loader.URLClassPath$FileLoader::getResource@73
                      ; - jdk.internal.loader.URLClassPath::getResource@53
                      ; - java.net.URLClassLoader$1::run@26
                      ; - java.net.URLClassLoader$1::run@1
                      ; - java.security.AccessController::executePrivileged@29
                      ; - java.security.AccessController::doPrivileged@13
                      ; - java.net.URLClassLoader::findClass@13
                      ; - java.lang.ClassLoader::loadClass@69
  0x000001f8a9141a7c: 0029 7aff 

  0x000001f8a9141a80: ;   {other}
  0x000001f8a9141a80: 0f1f 8400 | f096 00c7 | ba45 ffff | ff44 8b5c | 2430 4489 | 5c24 204c | 8b54 2438 | 4c89 5424 
  0x000001f8a9141aa0: 304c 8b54 | 2440 4c89 | 5424 384c | 8b54 2450 | 4c89 5424 | 404c 8b94 | 2488 0000 | 004c 8954 
  0x000001f8a9141ac0: 2448 4c8b | 5424 584c | 8954 2450 | 448b 5424 | 6044 8954 | 2424 4c8b | 5424 7844 | 8b5c 2468 
  0x000001f8a9141ae0: 4489 5c24 | 604c 8954 | 2468 4c8b | 9424 9800 | 0000 4c89 | 9424 8000 | 0000 4c8b | 9424 a800 
  0x000001f8a9141b00: 0000 4c89 | 9424 9800 | 0000 6690 

  0x000001f8a9141b0c: ;   {runtime_call UncommonTrapBlob}
  0x000001f8a9141b0c: c5f8 77e8 

  0x000001f8a9141b10: ; ImmutableOopMap {rbp=Oop [36]=NarrowOop [64]=Oop [72]=Oop [80]=Oop [104]=Oop [128]=Oop [152]=Oop [160]=Oop [168]=Oop }
                      ;*ifne {reexecute=1 rethrow=0 return_oop=0}
                      ; - (reexecute) java.io.WinNTFileSystem::prefixLength@11
                      ; - java.io.File::<init>@104
                      ; - jdk.internal.loader.URLClassPath$FileLoader::getResource@73
                      ; - jdk.internal.loader.URLClassPath::getResource@53
                      ; - java.net.URLClassLoader$1::run@26
                      ; - java.net.URLClassLoader$1::run@1
                      ; - java.security.AccessController::executePrivileged@29
                      ; - java.security.AccessController::doPrivileged@13
                      ; - java.net.URLClassLoader::findClass@13
                      ; - java.lang.ClassLoader::loadClass@69
  0x000001f8a9141b10: 6c28 7aff 

  0x000001f8a9141b14: ;   {other}
  0x000001f8a9141b14: 0f1f 8400 | 8497 00c8 | ba45 ffff | ff48 8bac | 2490 0000 | 0044 8b54 | 2430 4489 | 5424 204c 
  0x000001f8a9141b34: 8b54 2438 | 4c89 5424 | 304c 8b54 | 2440 4c89 | 5424 384c | 8b54 2450 | 4c89 5424 | 404c 8b94 
  0x000001f8a9141b54: 2488 0000 | 004c 8954 | 2448 4c8b | 5424 584c | 8954 2450 | 448b 5c24 | 6044 895c | 2424 448b 
  0x000001f8a9141b74: 5424 6844 | 8954 2460 | 4c8b 5424 | 784c 8954 | 2468 4c8b | 9424 9800 | 0000 4c89 | 9424 8000 
  0x000001f8a9141b94: 0000 4c8b | 9424 a000 | 0000 4c89 | 9424 8800 | 0000 4c8b | 9424 a800 | 0000 4c89 | 9424 9800 
  0x000001f8a9141bb4: 0000 448b | 9c24 bc00 | 0000 4489 | 8c24 a000 | 0000 4489 | 9c24 a800 | 0000 6690 

  0x000001f8a9141bd0: ;   {runtime_call UncommonTrapBlob}
  0x000001f8a9141bd0: c5f8 77e8 

  0x000001f8a9141bd4: ; ImmutableOopMap {rbp=Oop [36]=NarrowOop [64]=Oop [72]=Oop [80]=Oop [104]=Oop [128]=Oop [136]=Oop [152]=Oop }
                      ;*if_icmpne {reexecute=1 rethrow=0 return_oop=0}
                      ; - (reexecute) java.io.WinNTFileSystem::prefixLength@42
                      ; - java.io.File::<init>@104
                      ; - jdk.internal.loader.URLClassPath$FileLoader::getResource@73
                      ; - jdk.internal.loader.URLClassPath::getResource@53
                      ; - java.net.URLClassLoader$1::run@26
                      ; - java.net.URLClassLoader$1::run@1
                      ; - java.security.AccessController::executePrivileged@29
                      ; - java.security.AccessController::doPrivileged@13
                      ; - java.net.URLClassLoader::findClass@13
                      ; - java.lang.ClassLoader::loadClass@69
  0x000001f8a9141bd4: a827 7aff 

  0x000001f8a9141bd8: ;   {other}
  0x000001f8a9141bd8: 0f1f 8400 | 4898 00c9 | 458b d149 | 8bd2 4533 | c066 6690 

  0x000001f8a9141bec: ;   {static_call}
  0x000001f8a9141bec: c5f8 77e8 

  0x000001f8a9141bf0: ; ImmutableOopMap {rbp=Oop [40]=Oop [72]=Oop [80]=Oop [88]=Oop [96]=NarrowOop [120]=Oop [136]=Oop [144]=Oop [152]=Oop [160]=Oop [168]=Oop [176]=Oop }
                      ;*invokestatic charAt {reexecute=0 rethrow=0 return_oop=0}
                      ; - java.lang.String::charAt@21
                      ; - java.io.WinNTFileSystem::prefixLength@18
                      ; - java.io.File::<init>@104
                      ; - jdk.internal.loader.URLClassPath$FileLoader::getResource@118
                      ; - jdk.internal.loader.URLClassPath::getResource@53
                      ; - java.net.URLClassLoader$1::run@26
                      ; - java.net.URLClassLoader$1::run@1
                      ; - java.security.AccessController::executePrivileged@29
                      ; - java.security.AccessController::doPrivileged@13
                      ; - java.net.URLClassLoader::findClass@13
                      ; - java.lang.ClassLoader::loadClass@69
  0x000001f8a9141bf0: 8cd4 79ff 

  0x000001f8a9141bf4: ;   {other}
  0x000001f8a9141bf4: 0f1f 8400 | 6498 00ca | 8984 24c0 | 0000 00e9 | f7b0 ffff | 498b d141 | b801 0000 | 0066 6690 
  0x000001f8a9141c14: ;   {static_call}
  0x000001f8a9141c14: c5f8 77e8 

  0x000001f8a9141c18: ; ImmutableOopMap {rbp=Oop [40]=Oop [72]=Oop [80]=Oop [88]=Oop [96]=NarrowOop [120]=Oop [136]=Oop [144]=Oop [152]=Oop [160]=Oop [168]=Oop [176]=Oop }
                      ;*invokestatic charAt {reexecute=0 rethrow=0 return_oop=0}
                      ; - java.lang.String::charAt@21
                      ; - java.io.WinNTFileSystem::prefixLength@30
                      ; - java.io.File::<init>@104
                      ; - jdk.internal.loader.URLClassPath$FileLoader::getResource@118
                      ; - jdk.internal.loader.URLClassPath::getResource@53
                      ; - java.net.URLClassLoader$1::run@26
                      ; - java.net.URLClassLoader$1::run@1
                      ; - java.security.AccessController::executePrivileged@29
                      ; - java.security.AccessController::doPrivileged@13
                      ; - java.net.URLClassLoader::findClass@13
                      ; - java.lang.ClassLoader::loadClass@69
  0x000001f8a9141c18: 64d4 79ff 

  0x000001f8a9141c1c: ;   {other}
  0x000001f8a9141c1c: 0f1f 8400 | 8c98 00cb | 448b c0e9 | 28b1 ffff | 498b d041 | b802 0000 | 0048 8bac | 2490 0000 
  0x000001f8a9141c3c: 0066 6690 

  0x000001f8a9141c40: ;   {static_call}
  0x000001f8a9141c40: c5f8 77e8 

  0x000001f8a9141c44: ; ImmutableOopMap {rbp=Oop [40]=Oop [72]=Oop [80]=Oop [88]=Oop [96]=NarrowOop [120]=Oop [136]=Oop [144]=Oop [152]=Oop [160]=Oop [168]=Oop }
                      ;*invokestatic charAt {reexecute=0 rethrow=0 return_oop=0}
                      ; - java.lang.String::charAt@21
                      ; - java.io.WinNTFileSystem::prefixLength@78
                      ; - java.io.File::<init>@104
                      ; - jdk.internal.loader.URLClassPath$FileLoader::getResource@118
                      ; - jdk.internal.loader.URLClassPath::getResource@53
                      ; - java.net.URLClassLoader$1::run@26
                      ; - java.net.URLClassLoader$1::run@1
                      ; - java.security.AccessController::executePrivileged@29
                      ; - java.security.AccessController::doPrivileged@13
                      ; - java.net.URLClassLoader::findClass@13
                      ; - java.lang.ClassLoader::loadClass@69
  0x000001f8a9141c44: 38d4 79ff 

  0x000001f8a9141c48: ;   {other}
  0x000001f8a9141c48: 0f1f 8400 | b898 00cc | 448b d8e9 | 5db2 ffff | bac6 ffff | ff48 8bac | 2490 0000 | 0044 8b44 
  0x000001f8a9141c68: 2430 4489 | 4424 204c | 8b5c 2438 | 4c89 5c24 | 304c 8b5c | 2440 4c89 | 5c24 384c | 8b5c 2450 
  0x000001f8a9141c88: 4c89 5c24 | 404c 8b5c | 2458 4c89 | 5c24 504c | 8b9c 2488 | 0000 004c | 895c 2468 | 4c89 5c24 
  0x000001f8a9141ca8: 7866 6690 

  0x000001f8a9141cac: ;   {runtime_call UncommonTrapBlob}
  0x000001f8a9141cac: c5f8 77e8 

  0x000001f8a9141cb0: ; ImmutableOopMap {rbp=Oop [64]=Oop [80]=Oop [104]=Oop [112]=Oop [120]=Oop [160]=Oop [176]=NarrowOop }
                      ;*invokevirtual getCodeSigners {reexecute=0 rethrow=0 return_oop=0}
                      ; - java.net.URLClassLoader::defineClass@185
                      ; - java.net.URLClassLoader$1::run@43
                      ; - java.net.URLClassLoader$1::run@1
                      ; - java.security.AccessController::executePrivileged@29
                      ; - java.security.AccessController::doPrivileged@13
                      ; - java.net.URLClassLoader::findClass@13
                      ; - java.lang.ClassLoader::loadClass@69
  0x000001f8a9141cb0: cc26 7aff 

  0x000001f8a9141cb4: ;   {other}
  0x000001f8a9141cb4: 0f1f 8400 | 2499 00cd | bac6 ffff | ff48 8bac | 2490 0000 | 0044 8b54 | 2430 4489 | 5424 204c 
  0x000001f8a9141cd4: 8b54 2438 | 4c89 5424 | 304c 8b54 | 2440 4c89 | 5424 384c | 8b54 2450 | 4c89 5424 | 404c 8b94 
  0x000001f8a9141cf4: 2488 0000 | 004c 8954 | 2448 4c8b | 5424 584c | 8954 2450 | 4c89 6c24 | 7089 5c24 | 244c 896c 
  0x000001f8a9141d14: 2478 6690 

  0x000001f8a9141d18: ;   {runtime_call UncommonTrapBlob}
  0x000001f8a9141d18: c5f8 77e8 

  0x000001f8a9141d1c: ; ImmutableOopMap {rbp=Oop [64]=Oop [72]=Oop [80]=Oop [112]=Oop [120]=Oop }
                      ;*invokevirtual getCodeSourceURL {reexecute=0 rethrow=0 return_oop=0}
                      ; - java.net.URLClassLoader::defineClass@13
                      ; - java.net.URLClassLoader$1::run@43
                      ; - java.net.URLClassLoader$1::run@1
                      ; - java.security.AccessController::executePrivileged@29
                      ; - java.security.AccessController::doPrivileged@13
                      ; - java.net.URLClassLoader::findClass@13
                      ; - java.lang.ClassLoader::loadClass@69
  0x000001f8a9141d1c: 6026 7aff 

  0x000001f8a9141d20: ;   {other}
  0x000001f8a9141d20: 0f1f 8400 | 9099 00ce | 33ed 4585 | c040 0f96 | c5ba 45ff | ffff 4c8b | 9424 9000 | 0000 4c89 
  0x000001f8a9141d40: 5424 2044 | 8b54 2430 | 4489 5424 | 284c 8b54 | 2450 4c89 | 5424 484c | 8b94 2488 | 0000 004c 
  0x000001f8a9141d60: 8954 2450 | 448b 5c24 | 6044 895c | 242c 4c8b | 5424 784c | 8954 2470 | 4c8b 9424 | 9800 0000 
  0x000001f8a9141d80: 4c89 9424 | 8800 0000 | 4c8b 9424 | a000 0000 | 4c89 9424 | 9000 0000 | 4c8b 9424 | a800 0000 
  0x000001f8a9141da0: 4c89 9424 | a000 0000 

  0x000001f8a9141da8: ;   {runtime_call UncommonTrapBlob}
  0x000001f8a9141da8: c5f8 77e8 

  0x000001f8a9141dac: ; ImmutableOopMap {[32]=Oop [44]=NarrowOop [72]=Oop [80]=Oop [88]=Oop [112]=Oop [136]=Oop [144]=Oop [160]=Oop [176]=Oop }
                      ;*ifeq {reexecute=1 rethrow=0 return_oop=0}
                      ; - (reexecute) java.io.File::<init>@32
                      ; - jdk.internal.loader.URLClassPath$FileLoader::getResource@118
                      ; - jdk.internal.loader.URLClassPath::getResource@53
                      ; - java.net.URLClassLoader$1::run@26
                      ; - java.net.URLClassLoader$1::run@1
                      ; - java.security.AccessController::executePrivileged@29
                      ; - java.security.AccessController::doPrivileged@13
                      ; - java.net.URLClassLoader::findClass@13
                      ; - java.lang.ClassLoader::loadClass@69
  0x000001f8a9141dac: d025 7aff 

  0x000001f8a9141db0: ;   {other}
  0x000001f8a9141db0: 0f1f 8400 | 209a 00cf | bae4 ffff | ff44 8b5c | 2430 4489 | 5c24 204c | 8b54 2438 | 4c89 5424 
  0x000001f8a9141dd0: 304c 8b54 | 2440 4c89 | 5424 384c | 8b54 2450 | 4c89 5424 | 404c 8b94 | 2488 0000 | 004c 8954 
  0x000001f8a9141df0: 2448 4c8b | 5424 584c | 8954 2450 | 448b 5424 | 6044 8954 | 2424 4c8b | 5424 7844 | 8b5c 2468 
  0x000001f8a9141e10: 4489 5c24 | 604c 8954 | 2468 4c8b | 9424 9800 | 0000 4c89 | 9424 8000 | 0000 4c8b | 9424 a000 
  0x000001f8a9141e30: 0000 4c89 | 9424 8800 | 0000 4c8b | 9424 a800 | 0000 4c89 | 9424 9800 | 0000 4c8b | 9424 b000 
  0x000001f8a9141e50: 0000 4c89 | 9424 a000 | 0000 4489 | 8c24 ac00 | 0000 4489 | 8424 b000 | 0000 6690 

  0x000001f8a9141e6c: ;   {runtime_call UncommonTrapBlob}
  0x000001f8a9141e6c: c5f8 77e8 

  0x000001f8a9141e70: ; ImmutableOopMap {rbp=Oop [36]=NarrowOop [64]=Oop [72]=Oop [80]=Oop [104]=Oop [128]=Oop [136]=Oop [152]=Oop [160]=Oop [172]=NarrowOop }
                      ;*invokestatic checkIndex {reexecute=0 rethrow=0 return_oop=0}
                      ; - java.lang.String::checkIndex@5
                      ; - java.lang.StringLatin1::charAt@3
                      ; - java.lang.String::charAt@12
                      ; - java.io.WinNTFileSystem::prefixLength@18
                      ; - java.io.File::<init>@104
                      ; - jdk.internal.loader.URLClassPath$FileLoader::getResource@118
                      ; - jdk.internal.loader.URLClassPath::getResource@53
                      ; - java.net.URLClassLoader$1::run@26
                      ; - java.net.URLClassLoader$1::run@1
                      ; - java.security.AccessController::executePrivileged@29
                      ; - java.security.AccessController::doPrivileged@13
                      ; - java.net.URLClassLoader::findClass@13
                      ; - java.lang.ClassLoader::loadClass@69
  0x000001f8a9141e70: 0c25 7aff 

  0x000001f8a9141e74: ;   {other}
  0x000001f8a9141e74: 0f1f 8400 | e49a 00d0 | bae4 ffff | ff4c 8b94 | 2490 0000 | 004c 8954 | 2420 448b | 5424 3044 
  0x000001f8a9141e94: 8954 2428 | 4c8b 5424 | 504c 8954 | 2448 4c8b | 9424 8800 | 0000 4c89 | 5424 5044 | 8b54 2460 
  0x000001f8a9141eb4: 4489 5424 | 2c4c 8b54 | 2478 4c89 | 5424 704c | 8b94 2498 | 0000 004c | 8994 2488 | 0000 004c 
  0x000001f8a9141ed4: 8b94 24a0 | 0000 004c | 8994 2490 | 0000 004c | 8b94 24a8 | 0000 004c | 8994 24a0 | 0000 004c 
  0x000001f8a9141ef4: 8b94 24b0 | 0000 004c | 8994 24a8 | 0000 0044 | 8b94 24b8 | 0000 0044 | 8994 24b0 | 0000 0044 
  0x000001f8a9141f14: 898c 24b8 | 0000 0090 

  0x000001f8a9141f1c: ;   {runtime_call UncommonTrapBlob}
  0x000001f8a9141f1c: c5f8 77e8 

  0x000001f8a9141f20: ; ImmutableOopMap {[32]=Oop [44]=NarrowOop [72]=Oop [80]=Oop [88]=Oop [112]=Oop [136]=Oop [144]=Oop [160]=Oop [168]=Oop [184]=NarrowOop }
                      ;*invokestatic checkIndex {reexecute=0 rethrow=0 return_oop=0}
                      ; - java.lang.String::checkIndex@5
                      ; - java.lang.StringLatin1::charAt@3
                      ; - java.lang.String::charAt@12
                      ; - java.io.WinNTFileSystem::prefixLength@30
                      ; - java.io.File::<init>@104
                      ; - jdk.internal.loader.URLClassPath$FileLoader::getResource@118
                      ; - jdk.internal.loader.URLClassPath::getResource@53
                      ; - java.net.URLClassLoader$1::run@26
                      ; - java.net.URLClassLoader$1::run@1
                      ; - java.security.AccessController::executePrivileged@29
                      ; - java.security.AccessController::doPrivileged@13
                      ; - java.net.URLClassLoader::findClass@13
                      ; - java.lang.ClassLoader::loadClass@69
  0x000001f8a9141f20: 5c24 7aff 

  0x000001f8a9141f24: ;   {other}
  0x000001f8a9141f24: 0f1f 8400 | 949b 00d1 | bae4 ffff | ff4c 8b94 | 2490 0000 | 004c 8954 | 2420 448b | 5c24 3044 
  0x000001f8a9141f44: 895c 2428 | 4c8b 5424 | 504c 8954 | 2448 4c8b | 9424 8800 | 0000 4c89 | 5424 5044 | 8b54 2460 
  0x000001f8a9141f64: 4489 5424 | 2c4c 8b54 | 2478 4c89 | 5424 704c | 8b94 2498 | 0000 004c | 8994 2488 | 0000 004c 
  0x000001f8a9141f84: 8b94 24a0 | 0000 004c | 8994 2490 | 0000 004c | 8b94 24a8 | 0000 004c | 8994 24a0 | 0000 0044 
  0x000001f8a9141fa4: 8984 24a8 | 0000 0090 

  0x000001f8a9141fac: ;   {runtime_call UncommonTrapBlob}
  0x000001f8a9141fac: c5f8 77e8 

  0x000001f8a9141fb0: ; ImmutableOopMap {[32]=Oop [44]=NarrowOop [72]=Oop [80]=Oop [88]=Oop [112]=Oop [136]=Oop [144]=Oop [160]=Oop [168]=NarrowOop }
                      ;*invokestatic checkIndex {reexecute=0 rethrow=0 return_oop=0}
                      ; - java.lang.String::checkIndex@5
                      ; - java.lang.StringLatin1::charAt@3
                      ; - java.lang.String::charAt@12
                      ; - java.io.WinNTFileSystem::prefixLength@78
                      ; - java.io.File::<init>@104
                      ; - jdk.internal.loader.URLClassPath$FileLoader::getResource@118
                      ; - jdk.internal.loader.URLClassPath::getResource@53
                      ; - java.net.URLClassLoader$1::run@26
                      ; - java.net.URLClassLoader$1::run@1
                      ; - java.security.AccessController::executePrivileged@29
                      ; - java.security.AccessController::doPrivileged@13
                      ; - java.net.URLClassLoader::findClass@13
                      ; - java.lang.ClassLoader::loadClass@69
  0x000001f8a9141fb0: cc23 7aff 

  0x000001f8a9141fb4: ;   {other}
  0x000001f8a9141fb4: 0f1f 8400 | 249c 00d2 | 498b d7c5 | f877 49ba | f0a0 62cc | f97f 0000 

  0x000001f8a9141fcc: ;   {other}
  0x000001f8a9141fcc: 41ff d20f | 1f84 0000 | 0000 00e9 | 9fa9 ffff | 498b d7c5 | f877 49ba | f0a0 62cc | f97f 0000 
  0x000001f8a9141fec: ;   {other}
  0x000001f8a9141fec: 41ff d20f | 1f84 0000 | 0000 00e9 | 2fac ffff | ba45 ffff | ff48 8bac | 2490 0000 | 0044 8b54 
  0x000001f8a914200c: 2430 4489 | 5424 204c | 8b54 2438 | 4c89 5424 | 304c 8b54 | 2440 4c89 | 5424 384c | 8b54 2450 
  0x000001f8a914202c: 4c89 5424 | 404c 8b94 | 2488 0000 | 004c 8954 | 2448 4c8b | 5424 584c | 8954 2450 | 448b 5424 
  0x000001f8a914204c: 6044 8954 | 2424 4c8b | 5424 7844 | 8b5c 2468 | 4489 5c24 | 604c 8954 | 2468 4c8b | 9424 9800 
  0x000001f8a914206c: 0000 4c89 | 9424 8000 | 0000 4c8b | 9424 a800 | 0000 4c89 | 9424 9800 | 0000 6690 

  0x000001f8a9142088: ;   {runtime_call UncommonTrapBlob}
  0x000001f8a9142088: c5f8 77e8 

  0x000001f8a914208c: ; ImmutableOopMap {rbp=Oop [36]=NarrowOop [64]=Oop [72]=Oop [80]=Oop [104]=Oop [128]=Oop [152]=Oop [160]=Oop [168]=Oop }
                      ;*if_icmple {reexecute=1 rethrow=0 return_oop=0}
                      ; - (reexecute) java.io.WinNTFileSystem::prefixLength@73
                      ; - java.io.File::<init>@104
                      ; - jdk.internal.loader.URLClassPath$FileLoader::getResource@118
                      ; - jdk.internal.loader.URLClassPath::getResource@53
                      ; - java.net.URLClassLoader$1::run@26
                      ; - java.net.URLClassLoader$1::run@1
                      ; - java.security.AccessController::executePrivileged@29
                      ; - java.security.AccessController::doPrivileged@13
                      ; - java.net.URLClassLoader::findClass@13
                      ; - java.lang.ClassLoader::loadClass@69
  0x000001f8a914208c: f022 7aff 

  0x000001f8a9142090: ;   {other}
  0x000001f8a9142090: 0f1f 8400 | 009d 00d3 | ba45 ffff | ff48 8bac | 2490 0000 | 0044 8b5c | 2430 4489 | 5c24 204c 
  0x000001f8a91420b0: 8b54 2438 | 4c89 5424 | 304c 8b54 | 2440 4c89 | 5424 384c | 8b54 2450 | 4c89 5424 | 404c 8b94 
  0x000001f8a91420d0: 2488 0000 | 004c 8954 | 2448 4c8b | 5424 584c | 8954 2450 | 448b 5c24 | 6044 895c | 2424 448b 
  0x000001f8a91420f0: 5424 6844 | 8954 2460 | 4c8b 5424 | 784c 8954 | 2468 4c8b | 9424 9800 | 0000 4c89 | 9424 8000 
  0x000001f8a9142110: 0000 4c8b | 9424 a000 | 0000 4c89 | 9424 8800 | 0000 4c8b | 9424 a800 | 0000 4c89 | 9424 9800 
  0x000001f8a9142130: 0000 4489 | 4424 6490 

  0x000001f8a9142138: ;   {runtime_call UncommonTrapBlob}
  0x000001f8a9142138: c5f8 77e8 

  0x000001f8a914213c: ; ImmutableOopMap {rbp=Oop [36]=NarrowOop [64]=Oop [72]=Oop [80]=Oop [104]=Oop [128]=Oop [136]=Oop [152]=Oop [168]=Oop }
                      ;*if_icmpne {reexecute=1 rethrow=0 return_oop=0}
                      ; - (reexecute) java.io.WinNTFileSystem::prefixLength@82
                      ; - java.io.File::<init>@104
                      ; - jdk.internal.loader.URLClassPath$FileLoader::getResource@118
                      ; - jdk.internal.loader.URLClassPath::getResource@53
                      ; - java.net.URLClassLoader$1::run@26
                      ; - java.net.URLClassLoader$1::run@1
                      ; - java.security.AccessController::executePrivileged@29
                      ; - java.security.AccessController::doPrivileged@13
                      ; - java.net.URLClassLoader::findClass@13
                      ; - java.lang.ClassLoader::loadClass@69
  0x000001f8a914213c: 4022 7aff 

  0x000001f8a9142140: ;   {other}
  0x000001f8a9142140: 0f1f 8400 | b09d 00d4 | ba45 ffff | ff44 8b54 | 2430 4489 | 5424 204c | 8b54 2438 | 4c89 5424 
  0x000001f8a9142160: 304c 8b54 | 2440 4c89 | 5424 384c | 8b54 2450 | 4c89 5424 | 404c 8b94 | 2488 0000 | 004c 8954 
  0x000001f8a9142180: 2448 4c8b | 5424 584c | 8954 2450 | 448b 5424 | 6044 8954 | 2424 4c8b | 5424 7844 | 8b5c 2468 
  0x000001f8a91421a0: 4489 5c24 | 604c 8954 | 2468 4c8b | 9424 9800 | 0000 4c89 | 9424 8000 | 0000 4c8b | 9424 a800 
  0x000001f8a91421c0: 0000 4c89 | 9424 9800 | 0000 6690 

  0x000001f8a91421cc: ;   {runtime_call UncommonTrapBlob}
  0x000001f8a91421cc: c5f8 77e8 

  0x000001f8a91421d0: ; ImmutableOopMap {rbp=Oop [36]=NarrowOop [64]=Oop [72]=Oop [80]=Oop [104]=Oop [128]=Oop [152]=Oop [160]=Oop [168]=Oop }
                      ;*ifne {reexecute=1 rethrow=0 return_oop=0}
                      ; - (reexecute) java.io.WinNTFileSystem::prefixLength@11
                      ; - java.io.File::<init>@104
                      ; - jdk.internal.loader.URLClassPath$FileLoader::getResource@118
                      ; - jdk.internal.loader.URLClassPath::getResource@53
                      ; - java.net.URLClassLoader$1::run@26
                      ; - java.net.URLClassLoader$1::run@1
                      ; - java.security.AccessController::executePrivileged@29
                      ; - java.security.AccessController::doPrivileged@13
                      ; - java.net.URLClassLoader::findClass@13
                      ; - java.lang.ClassLoader::loadClass@69
  0x000001f8a91421d0: ac21 7aff 

  0x000001f8a91421d4: ;   {other}
  0x000001f8a91421d4: 0f1f 8400 | 449e 00d5 | ba45 ffff | ff48 8bac | 2490 0000 | 0044 8b5c | 2430 4489 | 5c24 204c 
  0x000001f8a91421f4: 8b54 2438 | 4c89 5424 | 304c 8b54 | 2440 4c89 | 5424 384c | 8b54 2450 | 4c89 5424 | 404c 8b94 
  0x000001f8a9142214: 2488 0000 | 004c 8954 | 2448 4c8b | 5424 584c | 8954 2450 | 448b 5c24 | 6044 895c | 2424 448b 
  0x000001f8a9142234: 5424 6844 | 8954 2460 | 4c8b 5424 | 784c 8954 | 2468 4c8b | 9424 9800 | 0000 4c89 | 9424 8000 
  0x000001f8a9142254: 0000 4c8b | 9424 a000 | 0000 4c89 | 9424 8800 | 0000 4c8b | 9424 a800 | 0000 4c89 | 9424 9800 
  0x000001f8a9142274: 0000 448b | 9c24 bc00 | 0000 4489 | 8424 a000 | 0000 4489 | 9c24 a800 | 0000 6690 

  0x000001f8a9142290: ;   {runtime_call UncommonTrapBlob}
  0x000001f8a9142290: c5f8 77e8 

  0x000001f8a9142294: ; ImmutableOopMap {rbp=Oop [36]=NarrowOop [64]=Oop [72]=Oop [80]=Oop [104]=Oop [128]=Oop [136]=Oop [152]=Oop }
                      ;*if_icmpne {reexecute=1 rethrow=0 return_oop=0}
                      ; - (reexecute) java.io.WinNTFileSystem::prefixLength@42
                      ; - java.io.File::<init>@104
                      ; - jdk.internal.loader.URLClassPath$FileLoader::getResource@118
                      ; - jdk.internal.loader.URLClassPath::getResource@53
                      ; - java.net.URLClassLoader$1::run@26
                      ; - java.net.URLClassLoader$1::run@1
                      ; - java.security.AccessController::executePrivileged@29
                      ; - java.security.AccessController::doPrivileged@13
                      ; - java.net.URLClassLoader::findClass@13
                      ; - java.lang.ClassLoader::loadClass@69
  0x000001f8a9142294: e820 7aff 

  0x000001f8a9142298: ;   {other}
  0x000001f8a9142298: 0f1f 8400 | 089f 00d6 | 4c89 5c24 

  0x000001f8a91422a4: ;   {metadata('java/lang/InternalError')}
  0x000001f8a91422a4: 4848 ba38 | 0701 b6f8 | 0100 0048 | 8bac 2490 | 0000 004c | 8b94 2488 | 0000 004c | 8954 2470 
  0x000001f8a91422c4: ;   {runtime_call _new_instance_Java}
  0x000001f8a91422c4: c5f8 77e8 

  0x000001f8a91422c8: ; ImmutableOopMap {rbp=Oop [72]=Oop [80]=Oop [88]=Oop [96]=NarrowOop [112]=Oop [120]=Oop [136]=Oop [144]=Oop }
                      ;*new {reexecute=0 rethrow=0 return_oop=1}
                      ; - jdk.internal.loader.URLClassPath$JarLoader::getResource@8
                      ; - jdk.internal.loader.URLClassPath::getResource@53
                      ; - java.net.URLClassLoader$1::run@26
                      ; - java.net.URLClassLoader$1::run@1
                      ; - java.security.AccessController::executePrivileged@29
                      ; - java.security.AccessController::doPrivileged@13
                      ; - java.net.URLClassLoader::findClass@13
                      ; - java.lang.ClassLoader::loadClass@69
  0x000001f8a91422c8: 34d2 7cff 

  0x000001f8a91422cc: ;   {other}
  0x000001f8a91422cc: 0f1f 8400 | 3c9f 00d7 | e9a6 ebff | ff48 8beb | ba91 0000 | 0044 8b54 | 2430 4489 | 5424 284c 
  0x000001f8a91422ec: 8b54 2450 | 4c89 5424 | 4866 6690 

  0x000001f8a91422f8: ;   {runtime_call UncommonTrapBlob}
  0x000001f8a91422f8: c5f8 77e8 

  0x000001f8a91422fc: ; ImmutableOopMap {rbp=Oop [72]=Oop [136]=Oop [144]=Oop }
                      ;*new {reexecute=0 rethrow=0 return_oop=0}
                      ; - java.security.AccessController::wrapException@0
                      ; - java.security.AccessController::doPrivileged@22
                      ; - java.net.URLClassLoader::findClass@13
                      ; - java.lang.ClassLoader::loadClass@69
  0x000001f8a91422fc: 8020 7aff 

  0x000001f8a9142300: ;   {other}
  0x000001f8a9142300: 0f1f 8400 | 709f 00d8 | 488b ebba | adff ffff | 448b 5424 | 3044 8954 | 2428 6690 

  0x000001f8a914231c: ;   {runtime_call UncommonTrapBlob}
  0x000001f8a914231c: c5f8 77e8 

  0x000001f8a9142320: ; ImmutableOopMap {rbp=Oop [80]=Oop [144]=Oop }
                      ;*invokevirtual getException {reexecute=0 rethrow=0 return_oop=0}
                      ; - java.net.URLClassLoader::findClass@25
                      ; - java.lang.ClassLoader::loadClass@69
  0x000001f8a9142320: 5c20 7aff 

  0x000001f8a9142324: ;   {other}
  0x000001f8a9142324: 0f1f 8400 | 949f 00d9 | ba45 ffff | ff48 8bac | 2490 0000 | 0044 8b54 | 2430 4489 | 5424 204c 
  0x000001f8a9142344: 8b54 2438 | 4c89 5424 | 304c 8b54 | 2440 4c89 | 5424 384c | 8b54 2450 | 4c89 5424 | 404c 8b94 
  0x000001f8a9142364: 2488 0000 | 004c 8954 | 2448 4c8b | 5424 584c | 8954 2450 | 448b 5424 | 6044 8954 | 2424 4c8b 
  0x000001f8a9142384: 5424 7844 | 8b5c 2468 | 4489 5c24 | 604c 8954 | 2468 4c8b | 9424 9800 | 0000 4c89 | 9424 8000 
  0x000001f8a91423a4: 0000 4c8b | 9424 a000 | 0000 4c89 | 9424 8800 | 0000 4c8b | 9424 a800 | 0000 4c89 | 9424 9800 
  0x000001f8a91423c4: 0000 4c89 | 9424 a000 | 0000 448b | 9424 b800 | 0000 4489 | 5424 6490 

  0x000001f8a91423dc: ;   {runtime_call UncommonTrapBlob}
  0x000001f8a91423dc: c5f8 77e8 

  0x000001f8a91423e0: ; ImmutableOopMap {rbp=Oop [36]=NarrowOop [64]=Oop [72]=Oop [80]=Oop [100]=NarrowOop [104]=Oop [128]=Oop [136]=Oop [152]=Oop [160]=Oop [176]=Oop }
                      ;*if_icmpne {reexecute=1 rethrow=0 return_oop=0}
                      ; - (reexecute) java.io.WinNTFileSystem::normalize@49
                      ; - java.io.File::<init>@73
                      ; - jdk.internal.loader.URLClassPath$FileLoader::getResource@73
                      ; - jdk.internal.loader.URLClassPath::getResource@53
                      ; - java.net.URLClassLoader$1::run@26
                      ; - java.net.URLClassLoader$1::run@1
                      ; - java.security.AccessController::executePrivileged@29
                      ; - java.security.AccessController::doPrivileged@13
                      ; - java.net.URLClassLoader::findClass@13
                      ; - java.lang.ClassLoader::loadClass@69
  0x000001f8a91423e0: 9c1f 7aff 

  0x000001f8a91423e4: ;   {other}
  0x000001f8a91423e4: 0f1f 8400 | 54a0 00da | 488b ebba | 2f00 0000 | 448b 5424 | 3044 8954 | 2428 4c8b | 5424 504c 
  0x000001f8a9142404: 8954 2448 

  0x000001f8a9142408: ;   {runtime_call UncommonTrapBlob}
  0x000001f8a9142408: c5f8 77e8 

  0x000001f8a914240c: ; ImmutableOopMap {rbp=Oop [72]=Oop [88]=Oop [136]=Oop [144]=Oop }
                      ;*new {reexecute=0 rethrow=0 return_oop=0}
                      ; - java.net.URLClassLoader$1::run@48
                      ; - java.net.URLClassLoader$1::run@1
                      ; - java.security.AccessController::executePrivileged@29
                      ; - java.security.AccessController::doPrivileged@13
                      ; - java.net.URLClassLoader::findClass@13
                      ; - java.lang.ClassLoader::loadClass@69
  0x000001f8a914240c: 701f 7aff 

  0x000001f8a9142410: ;   {other}
  0x000001f8a9142410: 0f1f 8400 | 80a0 00db 

  0x000001f8a9142418: ;   {metadata('java/lang/RuntimeException')}
  0x000001f8a9142418: 498b eb48 | baa8 b705 | b6f8 0100 | 004c 8b94 | 2490 0000 | 004c 8954 | 2420 6690 

  0x000001f8a9142434: ;   {runtime_call _new_instance_Java}
  0x000001f8a9142434: c5f8 77e8 

  0x000001f8a9142438: ; ImmutableOopMap {rbp=Oop [32]=Oop [40]=Oop [80]=Oop [88]=Oop [112]=Oop [136]=Oop [144]=Oop [160]=NarrowOop [168]=Oop [256]=Oop }
                      ;*new {reexecute=0 rethrow=0 return_oop=1}
                      ; - java.util.jar.JarFile::ensureInitialization@8
                      ; - java.util.jar.JavaUtilJarAccessImpl::ensureInitialization@1
                      ; - jdk.internal.loader.URLClassPath$JarLoader$2::getManifest@10
                      ; - java.net.URLClassLoader::defineClass@34
                      ; - java.net.URLClassLoader$1::run@43
                      ; - java.net.URLClassLoader$1::run@1
                      ; - java.security.AccessController::executePrivileged@29
                      ; - java.security.AccessController::doPrivileged@13
                      ; - java.net.URLClassLoader::findClass@13
                      ; - java.lang.ClassLoader::loadClass@69
  0x000001f8a9142438: c4d0 7cff 

  0x000001f8a914243c: ;   {other}
  0x000001f8a914243c: 0f1f 8400 | aca0 00dc | e914 e5ff | ffba 45ff | ffff 488b | ac24 9000 | 0000 448b | 5424 3044 
  0x000001f8a914245c: 8954 2420 | 4c8b 5424 | 384c 8954 | 2430 4c8b | 5424 404c | 8954 2438 | 4c8b 5424 | 504c 8954 
  0x000001f8a914247c: 2440 4c8b | 9424 8800 | 0000 4c89 | 5424 484c | 8b54 2458 | 4c89 5424 | 5044 8b54 | 2460 4489 
  0x000001f8a914249c: 5424 244c | 8b54 2478 | 448b 5c24 | 6844 895c | 2460 4c89 | 5424 684c | 8b94 2498 | 0000 004c 
  0x000001f8a91424bc: 8994 2480 | 0000 004c | 8b94 24a0 | 0000 004c | 8994 2488 | 0000 004c | 8b94 24a8 | 0000 004c 
  0x000001f8a91424dc: 8994 2498 | 0000 004c | 8994 24a0 | 0000 0044 | 8b94 24b8 | 0000 0044 | 8954 2464 

  0x000001f8a91424f8: ;   {runtime_call UncommonTrapBlob}
  0x000001f8a91424f8: c5f8 77e8 

  0x000001f8a91424fc: ; ImmutableOopMap {rbp=Oop [36]=NarrowOop [64]=Oop [72]=Oop [80]=Oop [100]=NarrowOop [104]=Oop [128]=Oop [136]=Oop [152]=Oop [160]=Oop [176]=Oop }
                      ;*if_icmpne {reexecute=1 rethrow=0 return_oop=0}
                      ; - (reexecute) java.io.WinNTFileSystem::normalize@49
                      ; - java.io.File::<init>@73
                      ; - jdk.internal.loader.URLClassPath$FileLoader::getResource@118
                      ; - jdk.internal.loader.URLClassPath::getResource@53
                      ; - java.net.URLClassLoader$1::run@26
                      ; - java.net.URLClassLoader$1::run@1
                      ; - java.security.AccessController::executePrivileged@29
                      ; - java.security.AccessController::doPrivileged@13
                      ; - java.net.URLClassLoader::findClass@13
                      ; - java.lang.ClassLoader::loadClass@69
  0x000001f8a91424fc: 801e 7aff 

  0x000001f8a9142500: ;   {other}
  0x000001f8a9142500: 0f1f 8400 | 70a1 00dd | 488b ebba | 9100 0000 | 4c8b 9424 | 9000 0000 | 4c89 5424 | 2044 8b5c 
  0x000001f8a9142520: 2430 4489 | 5c24 284c | 8b54 2450 | 4c89 5424 | 484c 8b94 | 2488 0000 | 004c 8954 | 2450 448b 
  0x000001f8a9142540: 5424 6044 | 8954 242c 

  0x000001f8a9142548: ;   {runtime_call UncommonTrapBlob}
  0x000001f8a9142548: c5f8 77e8 

  0x000001f8a914254c: ; ImmutableOopMap {rbp=Oop [32]=Oop [44]=NarrowOop [72]=Oop [80]=Oop [88]=Oop [112]=Oop [120]=Oop }
                      ;*new {reexecute=0 rethrow=0 return_oop=0}
                      ; - java.security.AccessController::wrapException@0
                      ; - java.security.AccessController::doPrivileged@22
                      ; - jdk.internal.loader.URLClassPath$JarLoader::ensureOpen@19
                      ; - jdk.internal.loader.URLClassPath$JarLoader::getResource@1
                      ; - jdk.internal.loader.URLClassPath::getResource@53
                      ; - java.net.URLClassLoader$1::run@26
                      ; - java.net.URLClassLoader$1::run@1
                      ; - java.security.AccessController::executePrivileged@29
                      ; - java.security.AccessController::doPrivileged@13
                      ; - java.net.URLClassLoader::findClass@13
                      ; - java.lang.ClassLoader::loadClass@69
  0x000001f8a914254c: 301e 7aff 

  0x000001f8a9142550: ;   {other}
  0x000001f8a9142550: 0f1f 8400 | c0a1 00de | 488b ebba | adff ffff | 4c8b 9424 | 9000 0000 | 4c89 5424 | 2044 8b54 
  0x000001f8a9142570: 2430 4489 | 5424 284c | 8b54 2450 | 4c89 5424 | 484c 8b94 | 2488 0000 | 004c 8954 | 2450 448b 
  0x000001f8a9142590: 5c24 6044 | 895c 242c 

  0x000001f8a9142598: ;   {runtime_call UncommonTrapBlob}
  0x000001f8a9142598: c5f8 77e8 

  0x000001f8a914259c: ; ImmutableOopMap {rbp=Oop [32]=Oop [44]=NarrowOop [72]=Oop [80]=Oop [88]=Oop [112]=Oop [120]=Oop }
                      ;*invokevirtual getException {reexecute=0 rethrow=0 return_oop=0}
                      ; - jdk.internal.loader.URLClassPath$JarLoader::ensureOpen@28
                      ; - jdk.internal.loader.URLClassPath$JarLoader::getResource@1
                      ; - jdk.internal.loader.URLClassPath::getResource@53
                      ; - java.net.URLClassLoader$1::run@26
                      ; - java.net.URLClassLoader$1::run@1
                      ; - java.security.AccessController::executePrivileged@29
                      ; - java.security.AccessController::doPrivileged@13
                      ; - java.net.URLClassLoader::findClass@13
                      ; - java.lang.ClassLoader::loadClass@69
  0x000001f8a914259c: e01d 7aff 

  0x000001f8a91425a0: ;   {other}
  0x000001f8a91425a0: 0f1f 8400 | 10a2 00df | bafd 0000 | 0044 8b54 | 2430 4489 | 5424 204c | 8b54 2438 | 4c89 5424 
  0x000001f8a91425c0: 304c 8b54 | 2440 4c89 | 5424 384c | 8b54 2450 | 4c89 5424 | 404c 8b54 | 2458 4c89 | 5424 504c 
  0x000001f8a91425e0: 8b54 2470 | 4c89 5424 | 5866 6690 

  0x000001f8a91425ec: ;   {runtime_call UncommonTrapBlob}
  0x000001f8a91425ec: c5f8 77e8 

  0x000001f8a91425f0: ; ImmutableOopMap {[64]=Oop [80]=Oop [88]=Oop [120]=Oop [136]=Oop [144]=Oop }
                      ;*new {reexecute=0 rethrow=0 return_oop=0}
                      ; - java.net.URLClassLoader::defineClass@103
                      ; - java.net.URLClassLoader$1::run@43
                      ; - java.net.URLClassLoader$1::run@1
                      ; - java.security.AccessController::executePrivileged@29
                      ; - java.security.AccessController::doPrivileged@13
                      ; - java.net.URLClassLoader::findClass@13
                      ; - java.lang.ClassLoader::loadClass@69
  0x000001f8a91425f0: 8c1d 7aff 

  0x000001f8a91425f4: ;   {other}
  0x000001f8a91425f4: 0f1f 8400 | 64a2 00e0 | 498b cb48 | 8d94 2418 | 0100 004d | 8bc7 c5f8 | 7749 bab0 | cfa3 ccf9 
  0x000001f8a9142614: 7f00 0041 

  0x000001f8a9142618: ;   {other}
  0x000001f8a9142618: ffd2 0f1f | 8400 0000 | 0000 e9ff | e3ff ffba | deff ffff | 448b 5424 | 3044 8954 | 2428 4c8b 
  0x000001f8a9142638: 5424 504c | 8954 2448 | 4c89 6c24 | 604c 895c | 2468 4c89 | 5c24 784c | 8b94 24a8 | 0000 004c 
  0x000001f8a9142658: 8994 24a0 | 0000 004c | 898c 24c0 | 0000 004c | 89b4 24c8 | 0000 004c | 898c 24d0 | 0000 0090 
  0x000001f8a9142678: ;   {runtime_call UncommonTrapBlob}
  0x000001f8a9142678: c5f8 77e8 

  0x000001f8a914267c: ; ImmutableOopMap {rbp=NarrowOop [72]=Oop [88]=Oop [96]=Oop [104]=Oop [120]=Oop [136]=Oop [160]=Oop [176]=NarrowOop [192]=Oop [200]=Oop [208]=Oop }
                      ;*checkcast {reexecute=0 rethrow=0 return_oop=0}
                      ; - java.lang.ClassLoader::getDefinedPackage@16
                      ; - java.net.URLClassLoader::getAndVerifyPackage@2
                      ; - java.net.URLClassLoader::defineClass@46
                      ; - java.net.URLClassLoader$1::run@43
                      ; - java.net.URLClassLoader$1::run@1
                      ; - java.security.AccessController::executePrivileged@29
                      ; - java.security.AccessController::doPrivileged@13
                      ; - java.net.URLClassLoader::findClass@13
                      ; - java.lang.ClassLoader::loadClass@69
  0x000001f8a914267c: 001d 7aff 

  0x000001f8a9142680: ;   {other}
  0x000001f8a9142680: 0f1f 8400 | f0a2 00e1 | bade ffff | ff48 8b6c | 2478 448b | 5424 3044 | 8954 2420 | 4c8b 5424 
  0x000001f8a91426a0: 384c 8954 | 2430 4c8b | 5424 404c | 8954 2438 | 4c8b 5424 | 504c 8954 | 2440 4c8b | 5424 584c 
  0x000001f8a91426c0: 8954 2450 | 4c8b 5424 | 704c 8954 | 2458 4c8b | 9424 8800 | 0000 4c89 | 5424 684c | 8b94 2488 
  0x000001f8a91426e0: 0000 004c | 8954 2478 | 4c8b 9424 | a800 0000 | 4c89 9424 | 8800 0000 | 4c8b 9424 | 9800 0000 
  0x000001f8a9142700: 4c89 9424 | 9000 0000 | 4889 8424 | c000 0000 

  0x000001f8a9142710: ;   {runtime_call UncommonTrapBlob}
  0x000001f8a9142710: c5f8 77e8 

  0x000001f8a9142714: ; ImmutableOopMap {rbp=Oop [64]=Oop [80]=Oop [88]=Oop [104]=Oop [120]=Oop [136]=Oop [160]=Oop [176]=NarrowOop [184]=Oop [192]=Oop }
                      ;*checkcast {reexecute=0 rethrow=0 return_oop=0}
                      ; - java.lang.ClassLoader::definePackage@81
                      ; - java.lang.ClassLoader::getDefinedPackage@32
                      ; - java.net.URLClassLoader::getAndVerifyPackage@2
                      ; - java.net.URLClassLoader::defineClass@46
                      ; - java.net.URLClassLoader$1::run@43
                      ; - java.net.URLClassLoader$1::run@1
                      ; - java.security.AccessController::executePrivileged@29
                      ; - java.security.AccessController::doPrivileged@13
                      ; - java.net.URLClassLoader::findClass@13
                      ; - java.lang.ClassLoader::loadClass@69
  0x000001f8a9142714: 681c 7aff 

  0x000001f8a9142718: ;   {other}
  0x000001f8a9142718: 0f1f 8400 | 88a3 00e2 | bade ffff | ff4c 8b94 | 2490 0000 | 004c 8954 | 2420 448b | 5424 3044 
  0x000001f8a9142738: 8954 2428 | 4c8b 5424 | 504c 8954 | 2448 4c8b | 5424 704c | 8954 2460 | 4c8b 9424 | a800 0000 
  0x000001f8a9142758: 4c89 9424 | a000 0000 | 4c89 8424 | c000 0000 | 4c89 8424 | d000 0000 

  0x000001f8a9142770: ;   {runtime_call UncommonTrapBlob}
  0x000001f8a9142770: c5f8 77e8 

  0x000001f8a9142774: ; ImmutableOopMap {rbp=NarrowOop [32]=Oop [72]=Oop [88]=Oop [96]=Oop [136]=Oop [160]=Oop [176]=NarrowOop [180]=NarrowOop [184]=Oop [192]=Oop [208]=Oop }
                      ;*checkcast {reexecute=0 rethrow=0 return_oop=0}
                      ; - java.lang.ClassLoader::definePackage@50
                      ; - java.lang.ClassLoader::getDefinedPackage@32
                      ; - java.net.URLClassLoader::getAndVerifyPackage@2
                      ; - java.net.URLClassLoader::defineClass@46
                      ; - java.net.URLClassLoader$1::run@43
                      ; - java.net.URLClassLoader$1::run@1
                      ; - java.security.AccessController::executePrivileged@29
                      ; - java.security.AccessController::doPrivileged@13
                      ; - java.net.URLClassLoader::findClass@13
                      ; - java.lang.ClassLoader::loadClass@69
  0x000001f8a9142774: 081c 7aff 

  0x000001f8a9142778: ;   {other}
  0x000001f8a9142778: 0f1f 8400 | e8a3 00e3 | bade ffff | ff4c 8b94 | 2490 0000 | 004c 8954 | 2420 448b | 5c24 3044 
  0x000001f8a9142798: 895c 2428 | 4c8b 5424 | 504c 8954 | 2448 4c89 | 6c24 604c | 8b94 2488 | 0000 004c | 8954 2470 
  0x000001f8a91427b8: 4c89 5424 | 784c 8b94 | 2498 0000 | 004c 8994 | 2490 0000 | 004c 8984 | 24a0 0000 | 0066 6690 
  0x000001f8a91427d8: ;   {runtime_call UncommonTrapBlob}
  0x000001f8a91427d8: c5f8 77e8 

  0x000001f8a91427dc: ; ImmutableOopMap {rbp=NarrowOop [32]=Oop [72]=Oop [88]=Oop [96]=Oop [112]=Oop [120]=Oop [160]=Oop [168]=Oop [176]=NarrowOop [256]=Oop }
                      ;*checkcast {reexecute=0 rethrow=0 return_oop=0}
                      ; - java.util.jar.JarFile::getManifestFromReference@14
                      ; - java.util.jar.JarFile::getManifest@1
                      ; - jdk.internal.loader.URLClassPath$JarLoader$2::getManifest@22
                      ; - java.net.URLClassLoader::defineClass@34
                      ; - java.net.URLClassLoader$1::run@43
                      ; - java.net.URLClassLoader$1::run@1
                      ; - java.security.AccessController::executePrivileged@29
                      ; - java.security.AccessController::doPrivileged@13
                      ; - java.net.URLClassLoader::findClass@13
                      ; - java.lang.ClassLoader::loadClass@69
  0x000001f8a91427dc: a01b 7aff 

  0x000001f8a91427e0: ;   {other}
  0x000001f8a91427e0: 0f1f 8400 | 50a4 00e4 | 488b e8e9 | b081 ffff | 448b 5008 | 0f1f 8400 | 0000 0000 | 6666 6690 
  0x000001f8a9142800: ;   {metadata('java/lang/ClassNotFoundException')}
  0x000001f8a9142800: 4181 fa88 | 9306 000f | 845f 69ff | ff48 8be8 | e98b 81ff | ff48 8be8 | e983 81ff | ff48 8be8 
  0x000001f8a9142820: e97b 81ff | ff48 8be8 | e973 81ff | ffba f6ff | ffff 488b | 6c24 4844 | 8b54 2430 | 4489 5424 
  0x000001f8a9142840: 2866 6690 

  0x000001f8a9142844: ;   {runtime_call UncommonTrapBlob}
  0x000001f8a9142844: c5f8 77e8 

  0x000001f8a9142848: ; ImmutableOopMap {rbp=Oop [80]=Oop [136]=Oop }
                      ;*arraylength {reexecute=0 rethrow=0 return_oop=0}
                      ; - java.lang.String::isEmpty@4
                      ; - java.lang.ClassLoader::checkName@5
                      ; - java.lang.ClassLoader::findLoadedClass@1
                      ; - java.lang.ClassLoader::loadClass@10
  0x000001f8a9142848: 341b 7aff 

  0x000001f8a914284c: ;   {other}
  0x000001f8a914284c: 0f1f 8400 | bca4 00e5 | baf6 ffff | ff44 8b54 | 2430 4489 | 5424 204c | 8b54 2438 | 4c89 5424 
  0x000001f8a914286c: 304c 8b54 | 2440 4c89 | 5424 384c | 8b54 2450 | 4c89 5424 | 404c 8b94 | 2488 0000 | 0048 895c 
  0x000001f8a914288c: 2450 4c89 | 5424 584c | 8974 2460 

  0x000001f8a9142898: ;   {runtime_call UncommonTrapBlob}
  0x000001f8a9142898: c5f8 77e8 

  0x000001f8a914289c: ; ImmutableOopMap {[64]=Oop [80]=Oop [88]=Oop [96]=Oop [136]=Oop }
                      ;*arraylength {reexecute=0 rethrow=0 return_oop=0}
                      ; - java.lang.StringLatin1::replace@8
                      ; - java.lang.String::replace@18
                      ; - java.net.URLClassLoader$1::run@8
                      ; - java.net.URLClassLoader$1::run@1
                      ; - java.security.AccessController::executePrivileged@29
                      ; - java.security.AccessController::doPrivileged@13
                      ; - java.net.URLClassLoader::findClass@13
                      ; - java.lang.ClassLoader::loadClass@69
  0x000001f8a914289c: e01a 7aff 

  0x000001f8a91428a0: ;   {other}
  0x000001f8a91428a0: 0f1f 8400 | 10a5 00e6 | ba45 ffff | ff48 8b6c | 2448 4c89 | 5424 2044 | 8b54 2430 | 4489 5424 
  0x000001f8a91428c0: 284c 8b54 | 2450 4c89 | 5424 3890 

  0x000001f8a91428cc: ;   {runtime_call UncommonTrapBlob}
  0x000001f8a91428cc: c5f8 77e8 

  0x000001f8a91428d0: ; ImmutableOopMap {rbp=Oop [32]=Oop [56]=Oop }
                      ;*ifnull {reexecute=1 rethrow=0 return_oop=0}
                      ; - (reexecute) java.lang.ClassLoader::checkName@1
                      ; - java.lang.ClassLoader::findLoadedClass@1
                      ; - java.lang.ClassLoader::loadClass@10
  0x000001f8a91428d0: ac1a 7aff 

  0x000001f8a91428d4: ;   {other}
  0x000001f8a91428d4: 0f1f 8400 | 44a5 00e7 | baf6 ffff | ff48 8bac | 2490 0000 | 0044 8b54 | 2430 4489 | 5424 204c 
  0x000001f8a91428f4: 8b54 2438 | 4c89 5424 | 304c 8b54 | 2440 4c89 | 5424 384c | 8b54 2450 | 4c89 5424 | 404c 8b94 
  0x000001f8a9142914: 2488 0000 | 004c 8954 | 2448 4c8b | 5424 584c | 8954 2450 | 448b 5424 | 6044 8954 | 2424 4c8b 
  0x000001f8a9142934: 5424 7844 | 8b5c 2468 | 4489 5c24 | 604c 8954 | 2468 6690 

  0x000001f8a9142948: ;   {runtime_call UncommonTrapBlob}
  0x000001f8a9142948: c5f8 77e8 

  0x000001f8a914294c: ; ImmutableOopMap {rbp=Oop [36]=NarrowOop [64]=Oop [72]=Oop [80]=Oop [104]=Oop [152]=Oop [160]=Oop [168]=Oop }
                      ;*arraylength {reexecute=0 rethrow=0 return_oop=0}
                      ; - java.lang.StringLatin1::charAt@2
                      ; - java.lang.String::charAt@12
                      ; - java.io.WinNTFileSystem::normalize@31
                      ; - java.io.File::<init>@73
                      ; - jdk.internal.loader.URLClassPath$FileLoader::getResource@73
                      ; - jdk.internal.loader.URLClassPath::getResource@53
                      ; - java.net.URLClassLoader$1::run@26
                      ; - java.net.URLClassLoader$1::run@1
                      ; - java.security.AccessController::executePrivileged@29
                      ; - java.security.AccessController::doPrivileged@13
                      ; - java.net.URLClassLoader::findClass@13
                      ; - java.lang.ClassLoader::loadClass@69
  0x000001f8a914294c: 301a 7aff 

  0x000001f8a9142950: ;   {other}
  0x000001f8a9142950: 0f1f 8400 | c0a5 00e8 | baf6 ffff | ff48 8bac | 2490 0000 | 0044 8b54 | 2430 4489 | 5424 204c 
  0x000001f8a9142970: 8b54 2438 | 4c89 5424 | 304c 8b54 | 2440 4c89 | 5424 384c | 8b54 2450 | 4c89 5424 | 404c 8b94 
  0x000001f8a9142990: 2488 0000 | 004c 8954 | 2448 4c8b | 5424 584c | 8954 2450 | 4c89 6c24 | 7066 6690 

  0x000001f8a91429ac: ;   {runtime_call UncommonTrapBlob}
  0x000001f8a91429ac: c5f8 77e8 

  0x000001f8a91429b0: ; ImmutableOopMap {rbp=Oop [64]=Oop [72]=Oop [80]=Oop [112]=Oop }
                      ;*arraylength {reexecute=0 rethrow=0 return_oop=0}
                      ; - java.lang.String::length@4
                      ; - java.lang.String::lastIndexOf@3
                      ; - java.net.URLClassLoader::defineClass@7
                      ; - java.net.URLClassLoader$1::run@43
                      ; - java.net.URLClassLoader$1::run@1
                      ; - java.security.AccessController::executePrivileged@29
                      ; - java.security.AccessController::doPrivileged@13
                      ; - java.net.URLClassLoader::findClass@13
                      ; - java.lang.ClassLoader::loadClass@69
  0x000001f8a91429b0: cc19 7aff 

  0x000001f8a91429b4: ;   {other}
  0x000001f8a91429b4: 0f1f 8400 | 24a6 00e9 | baf6 ffff | ff44 8b54 | 2430 4489 | 5424 204c | 8b54 2438 | 4c89 5424 
  0x000001f8a91429d4: 304c 8b54 | 2440 4c89 | 5424 384c | 8b54 2450 | 4c89 5424 | 404c 8b54 | 2458 4c89 | 5424 504c 
  0x000001f8a91429f4: 8b54 2470 | 4c89 5424 | 5866 6690 

  0x000001f8a9142a00: ;   {runtime_call UncommonTrapBlob}
  0x000001f8a9142a00: c5f8 77e8 

  0x000001f8a9142a04: ; ImmutableOopMap {[64]=Oop [80]=Oop [88]=Oop [128]=Oop [136]=Oop [144]=Oop }
                      ;*arraylength {reexecute=0 rethrow=0 return_oop=0}
                      ; - java.net.URLClassLoader::defineClass@217
                      ; - java.net.URLClassLoader$1::run@43
                      ; - java.net.URLClassLoader$1::run@1
                      ; - java.security.AccessController::executePrivileged@29
                      ; - java.security.AccessController::doPrivileged@13
                      ; - java.net.URLClassLoader::findClass@13
                      ; - java.lang.ClassLoader::loadClass@69
  0x000001f8a9142a04: 7819 7aff 

  0x000001f8a9142a08: ;   {other}
  0x000001f8a9142a08: 0f1f 8400 | 78a6 00ea | baf6 ffff | ff48 8bac | 2490 0000 | 0044 8b54 | 2430 4489 | 5424 204c 
  0x000001f8a9142a28: 8b54 2438 | 4c89 5424 | 304c 8b54 | 2440 4c89 | 5424 384c | 8b54 2450 | 4c89 5424 | 404c 8b94 
  0x000001f8a9142a48: 2488 0000 | 004c 8954 | 2448 4c8b | 5424 584c | 8954 2450 | 4c89 6c24 | 5866 6690 

  0x000001f8a9142a64: ;   {runtime_call UncommonTrapBlob}
  0x000001f8a9142a64: c5f8 77e8 

  0x000001f8a9142a68: ; ImmutableOopMap {rbp=Oop [64]=Oop [72]=Oop [80]=Oop [88]=Oop [168]=Oop [176]=NarrowOop [256]=Oop }
                      ;*getfield jar {reexecute=1 rethrow=0 return_oop=0}
                      ; - (reexecute) jdk.internal.loader.URLClassPath$JarLoader$2::getManifest@7
                      ; - java.net.URLClassLoader::defineClass@34
                      ; - java.net.URLClassLoader$1::run@43
                      ; - java.net.URLClassLoader$1::run@1
                      ; - java.security.AccessController::executePrivileged@29
                      ; - java.security.AccessController::doPrivileged@13
                      ; - java.net.URLClassLoader::findClass@13
                      ; - java.lang.ClassLoader::loadClass@69
  0x000001f8a9142a68: 1419 7aff 

  0x000001f8a9142a6c: ;   {other}
  0x000001f8a9142a6c: 0f1f 8400 | dca6 00eb | baf6 ffff | ff48 8bac | 2490 0000 | 0044 8b54 | 2430 4489 | 5424 204c 
  0x000001f8a9142a8c: 8b54 2438 | 4c89 5424 | 304c 8b54 | 2440 4c89 | 5424 384c | 8b54 2450 | 4c89 5424 | 404c 8b54 
  0x000001f8a9142aac: 2458 4c89 | 5424 504c | 896c 2458 | 4c8b 9424 | 8800 0000 | 4c89 5424 | 684c 8954 | 2470 6690 
  0x000001f8a9142acc: ;   {runtime_call UncommonTrapBlob}
  0x000001f8a9142acc: c5f8 77e8 

  0x000001f8a9142ad0: ; ImmutableOopMap {rbp=Oop [64]=Oop [80]=Oop [88]=Oop [104]=Oop [112]=Oop [168]=Oop [176]=NarrowOop [256]=Oop }
                      ;*getfield jar {reexecute=1 rethrow=0 return_oop=0}
                      ; - (reexecute) jdk.internal.loader.URLClassPath$JarLoader$2::getManifest@19
                      ; - java.net.URLClassLoader::defineClass@34
                      ; - java.net.URLClassLoader$1::run@43
                      ; - java.net.URLClassLoader$1::run@1
                      ; - java.security.AccessController::executePrivileged@29
                      ; - java.security.AccessController::doPrivileged@13
                      ; - java.net.URLClassLoader::findClass@13
                      ; - java.lang.ClassLoader::loadClass@69
  0x000001f8a9142ad0: ac18 7aff 

  0x000001f8a9142ad4: ;   {other}
  0x000001f8a9142ad4: 0f1f 8400 | 44a7 00ec | baf6 ffff | ff48 8bac | 2490 0000 | 0044 8b5c | 2430 4489 | 5c24 204c 
  0x000001f8a9142af4: 8b54 2438 | 4c89 5424 | 304c 8b54 | 2440 4c89 | 5424 384c | 8b54 2450 | 4c89 5424 | 404c 8b54 
  0x000001f8a9142b14: 2458 4c89 | 5424 504c | 896c 2458 | 4c8b 9424 | 8800 0000 | 4c89 5424 | 684c 8954 | 2470 6690 
  0x000001f8a9142b34: ;   {runtime_call UncommonTrapBlob}
  0x000001f8a9142b34: c5f8 77e8 

  0x000001f8a9142b38: ; ImmutableOopMap {rbp=Oop [64]=Oop [80]=Oop [88]=Oop [104]=Oop [112]=Oop [168]=Oop [176]=NarrowOop [256]=Oop }
                      ;*invokevirtual getManifest {reexecute=0 rethrow=0 return_oop=0}
                      ; - jdk.internal.loader.URLClassPath$JarLoader$2::getManifest@22
                      ; - java.net.URLClassLoader::defineClass@34
                      ; - java.net.URLClassLoader$1::run@43
                      ; - java.net.URLClassLoader$1::run@1
                      ; - java.security.AccessController::executePrivileged@29
                      ; - java.security.AccessController::doPrivileged@13
                      ; - java.net.URLClassLoader::findClass@13
                      ; - java.lang.ClassLoader::loadClass@69
  0x000001f8a9142b38: 4418 7aff 

  0x000001f8a9142b3c: ;   {other}
  0x000001f8a9142b3c: 0f1f 8400 | aca7 00ed | baf6 ffff | ff48 8bac | 2490 0000 | 0044 8b44 | 2430 4489 | 4424 204c 
  0x000001f8a9142b5c: 8b5c 2438 | 4c89 5c24 | 304c 8b5c | 2440 4c89 | 5c24 384c | 8b5c 2450 | 4c89 5c24 | 404c 8b9c 
  0x000001f8a9142b7c: 2488 0000 | 004c 895c | 2448 4c8b | 5c24 584c | 895c 2450 | 4c89 6c24 | 5889 5c24 | 244c 8994 
  0x000001f8a9142b9c: 2480 0000 | 0066 6690 

  0x000001f8a9142ba4: ;   {runtime_call UncommonTrapBlob}
  0x000001f8a9142ba4: c5f8 77e8 

  0x000001f8a9142ba8: ; ImmutableOopMap {rbp=Oop [64]=Oop [72]=Oop [80]=Oop [88]=Oop [128]=Oop }
                      ;*getfield csu {reexecute=1 rethrow=0 return_oop=0}
                      ; - (reexecute) jdk.internal.loader.URLClassPath$JarLoader$2::getCodeSourceURL@4
                      ; - java.net.URLClassLoader::defineClass@13
                      ; - java.net.URLClassLoader$1::run@43
                      ; - java.net.URLClassLoader$1::run@1
                      ; - java.security.AccessController::executePrivileged@29
                      ; - java.security.AccessController::doPrivileged@13
                      ; - java.net.URLClassLoader::findClass@13
                      ; - java.lang.ClassLoader::loadClass@69
  0x000001f8a9142ba8: d417 7aff 

  0x000001f8a9142bac: ;   {other}
  0x000001f8a9142bac: 0f1f 8400 | 1ca8 00ee | baf6 ffff | ff44 8b44 | 2430 4489 | 4424 204c | 8b54 2438 | 4c89 5424 
  0x000001f8a9142bcc: 304c 8b54 | 2440 4c89 | 5424 384c | 8b54 2450 | 4c89 5424 | 404c 8b54 | 2458 4c89 | 5424 504c 
  0x000001f8a9142bec: 896c 2458 | 4c89 5c24 | 604c 8b94 | 2488 0000 | 004c 8954 | 2468 4c89 | 5424 704c | 895c 2478 
  0x000001f8a9142c0c: 4c8b 9424 | 9800 0000 | 4c89 9424 | 8800 0000 | 4c89 8c24 | 9000 0000 | 4c89 b424 | 9800 0000 
  0x000001f8a9142c2c: ;   {runtime_call UncommonTrapBlob}
  0x000001f8a9142c2c: c5f8 77e8 

  0x000001f8a9142c30: ; ImmutableOopMap {[64]=Oop [80]=Oop [88]=Oop [96]=Oop [104]=Oop [112]=Oop [120]=Oop [144]=Oop [152]=Oop [168]=Oop [176]=NarrowOop }
                      ;*arraylength {reexecute=0 rethrow=0 return_oop=0}
                      ; - java.lang.String::isEmpty@4
                      ; - java.lang.ClassLoader::definePackage@1
                      ; - java.lang.ClassLoader::getDefinedPackage@32
                      ; - java.net.URLClassLoader::getAndVerifyPackage@2
                      ; - java.net.URLClassLoader::defineClass@46
                      ; - java.net.URLClassLoader$1::run@43
                      ; - java.net.URLClassLoader$1::run@1
                      ; - java.security.AccessController::executePrivileged@29
                      ; - java.security.AccessController::doPrivileged@13
                      ; - java.net.URLClassLoader::findClass@13
                      ; - java.lang.ClassLoader::loadClass@69
  0x000001f8a9142c30: 4c17 7aff 

  0x000001f8a9142c34: ;   {other}
  0x000001f8a9142c34: 0f1f 8400 | a4a8 00ef | ba45 ffff | ff48 8bac | 2490 0000 | 0044 8b44 | 2430 4489 | 4424 204c 
  0x000001f8a9142c54: 8b5c 2438 | 4c89 5c24 | 304c 8b5c | 2440 4c89 | 5c24 384c | 8b5c 2450 | 4c89 5c24 | 404c 8b9c 
  0x000001f8a9142c74: 2488 0000 | 004c 895c | 2448 4c8b | 5c24 584c | 895c 2450 | 4c89 6c24 | 584c 8b9c | 24a8 0000 
  0x000001f8a9142c94: 004c 899c | 2480 0000 | 004c 8b9c | 2498 0000 | 004c 899c | 2488 0000 | 0044 8994 | 24a4 0000 
  0x000001f8a9142cb4: 0066 6690 

  0x000001f8a9142cb8: ;   {runtime_call UncommonTrapBlob}
  0x000001f8a9142cb8: c5f8 77e8 

  0x000001f8a9142cbc: ; ImmutableOopMap {rbp=Oop [64]=Oop [72]=Oop [80]=Oop [88]=Oop [128]=Oop [164]=NarrowOop [176]=NarrowOop [256]=Oop }
                      ;*ifnonnull {reexecute=1 rethrow=0 return_oop=0}
                      ; - (reexecute) jdk.internal.access.SharedSecrets::javaUtilJarAccess@5
                      ; - jdk.internal.loader.URLClassPath$JarLoader$2::getManifest@0
                      ; - java.net.URLClassLoader::defineClass@34
                      ; - java.net.URLClassLoader$1::run@43
                      ; - java.net.URLClassLoader$1::run@1
                      ; - java.security.AccessController::executePrivileged@29
                      ; - java.security.AccessController::doPrivileged@13
                      ; - java.net.URLClassLoader::findClass@13
                      ; - java.lang.ClassLoader::loadClass@69
  0x000001f8a9142cbc: c016 7aff 

  0x000001f8a9142cc0: ;   {other}
  0x000001f8a9142cc0: 0f1f 8400 | 30a9 00f0 | ba45 ffff | ff4c 8b94 | 2490 0000 | 004c 8954 | 2420 448b | 5424 3044 
  0x000001f8a9142ce0: 8954 2428 | 4c8b 5424 | 504c 8954 | 2448 4c89 | 6c24 604c | 8b94 2488 | 0000 004c | 8954 2470 
  0x000001f8a9142d00: 4c89 5424 | 784c 8b94 | 2498 0000 | 004c 8994 | 2490 0000 | 004c 8984 | 24a0 0000 | 0066 6690 
  0x000001f8a9142d20: ;   {runtime_call UncommonTrapBlob}
  0x000001f8a9142d20: c5f8 77e8 

  0x000001f8a9142d24: ; ImmutableOopMap {rbp=NarrowOop [32]=Oop [72]=Oop [88]=Oop [96]=Oop [112]=Oop [120]=Oop [160]=Oop [168]=Oop [176]=NarrowOop [256]=Oop }
                      ;*ifnull {reexecute=1 rethrow=0 return_oop=0}
                      ; - (reexecute) java.lang.ref.SoftReference::get@6
                      ; - java.util.jar.JarFile::getManifestFromReference@11
                      ; - java.util.jar.JarFile::getManifest@1
                      ; - jdk.internal.loader.URLClassPath$JarLoader$2::getManifest@22
                      ; - java.net.URLClassLoader::defineClass@34
                      ; - java.net.URLClassLoader$1::run@43
                      ; - java.net.URLClassLoader$1::run@1
                      ; - java.security.AccessController::executePrivileged@29
                      ; - java.security.AccessController::doPrivileged@13
                      ; - java.net.URLClassLoader::findClass@13
                      ; - java.lang.ClassLoader::loadClass@69
  0x000001f8a9142d24: 5816 7aff 

  0x000001f8a9142d28: ;   {other}
  0x000001f8a9142d28: 0f1f 8400 | 98a9 00f1 | baf4 ffff | ff48 8b6c | 2478 448b | 5c24 3044 | 895c 2420 | 4c8b 5424 
  0x000001f8a9142d48: 384c 8954 | 2430 4c8b | 5424 404c | 8954 2438 | 4c8b 5424 | 504c 8954 | 2440 4c8b | 5424 584c 
  0x000001f8a9142d68: 8954 2450 | 4c8b 5424 | 704c 8954 | 2458 4c8b | 9424 8800 | 0000 4c89 | 5424 684c | 8b94 2488 
  0x000001f8a9142d88: 0000 004c | 8954 2478 | 4c8b 9424 | a800 0000 | 4c89 9424 | 8800 0000 | 4c8b 9424 | 9800 0000 
  0x000001f8a9142da8: 4c89 9424 | 9000 0000 

  0x000001f8a9142db0: ;   {runtime_call UncommonTrapBlob}
  0x000001f8a9142db0: c5f8 77e8 

  0x000001f8a9142db4: ; ImmutableOopMap {rbp=Oop [64]=Oop [80]=Oop [88]=Oop [104]=Oop [120]=Oop [136]=Oop [160]=Oop [176]=NarrowOop [184]=Oop }
                      ;*checkcast {reexecute=0 rethrow=0 return_oop=0}
                      ; - java.lang.ClassLoader::definePackage@81
                      ; - java.lang.ClassLoader::getDefinedPackage@32
                      ; - java.net.URLClassLoader::getAndVerifyPackage@2
                      ; - java.net.URLClassLoader::defineClass@46
                      ; - java.net.URLClassLoader$1::run@43
                      ; - java.net.URLClassLoader$1::run@1
                      ; - java.security.AccessController::executePrivileged@29
                      ; - java.security.AccessController::doPrivileged@13
                      ; - java.net.URLClassLoader::findClass@13
                      ; - java.lang.ClassLoader::loadClass@69
  0x000001f8a9142db4: c815 7aff 

  0x000001f8a9142db8: ;   {other}
  0x000001f8a9142db8: 0f1f 8400 | 28aa 00f2 | 488b d844 | 8b50 0849 | bb00 0000 | b6f8 0100 | 004d 03da | 4d8b 5340 
  0x000001f8a9142dd8: ;   {metadata('java/lang/Exception')}
  0x000001f8a9142dd8: 49bb 20c0 | 00b6 f801 | 0000 4d3b | d30f 84fe | 9aff ffe9 | 83df ffff | 488b d844 | 8b58 0849 
  0x000001f8a9142df8: ba00 0000 | b6f8 0100 | 004d 03d3 | 4d8b 5240 

  0x000001f8a9142e08: ;   {metadata('java/lang/Exception')}
  0x000001f8a9142e08: 49bb 20c0 | 00b6 f801 | 0000 4d3b | d30f 84ce | 9aff ff0f | 1f44 0000 | e94e dfff | ff48 8bd8 
  0x000001f8a9142e28: 448b 5008 | 49bb 0000 | 00b6 f801 | 0000 4d03 | da4d 8b53 

  0x000001f8a9142e3c: ;   {metadata('java/lang/Exception')}
  0x000001f8a9142e3c: 4049 bb20 | c000 b6f8 | 0100 004d | 3bd3 0f84 | 999a ffff | e91e dfff | ff48 8bd8 | 448b 5008 
  0x000001f8a9142e5c: 49bb 0000 | 00b6 f801 | 0000 4d03 | da4d 8b53 

  0x000001f8a9142e6c: ;   {metadata('java/lang/Exception')}
  0x000001f8a9142e6c: 4049 bb20 | c000 b6f8 | 0100 0066 | 0f1f 8400 | 0000 0000 | 4d3b d30f | 8460 9aff | ffe9 e5de 
  0x000001f8a9142e8c: ffff 488b | d844 8b58 | 0849 ba00 | 0000 b6f8 | 0100 004d | 03d3 4d8b 

  0x000001f8a9142ea4: ;   {metadata('java/lang/Exception')}
  0x000001f8a9142ea4: 5240 49bb | 20c0 00b6 | f801 0000 | 4d3b d30f | 8430 9aff | ffe9 b5de | ffff 488b | d844 8b58 
  0x000001f8a9142ec4: 0849 ba00 | 0000 b6f8 | 0100 004d | 03d3 4d8b 

  0x000001f8a9142ed4: ;   {metadata('java/lang/Exception')}
  0x000001f8a9142ed4: 5240 49bb | 20c0 00b6 | f801 0000 | 4d3b d30f | 8400 9aff | ffe9 85de | ffff 488b | d844 8b50 
  0x000001f8a9142ef4: 0849 bb00 | 0000 b6f8 | 0100 004d | 03da 4d8b 

  0x000001f8a9142f04: ;   {metadata('java/lang/Exception')}
  0x000001f8a9142f04: 5340 49bb | 20c0 00b6 | f801 0000 | 4d3b d30f | 84d0 99ff | ffe9 55de | ffff ba45 | ffff ff8b 
  0x000001f8a9142f24: 4c24 3089 | 4c24 2848 | 8b4c 2450 | 4889 4c24 | 484c 896c | 2460 4c89 | 5c24 684c | 895c 2478 
  0x000001f8a9142f44: 4c8b 9c24 | a800 0000 | 4c89 9c24 | a000 0000 | 4c89 8c24 | c000 0000 | 4c89 b424 | c800 0000 
  0x000001f8a9142f64: 4c89 8c24 | d000 0000 | 4489 8424 | b400 0000 | 4489 9424 | e000 0000 

  0x000001f8a9142f7c: ;   {runtime_call UncommonTrapBlob}
  0x000001f8a9142f7c: c5f8 77e8 

  0x000001f8a9142f80: ; ImmutableOopMap {rbp=NarrowOop [72]=Oop [88]=Oop [96]=Oop [104]=Oop [120]=Oop [136]=Oop [160]=Oop [176]=NarrowOop [180]=NarrowOop [192]=Oop [200]=Oop [208]=Oop }
                      ;*ifnull {reexecute=1 rethrow=0 return_oop=0}
                      ; - (reexecute) java.util.concurrent.ConcurrentHashMap::get@67
                      ; - java.lang.ClassLoader::getDefinedPackage@13
                      ; - java.net.URLClassLoader::getAndVerifyPackage@2
                      ; - java.net.URLClassLoader::defineClass@46
                      ; - java.net.URLClassLoader$1::run@43
                      ; - java.net.URLClassLoader$1::run@1
                      ; - java.security.AccessController::executePrivileged@29
                      ; - java.security.AccessController::doPrivileged@13
                      ; - java.net.URLClassLoader::findClass@13
                      ; - java.lang.ClassLoader::loadClass@69
  0x000001f8a9142f80: fc13 7aff 

  0x000001f8a9142f84: ;   {other}
  0x000001f8a9142f84: 0f1f 8400 | f4ab 00f3 | baf6 ffff | ff48 8bac | 2490 0000 | 0044 8b54 | 2430 4489 | 5424 204c 
  0x000001f8a9142fa4: 8b54 2438 | 4c89 5424 | 304c 8b54 | 2440 4c89 | 5424 384c | 8b54 2450 | 4c89 5424 | 404c 8b94 
  0x000001f8a9142fc4: 2488 0000 | 004c 8954 | 2448 4c8b | 5424 584c | 8954 2450 | 448b 5424 | 6044 8954 | 2424 4c8b 
  0x000001f8a9142fe4: 5424 7844 | 8b5c 2468 | 4489 5c24 | 604c 8954 | 2468 6690 

  0x000001f8a9142ff8: ;   {runtime_call UncommonTrapBlob}
  0x000001f8a9142ff8: c5f8 77e8 

  0x000001f8a9142ffc: ; ImmutableOopMap {rbp=Oop [36]=NarrowOop [64]=Oop [72]=Oop [80]=Oop [104]=Oop [152]=Oop [160]=Oop [168]=Oop }
                      ;*arraylength {reexecute=0 rethrow=0 return_oop=0}
                      ; - java.lang.StringLatin1::charAt@2
                      ; - java.lang.String::charAt@12
                      ; - java.io.WinNTFileSystem::normalize@31
                      ; - java.io.File::<init>@73
                      ; - jdk.internal.loader.URLClassPath$FileLoader::getResource@118
                      ; - jdk.internal.loader.URLClassPath::getResource@53
                      ; - java.net.URLClassLoader$1::run@26
                      ; - java.net.URLClassLoader$1::run@1
                      ; - java.security.AccessController::executePrivileged@29
                      ; - java.security.AccessController::doPrivileged@13
                      ; - java.net.URLClassLoader::findClass@13
                      ; - java.lang.ClassLoader::loadClass@69
  0x000001f8a9142ffc: 8013 7aff 

  0x000001f8a9143000: ;   {other}
  0x000001f8a9143000: 0f1f 8400 | 70ac 00f4 | baf6 ffff | ff48 8bac | 2490 0000 | 0044 8b5c | 2430 4489 | 5c24 204c 
  0x000001f8a9143020: 8b54 2438 | 4c89 5424 | 304c 8b54 | 2440 4c89 | 5424 384c | 8b54 2450 | 4c89 5424 | 404c 8b54 
  0x000001f8a9143040: 2458 4c89 | 5424 504c | 8b54 2470 | 4c89 5424 | 584c 8b94 | 2488 0000 | 004c 8954 | 2468 4c89 
  0x000001f8a9143060: 5424 704c | 8b94 24a8 | 0000 004c | 8994 2480 | 0000 004c | 8b94 2498 | 0000 004c | 8994 2488 
  0x000001f8a9143080: 0000 0044 | 8b94 24a0 | 0000 0044 | 8954 2424 | 4c8b 9424 | b800 0000 | 4c89 9424 | 9800 0000 
  0x000001f8a91430a0: 4c8b 9424 | c000 0000 | 4c89 9424 | b000 0000 | 4c89 8424 | b800 0000 

  0x000001f8a91430b8: ;   {runtime_call UncommonTrapBlob}
  0x000001f8a91430b8: c5f8 77e8 

  0x000001f8a91430bc: ; ImmutableOopMap {rbp=Oop [36]=NarrowOop [64]=Oop [80]=Oop [88]=Oop [104]=Oop [112]=Oop [128]=Oop [152]=Oop [164]=NarrowOop [176]=Oop [184]=Oop [192]=Oop [256]=Oop }
                      ;*arraylength {reexecute=0 rethrow=0 return_oop=0}
                      ; - java.io.ByteArrayInputStream::<init>@21
                      ; - java.util.jar.JarFile::getManifestFromReference@114
                      ; - java.util.jar.JarFile::getManifest@1
                      ; - jdk.internal.loader.URLClassPath$JarLoader$2::getManifest@22
                      ; - java.net.URLClassLoader::defineClass@34
                      ; - java.net.URLClassLoader$1::run@43
                      ; - java.net.URLClassLoader$1::run@1
                      ; - java.security.AccessController::executePrivileged@29
                      ; - java.security.AccessController::doPrivileged@13
                      ; - java.net.URLClassLoader::findClass@13
                      ; - java.lang.ClassLoader::loadClass@69
  0x000001f8a91430bc: c012 7aff 

  0x000001f8a91430c0: ;   {other}
  0x000001f8a91430c0: 0f1f 8400 | 30ad 00f5 | 4c8b d0e9 | 38db ffff | baf6 ffff | ff48 8bac | 2490 0000 | 0044 8b5c 
  0x000001f8a91430e0: 2430 4489 | 5c24 204c | 8b5c 2438 | 4c89 5c24 | 304c 8b5c | 2440 4c89 | 5c24 384c | 8b5c 2450 
  0x000001f8a9143100: 4c89 5c24 | 404c 8b9c | 2488 0000 | 004c 895c | 2448 4c8b | 5c24 584c | 895c 2450 | 448b 4424 
  0x000001f8a9143120: 6044 8944 | 2424 448b | 5c24 6844 | 895c 2460 | 4c8b 5c24 | 784c 895c | 2468 4c89 | 8c24 8000 
  0x000001f8a9143140: 0000 4889 | 8c24 8800 | 0000 4489 | 5424 6490 

  0x000001f8a9143150: ;   {runtime_call UncommonTrapBlob}
  0x000001f8a9143150: c5f8 77e8 

  0x000001f8a9143154: ; ImmutableOopMap {rbp=Oop [36]=NarrowOop [64]=Oop [72]=Oop [80]=Oop [100]=NarrowOop [104]=Oop [128]=Oop [136]=Oop }
                      ;*invokevirtual getFile {reexecute=0 rethrow=0 return_oop=0}
                      ; - jdk.internal.loader.URLClassPath$FileLoader::getResource@28
                      ; - jdk.internal.loader.URLClassPath::getResource@53
                      ; - java.net.URLClassLoader$1::run@26
                      ; - java.net.URLClassLoader$1::run@1
                      ; - java.security.AccessController::executePrivileged@29
                      ; - java.security.AccessController::doPrivileged@13
                      ; - java.net.URLClassLoader::findClass@13
                      ; - java.lang.ClassLoader::loadClass@69
  0x000001f8a9143154: 2812 7aff 

  0x000001f8a9143158: ;   {other}
  0x000001f8a9143158: 0f1f 8400 | c8ad 00f6 | 488b d844 | 8b50 0849 | bb00 0000 | b6f8 0100 | 004d 03da | 4d8b 5340 
  0x000001f8a9143178: ;   {metadata('java/lang/Exception')}
  0x000001f8a9143178: 49bb 20c0 | 00b6 f801 | 0000 4d3b | d30f 845e | 97ff ffe9 | e3db ffff | baf6 ffff | ff44 8b5c 
  0x000001f8a9143198: 2430 4489 | 5c24 204c | 8b54 2438 | 4c89 5424 | 304c 8b54 | 2440 4c89 | 5424 384c | 8b54 2450 
  0x000001f8a91431b8: 4c89 5424 | 404c 8b94 | 2488 0000 | 004c 8954 | 2448 4c8b | 5424 584c | 8954 2450 | 448b 5424 
  0x000001f8a91431d8: 6044 8954 | 2424 4c8b | 5424 7844 | 8b5c 2468 | 4489 5c24 | 604c 8954 | 2468 6690 

  0x000001f8a91431f4: ;   {runtime_call UncommonTrapBlob}
  0x000001f8a91431f4: c5f8 77e8 

  0x000001f8a91431f8: ; ImmutableOopMap {rbp=Oop [36]=NarrowOop [64]=Oop [72]=Oop [80]=Oop [104]=Oop [152]=Oop [160]=Oop [168]=Oop }
                      ;*invokevirtual isEmpty {reexecute=0 rethrow=0 return_oop=0}
                      ; - java.io.File::<init>@29
                      ; - jdk.internal.loader.URLClassPath$FileLoader::getResource@73
                      ; - jdk.internal.loader.URLClassPath::getResource@53
                      ; - java.net.URLClassLoader$1::run@26
                      ; - java.net.URLClassLoader$1::run@1
                      ; - java.security.AccessController::executePrivileged@29
                      ; - java.security.AccessController::doPrivileged@13
                      ; - java.net.URLClassLoader::findClass@13
                      ; - java.lang.ClassLoader::loadClass@69
  0x000001f8a91431f8: 8411 7aff 

  0x000001f8a91431fc: ;   {other}
  0x000001f8a91431fc: 0f1f 8400 | 6cae 00f7 | baf6 ffff | ff44 8b54 | 2430 4489 | 5424 204c | 8b54 2438 | 4c89 5424 
  0x000001f8a914321c: 304c 8b54 | 2440 4c89 | 5424 384c | 8b54 2450 | 4c89 5424 | 404c 8b94 | 2488 0000 | 004c 8954 
  0x000001f8a914323c: 2448 4c8b | 5424 584c | 8954 2450 | 448b 5424 | 6044 8954 | 2424 4c8b | 5424 7844 | 8b5c 2468 
  0x000001f8a914325c: 4489 5c24 | 604c 8954 | 2468 6690 

  0x000001f8a9143268: ;   {runtime_call UncommonTrapBlob}
  0x000001f8a9143268: c5f8 77e8 

  0x000001f8a914326c: ; ImmutableOopMap {rbp=Oop [36]=NarrowOop [64]=Oop [72]=Oop [80]=Oop [104]=Oop [152]=Oop [160]=Oop [168]=Oop }
                      ;*arraylength {reexecute=0 rethrow=0 return_oop=0}
                      ; - java.lang.String::isEmpty@4
                      ; - java.io.File::<init>@29
                      ; - jdk.internal.loader.URLClassPath$FileLoader::getResource@73
                      ; - jdk.internal.loader.URLClassPath::getResource@53
                      ; - java.net.URLClassLoader$1::run@26
                      ; - java.net.URLClassLoader$1::run@1
                      ; - java.security.AccessController::executePrivileged@29
                      ; - java.security.AccessController::doPrivileged@13
                      ; - java.net.URLClassLoader::findClass@13
                      ; - java.lang.ClassLoader::loadClass@69
  0x000001f8a914326c: 1011 7aff 

  0x000001f8a9143270: ;   {other}
  0x000001f8a9143270: 0f1f 8400 | e0ae 00f8 | baf6 ffff | ff44 8b54 | 2430 4489 | 5424 204c | 8b54 2438 | 4c89 5424 
  0x000001f8a9143290: 304c 8b54 | 2440 4c89 | 5424 384c | 8b54 2450 | 4c89 5424 | 404c 8b94 | 2488 0000 | 004c 8954 
  0x000001f8a91432b0: 2448 4c8b | 5424 584c | 8954 2450 | 448b 5c24 | 6044 895c | 2424 448b | 5424 6844 | 8954 2460 
  0x000001f8a91432d0: 4c8b 5424 | 784c 8954 | 2468 6690 

  0x000001f8a91432dc: ;   {runtime_call UncommonTrapBlob}
  0x000001f8a91432dc: c5f8 77e8 

  0x000001f8a91432e0: ; ImmutableOopMap {rbp=Oop [36]=NarrowOop [64]=Oop [72]=Oop [80]=Oop [104]=Oop [152]=Oop [160]=Oop [168]=Oop }
                      ;*arraylength {reexecute=0 rethrow=0 return_oop=0}
                      ; - java.lang.String::length@4
                      ; - java.io.WinNTFileSystem::normalize@1
                      ; - java.io.File::<init>@73
                      ; - jdk.internal.loader.URLClassPath$FileLoader::getResource@73
                      ; - jdk.internal.loader.URLClassPath::getResource@53
                      ; - java.net.URLClassLoader$1::run@26
                      ; - java.net.URLClassLoader$1::run@1
                      ; - java.security.AccessController::executePrivileged@29
                      ; - java.security.AccessController::doPrivileged@13
                      ; - java.net.URLClassLoader::findClass@13
                      ; - java.lang.ClassLoader::loadClass@69
  0x000001f8a91432e0: 9c10 7aff 

  0x000001f8a91432e4: ;   {other}
  0x000001f8a91432e4: 0f1f 8400 | 54af 00f9 | baf6 ffff | ff44 8b54 | 2430 4489 | 5424 204c | 8b54 2438 | 4c89 5424 
  0x000001f8a9143304: 304c 8b54 | 2440 4c89 | 5424 384c | 8b54 2450 | 4c89 5424 | 404c 8b94 | 2488 0000 | 004c 8954 
  0x000001f8a9143324: 2448 4c8b | 5424 584c | 8954 2450 | 448b 5c24 | 6044 895c | 2424 448b | 5424 6844 | 8954 2460 
  0x000001f8a9143344: 4c8b 5424 | 784c 8954 | 2468 6690 

  0x000001f8a9143350: ;   {runtime_call UncommonTrapBlob}
  0x000001f8a9143350: c5f8 77e8 

  0x000001f8a9143354: ; ImmutableOopMap {rbp=Oop [36]=NarrowOop [64]=Oop [72]=Oop [80]=Oop [104]=Oop [152]=Oop [160]=Oop [168]=Oop }
                      ;*arraylength {reexecute=0 rethrow=0 return_oop=0}
                      ; - java.lang.String::length@4
                      ; - java.io.WinNTFileSystem::prefixLength@6
                      ; - java.io.File::<init>@104
                      ; - jdk.internal.loader.URLClassPath$FileLoader::getResource@73
                      ; - jdk.internal.loader.URLClassPath::getResource@53
                      ; - java.net.URLClassLoader$1::run@26
                      ; - java.net.URLClassLoader$1::run@1
                      ; - java.security.AccessController::executePrivileged@29
                      ; - java.security.AccessController::doPrivileged@13
                      ; - java.net.URLClassLoader::findClass@13
                      ; - java.lang.ClassLoader::loadClass@69
  0x000001f8a9143354: 2810 7aff 

  0x000001f8a9143358: ;   {other}
  0x000001f8a9143358: 0f1f 8400 | c8af 00fa | baf6 ffff | ff44 8b5c | 2430 4489 | 5c24 204c | 8b54 2438 | 4c89 5424 
  0x000001f8a9143378: 304c 8b54 | 2440 4c89 | 5424 384c | 8b54 2450 | 4c89 5424 | 404c 8b94 | 2488 0000 | 004c 8954 
  0x000001f8a9143398: 2448 4c8b | 5424 584c | 8954 2450 | 448b 5c24 | 6044 895c | 2424 448b | 5424 6844 | 8954 2460 
  0x000001f8a91433b8: 4c8b 5424 | 784c 8954 | 2468 6690 

  0x000001f8a91433c4: ;   {runtime_call UncommonTrapBlob}
  0x000001f8a91433c4: c5f8 77e8 

  0x000001f8a91433c8: ; ImmutableOopMap {rbp=Oop [36]=NarrowOop [64]=Oop [72]=Oop [80]=Oop [104]=Oop [152]=Oop [160]=Oop }
                      ;*invokevirtual getPath {reexecute=0 rethrow=0 return_oop=0}
                      ; - jdk.internal.loader.URLClassPath$FileLoader::getResource@83
                      ; - jdk.internal.loader.URLClassPath::getResource@53
                      ; - java.net.URLClassLoader$1::run@26
                      ; - java.net.URLClassLoader$1::run@1
                      ; - java.security.AccessController::executePrivileged@29
                      ; - java.security.AccessController::doPrivileged@13
                      ; - java.net.URLClassLoader::findClass@13
                      ; - java.lang.ClassLoader::loadClass@69
  0x000001f8a91433c8: b40f 7aff 

  0x000001f8a91433cc: ;   {other}
  0x000001f8a91433cc: 0f1f 8400 | 3cb0 00fb | baf6 ffff | ff48 8bac | 2490 0000 | 0044 8b5c | 2430 4489 | 5c24 204c 
  0x000001f8a91433ec: 8b5c 2438 | 4c89 5c24 | 304c 8b5c | 2440 4c89 | 5c24 384c | 8b5c 2450 | 4c89 5c24 | 404c 8b9c 
  0x000001f8a914340c: 2488 0000 | 004c 895c | 2448 4c8b | 5c24 584c | 895c 2450 | 448b 5c24 | 6044 895c | 2424 4c8b 
  0x000001f8a914342c: 5c24 7844 | 8b44 2468 | 4489 4424 | 604c 895c | 2468 4889 | 8424 9000 | 0000 4489 | 5424 6490 
  0x000001f8a914344c: ;   {runtime_call UncommonTrapBlob}
  0x000001f8a914344c: c5f8 77e8 

  0x000001f8a9143450: ; ImmutableOopMap {rbp=Oop [36]=NarrowOop [64]=Oop [72]=Oop [80]=Oop [100]=NarrowOop [104]=Oop [144]=Oop [152]=Oop [160]=Oop }
                      ;*invokevirtual getPath {reexecute=0 rethrow=0 return_oop=0}
                      ; - jdk.internal.loader.URLClassPath$FileLoader::getResource@90
                      ; - jdk.internal.loader.URLClassPath::getResource@53
                      ; - java.net.URLClassLoader$1::run@26
                      ; - java.net.URLClassLoader$1::run@1
                      ; - java.security.AccessController::executePrivileged@29
                      ; - java.security.AccessController::doPrivileged@13
                      ; - java.net.URLClassLoader::findClass@13
                      ; - java.lang.ClassLoader::loadClass@69
  0x000001f8a9143450: 2c0f 7aff 

  0x000001f8a9143454: ;   {other}
  0x000001f8a9143454: 0f1f 8400 | c4b0 00fc | baf6 ffff | ff48 8bac | 2490 0000 | 0044 8b5c | 2430 4489 | 5c24 204c 
  0x000001f8a9143474: 8b54 2438 | 4c89 5424 | 304c 8b54 | 2440 4c89 | 5424 384c | 8b54 2450 | 4c89 5424 | 404c 8b94 
  0x000001f8a9143494: 2488 0000 | 004c 8954 | 2448 4c8b | 5424 584c | 8954 2450 | 448b 5c24 | 6044 895c | 2424 448b 
  0x000001f8a91434b4: 5424 6844 | 8954 2460 | 4c8b 5424 | 784c 8954 | 2468 6690 

  0x000001f8a91434c8: ;   {runtime_call UncommonTrapBlob}
  0x000001f8a91434c8: c5f8 77e8 

  0x000001f8a91434cc: ; ImmutableOopMap {rbp=Oop [36]=NarrowOop [64]=Oop [72]=Oop [80]=Oop [104]=Oop [152]=Oop [160]=Oop [168]=Oop }
                      ;*arraylength {reexecute=0 rethrow=0 return_oop=0}
                      ; - java.lang.StringLatin1::charAt@2
                      ; - java.lang.String::charAt@12
                      ; - java.io.WinNTFileSystem::prefixLength@30
                      ; - java.io.File::<init>@104
                      ; - jdk.internal.loader.URLClassPath$FileLoader::getResource@73
                      ; - jdk.internal.loader.URLClassPath::getResource@53
                      ; - java.net.URLClassLoader$1::run@26
                      ; - java.net.URLClassLoader$1::run@1
                      ; - java.security.AccessController::executePrivileged@29
                      ; - java.security.AccessController::doPrivileged@13
                      ; - java.net.URLClassLoader::findClass@13
                      ; - java.lang.ClassLoader::loadClass@69
  0x000001f8a91434cc: b00e 7aff 

  0x000001f8a91434d0: ;   {other}
  0x000001f8a91434d0: 0f1f 8400 | 40b1 00fd | baf6 ffff | ff48 8bac | 2490 0000 | 0044 8b54 | 2430 4489 | 5424 204c 
  0x000001f8a91434f0: 8b54 2438 | 4c89 5424 | 304c 8b54 | 2440 4c89 | 5424 384c | 8b54 2450 | 4c89 5424 | 404c 8b94 
  0x000001f8a9143510: 2488 0000 | 004c 8954 | 2448 4c8b | 5424 584c | 8954 2450 | 448b 5c24 | 6044 895c | 2424 448b 
  0x000001f8a9143530: 5424 6844 | 8954 2460 | 4c8b 5424 | 784c 8954 | 2468 6690 

  0x000001f8a9143544: ;   {runtime_call UncommonTrapBlob}
  0x000001f8a9143544: c5f8 77e8 

  0x000001f8a9143548: ; ImmutableOopMap {rbp=Oop [36]=NarrowOop [64]=Oop [72]=Oop [80]=Oop [104]=Oop [152]=Oop [160]=Oop [168]=Oop }
                      ;*arraylength {reexecute=0 rethrow=0 return_oop=0}
                      ; - java.lang.StringLatin1::charAt@2
                      ; - java.lang.String::charAt@12
                      ; - java.io.WinNTFileSystem::prefixLength@78
                      ; - java.io.File::<init>@104
                      ; - jdk.internal.loader.URLClassPath$FileLoader::getResource@73
                      ; - jdk.internal.loader.URLClassPath::getResource@53
                      ; - java.net.URLClassLoader$1::run@26
                      ; - java.net.URLClassLoader$1::run@1
                      ; - java.security.AccessController::executePrivileged@29
                      ; - java.security.AccessController::doPrivileged@13
                      ; - java.net.URLClassLoader::findClass@13
                      ; - java.lang.ClassLoader::loadClass@69
  0x000001f8a9143548: 340e 7aff 

  0x000001f8a914354c: ;   {other}
  0x000001f8a914354c: 0f1f 8400 | bcb1 00fe | ba45 ffff | ff48 8b6c | 2460 448b | 4c24 3044 | 894c 2420 | 4c8b 5424 
  0x000001f8a914356c: 384c 8954 | 2430 4c8b | 5424 404c | 8954 2438 | 4c8b 5424 | 504c 8954 | 2440 4c8b | 5424 584c 
  0x000001f8a914358c: 8954 2450 | 4c8b 5424 | 704c 8954 | 2458 4c8b | 9424 8800 | 0000 4c89 | 5424 684c | 8954 2470 
  0x000001f8a91435ac: 4c8b 9424 | a800 0000 | 4c89 9424 | 8000 0000 | 4c8b 9424 | 9800 0000 | 4c89 9424 | 8800 0000 
  0x000001f8a91435cc: 448b 8c24 | a000 0000 | 4489 4c24 | 244c 899c | 24a0 0000 | 004c 8984 | 24b0 0000 | 0066 6690 
  0x000001f8a91435ec: ;   {runtime_call UncommonTrapBlob}
  0x000001f8a91435ec: c5f8 77e8 

  0x000001f8a91435f0: ; ImmutableOopMap {rbp=Oop [36]=NarrowOop [64]=Oop [80]=Oop [88]=Oop [104]=Oop [112]=Oop [128]=Oop [160]=Oop [176]=Oop [184]=Oop [256]=Oop }
                      ;*ifnull {reexecute=1 rethrow=0 return_oop=0}
                      ; - (reexecute) java.util.jar.JarFile::getManifestFromReference@148
                      ; - java.util.jar.JarFile::getManifest@1
                      ; - jdk.internal.loader.URLClassPath$JarLoader$2::getManifest@22
                      ; - java.net.URLClassLoader::defineClass@34
                      ; - java.net.URLClassLoader$1::run@43
                      ; - java.net.URLClassLoader$1::run@1
                      ; - java.security.AccessController::executePrivileged@29
                      ; - java.security.AccessController::doPrivileged@13
                      ; - java.net.URLClassLoader::findClass@13
                      ; - java.lang.ClassLoader::loadClass@69
  0x000001f8a91435f0: 8c0d 7aff 

  0x000001f8a91435f4: ;   {other}
  0x000001f8a91435f4: 0f1f 8400 | 64b2 00ff | ba45 ffff | ff44 8b5c | 2430 4489 | 5c24 204c | 8b54 2438 | 4c89 5424 
  0x000001f8a9143614: 304c 8b54 | 2440 4c89 | 5424 384c | 8b54 2450 | 4c89 5424 | 404c 8b94 | 2488 0000 | 004c 8954 
  0x000001f8a9143634: 2448 4c8b | 5424 584c | 8954 2450 | 448b 5c24 | 6044 895c | 2424 448b | 5424 6844 | 8954 2460 
  0x000001f8a9143654: 4c8b 5424 | 784c 8954 | 2468 4c8b | 9424 9800 | 0000 4c89 | 9424 8000 | 0000 4c8b | 9424 a000 
  0x000001f8a9143674: 0000 4c89 | 9424 8800 | 0000 4c8b | 9424 b000 | 0000 4c89 | 9424 a000 | 0000 6690 

  0x000001f8a9143690: ;   {runtime_call UncommonTrapBlob}
  0x000001f8a9143690: c5f8 77e8 

  0x000001f8a9143694: ; ImmutableOopMap {rbp=Oop [36]=NarrowOop [64]=Oop [72]=Oop [80]=Oop [104]=Oop [128]=Oop [136]=Oop [160]=Oop [168]=Oop [176]=Oop }
                      ;*ifnonnull {reexecute=1 rethrow=0 return_oop=0}
                      ; - (reexecute) java.io.File::<init>@10
                      ; - jdk.internal.loader.URLClassPath$FileLoader::getResource@73
                      ; - jdk.internal.loader.URLClassPath::getResource@53
                      ; - java.net.URLClassLoader$1::run@26
                      ; - java.net.URLClassLoader$1::run@1
                      ; - java.security.AccessController::executePrivileged@29
                      ; - java.security.AccessController::doPrivileged@13
                      ; - java.net.URLClassLoader::findClass@13
                      ; - java.lang.ClassLoader::loadClass@69
  0x000001f8a9143694: e80c 7aff 

  0x000001f8a9143698: ;   {other}
  0x000001f8a9143698: 0f1f 8400 | 0000 0000 | ba45 ffff | ff44 8b54 | 2430 4489 | 5424 204c | 8b54 2438 | 4c89 5424 
  0x000001f8a91436b8: 304c 8b54 | 2440 4c89 | 5424 384c | 8b54 2450 | 4c89 5424 | 404c 8b94 | 2488 0000 | 004c 8954 
  0x000001f8a91436d8: 2448 4c8b | 5424 584c | 8954 2450 | 448b 5424 | 6044 8954 | 2424 4c8b | 5424 7844 | 8b5c 2468 
  0x000001f8a91436f8: 4489 5c24 | 604c 8954 | 2468 4c8b | 9424 9800 | 0000 4c89 | 9424 8000 | 0000 4c8b | 9424 a000 
  0x000001f8a9143718: 0000 4c89 | 9424 8800 | 0000 4c8b | 9424 a800 | 0000 4c89 | 9424 9800 | 0000 6690 

  0x000001f8a9143734: ;   {runtime_call UncommonTrapBlob}
  0x000001f8a9143734: c5f8 77e8 

  0x000001f8a9143738: ; ImmutableOopMap {rbp=Oop [36]=NarrowOop [64]=Oop [72]=Oop [80]=Oop [100]=NarrowOop [104]=Oop [128]=Oop [136]=Oop [152]=Oop [176]=Oop }
                      ;*ifnull {reexecute=1 rethrow=0 return_oop=0}
                      ; - (reexecute) java.io.File::<init>@22
                      ; - jdk.internal.loader.URLClassPath$FileLoader::getResource@73
                      ; - jdk.internal.loader.URLClassPath::getResource@53
                      ; - java.net.URLClassLoader$1::run@26
                      ; - java.net.URLClassLoader$1::run@1
                      ; - java.security.AccessController::executePrivileged@29
                      ; - java.security.AccessController::doPrivileged@13
                      ; - java.net.URLClassLoader::findClass@13
                      ; - java.lang.ClassLoader::loadClass@69
  0x000001f8a9143738: 440c 7aff 

  0x000001f8a914373c: ;   {other}
  0x000001f8a914373c: 0f1f 8400 | 0000 0000 | 488b d844 | 8b58 0849 | b800 0000 | b6f8 0100 | 004d 03c3 | 4d8b 5050 
  0x000001f8a914375c: 0f1f 4000 | 4c3b d50f | 85f3 d4ff | ff45 33c9 | e97d d3ff | ffeb 0048 | 8be8 e9cb | 72ff ff48 
  0x000001f8a914377c: 8bd8 448b 

  0x000001f8a9143780: ;   {metadata('java/security/PrivilegedActionException')}
  0x000001f8a9143780: 5008 4181 | faf0 b212 | 0174 1249 | bb00 0000 | b6f8 0100 | 004d 03da | e973 d6ff | ff48 8be8 
  0x000001f8a91437a0: e9b6 edff | ffba f6ff | ffff 488b | ac24 9000 | 0000 448b | 4424 3044 | 8944 2420 | 4c8b 5c24 
  0x000001f8a91437c0: 384c 895c | 2430 4c8b | 5c24 404c | 895c 2438 | 4c8b 5c24 | 504c 895c | 2440 4c8b | 9c24 8800 
  0x000001f8a91437e0: 0000 4c89 | 5c24 484c | 8b5c 2458 | 4c89 5c24 | 504c 896c | 2458 895c | 2424 4c89 | 9424 8000 
  0x000001f8a9143800: 0000 6690 

  0x000001f8a9143804: ;   {runtime_call UncommonTrapBlob}
  0x000001f8a9143804: c5f8 77e8 

  0x000001f8a9143808: ; ImmutableOopMap {rbp=Oop [64]=Oop [72]=Oop [80]=Oop [88]=Oop [128]=Oop }
                      ;*invokevirtual getBaseURL {reexecute=0 rethrow=0 return_oop=0}
                      ; - jdk.internal.loader.URLClassPath$FileLoader$1::getCodeSourceURL@4
                      ; - java.net.URLClassLoader::defineClass@13
                      ; - java.net.URLClassLoader$1::run@43
                      ; - java.net.URLClassLoader$1::run@1
                      ; - java.security.AccessController::executePrivileged@29
                      ; - java.security.AccessController::doPrivileged@13
                      ; - java.net.URLClassLoader::findClass@13
                      ; - java.lang.ClassLoader::loadClass@69
  0x000001f8a9143808: 740b 7aff 

  0x000001f8a914380c: ;   {other}
  0x000001f8a914380c: 0f1f 8400 | 0000 0000 | baf6 ffff | ff44 8b54 | 2430 4489 | 5424 204c | 8b54 2438 | 4c89 5424 
  0x000001f8a914382c: 304c 8b54 | 2440 4c89 | 5424 384c | 8b54 2450 | 4c89 5424 | 404c 8b94 | 2488 0000 | 004c 8954 
  0x000001f8a914384c: 2448 4c8b | 5424 584c | 8954 2450 | 448b 5424 | 6044 8954 | 2424 4c8b | 5424 7844 | 8b5c 2468 
  0x000001f8a914386c: 4489 5c24 | 604c 8954 | 2468 6690 

  0x000001f8a9143878: ;   {runtime_call UncommonTrapBlob}
  0x000001f8a9143878: c5f8 77e8 

  0x000001f8a914387c: ; ImmutableOopMap {rbp=Oop [36]=NarrowOop [64]=Oop [72]=Oop [80]=Oop [104]=Oop [152]=Oop [160]=Oop [168]=Oop }
                      ;*invokevirtual isEmpty {reexecute=0 rethrow=0 return_oop=0}
                      ; - java.io.File::<init>@29
                      ; - jdk.internal.loader.URLClassPath$FileLoader::getResource@118
                      ; - jdk.internal.loader.URLClassPath::getResource@53
                      ; - java.net.URLClassLoader$1::run@26
                      ; - java.net.URLClassLoader$1::run@1
                      ; - java.security.AccessController::executePrivileged@29
                      ; - java.security.AccessController::doPrivileged@13
                      ; - java.net.URLClassLoader::findClass@13
                      ; - java.lang.ClassLoader::loadClass@69
  0x000001f8a914387c: 000b 7aff 

  0x000001f8a9143880: ;   {other}
  0x000001f8a9143880: 0f1f 8400 | 0000 0000 | baf6 ffff | ff44 8b5c | 2430 4489 | 5c24 204c | 8b54 2438 | 4c89 5424 
  0x000001f8a91438a0: 304c 8b54 | 2440 4c89 | 5424 384c | 8b54 2450 | 4c89 5424 | 404c 8b94 | 2488 0000 | 004c 8954 
  0x000001f8a91438c0: 2448 4c8b | 5424 584c | 8954 2450 | 448b 5424 | 6044 8954 | 2424 4c8b | 5424 7844 | 8b5c 2468 
  0x000001f8a91438e0: 4489 5c24 | 604c 8954 | 2468 6690 

  0x000001f8a91438ec: ;   {runtime_call UncommonTrapBlob}
  0x000001f8a91438ec: c5f8 77e8 

  0x000001f8a91438f0: ; ImmutableOopMap {rbp=Oop [36]=NarrowOop [64]=Oop [72]=Oop [80]=Oop [104]=Oop [152]=Oop [160]=Oop [168]=Oop }
                      ;*arraylength {reexecute=0 rethrow=0 return_oop=0}
                      ; - java.lang.String::isEmpty@4
                      ; - java.io.File::<init>@29
                      ; - jdk.internal.loader.URLClassPath$FileLoader::getResource@118
                      ; - jdk.internal.loader.URLClassPath::getResource@53
                      ; - java.net.URLClassLoader$1::run@26
                      ; - java.net.URLClassLoader$1::run@1
                      ; - java.security.AccessController::executePrivileged@29
                      ; - java.security.AccessController::doPrivileged@13
                      ; - java.net.URLClassLoader::findClass@13
                      ; - java.lang.ClassLoader::loadClass@69
  0x000001f8a91438f0: 8c0a 7aff 

  0x000001f8a91438f4: ;   {other}
  0x000001f8a91438f4: 0f1f 8400 | 0000 0000 | baf6 ffff | ff44 8b5c | 2430 4489 | 5c24 204c | 8b54 2438 | 4c89 5424 
  0x000001f8a9143914: 304c 8b54 | 2440 4c89 | 5424 384c | 8b54 2450 | 4c89 5424 | 404c 8b94 | 2488 0000 | 004c 8954 
  0x000001f8a9143934: 2448 4c8b | 5424 584c | 8954 2450 | 448b 5c24 | 6044 895c | 2424 448b | 5424 6844 | 8954 2460 
  0x000001f8a9143954: 4c8b 5424 | 784c 8954 | 2468 6690 

  0x000001f8a9143960: ;   {runtime_call UncommonTrapBlob}
  0x000001f8a9143960: c5f8 77e8 

  0x000001f8a9143964: ; ImmutableOopMap {rbp=Oop [36]=NarrowOop [64]=Oop [72]=Oop [80]=Oop [104]=Oop [152]=Oop [160]=Oop [168]=Oop }
                      ;*arraylength {reexecute=0 rethrow=0 return_oop=0}
                      ; - java.lang.String::length@4
                      ; - java.io.WinNTFileSystem::normalize@1
                      ; - java.io.File::<init>@73
                      ; - jdk.internal.loader.URLClassPath$FileLoader::getResource@118
                      ; - jdk.internal.loader.URLClassPath::getResource@53
                      ; - java.net.URLClassLoader$1::run@26
                      ; - java.net.URLClassLoader$1::run@1
                      ; - java.security.AccessController::executePrivileged@29
                      ; - java.security.AccessController::doPrivileged@13
                      ; - java.net.URLClassLoader::findClass@13
                      ; - java.lang.ClassLoader::loadClass@69
  0x000001f8a9143964: 180a 7aff 

  0x000001f8a9143968: ;   {other}
  0x000001f8a9143968: 0f1f 8400 | 0000 0000 | baf6 ffff | ff44 8b5c | 2430 4489 | 5c24 204c | 8b54 2438 | 4c89 5424 
  0x000001f8a9143988: 304c 8b54 | 2440 4c89 | 5424 384c | 8b54 2450 | 4c89 5424 | 404c 8b94 | 2488 0000 | 004c 8954 
  0x000001f8a91439a8: 2448 4c8b | 5424 584c | 8954 2450 | 448b 5c24 | 6044 895c | 2424 448b | 5424 6844 | 8954 2460 
  0x000001f8a91439c8: 4c8b 5424 | 784c 8954 | 2468 6690 

  0x000001f8a91439d4: ;   {runtime_call UncommonTrapBlob}
  0x000001f8a91439d4: c5f8 77e8 

  0x000001f8a91439d8: ; ImmutableOopMap {rbp=Oop [36]=NarrowOop [64]=Oop [72]=Oop [80]=Oop [104]=Oop [152]=Oop [160]=Oop [168]=Oop }
                      ;*arraylength {reexecute=0 rethrow=0 return_oop=0}
                      ; - java.lang.String::length@4
                      ; - java.io.WinNTFileSystem::prefixLength@6
                      ; - java.io.File::<init>@104
                      ; - jdk.internal.loader.URLClassPath$FileLoader::getResource@118
                      ; - jdk.internal.loader.URLClassPath::getResource@53
                      ; - java.net.URLClassLoader$1::run@26
                      ; - java.net.URLClassLoader$1::run@1
                      ; - java.security.AccessController::executePrivileged@29
                      ; - java.security.AccessController::doPrivileged@13
                      ; - java.net.URLClassLoader::findClass@13
                      ; - java.lang.ClassLoader::loadClass@69
  0x000001f8a91439d8: a409 7aff 

  0x000001f8a91439dc: ;   {other}
  0x000001f8a91439dc: 0f1f 8400 | 0000 0000 | baf6 ffff | ff48 8bac | 2490 0000 | 0044 8b5c | 2430 4489 | 5c24 204c 
  0x000001f8a91439fc: 8b54 2438 | 4c89 5424 | 304c 8b54 | 2440 4c89 | 5424 384c | 8b54 2450 | 4c89 5424 | 404c 8b94 
  0x000001f8a9143a1c: 2488 0000 | 004c 8954 | 2448 4c8b | 5424 584c | 8954 2450 | 448b 5c24 | 6044 895c | 2424 448b 
  0x000001f8a9143a3c: 5424 6844 | 8954 2460 | 4c8b 5424 | 784c 8954 | 2468 6690 

  0x000001f8a9143a50: ;   {runtime_call UncommonTrapBlob}
  0x000001f8a9143a50: c5f8 77e8 

  0x000001f8a9143a54: ; ImmutableOopMap {rbp=Oop [36]=NarrowOop [64]=Oop [72]=Oop [80]=Oop [104]=Oop [152]=Oop [160]=Oop [168]=Oop }
                      ;*arraylength {reexecute=0 rethrow=0 return_oop=0}
                      ; - java.lang.StringLatin1::charAt@2
                      ; - java.lang.String::charAt@12
                      ; - java.io.WinNTFileSystem::prefixLength@30
                      ; - java.io.File::<init>@104
                      ; - jdk.internal.loader.URLClassPath$FileLoader::getResource@118
                      ; - jdk.internal.loader.URLClassPath::getResource@53
                      ; - java.net.URLClassLoader$1::run@26
                      ; - java.net.URLClassLoader$1::run@1
                      ; - java.security.AccessController::executePrivileged@29
                      ; - java.security.AccessController::doPrivileged@13
                      ; - java.net.URLClassLoader::findClass@13
                      ; - java.lang.ClassLoader::loadClass@69
  0x000001f8a9143a54: 2809 7aff 

  0x000001f8a9143a58: ;   {other}
  0x000001f8a9143a58: 0f1f 8400 | 0000 0000 | baf6 ffff | ff48 8bac | 2490 0000 | 0044 8b54 | 2430 4489 | 5424 204c 
  0x000001f8a9143a78: 8b54 2438 | 4c89 5424 | 304c 8b54 | 2440 4c89 | 5424 384c | 8b54 2450 | 4c89 5424 | 404c 8b94 
  0x000001f8a9143a98: 2488 0000 | 004c 8954 | 2448 4c8b | 5424 584c | 8954 2450 | 448b 5c24 | 6044 895c | 2424 448b 
  0x000001f8a9143ab8: 5424 6844 | 8954 2460 | 4c8b 5424 | 784c 8954 | 2468 6690 

  0x000001f8a9143acc: ;   {runtime_call UncommonTrapBlob}
  0x000001f8a9143acc: c5f8 77e8 

  0x000001f8a9143ad0: ; ImmutableOopMap {rbp=Oop [36]=NarrowOop [64]=Oop [72]=Oop [80]=Oop [104]=Oop [152]=Oop [160]=Oop [168]=Oop }
                      ;*arraylength {reexecute=0 rethrow=0 return_oop=0}
                      ; - java.lang.StringLatin1::charAt@2
                      ; - java.lang.String::charAt@12
                      ; - java.io.WinNTFileSystem::prefixLength@78
                      ; - java.io.File::<init>@104
                      ; - jdk.internal.loader.URLClassPath$FileLoader::getResource@118
                      ; - jdk.internal.loader.URLClassPath::getResource@53
                      ; - java.net.URLClassLoader$1::run@26
                      ; - java.net.URLClassLoader$1::run@1
                      ; - java.security.AccessController::executePrivileged@29
                      ; - java.security.AccessController::doPrivileged@13
                      ; - java.net.URLClassLoader::findClass@13
                      ; - java.lang.ClassLoader::loadClass@69
  0x000001f8a9143ad0: ac08 7aff 

  0x000001f8a9143ad4: ;   {other}
  0x000001f8a9143ad4: 0f1f 8400 | 0000 0000 | 488b d890 | e9e8 d2ff | ff4c 8bd0 | eb03 4c8b | d049 8bda | e97e d2ff 
  0x000001f8a9143af4: ff48 8bd8 | 448b 5808 | 49b8 0000 | 00b6 f801 | 0000 4d03 | c3e9 4ed1 | ffff 4c8b | d0eb 034c 
  0x000001f8a9143b14: 8bd0 498b | da45 8b52 | 0849 b800 | 0000 b6f8 | 0100 004d | 03c2 e92d | d1ff ffba | 45ff ffff 
  0x000001f8a9143b34: 448b 5424 | 3044 8954 | 2420 4c8b | 5424 384c | 8954 2430 | 4c8b 5424 | 404c 8954 | 2438 4c8b 
  0x000001f8a9143b54: 5424 504c | 8954 2440 | 4c8b 9424 | 8800 0000 | 4c89 5424 | 484c 8b54 | 2458 4c89 | 5424 5044 
  0x000001f8a9143b74: 8b5c 2460 | 4489 5c24 | 2444 8b54 | 2468 4489 | 5424 604c | 8b54 2478 | 4c89 5424 | 684c 8b94 
  0x000001f8a9143b94: 2498 0000 | 004c 8994 | 2480 0000 | 004c 8b94 | 24a0 0000 | 004c 8994 | 2488 0000 | 004c 8b94 
  0x000001f8a9143bb4: 24b0 0000 | 004c 8994 | 24a0 0000 | 0066 6690 

  0x000001f8a9143bc4: ;   {runtime_call UncommonTrapBlob}
  0x000001f8a9143bc4: c5f8 77e8 

  0x000001f8a9143bc8: ; ImmutableOopMap {rbp=Oop [36]=NarrowOop [64]=Oop [72]=Oop [80]=Oop [104]=Oop [128]=Oop [136]=Oop [160]=Oop [168]=Oop [176]=Oop }
                      ;*ifnonnull {reexecute=1 rethrow=0 return_oop=0}
                      ; - (reexecute) java.io.File::<init>@10
                      ; - jdk.internal.loader.URLClassPath$FileLoader::getResource@118
                      ; - jdk.internal.loader.URLClassPath::getResource@53
                      ; - java.net.URLClassLoader$1::run@26
                      ; - java.net.URLClassLoader$1::run@1
                      ; - java.security.AccessController::executePrivileged@29
                      ; - java.security.AccessController::doPrivileged@13
                      ; - java.net.URLClassLoader::findClass@13
                      ; - java.lang.ClassLoader::loadClass@69
  0x000001f8a9143bc8: b407 7aff 

  0x000001f8a9143bcc: ;   {other}
  0x000001f8a9143bcc: 0f1f 8400 | 0000 0000 | ba45 ffff | ff44 8b5c | 2430 4489 | 5c24 204c | 8b54 2438 | 4c89 5424 
  0x000001f8a9143bec: 304c 8b54 | 2440 4c89 | 5424 384c | 8b54 2450 | 4c89 5424 | 404c 8b94 | 2488 0000 | 004c 8954 
  0x000001f8a9143c0c: 2448 4c8b | 5424 584c | 8954 2450 | 448b 5424 | 6044 8954 | 2424 4c8b | 5424 7844 | 8b5c 2468 
  0x000001f8a9143c2c: 4489 5c24 | 604c 8954 | 2468 4c8b | 9424 9800 | 0000 4c89 | 9424 8000 | 0000 4c8b | 9424 a000 
  0x000001f8a9143c4c: 0000 4c89 | 9424 8800 | 0000 4c8b | 9424 a800 | 0000 4c89 | 9424 9800 | 0000 6690 

  0x000001f8a9143c68: ;   {runtime_call UncommonTrapBlob}
  0x000001f8a9143c68: c5f8 77e8 

  0x000001f8a9143c6c: ; ImmutableOopMap {rbp=Oop [36]=NarrowOop [64]=Oop [72]=Oop [80]=Oop [100]=NarrowOop [104]=Oop [128]=Oop [136]=Oop [152]=Oop [176]=Oop }
                      ;*ifnull {reexecute=1 rethrow=0 return_oop=0}
                      ; - (reexecute) java.io.File::<init>@22
                      ; - jdk.internal.loader.URLClassPath$FileLoader::getResource@118
                      ; - jdk.internal.loader.URLClassPath::getResource@53
                      ; - java.net.URLClassLoader$1::run@26
                      ; - java.net.URLClassLoader$1::run@1
                      ; - java.security.AccessController::executePrivileged@29
                      ; - java.security.AccessController::doPrivileged@13
                      ; - java.net.URLClassLoader::findClass@13
                      ; - java.lang.ClassLoader::loadClass@69
  0x000001f8a9143c6c: 1007 7aff 

  0x000001f8a9143c70: ;   {other}
  0x000001f8a9143c70: 0f1f 8400 | 0000 0000 | 488b d80f | 1f44 0000 | e9ee d0ff | ff4c 8bd0 | e9bb cfff | ff48 8bd8 
  0x000001f8a9143c90: e9de d0ff | ff48 8bd8 | e9d6 d0ff | ff4c 8bd0 | e9a3 cfff | ffba 97ff | ffff 488b | 6c24 7844 
  0x000001f8a9143cb0: 8b54 2430 | 4489 5424 | 204c 8b54 | 2438 4c89 | 5424 304c | 8b54 2440 | 4c89 5424 | 384c 8b54 
  0x000001f8a9143cd0: 2450 4c89 | 5424 404c | 8b94 2488 | 0000 004c | 8954 2448 | 4c8b 5424 | 584c 8954 | 2450 4c8b 
  0x000001f8a9143cf0: 9424 9800 | 0000 4c89 | 9424 8800 | 0000 6690 

  0x000001f8a9143d00: ;   {runtime_call UncommonTrapBlob}
  0x000001f8a9143d00: c5f8 77e8 

  0x000001f8a9143d04: ; ImmutableOopMap {rbp=Oop [36]=NarrowOop [64]=Oop [72]=Oop [80]=Oop [112]=Oop [160]=Oop [176]=NarrowOop }
                      ;*invokevirtual clone {reexecute=1 rethrow=0 return_oop=0}
                      ; - (reexecute) java.util.Arrays::copyOfRange@18
                      ; - java.lang.StringLatin1::newString@16
                      ; - java.lang.String::substring@41
                      ; - java.net.URLClassLoader::defineClass@28
                      ; - java.net.URLClassLoader$1::run@43
                      ; - java.net.URLClassLoader$1::run@1
                      ; - java.security.AccessController::executePrivileged@29
                      ; - java.security.AccessController::doPrivileged@13
                      ; - java.net.URLClassLoader::findClass@13
                      ; - java.lang.ClassLoader::loadClass@69
  0x000001f8a9143d04: 7806 7aff 

  0x000001f8a9143d08: ;   {other}
  0x000001f8a9143d08: 0f1f 8400 | 0000 0000 | 4c8b d0e9 | 30cf ffff | 4c8b d0eb | 084c 8bd0 | eb03 4c8b | d049 8bda 
  0x000001f8a9143d28: e946 d0ff | ff48 8bd8 | e93e d0ff | ff4c 8bd0 | e92b ceff | ff4c 8bd0 | e923 ceff | ff4c 8bd0 
  0x000001f8a9143d48: e91b ceff | ff4c 8bd0 | e913 ceff | ff4c 8bd0 | e90b ceff | ff4c 8bd0 | e903 ceff | ff4c 8bd0 
  0x000001f8a9143d68: e9fb cdff | ff4c 8bd0 | e9f3 cdff | ff4c 8bd0 | e9eb cdff | ff4c 8bd0 | e9e3 cdff | ff4c 8bd0 
  0x000001f8a9143d88: e9db cdff | ff4c 8bd0 | e9d3 cdff | ff4c 8bd0 | e9cb cdff | ff4c 8bd0 | e9c3 cdff | ff4c 8bd0 
  0x000001f8a9143da8: e9bb cdff | ff4c 8bd0 | e9b3 cdff | ff4c 8bd0 | e9ab cdff | ff48 8bd8 | 448b 5808 | 49b8 0000 
  0x000001f8a9143dc8: 00b6 f801 | 0000 4d03 | c3e9 86ce | ffff e994 | ccff ff48 | 8984 24c0 | 0000 00e9 | 8fcc ffff 
  0x000001f8a9143de8: e982 ccff | ff48 8bd8 | 448b 5008 | 49bb 0000 | 00b6 f801 | 0000 4d03 | da4d 8b53 

  0x000001f8a9143e04: ;   {metadata('java/lang/Exception')}
  0x000001f8a9143e04: 4049 bb20 | c000 b6f8 | 0100 004d | 3bd3 0f84 | d18a ffff | e956 cfff | ff48 8bd8 | 448b 5008 
  0x000001f8a9143e24: 49bb 0000 | 00b6 f801 | 0000 4d03 | da4d 8b53 

  0x000001f8a9143e34: ;   {metadata('java/lang/Exception')}
  0x000001f8a9143e34: 4049 bb20 | c000 b6f8 | 0100 0090 | 4d3b d30f | 84a0 8aff | ffe9 25cf | ffff 488b | d844 8b58 
  0x000001f8a9143e54: 0849 ba00 | 0000 b6f8 | 0100 004d | 03d3 4d8b 

  0x000001f8a9143e64: ;   {metadata('java/lang/Exception')}
  0x000001f8a9143e64: 5240 49bb | 20c0 00b6 | f801 0000 | 4d3b d30f | 8470 8aff | ffe9 f5ce | ffff 488b | 9424 c000 
  0x000001f8a9143e84: 0000 4c8b | c044 8b9c | 24a0 0000 | 0044 895c | 2424 6690 

  0x000001f8a9143e98: ;   {optimized virtual_call}
  0x000001f8a9143e98: c5f8 77e8 

  0x000001f8a9143e9c: ; ImmutableOopMap {rbp=Oop [36]=NarrowOop [80]=Oop [88]=Oop [112]=Oop [136]=Oop [144]=Oop [168]=Oop [192]=Oop [256]=Oop }
                      ;*invokevirtual addSuppressed {reexecute=0 rethrow=0 return_oop=0}
                      ; - java.util.jar.JarFile::getManifestFromReference@177
                      ; - java.util.jar.JarFile::getManifest@1
                      ; - jdk.internal.loader.URLClassPath$JarLoader$2::getManifest@22
                      ; - java.net.URLClassLoader::defineClass@34
                      ; - java.net.URLClassLoader$1::run@43
                      ; - java.net.URLClassLoader$1::run@1
                      ; - java.security.AccessController::executePrivileged@29
                      ; - java.security.AccessController::doPrivileged@13
                      ; - java.net.URLClassLoader::findClass@13
                      ; - java.lang.ClassLoader::loadClass@69
  0x000001f8a9143e9c: e0ab 79ff 

  0x000001f8a9143ea0: ;   {other}
  0x000001f8a9143ea0: 0f1f 8400 | 0000 0000 | e9ff cbff | ff48 8bd8 | 448b 5808 | 49ba 0000 | 00b6 f801 | 0000 4d03 
  0x000001f8a9143ec0: d34d 8b52 

  0x000001f8a9143ec4: ;   {metadata('java/lang/Exception')}
  0x000001f8a9143ec4: 4049 bb20 | c000 b6f8 | 0100 004d | 3bd3 0f84 | 118a ffff | e996 ceff | ff48 8bd8 | 448b 5808 
  0x000001f8a9143ee4: 49ba 0000 | 00b6 f801 | 0000 4d03 | d3e9 6e00 | 0000 488b | d844 8b58 | 0849 ba00 | 0000 b6f8 
  0x000001f8a9143f04: 0100 004d | 03d3 e955 | 0000 0048 | 8bd8 448b | 5808 49ba | 0000 00b6 | f801 0000 | 4d03 d3e9 
  0x000001f8a9143f24: 3c00 0000 | 4c8b d0eb | 0d4c 8bd0 | eb08 4c8b | d0eb 034c | 8bd0 498b | da45 8b5a | 0849 ba00 
  0x000001f8a9143f44: 0000 b6f8 | 0100 004d | 03d3 eb14 | 488b d844 | 8b58 0849 | ba00 0000 | b6f8 0100 | 004d 03d3 
  0x000001f8a9143f64: 4d8b 5240 

  0x000001f8a9143f68: ;   {metadata('java/lang/Exception')}
  0x000001f8a9143f68: 49bb 20c0 | 00b6 f801 | 0000 4d3b | d30f 846e | 89ff ff0f | 1f44 0000 | e9ee cdff | ff48 8bd8 
  0x000001f8a9143f88: 448b 4008 | 49bb 0000 | 00b6 f801 | 0000 4d03 | d8e9 6e00 | 0000 488b | d844 8b50 | 0849 bb00 
  0x000001f8a9143fa8: 0000 b6f8 | 0100 004d | 03da e955 | 0000 0048 | 8bd8 448b | 4008 49bb | 0000 00b6 | f801 0000 
  0x000001f8a9143fc8: 4d03 d8e9 | 3c00 0000 | 4c8b d0eb | 0d4c 8bd0 | eb08 4c8b | d0eb 034c | 8bd0 498b | da45 8b42 
  0x000001f8a9143fe8: 0849 bb00 | 0000 b6f8 | 0100 004d | 03d8 eb14 | 488b d844 | 8b40 0849 | bb00 0000 | b6f8 0100 
  0x000001f8a9144008: 004d 03d8 | 4d8b 5340 

  0x000001f8a9144010: ;   {metadata('java/lang/Exception')}
  0x000001f8a9144010: 49bb 20c0 | 00b6 f801 | 0000 660f | 1f44 0000 | 4d3b d30f | 84c0 88ff | ffe9 45cd | ffff 488b 
  0x000001f8a9144030: d8e9 3dcd | ffff 488b | d8e9 c1c7 | ffff 4c8b | d0e9 22cb 

  0x000001f8a9144044: ;   {internal_word}
  0x000001f8a9144044: ffff 49ba | 29a9 13a9 | f801 0000 | 4d89 9768 

  0x000001f8a9144054: ;   {runtime_call SafepointBlob}
  0x000001f8a9144054: 0400 00e9 | 2414 7aff 

  0x000001f8a914405c: ;   {runtime_call StubRoutines (final stubs)}
  0x000001f8a914405c: e83f 2478 | ffe9 384e | ffff f4f4 
[Stub Code]
  0x000001f8a9144068: ;   {no_reloc}
  0x000001f8a9144068: 48bb 0000 | 0000 0000 

  0x000001f8a9144070: ;   {runtime_call nmethod}
  0x000001f8a9144070: 0000 e9fb 

  0x000001f8a9144074: ;   {static_stub}
  0x000001f8a9144074: ffff ff48 | bb00 0000 | 0000 0000 

  0x000001f8a9144080: ;   {runtime_call nmethod}
  0x000001f8a9144080: 00e9 fbff 

  0x000001f8a9144084: ;   {static_stub}
  0x000001f8a9144084: ffff 48bb | 0000 0000 | 0000 0000 

  0x000001f8a9144090: ;   {runtime_call nmethod}
  0x000001f8a9144090: e9fb ffff 

  0x000001f8a9144094: ;   {static_stub}
  0x000001f8a9144094: ff48 bb00 | 0000 0000 

  0x000001f8a914409c: ;   {runtime_call nmethod}
  0x000001f8a914409c: 0000 00e9 | fbff ffff 

  0x000001f8a91440a4: ;   {static_stub}
  0x000001f8a91440a4: 48bb 10d2 | 01b6 f801 

  0x000001f8a91440ac: ;   {runtime_call I2C/C2I adapters}
  0x000001f8a91440ac: 0000 e9b0 

  0x000001f8a91440b0: ;   {static_stub}
  0x000001f8a91440b0: f379 ff48 | bb00 0000 | 0000 0000 

  0x000001f8a91440bc: ;   {runtime_call nmethod}
  0x000001f8a91440bc: 00e9 fbff 

  0x000001f8a91440c0: ;   {static_stub}
  0x000001f8a91440c0: ffff 48bb | 20ff 16b6 | f801 0000 

  0x000001f8a91440cc: ;   {runtime_call I2C/C2I adapters}
  0x000001f8a91440cc: e992 f379 

  0x000001f8a91440d0: ;   {static_stub}
  0x000001f8a91440d0: ff48 bb00 | 0000 0000 

  0x000001f8a91440d8: ;   {runtime_call nmethod}
  0x000001f8a91440d8: 0000 00e9 | fbff ffff 

  0x000001f8a91440e0: ;   {static_stub}
  0x000001f8a91440e0: 48bb 0000 | 0000 0000 

  0x000001f8a91440e8: ;   {runtime_call nmethod}
  0x000001f8a91440e8: 0000 e9fb 

  0x000001f8a91440ec: ;   {static_stub}
  0x000001f8a91440ec: ffff ff48 | bb00 0000 | 0000 0000 

  0x000001f8a91440f8: ;   {runtime_call nmethod}
  0x000001f8a91440f8: 00e9 fbff 

  0x000001f8a91440fc: ;   {static_stub}
  0x000001f8a91440fc: ffff 48bb | 0000 0000 | 0000 0000 

  0x000001f8a9144108: ;   {runtime_call nmethod}
  0x000001f8a9144108: e9fb ffff 

  0x000001f8a914410c: ;   {static_stub}
  0x000001f8a914410c: ff48 bb00 | 0000 0000 

  0x000001f8a9144114: ;   {runtime_call nmethod}
  0x000001f8a9144114: 0000 00e9 | fbff ffff 

  0x000001f8a914411c: ;   {static_stub}
  0x000001f8a914411c: 48bb 0000 | 0000 0000 

  0x000001f8a9144124: ;   {runtime_call nmethod}
  0x000001f8a9144124: 0000 e9fb 

  0x000001f8a9144128: ;   {static_stub}
  0x000001f8a9144128: ffff ff48 | bb00 0000 | 0000 0000 

  0x000001f8a9144134: ;   {runtime_call nmethod}
  0x000001f8a9144134: 00e9 fbff 

  0x000001f8a9144138: ;   {static_stub}
  0x000001f8a9144138: ffff 48bb | 0000 0000 | 0000 0000 

  0x000001f8a9144144: ;   {runtime_call nmethod}
  0x000001f8a9144144: e9fb ffff 

  0x000001f8a9144148: ;   {static_stub}
  0x000001f8a9144148: ff48 bb00 | 0000 0000 

  0x000001f8a9144150: ;   {runtime_call nmethod}
  0x000001f8a9144150: 0000 00e9 | fbff ffff 

  0x000001f8a9144158: ;   {static_stub}
  0x000001f8a9144158: 48bb 0000 | 0000 0000 

  0x000001f8a9144160: ;   {runtime_call nmethod}
  0x000001f8a9144160: 0000 e9fb 

  0x000001f8a9144164: ;   {static_stub}
  0x000001f8a9144164: ffff ff48 | bb00 0000 | 0000 0000 

  0x000001f8a9144170: ;   {runtime_call nmethod}
  0x000001f8a9144170: 00e9 fbff 

  0x000001f8a9144174: ;   {static_stub}
  0x000001f8a9144174: ffff 48bb | 9058 40b6 | f801 0000 

  0x000001f8a9144180: ;   {runtime_call I2C/C2I adapters}
  0x000001f8a9144180: e969 1477 

  0x000001f8a9144184: ;   {static_stub}
  0x000001f8a9144184: ff48 bb00 | 0000 0000 

  0x000001f8a914418c: ;   {runtime_call nmethod}
  0x000001f8a914418c: 0000 00e9 | fbff ffff 

  0x000001f8a9144194: ;   {static_stub}
  0x000001f8a9144194: 48bb 0000 | 0000 0000 

  0x000001f8a914419c: ;   {runtime_call nmethod}
  0x000001f8a914419c: 0000 e9fb 

  0x000001f8a91441a0: ;   {static_stub}
  0x000001f8a91441a0: ffff ff48 | bb00 0000 | 0000 0000 

  0x000001f8a91441ac: ;   {runtime_call nmethod}
  0x000001f8a91441ac: 00e9 fbff 

  0x000001f8a91441b0: ;   {static_stub}
  0x000001f8a91441b0: ffff 48bb | 0000 0000 | 0000 0000 

  0x000001f8a91441bc: ;   {runtime_call nmethod}
  0x000001f8a91441bc: e9fb ffff 

  0x000001f8a91441c0: ;   {static_stub}
  0x000001f8a91441c0: ff48 bb00 | 0000 0000 

  0x000001f8a91441c8: ;   {runtime_call nmethod}
  0x000001f8a91441c8: 0000 00e9 | fbff ffff 

  0x000001f8a91441d0: ;   {static_stub}
  0x000001f8a91441d0: 48bb 0000 | 0000 0000 

  0x000001f8a91441d8: ;   {runtime_call nmethod}
  0x000001f8a91441d8: 0000 e9fb 

  0x000001f8a91441dc: ;   {static_stub}
  0x000001f8a91441dc: ffff ff48 | bb00 0000 | 0000 0000 

  0x000001f8a91441e8: ;   {runtime_call nmethod}
  0x000001f8a91441e8: 00e9 fbff 

  0x000001f8a91441ec: ;   {static_stub}
  0x000001f8a91441ec: ffff 48bb | 0000 0000 | 0000 0000 

  0x000001f8a91441f8: ;   {runtime_call nmethod}
  0x000001f8a91441f8: e9fb ffff 

  0x000001f8a91441fc: ;   {static_stub}
  0x000001f8a91441fc: ff48 bb00 | 0000 0000 

  0x000001f8a9144204: ;   {runtime_call nmethod}
  0x000001f8a9144204: 0000 00e9 | fbff ffff 

  0x000001f8a914420c: ;   {static_stub}
  0x000001f8a914420c: 48bb 0000 | 0000 0000 

  0x000001f8a9144214: ;   {runtime_call nmethod}
  0x000001f8a9144214: 0000 e9fb 

  0x000001f8a9144218: ;   {static_stub}
  0x000001f8a9144218: ffff ff48 | bb00 0000 | 0000 0000 

  0x000001f8a9144224: ;   {runtime_call nmethod}
  0x000001f8a9144224: 00e9 fbff 

  0x000001f8a9144228: ;   {static_stub}
  0x000001f8a9144228: ffff 48bb | 0000 0000 | 0000 0000 

  0x000001f8a9144234: ;   {runtime_call nmethod}
  0x000001f8a9144234: e9fb ffff 

  0x000001f8a9144238: ;   {static_stub}
  0x000001f8a9144238: ff48 bb00 | 0000 0000 

  0x000001f8a9144240: ;   {runtime_call nmethod}
  0x000001f8a9144240: 0000 00e9 | fbff ffff 

  0x000001f8a9144248: ;   {static_stub}
  0x000001f8a9144248: 48bb 0000 | 0000 0000 

  0x000001f8a9144250: ;   {runtime_call nmethod}
  0x000001f8a9144250: 0000 e9fb 

  0x000001f8a9144254: ;   {static_stub}
  0x000001f8a9144254: ffff ff48 | bb00 0000 | 0000 0000 

  0x000001f8a9144260: ;   {runtime_call nmethod}
  0x000001f8a9144260: 00e9 fbff 

  0x000001f8a9144264: ;   {static_stub}
  0x000001f8a9144264: ffff 48bb | 0000 0000 | 0000 0000 

  0x000001f8a9144270: ;   {runtime_call nmethod}
  0x000001f8a9144270: e9fb ffff 

  0x000001f8a9144274: ;   {static_stub}
  0x000001f8a9144274: ff48 bb00 | 0000 0000 

  0x000001f8a914427c: ;   {runtime_call nmethod}
  0x000001f8a914427c: 0000 00e9 | fbff ffff 

  0x000001f8a9144284: ;   {static_stub}
  0x000001f8a9144284: 48bb 0000 | 0000 0000 

  0x000001f8a914428c: ;   {runtime_call nmethod}
  0x000001f8a914428c: 0000 e9fb 

  0x000001f8a9144290: ;   {static_stub}
  0x000001f8a9144290: ffff ff48 | bb00 0000 | 0000 0000 

  0x000001f8a914429c: ;   {runtime_call nmethod}
  0x000001f8a914429c: 00e9 fbff 

  0x000001f8a91442a0: ;   {static_stub}
  0x000001f8a91442a0: ffff 48bb | 0000 0000 | 0000 0000 

  0x000001f8a91442ac: ;   {runtime_call nmethod}
  0x000001f8a91442ac: e9fb ffff 

  0x000001f8a91442b0: ;   {static_stub}
  0x000001f8a91442b0: ff48 bb00 | 0000 0000 

  0x000001f8a91442b8: ;   {runtime_call nmethod}
  0x000001f8a91442b8: 0000 00e9 | fbff ffff 

  0x000001f8a91442c0: ;   {static_stub}
  0x000001f8a91442c0: 48bb 0000 | 0000 0000 

  0x000001f8a91442c8: ;   {runtime_call nmethod}
  0x000001f8a91442c8: 0000 e9fb 

  0x000001f8a91442cc: ;   {static_stub}
  0x000001f8a91442cc: ffff ff48 | bb00 0000 | 0000 0000 

  0x000001f8a91442d8: ;   {runtime_call nmethod}
  0x000001f8a91442d8: 00e9 fbff 

  0x000001f8a91442dc: ;   {static_stub}
  0x000001f8a91442dc: ffff 48bb | 0000 0000 | 0000 0000 

  0x000001f8a91442e8: ;   {runtime_call nmethod}
  0x000001f8a91442e8: e9fb ffff 

  0x000001f8a91442ec: ;   {static_stub}
  0x000001f8a91442ec: ff48 bb00 | 0000 0000 

  0x000001f8a91442f4: ;   {runtime_call nmethod}
  0x000001f8a91442f4: 0000 00e9 | fbff ffff 

  0x000001f8a91442fc: ;   {static_stub}
  0x000001f8a91442fc: 48bb 0000 | 0000 0000 

  0x000001f8a9144304: ;   {runtime_call nmethod}
  0x000001f8a9144304: 0000 e9fb 

  0x000001f8a9144308: ;   {static_stub}
  0x000001f8a9144308: ffff ff48 | bb00 0000 | 0000 0000 

  0x000001f8a9144314: ;   {runtime_call nmethod}
  0x000001f8a9144314: 00e9 fbff 

  0x000001f8a9144318: ;   {static_stub}
  0x000001f8a9144318: ffff 48bb | 0000 0000 | 0000 0000 

  0x000001f8a9144324: ;   {runtime_call nmethod}
  0x000001f8a9144324: e9fb ffff 

  0x000001f8a9144328: ;   {static_stub}
  0x000001f8a9144328: ff48 bb00 | 0000 0000 

  0x000001f8a9144330: ;   {runtime_call nmethod}
  0x000001f8a9144330: 0000 00e9 | fbff ffff 

  0x000001f8a9144338: ;   {static_stub}
  0x000001f8a9144338: 48bb 0000 | 0000 0000 

  0x000001f8a9144340: ;   {runtime_call nmethod}
  0x000001f8a9144340: 0000 e9fb 

  0x000001f8a9144344: ;   {static_stub}
  0x000001f8a9144344: ffff ff48 | bb00 0000 | 0000 0000 

  0x000001f8a9144350: ;   {runtime_call nmethod}
  0x000001f8a9144350: 00e9 fbff 

  0x000001f8a9144354: ;   {runtime_call ExceptionBlob}
  0x000001f8a9144354: ffff e9a5 | b47c ffe8 | 0000 0000 | 4883 2c24 

  0x000001f8a9144364: ;   {runtime_call DeoptimizationBlob}
  0x000001f8a9144364: 05e9 b603 | 7aff f4f4 | f4f4 f4f4 
[/MachCode]


---------------  P R O C E S S  ---------------

Threads class SMR info:
_java_thread_list=0x000001f8ff797740, length=53, elements={
0x000001f89e15f2f0, 0x000001f8b594f0a0, 0x000001f8b5950a20, 0x000001f8b59561c0,
0x000001f8b5956c20, 0x000001f8b5957680, 0x000001f8b59580e0, 0x000001f8b5958e70,
0x000001f8b595d8d0, 0x000001f8b5b2cf50, 0x000001f8b5b84fd0, 0x000001f8b5cec660,
0x000001f8fc483920, 0x000001f8fbe59f90, 0x000001f8fc769a20, 0x000001f8fc7566a0,
0x000001f8fc78f0a0, 0x000001f8fc50c830, 0x000001f8fc50cec0, 0x000001f8fc50c1a0,
0x000001f8fc50d550, 0x000001f8fc50adf0, 0x000001f8fc50b480, 0x000001f8fc50bb10,
0x000001f8fc50a760, 0x000001f8ff106910, 0x000001f8ff107630, 0x000001f8ff1089e0,
0x000001f8ff10aab0, 0x000001f8ff109d90, 0x000001f8ff10b140, 0x000001f8ff107cc0,
0x000001f8ff10cb80, 0x000001f8ff10c4f0, 0x000001f8ff10d210, 0x000001f8ff10d8a0,
0x000001f8ff10df30, 0x000001f8fcdd76f0, 0x000001f8fcdda4e0, 0x000001f8fcdd9e50,
0x000001f8fcdd97c0, 0x000001f8fcdd7d80, 0x000001f8fcdd7060, 0x000001f8fcdd9130,
0x000001f8fcddb200, 0x000001f8fcddab70, 0x000001f8fcddb890, 0x000001f8fcdd8410,
0x000001f8fcddbf20, 0x000001f8fcdd8aa0, 0x000001f8fcdde680, 0x000001f8fcddd2d0,
0x000001f8fcddc5b0
}

Java Threads: ( => current thread )
  0x000001f89e15f2f0 JavaThread "main"                              [_thread_blocked, id=3104, stack(0x000000060a900000,0x000000060aa00000) (1024K)]
  0x000001f8b594f0a0 JavaThread "Reference Handler"          daemon [_thread_blocked, id=26344, stack(0x000000060b100000,0x000000060b200000) (1024K)]
  0x000001f8b5950a20 JavaThread "Finalizer"                  daemon [_thread_blocked, id=6132, stack(0x000000060b200000,0x000000060b300000) (1024K)]
  0x000001f8b59561c0 JavaThread "Signal Dispatcher"          daemon [_thread_blocked, id=20272, stack(0x000000060b300000,0x000000060b400000) (1024K)]
  0x000001f8b5956c20 JavaThread "Attach Listener"            daemon [_thread_blocked, id=2476, stack(0x000000060b400000,0x000000060b500000) (1024K)]
  0x000001f8b5957680 JavaThread "Service Thread"             daemon [_thread_blocked, id=7464, stack(0x000000060b500000,0x000000060b600000) (1024K)]
  0x000001f8b59580e0 JavaThread "Monitor Deflation Thread"   daemon [_thread_blocked, id=4444, stack(0x000000060b600000,0x000000060b700000) (1024K)]
  0x000001f8b5958e70 JavaThread "C2 CompilerThread0"         daemon [_thread_blocked, id=22624, stack(0x000000060b700000,0x000000060b800000) (1024K)]
  0x000001f8b595d8d0 JavaThread "C1 CompilerThread0"         daemon [_thread_blocked, id=29060, stack(0x000000060b800000,0x000000060b900000) (1024K)]
  0x000001f8b5b2cf50 JavaThread "Common-Cleaner"             daemon [_thread_blocked, id=14552, stack(0x000000060b900000,0x000000060ba00000) (1024K)]
  0x000001f8b5b84fd0 JavaThread "Notification Thread"        daemon [_thread_blocked, id=14388, stack(0x000000060ba00000,0x000000060bb00000) (1024K)]
  0x000001f8b5cec660 JavaThread "Daemon health stats"               [_thread_blocked, id=4440, stack(0x000000060c100000,0x000000060c200000) (1024K)]
  0x000001f8fc483920 JavaThread "Incoming local TCP Connector on port 53583"        [_thread_in_native, id=18672, stack(0x000000060bb00000,0x000000060bc00000) (1024K)]
  0x000001f8fbe59f90 JavaThread "Daemon periodic checks"            [_thread_blocked, id=23716, stack(0x000000060c500000,0x000000060c600000) (1024K)]
  0x000001f8fc769a20 JavaThread "Daemon"                            [_thread_blocked, id=25268, stack(0x000000060c600000,0x000000060c700000) (1024K)]
  0x000001f8fc7566a0 JavaThread "Handler for socket connection from /127.0.0.1:53583 to /127.0.0.1:53584"        [_thread_in_native, id=24632, stack(0x000000060c700000,0x000000060c800000) (1024K)]
  0x000001f8fc78f0a0 JavaThread "Cancel handler"                    [_thread_blocked, id=16828, stack(0x000000060c800000,0x000000060c900000) (1024K)]
=>0x000001f8fc50c830 JavaThread "Daemon worker"                     [_thread_in_vm, id=29712, stack(0x000000060c900000,0x000000060ca00000) (1024K)]
  0x000001f8fc50cec0 JavaThread "Asynchronous log dispatcher for DefaultDaemonConnection: socket connection from /127.0.0.1:53583 to /127.0.0.1:53584"        [_thread_blocked, id=13024, stack(0x000000060ca00000,0x000000060cb00000) (1024K)]
  0x000001f8fc50c1a0 JavaThread "Stdin handler"                     [_thread_blocked, id=20188, stack(0x000000060cb00000,0x000000060cc00000) (1024K)]
  0x000001f8fc50d550 JavaThread "Daemon client event forwarder"        [_thread_blocked, id=23388, stack(0x000000060cc00000,0x000000060cd00000) (1024K)]
  0x000001f8fc50adf0 JavaThread "Cache worker for journal cache (C:\Users\nguye\.gradle\caches\journal-1)"        [_thread_blocked, id=3388, stack(0x000000060c400000,0x000000060c500000) (1024K)]
  0x000001f8fc50b480 JavaThread "File lock request listener"        [_thread_in_native, id=4032, stack(0x000000060cd00000,0x000000060ce00000) (1024K)]
  0x000001f8fc50bb10 JavaThread "Cache worker for file hash cache (C:\Users\nguye\.gradle\caches\8.13\fileHashes)"        [_thread_blocked, id=20664, stack(0x000000060ce00000,0x000000060cf00000) (1024K)]
  0x000001f8fc50a760 JavaThread "Cache worker for file hash cache (C:\ELearn-language-tutor\Mobile\.gradle\8.13\fileHashes)"        [_thread_blocked, id=25504, stack(0x000000060d200000,0x000000060d300000) (1024K)]
  0x000001f8ff106910 JavaThread "Cache worker for Build Output Cleanup Cache (C:\ELearn-language-tutor\Mobile\.gradle\buildOutputCleanup)"        [_thread_blocked, id=7068, stack(0x000000060d300000,0x000000060d400000) (1024K)]
  0x000001f8ff107630 JavaThread "File watcher server"        daemon [_thread_in_native, id=30960, stack(0x000000060d400000,0x000000060d500000) (1024K)]
  0x000001f8ff1089e0 JavaThread "File watcher consumer"      daemon [_thread_blocked, id=5448, stack(0x000000060d500000,0x000000060d600000) (1024K)]
  0x000001f8ff10aab0 JavaThread "Cache worker for checksums cache (C:\ELearn-language-tutor\Mobile\.gradle\8.13\checksums)"        [_thread_blocked, id=21748, stack(0x000000060cf00000,0x000000060d000000) (1024K)]
  0x000001f8ff109d90 JavaThread "Cache worker for file content cache (C:\Users\nguye\.gradle\caches\8.13\fileContent)"        [_thread_blocked, id=12008, stack(0x000000060d100000,0x000000060d200000) (1024K)]
  0x000001f8ff10b140 JavaThread "Cache worker for cache directory md-supplier (C:\Users\nguye\.gradle\caches\8.13\md-supplier)"        [_thread_blocked, id=26092, stack(0x000000060d700000,0x000000060d800000) (1024K)]
  0x000001f8ff107cc0 JavaThread "Cache worker for cache directory md-rule (C:\Users\nguye\.gradle\caches\8.13\md-rule)"        [_thread_blocked, id=31148, stack(0x000000060d600000,0x000000060d700000) (1024K)]
  0x000001f8ff10cb80 JavaThread "Unconstrained build operations"        [_thread_blocked, id=19260, stack(0x000000060d800000,0x000000060d900000) (1024K)]
  0x000001f8ff10c4f0 JavaThread "Unconstrained build operations Thread 2"        [_thread_blocked, id=29084, stack(0x000000060d900000,0x000000060da00000) (1024K)]
  0x000001f8ff10d210 JavaThread "Unconstrained build operations Thread 3"        [_thread_blocked, id=20968, stack(0x000000060da00000,0x000000060db00000) (1024K)]
  0x000001f8ff10d8a0 JavaThread "Unconstrained build operations Thread 4"        [_thread_blocked, id=10428, stack(0x000000060db00000,0x000000060dc00000) (1024K)]
  0x000001f8ff10df30 JavaThread "Unconstrained build operations Thread 5"        [_thread_blocked, id=17876, stack(0x000000060dc00000,0x000000060dd00000) (1024K)]
  0x000001f8fcdd76f0 JavaThread "Unconstrained build operations Thread 6"        [_thread_blocked, id=23492, stack(0x000000060dd00000,0x000000060de00000) (1024K)]
  0x000001f8fcdda4e0 JavaThread "Unconstrained build operations Thread 7"        [_thread_blocked, id=25080, stack(0x000000060de00000,0x000000060df00000) (1024K)]
  0x000001f8fcdd9e50 JavaThread "Unconstrained build operations Thread 8"        [_thread_blocked, id=21184, stack(0x000000060df00000,0x000000060e000000) (1024K)]
  0x000001f8fcdd97c0 JavaThread "Unconstrained build operations Thread 9"        [_thread_blocked, id=17008, stack(0x000000060e000000,0x000000060e100000) (1024K)]
  0x000001f8fcdd7d80 JavaThread "Unconstrained build operations Thread 10"        [_thread_blocked, id=12256, stack(0x000000060e100000,0x000000060e200000) (1024K)]
  0x000001f8fcdd7060 JavaThread "Unconstrained build operations Thread 11"        [_thread_blocked, id=5472, stack(0x000000060e200000,0x000000060e300000) (1024K)]
  0x000001f8fcdd9130 JavaThread "Unconstrained build operations Thread 12"        [_thread_blocked, id=26288, stack(0x000000060e300000,0x000000060e400000) (1024K)]
  0x000001f8fcddb200 JavaThread "Unconstrained build operations Thread 13"        [_thread_blocked, id=2508, stack(0x000000060e400000,0x000000060e500000) (1024K)]
  0x000001f8fcddab70 JavaThread "Unconstrained build operations Thread 14"        [_thread_blocked, id=8152, stack(0x000000060e500000,0x000000060e600000) (1024K)]
  0x000001f8fcddb890 JavaThread "Unconstrained build operations Thread 15"        [_thread_blocked, id=18504, stack(0x000000060e700000,0x000000060e800000) (1024K)]
  0x000001f8fcdd8410 JavaThread "Unconstrained build operations Thread 16"        [_thread_blocked, id=15620, stack(0x000000060e800000,0x000000060e900000) (1024K)]
  0x000001f8fcddbf20 JavaThread "Unconstrained build operations Thread 17"        [_thread_blocked, id=24440, stack(0x000000060e900000,0x000000060ea00000) (1024K)]
  0x000001f8fcdd8aa0 JavaThread "Unconstrained build operations Thread 18"        [_thread_blocked, id=31308, stack(0x000000060ea00000,0x000000060eb00000) (1024K)]
  0x000001f8fcdde680 JavaThread "Unconstrained build operations Thread 19"        [_thread_blocked, id=10732, stack(0x000000060eb00000,0x000000060ec00000) (1024K)]
  0x000001f8fcddd2d0 JavaThread "Unconstrained build operations Thread 20"        [_thread_blocked, id=6884, stack(0x000000060ec00000,0x000000060ed00000) (1024K)]
  0x000001f8fcddc5b0 JavaThread "Unconstrained build operations Thread 21"        [_thread_blocked, id=16944, stack(0x000000060ed00000,0x000000060ee00000) (1024K)]
Total: 53

Other Threads:
  0x000001f8b5930f00 VMThread "VM Thread"                           [id=27128, stack(0x000000060b000000,0x000000060b100000) (1024K)] _threads_hazard_ptr=0x000001f8ff797740
  0x000001f8b59239e0 WatcherThread "VM Periodic Task Thread"        [id=16992, stack(0x000000060af00000,0x000000060b000000) (1024K)]
  0x000001f89e1b8be0 WorkerThread "GC Thread#0"                     [id=23236, stack(0x000000060aa00000,0x000000060ab00000) (1024K)]
  0x000001f8fb37a390 WorkerThread "GC Thread#1"                     [id=3684, stack(0x000000060bc00000,0x000000060bd00000) (1024K)]
  0x000001f8fb32e320 WorkerThread "GC Thread#2"                     [id=10948, stack(0x000000060bd00000,0x000000060be00000) (1024K)]
  0x000001f8fb32e6d0 WorkerThread "GC Thread#3"                     [id=27768, stack(0x000000060be00000,0x000000060bf00000) (1024K)]
  0x000001f8fb32ea80 WorkerThread "GC Thread#4"                     [id=21644, stack(0x000000060bf00000,0x000000060c000000) (1024K)]
  0x000001f8fb265b60 WorkerThread "GC Thread#5"                     [id=2388, stack(0x000000060c000000,0x000000060c100000) (1024K)]
  0x000001f8fb4dbab0 WorkerThread "GC Thread#6"                     [id=3636, stack(0x000000060c200000,0x000000060c300000) (1024K)]
  0x000001f8fb4dbe60 WorkerThread "GC Thread#7"                     [id=2024, stack(0x000000060c300000,0x000000060c400000) (1024K)]
  0x000001f89e1c9ae0 ConcurrentGCThread "G1 Main Marker"            [id=12996, stack(0x000000060ab00000,0x000000060ac00000) (1024K)]
  0x000001f89e1ca500 WorkerThread "G1 Conc#0"                       [id=29308, stack(0x000000060ac00000,0x000000060ad00000) (1024K)]
  0x000001f8fe868b90 WorkerThread "G1 Conc#1"                       [id=16556, stack(0x000000060d000000,0x000000060d100000) (1024K)]
  0x000001f89e21e8c0 ConcurrentGCThread "G1 Refine#0"               [id=16904, stack(0x000000060ad00000,0x000000060ae00000) (1024K)]
  0x000001f8b57ee700 ConcurrentGCThread "G1 Service"                [id=15664, stack(0x000000060ae00000,0x000000060af00000) (1024K)]
Total: 15

Threads with active compile tasks:
Total: 0

VM state: synchronizing (normal execution)

VM Mutex/Monitor currently owned by a thread:  ([mutex/lock_event])
[0x00007ff9ccfbc4e0] Metaspace_lock - owner thread: 0x000001f8fc50c830
[0x00007ff9ccfbe560] Threads_lock - owner thread: 0x000001f8b5930f00

Heap address: 0x0000000080000000, size: 2048 MB, Compressed Oops mode: 32-bit

CDS archive(s) mapped at: [0x000001f8b6000000-0x000001f8b6ba0000-0x000001f8b6ba0000), size 12189696, SharedBaseAddress: 0x000001f8b6000000, ArchiveRelocationMode: 1.
Compressed class space mapped at: 0x000001f8b7000000-0x000001f8f7000000, reserved size: 1073741824
Narrow klass base: 0x000001f8b6000000, Narrow klass shift: 0, Narrow klass range: 0x100000000

GC Precious Log:
 CardTable entry size: 512
 Card Set container configuration: InlinePtr #cards 5 size 8 Array Of Cards #cards 12 size 40 Howl #buckets 4 coarsen threshold 1843 Howl Bitmap #cards 512 size 80 coarsen threshold 460 Card regions per heap region 1 cards per card region 2048
 CPUs: 8 total, 8 available
 Memory: 16221M
 Large Page Support: Disabled
 NUMA Support: Disabled
 Compressed Oops: Enabled (32-bit)
 Heap Region Size: 1M
 Heap Min Capacity: 8M
 Heap Initial Capacity: 254M
 Heap Max Capacity: 2G
 Pre-touch: Disabled
 Parallel Workers: 8
 Concurrent Workers: 2
 Concurrent Refinement Workers: 8
 Periodic GC: Disabled

Heap:
 garbage-first heap   total 89088K, used 57742K [0x0000000080000000, 0x0000000100000000)
  region size 1024K, 8 young (8192K), 2 survivors (2048K)
 Metaspace       used 64611K, committed 66368K, reserved 1114112K
  class space    used 9627K, committed 10496K, reserved 1048576K

Heap Regions: E=young(eden), S=young(survivor), O=old, HS=humongous(starts), HC=humongous(continues), CS=collection set, F=free, TAMS=top-at-mark-start, PB=parsable bottom
|   0|0x0000000080000000, 0x0000000080100000, 0x0000000080100000|100%|HS|  |TAMS 0x0000000080000000| PB 0x0000000080000000| Complete 
|   1|0x0000000080100000, 0x0000000080200000, 0x0000000080200000|100%|HC|  |TAMS 0x0000000080100000| PB 0x0000000080100000| Complete 
|   2|0x0000000080200000, 0x0000000080300000, 0x0000000080300000|100%|HC|  |TAMS 0x0000000080200000| PB 0x0000000080200000| Complete 
|   3|0x0000000080300000, 0x0000000080400000, 0x0000000080400000|100%| O|  |TAMS 0x0000000080300000| PB 0x0000000080300000| Untracked 
|   4|0x0000000080400000, 0x0000000080500000, 0x0000000080500000|100%| O|  |TAMS 0x0000000080400000| PB 0x0000000080400000| Untracked 
|   5|0x0000000080500000, 0x0000000080600000, 0x0000000080600000|100%| O|  |TAMS 0x0000000080500000| PB 0x0000000080500000| Untracked 
|   6|0x0000000080600000, 0x0000000080700000, 0x0000000080700000|100%|HS|  |TAMS 0x0000000080600000| PB 0x0000000080600000| Complete 
|   7|0x0000000080700000, 0x0000000080800000, 0x0000000080800000|100%| O|  |TAMS 0x0000000080700000| PB 0x0000000080700000| Untracked 
|   8|0x0000000080800000, 0x0000000080900000, 0x0000000080900000|100%| O|  |TAMS 0x0000000080800000| PB 0x0000000080800000| Untracked 
|   9|0x0000000080900000, 0x0000000080a00000, 0x0000000080a00000|100%| O|  |TAMS 0x0000000080900000| PB 0x0000000080900000| Untracked 
|  10|0x0000000080a00000, 0x0000000080b00000, 0x0000000080b00000|100%| O|  |TAMS 0x0000000080a00000| PB 0x0000000080a00000| Untracked 
|  11|0x0000000080b00000, 0x0000000080c00000, 0x0000000080c00000|100%| O|  |TAMS 0x0000000080b00000| PB 0x0000000080b00000| Untracked 
|  12|0x0000000080c00000, 0x0000000080d00000, 0x0000000080d00000|100%| O|  |TAMS 0x0000000080c00000| PB 0x0000000080c00000| Untracked 
|  13|0x0000000080d00000, 0x0000000080e00000, 0x0000000080e00000|100%| O|  |TAMS 0x0000000080d00000| PB 0x0000000080d00000| Untracked 
|  14|0x0000000080e00000, 0x0000000080f00000, 0x0000000080f00000|100%| O|  |TAMS 0x0000000080e00000| PB 0x0000000080e00000| Untracked 
|  15|0x0000000080f00000, 0x0000000081000000, 0x0000000081000000|100%| O|  |TAMS 0x0000000080f00000| PB 0x0000000080f00000| Untracked 
|  16|0x0000000081000000, 0x0000000081100000, 0x0000000081100000|100%| O|  |TAMS 0x0000000081000000| PB 0x0000000081000000| Untracked 
|  17|0x0000000081100000, 0x0000000081200000, 0x0000000081200000|100%| O|  |TAMS 0x0000000081100000| PB 0x0000000081100000| Untracked 
|  18|0x0000000081200000, 0x0000000081300000, 0x0000000081300000|100%| O|  |TAMS 0x0000000081200000| PB 0x0000000081200000| Untracked 
|  19|0x0000000081300000, 0x0000000081400000, 0x0000000081400000|100%| O|  |TAMS 0x0000000081300000| PB 0x0000000081300000| Untracked 
|  20|0x0000000081400000, 0x0000000081500000, 0x0000000081500000|100%| O|  |TAMS 0x0000000081400000| PB 0x0000000081400000| Untracked 
|  21|0x0000000081500000, 0x0000000081600000, 0x0000000081600000|100%| O|  |TAMS 0x0000000081500000| PB 0x0000000081500000| Untracked 
|  22|0x0000000081600000, 0x0000000081600000, 0x0000000081700000|  0%| F|  |TAMS 0x0000000081600000| PB 0x0000000081600000| Untracked 
|  23|0x0000000081700000, 0x0000000081700000, 0x0000000081800000|  0%| F|  |TAMS 0x0000000081700000| PB 0x0000000081700000| Untracked 
|  24|0x0000000081800000, 0x0000000081900000, 0x0000000081900000|100%| O|  |TAMS 0x0000000081800000| PB 0x0000000081800000| Untracked 
|  25|0x0000000081900000, 0x0000000081a00000, 0x0000000081a00000|100%| O|  |TAMS 0x0000000081900000| PB 0x0000000081900000| Untracked 
|  26|0x0000000081a00000, 0x0000000081b00000, 0x0000000081b00000|100%| O|  |TAMS 0x0000000081a00000| PB 0x0000000081a00000| Untracked 
|  27|0x0000000081b00000, 0x0000000081c00000, 0x0000000081c00000|100%| O|  |TAMS 0x0000000081b00000| PB 0x0000000081b00000| Untracked 
|  28|0x0000000081c00000, 0x0000000081d00000, 0x0000000081d00000|100%| O|  |TAMS 0x0000000081c00000| PB 0x0000000081c00000| Untracked 
|  29|0x0000000081d00000, 0x0000000081e00000, 0x0000000081e00000|100%| O|  |TAMS 0x0000000081d00000| PB 0x0000000081d00000| Untracked 
|  30|0x0000000081e00000, 0x0000000081f00000, 0x0000000081f00000|100%| O|  |TAMS 0x0000000081e00000| PB 0x0000000081e00000| Untracked 
|  31|0x0000000081f00000, 0x0000000082000000, 0x0000000082000000|100%| O|  |TAMS 0x0000000081f00000| PB 0x0000000081f00000| Untracked 
|  32|0x0000000082000000, 0x0000000082100000, 0x0000000082100000|100%| O|  |TAMS 0x0000000082000000| PB 0x0000000082000000| Untracked 
|  33|0x0000000082100000, 0x0000000082200000, 0x0000000082200000|100%| O|  |TAMS 0x0000000082100000| PB 0x0000000082100000| Untracked 
|  34|0x0000000082200000, 0x0000000082300000, 0x0000000082300000|100%| O|  |TAMS 0x0000000082200000| PB 0x0000000082200000| Untracked 
|  35|0x0000000082300000, 0x0000000082400000, 0x0000000082400000|100%| O|  |TAMS 0x0000000082300000| PB 0x0000000082300000| Untracked 
|  36|0x0000000082400000, 0x0000000082500000, 0x0000000082500000|100%| O|  |TAMS 0x0000000082400000| PB 0x0000000082400000| Untracked 
|  37|0x0000000082500000, 0x0000000082600000, 0x0000000082600000|100%| O|  |TAMS 0x0000000082500000| PB 0x0000000082500000| Untracked 
|  38|0x0000000082600000, 0x0000000082700000, 0x0000000082700000|100%| O|  |TAMS 0x0000000082600000| PB 0x0000000082600000| Untracked 
|  39|0x0000000082700000, 0x0000000082800000, 0x0000000082800000|100%| O|  |TAMS 0x0000000082700000| PB 0x0000000082700000| Untracked 
|  40|0x0000000082800000, 0x0000000082900000, 0x0000000082900000|100%| O|  |TAMS 0x0000000082800000| PB 0x0000000082800000| Untracked 
|  41|0x0000000082900000, 0x0000000082a00000, 0x0000000082a00000|100%| O|  |TAMS 0x0000000082900000| PB 0x0000000082900000| Untracked 
|  42|0x0000000082a00000, 0x0000000082b00000, 0x0000000082b00000|100%| O|  |TAMS 0x0000000082a00000| PB 0x0000000082a00000| Untracked 
|  43|0x0000000082b00000, 0x0000000082c00000, 0x0000000082c00000|100%| O|  |TAMS 0x0000000082b00000| PB 0x0000000082b00000| Untracked 
|  44|0x0000000082c00000, 0x0000000082d00000, 0x0000000082d00000|100%| O|  |TAMS 0x0000000082c00000| PB 0x0000000082c00000| Untracked 
|  45|0x0000000082d00000, 0x0000000082e00000, 0x0000000082e00000|100%| O|  |TAMS 0x0000000082d00000| PB 0x0000000082d00000| Untracked 
|  46|0x0000000082e00000, 0x0000000082f00000, 0x0000000082f00000|100%| O|  |TAMS 0x0000000082e00000| PB 0x0000000082e00000| Untracked 
|  47|0x0000000082f00000, 0x0000000083000000, 0x0000000083000000|100%| O|  |TAMS 0x0000000082f00000| PB 0x0000000082f00000| Untracked 
|  48|0x0000000083000000, 0x0000000083100000, 0x0000000083100000|100%| O|  |TAMS 0x0000000083000000| PB 0x0000000083000000| Untracked 
|  49|0x0000000083100000, 0x0000000083200000, 0x0000000083200000|100%| O|  |TAMS 0x0000000083100000| PB 0x0000000083100000| Untracked 
|  50|0x0000000083200000, 0x0000000083300000, 0x0000000083300000|100%| O|  |TAMS 0x0000000083200000| PB 0x0000000083200000| Untracked 
|  51|0x0000000083300000, 0x000000008337ae40, 0x0000000083400000| 48%| O|  |TAMS 0x0000000083300000| PB 0x0000000083300000| Untracked 
|  52|0x0000000083400000, 0x0000000083400000, 0x0000000083500000|  0%| F|  |TAMS 0x0000000083400000| PB 0x0000000083400000| Untracked 
|  53|0x0000000083500000, 0x0000000083500000, 0x0000000083600000|  0%| F|  |TAMS 0x0000000083500000| PB 0x0000000083500000| Untracked 
|  54|0x0000000083600000, 0x0000000083600000, 0x0000000083700000|  0%| F|  |TAMS 0x0000000083600000| PB 0x0000000083600000| Untracked 
|  55|0x0000000083700000, 0x0000000083700000, 0x0000000083800000|  0%| F|  |TAMS 0x0000000083700000| PB 0x0000000083700000| Untracked 
|  56|0x0000000083800000, 0x0000000083800000, 0x0000000083900000|  0%| F|  |TAMS 0x0000000083800000| PB 0x0000000083800000| Untracked 
|  57|0x0000000083900000, 0x00000000839e8a60, 0x0000000083a00000| 90%| S|CS|TAMS 0x0000000083900000| PB 0x0000000083900000| Complete 
|  58|0x0000000083a00000, 0x0000000083a00000, 0x0000000083b00000|  0%| F|  |TAMS 0x0000000083a00000| PB 0x0000000083a00000| Untracked 
|  59|0x0000000083b00000, 0x0000000083c00000, 0x0000000083c00000|100%| S|CS|TAMS 0x0000000083b00000| PB 0x0000000083b00000| Complete 
|  60|0x0000000083c00000, 0x0000000083c00000, 0x0000000083d00000|  0%| F|  |TAMS 0x0000000083c00000| PB 0x0000000083c00000| Untracked 
|  61|0x0000000083d00000, 0x0000000083d00000, 0x0000000083e00000|  0%| F|  |TAMS 0x0000000083d00000| PB 0x0000000083d00000| Untracked 
|  62|0x0000000083e00000, 0x0000000083e00000, 0x0000000083f00000|  0%| F|  |TAMS 0x0000000083e00000| PB 0x0000000083e00000| Untracked 
|  63|0x0000000083f00000, 0x0000000083f00000, 0x0000000084000000|  0%| F|  |TAMS 0x0000000083f00000| PB 0x0000000083f00000| Untracked 
|  64|0x0000000084000000, 0x0000000084000000, 0x0000000084100000|  0%| F|  |TAMS 0x0000000084000000| PB 0x0000000084000000| Untracked 
|  65|0x0000000084100000, 0x0000000084100000, 0x0000000084200000|  0%| F|  |TAMS 0x0000000084100000| PB 0x0000000084100000| Untracked 
|  66|0x0000000084200000, 0x0000000084200000, 0x0000000084300000|  0%| F|  |TAMS 0x0000000084200000| PB 0x0000000084200000| Untracked 
|  67|0x0000000084300000, 0x0000000084300000, 0x0000000084400000|  0%| F|  |TAMS 0x0000000084300000| PB 0x0000000084300000| Untracked 
|  68|0x0000000084400000, 0x0000000084400000, 0x0000000084500000|  0%| F|  |TAMS 0x0000000084400000| PB 0x0000000084400000| Untracked 
|  69|0x0000000084500000, 0x0000000084500000, 0x0000000084600000|  0%| F|  |TAMS 0x0000000084500000| PB 0x0000000084500000| Untracked 
|  70|0x0000000084600000, 0x0000000084600000, 0x0000000084700000|  0%| F|  |TAMS 0x0000000084600000| PB 0x0000000084600000| Untracked 
|  71|0x0000000084700000, 0x0000000084700000, 0x0000000084800000|  0%| F|  |TAMS 0x0000000084700000| PB 0x0000000084700000| Untracked 
|  72|0x0000000084800000, 0x0000000084800000, 0x0000000084900000|  0%| F|  |TAMS 0x0000000084800000| PB 0x0000000084800000| Untracked 
| 149|0x0000000089500000, 0x0000000089500000, 0x0000000089600000|  0%| F|  |TAMS 0x0000000089500000| PB 0x0000000089500000| Untracked 
| 150|0x0000000089600000, 0x0000000089600000, 0x0000000089700000|  0%| F|  |TAMS 0x0000000089600000| PB 0x0000000089600000| Untracked 
| 151|0x0000000089700000, 0x0000000089700000, 0x0000000089800000|  0%| F|  |TAMS 0x0000000089700000| PB 0x0000000089700000| Untracked 
| 152|0x0000000089800000, 0x0000000089800000, 0x0000000089900000|  0%| F|  |TAMS 0x0000000089800000| PB 0x0000000089800000| Untracked 
| 153|0x0000000089900000, 0x0000000089900000, 0x0000000089a00000|  0%| F|  |TAMS 0x0000000089900000| PB 0x0000000089900000| Untracked 
| 154|0x0000000089a00000, 0x0000000089a00000, 0x0000000089b00000|  0%| F|  |TAMS 0x0000000089a00000| PB 0x0000000089a00000| Untracked 
| 155|0x0000000089b00000, 0x0000000089b00000, 0x0000000089c00000|  0%| F|  |TAMS 0x0000000089b00000| PB 0x0000000089b00000| Untracked 
| 156|0x0000000089c00000, 0x0000000089cb3138, 0x0000000089d00000| 69%| E|  |TAMS 0x0000000089c00000| PB 0x0000000089c00000| Complete 
| 157|0x0000000089d00000, 0x0000000089e00000, 0x0000000089e00000|100%| E|CS|TAMS 0x0000000089d00000| PB 0x0000000089d00000| Complete 
| 158|0x0000000089e00000, 0x0000000089f00000, 0x0000000089f00000|100%| E|CS|TAMS 0x0000000089e00000| PB 0x0000000089e00000| Complete 
| 159|0x0000000089f00000, 0x000000008a000000, 0x000000008a000000|100%| E|  |TAMS 0x0000000089f00000| PB 0x0000000089f00000| Complete 
| 160|0x000000008a000000, 0x000000008a100000, 0x000000008a100000|100%| E|CS|TAMS 0x000000008a000000| PB 0x000000008a000000| Complete 
| 161|0x000000008a100000, 0x000000008a200000, 0x000000008a200000|100%| E|CS|TAMS 0x000000008a100000| PB 0x000000008a100000| Complete 
|2047|0x00000000fff00000, 0x0000000100000000, 0x0000000100000000|100%| O|  |TAMS 0x00000000fff00000| PB 0x00000000fff00000| Untracked 

Card table byte_map: [0x000001f8b0aa0000,0x000001f8b0ea0000] _byte_map_base: 0x000001f8b06a0000

Marking Bits: (CMBitMap*) 0x000001f89e1b9200
 Bits: [0x000001f8b0ea0000, 0x000001f8b2ea0000)

Polling page: 0x000001f89bf40000

Metaspace:

Usage:
  Non-class:     53.69 MB used.
      Class:      9.40 MB used.
       Both:     63.10 MB used.

Virtual space:
  Non-class space:       64.00 MB reserved,      54.56 MB ( 85%) committed,  1 nodes.
      Class space:        1.00 GB reserved,      10.25 MB (  1%) committed,  1 nodes.
             Both:        1.06 GB reserved,      64.81 MB (  6%) committed. 

Chunk freelists:
   Non-Class:  8.92 MB
       Class:  5.75 MB
        Both:  14.67 MB

MaxMetaspaceSize: unlimited
CompressedClassSpaceSize: 1.00 GB
Initial GC threshold: 21.00 MB
Current GC threshold: 93.12 MB
CDS: on
 - commit_granule_bytes: 65536.
 - commit_granule_words: 8192.
 - virtual_space_node_default_size: 8388608.
 - enlarge_chunks_in_place: 1.
 - use_allocation_guard: 0.


Internal statistics:

num_allocs_failed_limit: 6.
num_arena_births: 3272.
num_arena_deaths: 0.
num_vsnodes_births: 2.
num_vsnodes_deaths: 0.
num_space_committed: 1037.
num_space_uncommitted: 0.
num_chunks_returned_to_freelist: 6.
num_chunks_taken_from_freelist: 6211.
num_chunk_merges: 6.
num_chunk_splits: 4112.
num_chunks_enlarged: 2633.
num_inconsistent_stats: 0.

CodeHeap 'non-profiled nmethods': size=120000Kb used=4103Kb max_used=4422Kb free=115896Kb
 bounds [0x000001f8a8e30000, 0x000001f8a9290000, 0x000001f8b0360000]
CodeHeap 'profiled nmethods': size=120000Kb used=13260Kb max_used=14191Kb free=106739Kb
 bounds [0x000001f8a1360000, 0x000001f8a2140000, 0x000001f8a8890000]
CodeHeap 'non-nmethods': size=5760Kb used=1924Kb max_used=1964Kb free=3835Kb
 bounds [0x000001f8a8890000, 0x000001f8a8b00000, 0x000001f8a8e30000]
CodeCache: size=245760Kb, used=19287Kb, max_used=20577Kb, free=226470Kb
 total_blobs=8113, nmethods=7321, adapters=696, full_count=0
Compilation: enabled, stopped_count=0, restarted_count=0

Compilation events (20 events):
Event: 33.876 Thread 0x000001f8b5958e70 8466       4       java.lang.invoke.DirectMethodHandle::<init> (148 bytes)
Event: 33.889 Thread 0x000001f8b5958e70 nmethod 8466 0x000001f8a90dbf90 code [0x000001f8a90dc1e0, 0x000001f8a90dcf10]
Event: 33.927 Thread 0x000001f8b5958e70 8468       4       java.net.URLClassLoader::isSealed (72 bytes)
Event: 33.932 Thread 0x000001f8b595d8d0 8469       3       org.jetbrains.kotlin.it.unimi.dsi.fastutil.HashCommon::mix (12 bytes)
Event: 33.932 Thread 0x000001f8b595d8d0 nmethod 8469 0x000001f8a1564f10 code [0x000001f8a15650a0, 0x000001f8a15651a0]
Event: 33.952 Thread 0x000001f8b5958e70 nmethod 8468 0x000001f8a9152e90 code [0x000001f8a91531a0, 0x000001f8a9154418]
Event: 33.961 Thread 0x000001f8b595d8d0 8478       3       java.lang.invoke.LambdaForm::create (12 bytes)
Event: 33.961 Thread 0x000001f8b595d8d0 nmethod 8478 0x000001f8a14a1f90 code [0x000001f8a14a2140, 0x000001f8a14a2268]
Event: 33.962 Thread 0x000001f8b595d8d0 8485       3       java.lang.invoke.LambdaForm$Name::<init> (14 bytes)
Event: 33.963 Thread 0x000001f8b595d8d0 nmethod 8485 0x000001f8a1567290 code [0x000001f8a1567460, 0x000001f8a1567770]
Event: 34.052 Thread 0x000001f8b595d8d0 8494   !   3       java.util.concurrent.ConcurrentHashMap::replaceNode (437 bytes)
Event: 34.053 Thread 0x000001f8b595d8d0 nmethod 8494 0x000001f8a172ed90 code [0x000001f8a172f100, 0x000001f8a17308b8]
Event: 34.077 Thread 0x000001f8b595d8d0 8495       3       java.lang.Integer::bitCount (53 bytes)
Event: 34.077 Thread 0x000001f8b595d8d0 nmethod 8495 0x000001f8a14fcc90 code [0x000001f8a14fce20, 0x000001f8a14fcf50]
Event: 34.172 Thread 0x000001f8b595d8d0 8496       3       java.util.Collections$UnmodifiableMap$UnmodifiableEntrySet$UnmodifiableEntry::getValue (10 bytes)
Event: 34.172 Thread 0x000001f8b595d8d0 nmethod 8496 0x000001f8a1962610 code [0x000001f8a19627c0, 0x000001f8a1962998]
Event: 34.266 Thread 0x000001f8b595d8d0 8497       3       javax.management.ObjectName::setCanonicalName (251 bytes)
Event: 34.267 Thread 0x000001f8b595d8d0 nmethod 8497 0x000001f8a14caa10 code [0x000001f8a14caca0, 0x000001f8a14cbc48]
Event: 34.267 Thread 0x000001f8b595d8d0 8498       3       javax.management.ObjectName::isPropertyListPattern (17 bytes)
Event: 34.267 Thread 0x000001f8b595d8d0 nmethod 8498 0x000001f8a1504e90 code [0x000001f8a1505020, 0x000001f8a1505188]

GC Heap History (20 events):
Event: 18.874 GC heap before
{Heap before GC invocations=11 (full 0):
 garbage-first heap   total 86016K, used 74520K [0x0000000080000000, 0x0000000100000000)
  region size 1024K, 42 young (43008K), 5 survivors (5120K)
 Metaspace       used 43782K, committed 45376K, reserved 1114112K
  class space    used 6388K, committed 7168K, reserved 1048576K
}
Event: 18.879 GC heap after
{Heap after GC invocations=12 (full 0):
 garbage-first heap   total 86016K, used 37651K [0x0000000080000000, 0x0000000100000000)
  region size 1024K, 5 young (5120K), 5 survivors (5120K)
 Metaspace       used 43782K, committed 45376K, reserved 1114112K
  class space    used 6388K, committed 7168K, reserved 1048576K
}
Event: 21.796 GC heap before
{Heap before GC invocations=12 (full 0):
 garbage-first heap   total 86016K, used 76563K [0x0000000080000000, 0x0000000100000000)
  region size 1024K, 43 young (44032K), 5 survivors (5120K)
 Metaspace       used 49357K, committed 51008K, reserved 1114112K
  class space    used 7175K, committed 8000K, reserved 1048576K
}
Event: 21.802 GC heap after
{Heap after GC invocations=13 (full 0):
 garbage-first heap   total 86016K, used 39427K [0x0000000080000000, 0x0000000100000000)
  region size 1024K, 4 young (4096K), 4 survivors (4096K)
 Metaspace       used 49357K, committed 51008K, reserved 1114112K
  class space    used 7175K, committed 8000K, reserved 1048576K
}
Event: 23.938 GC heap before
{Heap before GC invocations=13 (full 0):
 garbage-first heap   total 86016K, used 77315K [0x0000000080000000, 0x0000000100000000)
  region size 1024K, 41 young (41984K), 4 survivors (4096K)
 Metaspace       used 53755K, committed 55488K, reserved 1114112K
  class space    used 7877K, committed 8704K, reserved 1048576K
}
Event: 23.943 GC heap after
{Heap after GC invocations=14 (full 0):
 garbage-first heap   total 86016K, used 42361K [0x0000000080000000, 0x0000000100000000)
  region size 1024K, 5 young (5120K), 5 survivors (5120K)
 Metaspace       used 53755K, committed 55488K, reserved 1114112K
  class space    used 7877K, committed 8704K, reserved 1048576K
}
Event: 26.265 GC heap before
{Heap before GC invocations=14 (full 0):
 garbage-first heap   total 86016K, used 76153K [0x0000000080000000, 0x0000000100000000)
  region size 1024K, 39 young (39936K), 5 survivors (5120K)
 Metaspace       used 54966K, committed 56768K, reserved 1114112K
  class space    used 7988K, committed 8832K, reserved 1048576K
}
Event: 26.276 GC heap after
{Heap after GC invocations=15 (full 0):
 garbage-first heap   total 88064K, used 48128K [0x0000000080000000, 0x0000000100000000)
  region size 1024K, 5 young (5120K), 5 survivors (5120K)
 Metaspace       used 54966K, committed 56768K, reserved 1114112K
  class space    used 7988K, committed 8832K, reserved 1048576K
}
Event: 27.177 GC heap before
{Heap before GC invocations=15 (full 0):
 garbage-first heap   total 88064K, used 77824K [0x0000000080000000, 0x0000000100000000)
  region size 1024K, 35 young (35840K), 5 survivors (5120K)
 Metaspace       used 55423K, committed 57216K, reserved 1114112K
  class space    used 8015K, committed 8896K, reserved 1048576K
}
Event: 27.182 GC heap after
{Heap after GC invocations=16 (full 0):
 garbage-first heap   total 88064K, used 50401K [0x0000000080000000, 0x0000000100000000)
  region size 1024K, 4 young (4096K), 4 survivors (4096K)
 Metaspace       used 55423K, committed 57216K, reserved 1114112K
  class space    used 8015K, committed 8896K, reserved 1048576K
}
Event: 27.484 GC heap before
{Heap before GC invocations=17 (full 0):
 garbage-first heap   total 88064K, used 77025K [0x0000000080000000, 0x0000000100000000)
  region size 1024K, 31 young (31744K), 4 survivors (4096K)
 Metaspace       used 55519K, committed 57344K, reserved 1114112K
  class space    used 8015K, committed 8896K, reserved 1048576K
}
Event: 27.489 GC heap after
{Heap after GC invocations=18 (full 0):
 garbage-first heap   total 88064K, used 51563K [0x0000000080000000, 0x0000000100000000)
  region size 1024K, 3 young (3072K), 3 survivors (3072K)
 Metaspace       used 55519K, committed 57344K, reserved 1114112K
  class space    used 8015K, committed 8896K, reserved 1048576K
}
Event: 27.835 GC heap before
{Heap before GC invocations=18 (full 0):
 garbage-first heap   total 88064K, used 78187K [0x0000000080000000, 0x0000000100000000)
  region size 1024K, 30 young (30720K), 3 survivors (3072K)
 Metaspace       used 55532K, committed 57344K, reserved 1114112K
  class space    used 8015K, committed 8896K, reserved 1048576K
}
Event: 27.838 GC heap after
{Heap after GC invocations=19 (full 0):
 garbage-first heap   total 88064K, used 51101K [0x0000000080000000, 0x0000000100000000)
  region size 1024K, 3 young (3072K), 3 survivors (3072K)
 Metaspace       used 55532K, committed 57344K, reserved 1114112K
  class space    used 8015K, committed 8896K, reserved 1048576K
}
Event: 28.062 GC heap before
{Heap before GC invocations=19 (full 0):
 garbage-first heap   total 88064K, used 77725K [0x0000000080000000, 0x0000000100000000)
  region size 1024K, 30 young (30720K), 3 survivors (3072K)
 Metaspace       used 55535K, committed 57344K, reserved 1114112K
  class space    used 8015K, committed 8896K, reserved 1048576K
}
Event: 28.067 GC heap after
{Heap after GC invocations=20 (full 0):
 garbage-first heap   total 88064K, used 52411K [0x0000000080000000, 0x0000000100000000)
  region size 1024K, 3 young (3072K), 3 survivors (3072K)
 Metaspace       used 55535K, committed 57344K, reserved 1114112K
  class space    used 8015K, committed 8896K, reserved 1048576K
}
Event: 32.592 GC heap before
{Heap before GC invocations=21 (full 0):
 garbage-first heap   total 89088K, used 79035K [0x0000000080000000, 0x0000000100000000)
  region size 1024K, 30 young (30720K), 3 survivors (3072K)
 Metaspace       used 59809K, committed 61568K, reserved 1114112K
  class space    used 9013K, committed 9856K, reserved 1048576K
}
Event: 32.595 GC heap after
{Heap after GC invocations=22 (full 0):
 garbage-first heap   total 89088K, used 53681K [0x0000000080000000, 0x0000000100000000)
  region size 1024K, 2 young (2048K), 2 survivors (2048K)
 Metaspace       used 59809K, committed 61568K, reserved 1114112K
  class space    used 9013K, committed 9856K, reserved 1048576K
}
Event: 34.014 GC heap before
{Heap before GC invocations=22 (full 0):
 garbage-first heap   total 89088K, used 80305K [0x0000000080000000, 0x0000000100000000)
  region size 1024K, 28 young (28672K), 2 survivors (2048K)
 Metaspace       used 63739K, committed 65600K, reserved 1114112K
  class space    used 9516K, committed 10432K, reserved 1048576K
}
Event: 34.017 GC heap after
{Heap after GC invocations=23 (full 0):
 garbage-first heap   total 89088K, used 53646K [0x0000000080000000, 0x0000000100000000)
  region size 1024K, 2 young (2048K), 2 survivors (2048K)
 Metaspace       used 63739K, committed 65600K, reserved 1114112K
  class space    used 9516K, committed 10432K, reserved 1048576K
}

Dll operation events (14 events):
Event: 0.027 Loaded shared library C:\Users\nguye\.cursor\extensions\redhat.java-1.53.0-win32-x64\jre\21.0.10-win32-x86_64\bin\java.dll
Event: 0.421 Loaded shared library C:\Users\nguye\.cursor\extensions\redhat.java-1.53.0-win32-x64\jre\21.0.10-win32-x86_64\bin\zip.dll
Event: 0.510 Loaded shared library C:\Users\nguye\.cursor\extensions\redhat.java-1.53.0-win32-x64\jre\21.0.10-win32-x86_64\bin\instrument.dll
Event: 0.549 Loaded shared library C:\Users\nguye\.cursor\extensions\redhat.java-1.53.0-win32-x64\jre\21.0.10-win32-x86_64\bin\net.dll
Event: 0.552 Loaded shared library C:\Users\nguye\.cursor\extensions\redhat.java-1.53.0-win32-x64\jre\21.0.10-win32-x86_64\bin\nio.dll
Event: 0.557 Loaded shared library C:\Users\nguye\.cursor\extensions\redhat.java-1.53.0-win32-x64\jre\21.0.10-win32-x86_64\bin\zip.dll
Event: 1.493 Loaded shared library C:\Users\nguye\.cursor\extensions\redhat.java-1.53.0-win32-x64\jre\21.0.10-win32-x86_64\bin\jimage.dll
Event: 2.372 Loaded shared library C:\Users\nguye\.cursor\extensions\redhat.java-1.53.0-win32-x64\jre\21.0.10-win32-x86_64\bin\verify.dll
Event: 2.674 Loaded shared library C:\Users\nguye\.gradle\native\1def1411415f61bf3af743bc5b6707747c0891f09f0c88961ee8f79bc544acac\windows-amd64\native-platform.dll
Event: 2.705 Loaded shared library C:\Users\nguye\.gradle\native\0.2.7\x86_64-windows-gnu\gradle-fileevents.dll
Event: 6.195 Loaded shared library C:\Users\nguye\.cursor\extensions\redhat.java-1.53.0-win32-x64\jre\21.0.10-win32-x86_64\bin\management.dll
Event: 6.205 Loaded shared library C:\Users\nguye\.cursor\extensions\redhat.java-1.53.0-win32-x64\jre\21.0.10-win32-x86_64\bin\management_ext.dll
Event: 6.624 Loaded shared library C:\Users\nguye\.cursor\extensions\redhat.java-1.53.0-win32-x64\jre\21.0.10-win32-x86_64\bin\extnet.dll
Event: 7.197 Loaded shared library C:\Users\nguye\.cursor\extensions\redhat.java-1.53.0-win32-x64\jre\21.0.10-win32-x86_64\bin\sunmscapi.dll

Deoptimization events (20 events):
Event: 32.356 Thread 0x000001f8fc50c830 Uncommon trap: trap_request=0xffffff45 fr.pc=0x000001f8a8eb2940 relative=0x00000000000000a0
Event: 32.356 Thread 0x000001f8fc50c830 Uncommon trap: reason=unstable_if action=reinterpret pc=0x000001f8a8eb2940 method=java.lang.CharacterDataLatin1.isWhitespace(I)Z @ 14 c2
Event: 32.356 Thread 0x000001f8fc50c830 DEOPT PACKING pc=0x000001f8a8eb2940 sp=0x000000060c9f6d00
Event: 32.356 Thread 0x000001f8fc50c830 DEOPT UNPACKING pc=0x000001f8a88e4422 sp=0x000000060c9f6c70 mode 2
Event: 33.080 Thread 0x000001f8fc50c830 Uncommon trap: trap_request=0xffffff45 fr.pc=0x000001f8a91974c0 relative=0x0000000000000b60
Event: 33.080 Thread 0x000001f8fc50c830 Uncommon trap: reason=unstable_if action=reinterpret pc=0x000001f8a91974c0 method=java.util.regex.Pattern.escape(ZZZ)I @ 912 c2
Event: 33.080 Thread 0x000001f8fc50c830 DEOPT PACKING pc=0x000001f8a91974c0 sp=0x000000060c9f4c00
Event: 33.080 Thread 0x000001f8fc50c830 DEOPT UNPACKING pc=0x000001f8a88e4422 sp=0x000000060c9f4b98 mode 2
Event: 33.162 Thread 0x000001f8fc50c830 Uncommon trap: trap_request=0xffffff6e fr.pc=0x000001f8a8e53154 relative=0x00000000000001b4
Event: 33.162 Thread 0x000001f8fc50c830 Uncommon trap: reason=loop_limit_check action=maybe_recompile pc=0x000001f8a8e53154 method=java.lang.StringLatin1.lastIndexOf([BII)I @ 19 c2
Event: 33.162 Thread 0x000001f8fc50c830 DEOPT PACKING pc=0x000001f8a8e53154 sp=0x000000060c9f3f90
Event: 33.162 Thread 0x000001f8fc50c830 DEOPT UNPACKING pc=0x000001f8a88e4422 sp=0x000000060c9f3f10 mode 2
Event: 33.165 Thread 0x000001f8fc50c830 Uncommon trap: trap_request=0xffffffe5 fr.pc=0x000001f8a908d628 relative=0x0000000000000108
Event: 33.165 Thread 0x000001f8fc50c830 Uncommon trap: reason=range_check action=reinterpret pc=0x000001f8a908d628 method=java.math.BigInteger.getInt(I)I @ 1 c2
Event: 33.165 Thread 0x000001f8fc50c830 DEOPT PACKING pc=0x000001f8a908d628 sp=0x000000060c9f44a0
Event: 33.165 Thread 0x000001f8fc50c830 DEOPT UNPACKING pc=0x000001f8a88e4422 sp=0x000000060c9f4438 mode 2
Event: 33.907 Thread 0x000001f8fc50c830 Uncommon trap: trap_request=0xffffff45 fr.pc=0x000001f8a906e8f0 relative=0x00000000000009f0
Event: 33.907 Thread 0x000001f8fc50c830 Uncommon trap: reason=unstable_if action=reinterpret pc=0x000001f8a906e8f0 method=java.util.concurrent.ConcurrentHashMap.replaceNode(Ljava/lang/Object;Ljava/lang/Object;Ljava/lang/Object;)Ljava/lang/Object; @ 17 c2
Event: 33.907 Thread 0x000001f8fc50c830 DEOPT PACKING pc=0x000001f8a906e8f0 sp=0x000000060c9f5540
Event: 33.907 Thread 0x000001f8fc50c830 DEOPT UNPACKING pc=0x000001f8a88e4422 sp=0x000000060c9f54d0 mode 2

Classes loaded (20 events):
Event: 26.723 Loading class java/lang/foreign/MemorySegment
Event: 26.724 Loading class java/lang/foreign/MemorySegment done
Event: 32.637 Loading class java/lang/Override
Event: 32.637 Loading class java/lang/Override done
Event: 33.158 Loading class java/util/Stack
Event: 33.158 Loading class java/util/Stack done
Event: 33.163 Loading class java/math/MutableBigInteger
Event: 33.165 Loading class java/math/MutableBigInteger done
Event: 33.615 Loading class java/lang/AbstractMethodError
Event: 33.619 Loading class java/lang/AbstractMethodError done
Event: 33.771 Loading class java/nio/file/FileChannelLinesSpliterator
Event: 33.771 Loading class java/nio/file/FileChannelLinesSpliterator done
Event: 33.890 Loading class java/util/concurrent/atomic/AtomicLongFieldUpdater
Event: 33.891 Loading class java/util/concurrent/atomic/AtomicLongFieldUpdater done
Event: 33.891 Loading class java/util/concurrent/atomic/AtomicLongFieldUpdater$CASUpdater
Event: 33.891 Loading class java/util/concurrent/atomic/AtomicLongFieldUpdater$CASUpdater done
Event: 33.891 Loading class java/util/concurrent/atomic/AtomicLongFieldUpdater$CASUpdater$1
Event: 33.891 Loading class java/util/concurrent/atomic/AtomicLongFieldUpdater$CASUpdater$1 done
Event: 33.931 Loading class java/io/StringReader
Event: 33.931 Loading class java/io/StringReader done

Classes unloaded (0 events):
No events

Classes redefined (0 events):
No events

Internal exceptions (20 events):
Event: 28.460 Thread 0x000001f8fc50c830 Exception <a 'java/lang/IncompatibleClassChangeError'{0x0000000089bdd468}: Found class java.lang.Object, but interface was expected> (0x0000000089bdd468) 
thrown [s\src\hotspot\share\interpreter\linkResolver.cpp, line 840]
Event: 28.526 Thread 0x000001f8fc50c830 Exception <a 'java/lang/NoSuchMethodError'{0x0000000089a97a50}: 'void java.lang.invoke.DirectMethodHandle$Holder.invokeVirtual(java.lang.Object, java.lang.Object)'> (0x0000000089a97a50) 
thrown [s\src\hotspot\share\interpreter\linkResolver.cpp, line 773]
Event: 28.603 Thread 0x000001f8fc50c830 Exception <a 'java/lang/NoSuchMethodError'{0x0000000089878b18}: 'java.lang.Object java.lang.invoke.DirectMethodHandle$Holder.invokeStaticInit(java.lang.Object, int)'> (0x0000000089878b18) 
thrown [s\src\hotspot\share\interpreter\linkResolver.cpp, line 773]
Event: 31.060 Thread 0x000001f8fc50c830 Implicit null exception at 0x000001f8a91069c4 to 0x000001f8a9106b40
Event: 33.122 Thread 0x000001f8fc50c830 Exception <a 'sun/nio/fs/WindowsException'{0x00000000899a3bc8}> (0x00000000899a3bc8) 
thrown [s\src\hotspot\share\prims\jni.cpp, line 520]
Event: 33.123 Thread 0x000001f8fc50c830 Exception <a 'sun/nio/fs/WindowsException'{0x00000000899a5ac0}> (0x00000000899a5ac0) 
thrown [s\src\hotspot\share\prims\jni.cpp, line 520]
Event: 33.773 Thread 0x000001f8fc50c830 Exception <a 'sun/nio/fs/WindowsException'{0x000000008461c3e0}> (0x000000008461c3e0) 
thrown [s\src\hotspot\share\prims\jni.cpp, line 520]
Event: 33.884 Thread 0x000001f8fc50c830 Exception <a 'java/lang/NoSuchMethodError'{0x00000000843ea2f8}: 'long java.lang.invoke.DirectMethodHandle$Holder.invokeStatic(java.lang.Object)'> (0x00000000843ea2f8) 
thrown [s\src\hotspot\share\interpreter\linkResolver.cpp, line 773]
Event: 33.885 Thread 0x000001f8fc50c830 Exception <a 'java/lang/NoSuchMethodError'{0x00000000843eee88}: 'long java.lang.invoke.DirectMethodHandle$Holder.invokeStaticInit(java.lang.Object)'> (0x00000000843eee88) 
thrown [s\src\hotspot\share\interpreter\linkResolver.cpp, line 773]
Event: 33.907 Thread 0x000001f8fc50c830 Implicit null exception at 0x000001f8a906dfcc to 0x000001f8a906e8e0
Event: 33.954 Thread 0x000001f8fc50c830 Exception <a 'java/lang/NoSuchMethodError'{0x0000000083ff1170}: 'void java.lang.invoke.DirectMethodHandle$Holder.invokeStaticInit(java.lang.Object)'> (0x0000000083ff1170) 
thrown [s\src\hotspot\share\interpreter\linkResolver.cpp, line 773]
Event: 33.960 Thread 0x000001f8fc50c830 Exception <a 'java/lang/NoSuchMethodError'{0x0000000083e74b90}: 'void java.lang.invoke.DelegatingMethodHandle$Holder.reinvoke_L(java.lang.Object, java.lang.Object, java.lang.Object, long, java.lang.Object)'> (0x0000000083e74b90) 
thrown [s\src\hotspot\share\interpreter\linkResolver.cpp, line 773]
Event: 33.961 Thread 0x000001f8fc50c830 Exception <a 'java/lang/NoSuchMethodError'{0x0000000083e7ce40}: 'java.lang.Object java.lang.invoke.DirectMethodHandle$Holder.invokeSpecial(java.lang.Object, java.lang.Object, java.lang.Object, java.lang.Object, long)'> (0x0000000083e7ce40) 
thrown [s\src\hotspot\share\interpreter\linkResolver.cpp, line 773]
Event: 33.961 Thread 0x000001f8fc50c830 Exception <a 'java/lang/NoSuchMethodError'{0x0000000083e8d0c0}: 'int java.lang.invoke.DelegatingMethodHandle$Holder.reinvoke_L(java.lang.Object, java.lang.Object, java.lang.Object, long, java.lang.Object, java.lang.Object)'> (0x0000000083e8d0c0) 
thrown [s\src\hotspot\share\interpreter\linkResolver.cpp, line 773]
Event: 33.962 Thread 0x000001f8fc50c830 Exception <a 'java/lang/NoSuchMethodError'{0x0000000083e9c6c0}: 'int java.lang.invoke.DelegatingMethodHandle$Holder.reinvoke_L(java.lang.Object, java.lang.Object, java.lang.Object, long, int, int)'> (0x0000000083e9c6c0) 
thrown [s\src\hotspot\share\interpreter\linkResolver.cpp, line 773]
Event: 33.962 Thread 0x000001f8fc50c830 Exception <a 'java/lang/NoSuchMethodError'{0x0000000083eaba70}: 'int java.lang.invoke.DelegatingMethodHandle$Holder.reinvoke_L(java.lang.Object, java.lang.Object, java.lang.Object, long, long, long)'> (0x0000000083eaba70) 
thrown [s\src\hotspot\share\interpreter\linkResolver.cpp, line 773]
Event: 33.963 Thread 0x000001f8fc50c830 Exception <a 'java/lang/NoSuchMethodError'{0x0000000083ebaac8}: 'int java.lang.invoke.DelegatingMethodHandle$Holder.reinvoke_L(java.lang.Object, java.lang.Object, java.lang.Object, long, int)'> (0x0000000083ebaac8) 
thrown [s\src\hotspot\share\interpreter\linkResolver.cpp, line 773]
Event: 33.963 Thread 0x000001f8fc50c830 Exception <a 'java/lang/NoSuchMethodError'{0x0000000083ed15d8}: 'void java.lang.invoke.DelegatingMethodHandle$Holder.reinvoke_L(java.lang.Object, java.lang.Object, java.lang.Object, long, java.lang.Object, long, long)'> (0x0000000083ed15d8) 
thrown [s\src\hotspot\share\interpreter\linkResolver.cpp, line 773]
Event: 33.964 Thread 0x000001f8fc50c830 Exception <a 'java/lang/NoSuchMethodError'{0x0000000083ed97a8}: 'long java.lang.invoke.Invokers$Holder.invokeExact_MT(java.lang.Object, java.lang.Object, java.lang.Object)'> (0x0000000083ed97a8) 
thrown [s\src\hotspot\share\interpreter\linkResolver.cpp, line 773]
Event: 33.964 Thread 0x000001f8fc50c830 Exception <a 'java/lang/NoSuchMethodError'{0x0000000083ede540}: 'int java.lang.invoke.Invokers$Holder.invokeExact_MT(java.lang.Object, java.lang.Object, java.lang.Object)'> (0x0000000083ede540) 
thrown [s\src\hotspot\share\interpreter\linkResolver.cpp, line 773]

ZGC Phase Switch (0 events):
No events

VM Operations (20 events):
Event: 28.446 Executing non-safepoint VM operation: HandshakeAllThreads (Deoptimize) done
Event: 28.587 Executing non-safepoint VM operation: HandshakeAllThreads (Deoptimize)
Event: 28.587 Executing non-safepoint VM operation: HandshakeAllThreads (Deoptimize) done
Event: 28.600 Executing non-safepoint VM operation: HandshakeAllThreads (Deoptimize)
Event: 28.600 Executing non-safepoint VM operation: HandshakeAllThreads (Deoptimize) done
Event: 29.604 Executing safepoint VM operation: Cleanup
Event: 29.604 Executing safepoint VM operation: Cleanup done
Event: 32.592 Executing safepoint VM operation: G1CollectForAllocation (G1 Evacuation Pause)
Event: 32.595 Executing safepoint VM operation: G1CollectForAllocation (G1 Evacuation Pause) done
Event: 33.607 Executing safepoint VM operation: Cleanup
Event: 33.607 Executing safepoint VM operation: Cleanup done
Event: 33.902 Executing non-safepoint VM operation: HandshakeAllThreads (Deoptimize)
Event: 33.902 Executing non-safepoint VM operation: HandshakeAllThreads (Deoptimize) done
Event: 34.014 Executing safepoint VM operation: G1CollectForAllocation (G1 Evacuation Pause)
Event: 34.017 Executing safepoint VM operation: G1CollectForAllocation (G1 Evacuation Pause) done
Event: 34.059 Executing non-safepoint VM operation: HandshakeAllThreads (Deoptimize)
Event: 34.059 Executing non-safepoint VM operation: HandshakeAllThreads (Deoptimize) done
Event: 34.073 Executing non-safepoint VM operation: HandshakeAllThreads (Deoptimize)
Event: 34.074 Executing non-safepoint VM operation: HandshakeAllThreads (Deoptimize) done
Event: 35.080 Executing safepoint VM operation: Cleanup

Memory protections (0 events):
No events

Nmethod flushes (20 events):
Event: 28.127 Thread 0x000001f8b5930f00 flushing  nmethod 0x000001f8a1aa4190
Event: 28.127 Thread 0x000001f8b5930f00 flushing  nmethod 0x000001f8a1b26f90
Event: 28.127 Thread 0x000001f8b5930f00 flushing  nmethod 0x000001f8a1b97890
Event: 28.127 Thread 0x000001f8b5930f00 flushing  nmethod 0x000001f8a1ba0a90
Event: 28.127 Thread 0x000001f8b5930f00 flushing  nmethod 0x000001f8a1c0ec90
Event: 28.127 Thread 0x000001f8b5930f00 flushing  nmethod 0x000001f8a1d1d910
Event: 28.127 Thread 0x000001f8b5930f00 flushing  nmethod 0x000001f8a1d2e110
Event: 28.127 Thread 0x000001f8b5930f00 flushing  nmethod 0x000001f8a1d34f10
Event: 28.127 Thread 0x000001f8b5930f00 flushing  nmethod 0x000001f8a1eb7a90
Event: 28.128 Thread 0x000001f8b5930f00 flushing  nmethod 0x000001f8a1ebda10
Event: 28.128 Thread 0x000001f8b5930f00 flushing  nmethod 0x000001f8a1ec1b90
Event: 28.128 Thread 0x000001f8b5930f00 flushing  nmethod 0x000001f8a1ec4190
Event: 28.128 Thread 0x000001f8b5930f00 flushing  nmethod 0x000001f8a1ec4510
Event: 28.128 Thread 0x000001f8b5930f00 flushing  nmethod 0x000001f8a1f28910
Event: 28.128 Thread 0x000001f8b5930f00 flushing  nmethod 0x000001f8a1f2e290
Event: 28.128 Thread 0x000001f8b5930f00 flushing  nmethod 0x000001f8a1cfc390
Event: 28.128 Thread 0x000001f8b5930f00 flushing  nmethod 0x000001f8a1d00a10
Event: 28.128 Thread 0x000001f8b5930f00 flushing  nmethod 0x000001f8a1d02610
Event: 28.128 Thread 0x000001f8b5930f00 flushing  nmethod 0x000001f8a1d02910
Event: 28.128 Thread 0x000001f8b5930f00 flushing  nmethod 0x000001f8a1ed0a10

Events (20 events):
Event: 25.128 Thread 0x000001f8fc50c830 Thread added: 0x000001f8ff10d8a0
Event: 25.128 Thread 0x000001f8fc50c830 Thread added: 0x000001f8ff10df30
Event: 25.128 Thread 0x000001f8fc50c830 Thread added: 0x000001f8fcdd76f0
Event: 25.128 Thread 0x000001f8fc50c830 Thread added: 0x000001f8fcdda4e0
Event: 25.645 Thread 0x000001f8fc50c830 Thread added: 0x000001f8fcdd9e50
Event: 25.713 Thread 0x000001f8fc50c830 Thread added: 0x000001f8fcdd97c0
Event: 25.757 Thread 0x000001f8fc50c830 Thread added: 0x000001f8fcdd7d80
Event: 25.760 Thread 0x000001f8fc50c830 Thread added: 0x000001f8fcdd7060
Event: 25.765 Thread 0x000001f8fc50c830 Thread added: 0x000001f8fcdd9130
Event: 25.776 Thread 0x000001f8fc50c830 Thread added: 0x000001f8fcddb200
Event: 25.799 Thread 0x000001f8fc50c830 Thread added: 0x000001f8fcddab70
Event: 26.554 Thread 0x000001f8b595d8d0 Thread added: 0x000001f880d447d0
Event: 26.926 Thread 0x000001f8fc50c830 Thread added: 0x000001f8fcddb890
Event: 26.926 Thread 0x000001f8fc50c830 Thread added: 0x000001f8fcdd8410
Event: 26.927 Thread 0x000001f8fc50c830 Thread added: 0x000001f8fcddbf20
Event: 26.928 Thread 0x000001f8fc50c830 Thread added: 0x000001f8fcdd8aa0
Event: 26.928 Thread 0x000001f8fc50c830 Thread added: 0x000001f8fcdde680
Event: 26.929 Thread 0x000001f8fc50c830 Thread added: 0x000001f8fcddd2d0
Event: 26.929 Thread 0x000001f8fc50c830 Thread added: 0x000001f8fcddc5b0
Event: 28.161 Thread 0x000001f880d447d0 Thread exited: 0x000001f880d447d0


Dynamic libraries:
0x00007ff604d10000 - 0x00007ff604d1e000 	C:\Users\nguye\.cursor\extensions\redhat.java-1.53.0-win32-x64\jre\21.0.10-win32-x86_64\bin\java.exe
0x00007ffaaa9c0000 - 0x00007ffaaac28000 	C:\WINDOWS\SYSTEM32\ntdll.dll
0x00007ffaa9b10000 - 0x00007ffaa9bd9000 	C:\WINDOWS\System32\KERNEL32.DLL
0x00007ffaa7420000 - 0x00007ffaa7811000 	C:\WINDOWS\System32\KERNELBASE.dll
0x00007ffaa84e0000 - 0x00007ffaa862b000 	C:\WINDOWS\System32\ucrtbase.dll
0x00007ffa7d2b0000 - 0x00007ffa7d2c8000 	C:\Users\nguye\.cursor\extensions\redhat.java-1.53.0-win32-x64\jre\21.0.10-win32-x86_64\bin\jli.dll
0x00007ffaa9e10000 - 0x00007ffaa9fd6000 	C:\WINDOWS\System32\USER32.dll
0x00007ffaa7360000 - 0x00007ffaa7387000 	C:\WINDOWS\System32\win32u.dll
0x00007ffaa8900000 - 0x00007ffaa892b000 	C:\WINDOWS\System32\GDI32.dll
0x00007ffaa8630000 - 0x00007ffaa875b000 	C:\WINDOWS\System32\gdi32full.dll
0x00007ffaa8140000 - 0x00007ffaa81e3000 	C:\WINDOWS\System32\msvcp_win.dll
0x00007ffa79570000 - 0x00007ffa7958e000 	C:\Users\nguye\.cursor\extensions\redhat.java-1.53.0-win32-x64\jre\21.0.10-win32-x86_64\bin\VCRUNTIME140.dll
0x00007ffa91b10000 - 0x00007ffa91da3000 	C:\WINDOWS\WinSxS\amd64_microsoft.windows.common-controls_6595b64144ccf1df_6.0.26100.7824_none_3e0870b2e3345462\COMCTL32.dll
0x00007ffaa9d60000 - 0x00007ffaa9e09000 	C:\WINDOWS\System32\msvcrt.dll
0x00007ffaaa1c0000 - 0x00007ffaaa1f1000 	C:\WINDOWS\System32\IMM32.DLL
0x00007ffa80240000 - 0x00007ffa8024c000 	C:\Users\nguye\.cursor\extensions\redhat.java-1.53.0-win32-x64\jre\21.0.10-win32-x86_64\bin\vcruntime140_1.dll
0x00007ffa334b0000 - 0x00007ffa3353d000 	C:\Users\nguye\.cursor\extensions\redhat.java-1.53.0-win32-x64\jre\21.0.10-win32-x86_64\bin\msvcp140.dll
0x00007ff9cc300000 - 0x00007ff9cd0a1000 	C:\Users\nguye\.cursor\extensions\redhat.java-1.53.0-win32-x64\jre\21.0.10-win32-x86_64\bin\server\jvm.dll
0x00007ffaa89d0000 - 0x00007ffaa8a84000 	C:\WINDOWS\System32\ADVAPI32.dll
0x00007ffaa9ff0000 - 0x00007ffaaa096000 	C:\WINDOWS\System32\sechost.dll
0x00007ffaaa0a0000 - 0x00007ffaaa1b8000 	C:\WINDOWS\System32\RPCRT4.dll
0x00007ffaa95a0000 - 0x00007ffaa9614000 	C:\WINDOWS\System32\WS2_32.dll
0x00007ffa98360000 - 0x00007ffa98395000 	C:\WINDOWS\SYSTEM32\WINMM.dll
0x00007ffa9e7b0000 - 0x00007ffa9e7bb000 	C:\WINDOWS\SYSTEM32\VERSION.dll
0x00007ffaa7100000 - 0x00007ffaa715e000 	C:\WINDOWS\SYSTEM32\POWRPROF.dll
0x00007ffaa70e0000 - 0x00007ffaa70f4000 	C:\WINDOWS\SYSTEM32\UMPDC.dll
0x00007ffaa6010000 - 0x00007ffaa602b000 	C:\WINDOWS\SYSTEM32\kernel.appcore.dll
0x00007ffa7fae0000 - 0x00007ffa7faea000 	C:\Users\nguye\.cursor\extensions\redhat.java-1.53.0-win32-x64\jre\21.0.10-win32-x86_64\bin\jimage.dll
0x00007ffaa51e0000 - 0x00007ffaa5422000 	C:\WINDOWS\SYSTEM32\DBGHELP.DLL
0x00007ffaa9070000 - 0x00007ffaa93f6000 	C:\WINDOWS\System32\combase.dll
0x00007ffaa8a90000 - 0x00007ffaa8b67000 	C:\WINDOWS\System32\OLEAUT32.dll
0x00007ffa8d1b0000 - 0x00007ffa8d1eb000 	C:\WINDOWS\SYSTEM32\dbgcore.DLL
0x00007ffaa7820000 - 0x00007ffaa78c5000 	C:\WINDOWS\System32\bcryptPrimitives.dll
0x00007ffa7ce80000 - 0x00007ffa7ce8f000 	C:\Users\nguye\.cursor\extensions\redhat.java-1.53.0-win32-x64\jre\21.0.10-win32-x86_64\bin\instrument.dll
0x00007ffa781c0000 - 0x00007ffa781e0000 	C:\Users\nguye\.cursor\extensions\redhat.java-1.53.0-win32-x64\jre\21.0.10-win32-x86_64\bin\java.dll
0x00007ffaaa220000 - 0x00007ffaaa972000 	C:\WINDOWS\System32\SHELL32.dll
0x00007ffaa8370000 - 0x00007ffaa84da000 	C:\WINDOWS\System32\wintypes.dll
0x00007ffaa78d0000 - 0x00007ffaa8133000 	C:\WINDOWS\System32\windows.storage.dll
0x00007ffaa8be0000 - 0x00007ffaa8cd6000 	C:\WINDOWS\System32\SHCORE.dll
0x00007ffaa8b70000 - 0x00007ffaa8bd7000 	C:\WINDOWS\System32\shlwapi.dll
0x00007ffaa71c0000 - 0x00007ffaa71e9000 	C:\WINDOWS\SYSTEM32\profapi.dll
0x00007ffa73be0000 - 0x00007ffa73bf8000 	C:\Users\nguye\.cursor\extensions\redhat.java-1.53.0-win32-x64\jre\21.0.10-win32-x86_64\bin\zip.dll
0x00007ffa7f990000 - 0x00007ffa7f9a0000 	C:\Users\nguye\.cursor\extensions\redhat.java-1.53.0-win32-x64\jre\21.0.10-win32-x86_64\bin\net.dll
0x00007ffa9f2b0000 - 0x00007ffa9f3d7000 	C:\WINDOWS\SYSTEM32\WINHTTP.dll
0x00007ffaa65b0000 - 0x00007ffaa661b000 	C:\WINDOWS\system32\mswsock.dll
0x00007ffa70eb0000 - 0x00007ffa70ec6000 	C:\Users\nguye\.cursor\extensions\redhat.java-1.53.0-win32-x64\jre\21.0.10-win32-x86_64\bin\nio.dll
0x00007ffa7b2e0000 - 0x00007ffa7b2f0000 	C:\Users\nguye\.cursor\extensions\redhat.java-1.53.0-win32-x64\jre\21.0.10-win32-x86_64\bin\verify.dll
0x00007ffa6bbe0000 - 0x00007ffa6bc07000 	C:\Users\nguye\.gradle\native\1def1411415f61bf3af743bc5b6707747c0891f09f0c88961ee8f79bc544acac\windows-amd64\native-platform.dll
0x00007ffa259b0000 - 0x00007ffa25a28000 	C:\Users\nguye\.gradle\native\0.2.7\x86_64-windows-gnu\gradle-fileevents.dll
0x00007ffa7de60000 - 0x00007ffa7de6a000 	C:\Users\nguye\.cursor\extensions\redhat.java-1.53.0-win32-x64\jre\21.0.10-win32-x86_64\bin\management.dll
0x00007ffa7cf70000 - 0x00007ffa7cf7c000 	C:\Users\nguye\.cursor\extensions\redhat.java-1.53.0-win32-x64\jre\21.0.10-win32-x86_64\bin\management_ext.dll
0x00007ffaa8940000 - 0x00007ffaa8948000 	C:\WINDOWS\System32\PSAPI.DLL
0x00007ffaa5a00000 - 0x00007ffaa5a34000 	C:\WINDOWS\SYSTEM32\IPHLPAPI.DLL
0x00007ffaa8ce0000 - 0x00007ffaa8cea000 	C:\WINDOWS\System32\NSI.dll
0x00007ffa7b7f0000 - 0x00007ffa7b7f9000 	C:\Users\nguye\.cursor\extensions\redhat.java-1.53.0-win32-x64\jre\21.0.10-win32-x86_64\bin\extnet.dll
0x00007ffaa6880000 - 0x00007ffaa689b000 	C:\WINDOWS\SYSTEM32\CRYPTSP.dll
0x00007ffaa5f70000 - 0x00007ffaa5fa9000 	C:\WINDOWS\system32\rsaenh.dll
0x00007ffaa6660000 - 0x00007ffaa668b000 	C:\WINDOWS\SYSTEM32\USERENV.dll
0x00007ffaa7190000 - 0x00007ffaa71ba000 	C:\WINDOWS\SYSTEM32\bcrypt.dll
0x00007ffaa68a0000 - 0x00007ffaa68ac000 	C:\WINDOWS\SYSTEM32\CRYPTBASE.dll
0x00007ffa7c910000 - 0x00007ffa7c91e000 	C:\Users\nguye\.cursor\extensions\redhat.java-1.53.0-win32-x64\jre\21.0.10-win32-x86_64\bin\sunmscapi.dll
0x00007ffaa81f0000 - 0x00007ffaa8367000 	C:\WINDOWS\System32\CRYPT32.dll
0x00007ffaa6aa0000 - 0x00007ffaa6ad0000 	C:\WINDOWS\SYSTEM32\ncrypt.dll
0x00007ffaa6a50000 - 0x00007ffaa6a8f000 	C:\WINDOWS\SYSTEM32\NTASN1.dll
0x00007ffa93f90000 - 0x00007ffa93f98000 	C:\WINDOWS\system32\wshunix.dll

JVMTI agents:
C:\Users\nguye\.gradle\wrapper\dists\gradle-8.13-bin\5xuhj0ry160q40clulazy9h7d\gradle-8.13\lib\agents\gradle-instrumentation-agent-8.13.jar path:C:\Users\nguye\.cursor\extensions\redhat.java-1.53.0-win32-x64\jre\21.0.10-win32-x86_64\bin\instrument.dll, loaded, initialized, instrumentlib options:none

dbghelp: loaded successfully - version: 4.0.5 - missing functions: none
symbol engine: initialized successfully - sym options: 0x614 - pdb path: .;C:\Users\nguye\.cursor\extensions\redhat.java-1.53.0-win32-x64\jre\21.0.10-win32-x86_64\bin;C:\WINDOWS\SYSTEM32;C:\WINDOWS\WinSxS\amd64_microsoft.windows.common-controls_6595b64144ccf1df_6.0.26100.7824_none_3e0870b2e3345462;C:\Users\nguye\.cursor\extensions\redhat.java-1.53.0-win32-x64\jre\21.0.10-win32-x86_64\bin\server;C:\Users\nguye\.gradle\native\1def1411415f61bf3af743bc5b6707747c0891f09f0c88961ee8f79bc544acac\windows-amd64;C:\Users\nguye\.gradle\native\0.2.7\x86_64-windows-gnu

VM Arguments:
jvm_args: --add-opens=java.base/java.lang=ALL-UNNAMED --add-opens=java.base/java.lang.invoke=ALL-UNNAMED --add-opens=java.base/java.util=ALL-UNNAMED --add-opens=java.prefs/java.util.prefs=ALL-UNNAMED --add-exports=jdk.compiler/com.sun.tools.javac.api=ALL-UNNAMED --add-exports=jdk.compiler/com.sun.tools.javac.util=ALL-UNNAMED --add-opens=java.base/java.util=ALL-UNNAMED --add-opens=java.prefs/java.util.prefs=ALL-UNNAMED --add-opens=java.base/java.nio.charset=ALL-UNNAMED --add-opens=java.base/java.net=ALL-UNNAMED --add-opens=java.base/java.util.concurrent.atomic=ALL-UNNAMED --add-opens=java.xml/javax.xml.namespace=ALL-UNNAMED -Xmx2048m -Dfile.encoding=UTF-8 -Duser.country=US -Duser.language=en -Duser.variant -javaagent:C:\Users\nguye\.gradle\wrapper\dists\gradle-8.13-bin\5xuhj0ry160q40clulazy9h7d\gradle-8.13\lib\agents\gradle-instrumentation-agent-8.13.jar 
java_command: org.gradle.launcher.daemon.bootstrap.GradleDaemon 8.13
java_class_path (initial): C:\Users\nguye\.gradle\wrapper\dists\gradle-8.13-bin\5xuhj0ry160q40clulazy9h7d\gradle-8.13\lib\gradle-daemon-main-8.13.jar
Launcher Type: SUN_STANDARD

[Global flags]
     intx CICompilerCount                          = 4                                         {product} {ergonomic}
     uint ConcGCThreads                            = 2                                         {product} {ergonomic}
     uint G1ConcRefinementThreads                  = 8                                         {product} {ergonomic}
   size_t G1HeapRegionSize                         = 1048576                                   {product} {ergonomic}
    uintx GCDrainStackTargetSize                   = 64                                        {product} {ergonomic}
   size_t InitialHeapSize                          = 266338304                                 {product} {ergonomic}
   size_t MarkStackSize                            = 4194304                                   {product} {ergonomic}
   size_t MaxHeapSize                              = 2147483648                                {product} {command line}
   size_t MaxNewSize                               = 1287651328                                {product} {ergonomic}
   size_t MinHeapDeltaBytes                        = 1048576                                   {product} {ergonomic}
   size_t MinHeapSize                              = 8388608                                   {product} {ergonomic}
    uintx NonNMethodCodeHeapSize                   = 5839372                                {pd product} {ergonomic}
    uintx NonProfiledCodeHeapSize                  = 122909434                              {pd product} {ergonomic}
    uintx ProfiledCodeHeapSize                     = 122909434                              {pd product} {ergonomic}
    uintx ReservedCodeCacheSize                    = 251658240                              {pd product} {ergonomic}
     bool SegmentedCodeCache                       = true                                      {product} {ergonomic}
   size_t SoftMaxHeapSize                          = 2147483648                             {manageable} {ergonomic}
     bool UseCompressedOops                        = true                           {product lp64_product} {ergonomic}
     bool UseG1GC                                  = true                                      {product} {ergonomic}
     bool UseLargePagesIndividualAllocation        = false                                  {pd product} {ergonomic}

Logging:
Log output configuration:
 #0: stdout all=warning uptime,level,tags foldmultilines=false
 #1: stderr all=off uptime,level,tags foldmultilines=false

Release file:
JAVA_VERSION="21.0.10" 
MODULES="java.base java.compiler java.datatransfer java.xml java.prefs java.desktop java.instrument java.logging java.management java.security.sasl java.naming java.rmi java.management.rmi java.net.http java.scripting java.security.jgss java.transaction.xa java.sql java.sql.rowset java.xml.crypto java.se java.smartcardio jdk.accessibility jdk.internal.jvmstat jdk.attach jdk.charsets jdk.internal.opt jdk.zipfs jdk.compiler jdk.crypto.ec jdk.crypto.cryptoki jdk.crypto.mscapi jdk.dynalink jdk.internal.ed jdk.editpad jdk.hotspot.agent jdk.httpserver jdk.internal.le jdk.internal.vm.ci jdk.internal.vm.compiler jdk.internal.vm.compiler.management jdk.jartool jdk.javadoc jdk.jcmd jdk.management jdk.management.agent jdk.jconsole jdk.jdeps jdk.jdwp.agent jdk.jdi jdk.jfr jdk.jshell jdk.jsobject jdk.jstatd jdk.localedata jdk.management.jfr jdk.naming.dns jdk.naming.rmi jdk.net jdk.nio.mapmode jdk.random jdk.sctp jdk.security.auth jdk.security.jgss jdk.unsupported jdk.unsupported.desktop jdk.xml.dom" 

Environment Variables:
JAVA_HOME=C:\Program Files\Eclipse Adoptium\jdk-17
PATH=C:\Program Files\Eclipse Adoptium\jdk-17\bin;C:\Program Files\Eclipse Adoptium\jdk-17.0.18.8-hotspot\bin;C:\WINDOWS\system32;C:\WINDOWS;C:\WINDOWS\System32\Wbem;C:\WINDOWS\System32\WindowsPowerShell\v1.0\;C:\WINDOWS\System32\OpenSSH\;C:\jdk-21.0.8\bin;C:\Program Files (x86)\Microsoft SQL Server\160\Tools\Binn\;C:\Program Files\Microsoft SQL Server\160\Tools\Binn\;C:\Program Files\Microsoft SQL Server\Client SDK\ODBC\170\Tools\Binn\;C:\Program Files\Microsoft SQL Server\160\DTS\Binn\;C:\Program Files\Docker\Docker\resources\bin;C:\Program Files\Git\cmd;C:\Program Files\nodejs\;C:\Program Files\dotnet\;C:\Program Files\Cloudflare\Cloudflare WARP\;C:\Program Files\cursor\resources\app\bin;C:\Users\nguye\AppData\Local\Programs\Python\Python311\Scripts\;C:\Users\nguye\AppData\Local\Programs\Python\Python311\;C:\Users\nguye\AppData\Local\Microsoft\WindowsApps;C:\Users\nguye\AppData\Local\Programs\Microsoft VS Code\bin;C:\jdk-21.0.8\bin;C:\apache-maven-3.8.9\bin;C:\maven-mvnd-1.0.2-windows-amd64\bin;C:\Program Files\JetBrains\IntelliJ IDEA 2025.1.3\bin;;C:\mysql-8.0.43-winx64\bin;C:\Program Files\JetBrains\DataGrip 2025.1.3\bin;;C:\mingw64\bin;C:\Users\nguye\AppData\Roaming\npm;C:\Users\nguye\AppData\Local\Programs\Python\Python311;C:\Users\nguye\AppData\Local\Microsoft\WinGet\Packages\Ngrok.Ngrok_Microsoft.Winget.Source_8wekyb3d8bbwe;C:\Users\nguye\AppData\Local\Programs\Ollama;C:\Users\nguye\develop\flutter\bin;
USERNAME=nguye
OS=Windows_NT
PROCESSOR_IDENTIFIER=Intel64 Family 6 Model 165 Stepping 2, GenuineIntel
TMP=C:\Users\nguye\AppData\Local\Temp
TEMP=C:\Users\nguye\AppData\Local\Temp




Periodic native trim disabled

---------------  S Y S T E M  ---------------

OS:
 Windows 11 , 64 bit Build 26100 (10.0.26100.7705)
OS uptime: 2 days 18:48 hours
Hyper-V role detected

CPU: total 8 (initial active 8) (4 cores per cpu, 2 threads per core) family 6 model 165 stepping 2 microcode 0xe0, cx8, cmov, fxsr, ht, mmx, 3dnowpref, sse, sse2, sse3, ssse3, sse4.1, sse4.2, popcnt, lzcnt, tsc, tscinvbit, avx, avx2, aes, erms, clmul, bmi1, bmi2, adx, fma, vzeroupper, clflush, clflushopt, hv, rdtscp, f16c
Processor Information for the first 8 processors :
  Max Mhz: 2496, Current Mhz: 2496, Mhz Limit: 2496

Memory: 4k page, system-wide physical 16221M (1293M free)
TotalPageFile size 28720M (AvailPageFile size 142M)
current process WorkingSet (physical memory assigned to process): 277M, peak: 285M
current process commit charge ("private bytes"): 322M, peak: 442M

vm_info: OpenJDK 64-Bit Server VM (21.0.10+7-LTS) for windows-amd64 JRE (21.0.10+7-LTS), built on 2026-01-20T00:00:00Z by "admin" with MS VC++ 17.12 (VS2022)

END.
