#
# There is insufficient memory for the Java Runtime Environment to continue.
# Native memory allocation (malloc) failed to allocate 1107376 bytes. Error detail: Chunk::new
# Possible reasons:
#   The system is out of physical RAM or swap space
#   This process is running with CompressedOops enabled, and the Java Heap may be blocking the growth of the native heap
# Possible solutions:
#   Reduce memory load on the system
#   Increase physical memory or swap space
#   Check if swap backing store is full
#   Decrease Java heap size (-Xmx/-Xms)
#   Decrease number of Java threads
#   Decrease Java thread stack sizes (-Xss)
#   Set larger code cache with -XX:ReservedCodeCacheSize=
#   JVM is running with Unscaled Compressed Oops mode in which the Java heap is
#     placed in the first 4GB address space. The Java Heap base address is the
#     maximum limit for the native heap growth. Please use -XX:HeapBaseMinAddress
#     to set the Java Heap base and to place the Java Heap above 4GB virtual address.
# This output file may be truncated or incomplete.
#
#  Out of Memory Error (arena.cpp:191), pid=19184, tid=24984
#
# JRE version: OpenJDK Runtime Environment Temurin-17.0.18+8 (17.0.18+8) (build 17.0.18+8)
# Java VM: OpenJDK 64-Bit Server VM Temurin-17.0.18+8 (17.0.18+8, mixed mode, sharing, tiered, compressed oops, compressed class ptrs, g1 gc, windows-amd64)
# No core dump will be written. Minidumps are not enabled by default on client versions of Windows
#

---------------  S U M M A R Y ------------

Command Line: --add-opens=java.base/java.lang=ALL-UNNAMED --add-opens=java.base/java.lang.invoke=ALL-UNNAMED --add-opens=java.base/java.util=ALL-UNNAMED --add-opens=java.prefs/java.util.prefs=ALL-UNNAMED --add-exports=jdk.compiler/com.sun.tools.javac.api=ALL-UNNAMED --add-exports=jdk.compiler/com.sun.tools.javac.util=ALL-UNNAMED --add-opens=java.base/java.util=ALL-UNNAMED --add-opens=java.prefs/java.util.prefs=ALL-UNNAMED --add-opens=java.base/java.nio.charset=ALL-UNNAMED --add-opens=java.base/java.net=ALL-UNNAMED --add-opens=java.base/java.util.concurrent.atomic=ALL-UNNAMED --add-opens=java.xml/javax.xml.namespace=ALL-UNNAMED -Xmx2048m -Dfile.encoding=UTF-8 -Duser.country=US -Duser.language=en -Duser.variant -javaagent:C:\Users\nguye\.gradle\wrapper\dists\gradle-8.13-bin\5xuhj0ry160q40clulazy9h7d\gradle-8.13\lib\agents\gradle-instrumentation-agent-8.13.jar org.gradle.launcher.daemon.bootstrap.GradleDaemon 8.13

Host: Intel(R) Core(TM) i5-10300H CPU @ 2.50GHz, 8 cores, 15G,  Windows 11 , 64 bit Build 26100 (10.0.26100.7705)
Time: Wed Mar  4 22:11:17 2026 SE Asia Standard Time elapsed time: 117.609846 seconds (0d 0h 1m 57s)

---------------  T H R E A D  ---------------

Current thread (0x000001586272a710):  JavaThread "C2 CompilerThread1" daemon [_thread_in_native, id=24984, stack(0x000000425e800000,0x000000425e900000)]


Current CompileTask:
C2:117610 37674       4       org.jetbrains.kotlin.fir.types.ConeInferenceContext::typeDepth (134 bytes)

Stack: [0x000000425e800000,0x000000425e900000]
Native frames: (J=compiled Java code, j=interpreted, Vv=VM code, C=native code)
V  [jvm.dll+0x6846f9]
V  [jvm.dll+0x839ea5]
V  [jvm.dll+0x83b91e]
V  [jvm.dll+0x83bfa3]
V  [jvm.dll+0x248eff]
V  [jvm.dll+0xad496]
V  [jvm.dll+0xadb3c]
V  [jvm.dll+0x368bcf]
V  [jvm.dll+0x1bc1ef]
V  [jvm.dll+0x219f10]
V  [jvm.dll+0x219200]
V  [jvm.dll+0x1a4920]
V  [jvm.dll+0x22989a]
V  [jvm.dll+0x227a4b]
V  [jvm.dll+0x7f0658]
V  [jvm.dll+0x7eaaec]
V  [jvm.dll+0x6835c7]
C  [ucrtbase.dll+0x37b0]
C  [KERNEL32.DLL+0x2e8d7]
C  [ntdll.dll+0x8c40c]


---------------  P R O C E S S  ---------------

Threads class SMR info:
_java_thread_list=0x0000015863256e20, length=151, elements={
0x0000015875acdeb0, 0x0000015815e7e650, 0x0000015815e7fc90, 0x0000015815e8e850,
0x000001585b0074a0, 0x000001585b00e900, 0x000001585b00f1d0, 0x000001585b00fdd0,
0x000001585b015c50, 0x000001585b019890, 0x000001585b0d9fd0, 0x000001585b1c4e10,
0x000001585cdba020, 0x000001585ce77a30, 0x000001585cea7080, 0x000001585ccf1c90,
0x000001585ccf2170, 0x000001585cd14310, 0x000001585cd124b0, 0x000001585cd11a90,
0x000001585cd129c0, 0x000001585cd12ed0, 0x000001585cd14820, 0x000001585cd133e0,
0x000001585cd138f0, 0x000001585cd14d30, 0x000001585cd11580, 0x000001585cd11fa0,
0x000001585e14b950, 0x000001585e14b440, 0x000001585e14d7b0, 0x000001585e14d2a0,
0x000001585e14dcc0, 0x000001585e14cd90, 0x000001585e14a510, 0x000001585e14aa20,
0x000001585e14af30, 0x0000015860656570, 0x0000015860657ec0, 0x00000158606583d0,
0x0000015860656a80, 0x00000158606579b0, 0x0000015860659300, 0x0000015860656f90,
0x00000158606574a0, 0x0000015860659810, 0x00000158606588e0, 0x000001586065b160,
0x000001586065a740, 0x000001586065a230, 0x000001586065ac50, 0x000001586065b670,
0x000001586065bb80, 0x000001586065c090, 0x0000015860658df0, 0x000001586203d300,
0x000001586203aa80, 0x000001586203e740, 0x000001586203ec50, 0x00000158620414d0,
0x000001586203f160, 0x000001586203f670, 0x000001586203fb80, 0x00000158620419e0,
0x0000015862040090, 0x00000158620405a0, 0x0000015862040ab0, 0x0000015862040fc0,
0x000001585f858060, 0x000001585f857130, 0x000001585f858f90, 0x000001585f856200,
0x000001585f857640, 0x000001585f858a80, 0x000001585f8599b0, 0x000001585f858570,
0x000001585f859ec0, 0x000001585f856c20, 0x000001585f856710, 0x000001585f85a3d0,
0x000001585f85a8e0, 0x000001585f85b300, 0x000001585f857b50, 0x000001585f85adf0,
0x000001585f85b810, 0x000001585f85bd20, 0x000001585f85c230, 0x000001585f85cc50,
0x000001585f85c740, 0x000001585f85d160, 0x000001585f85d670, 0x000001585f85db80,
0x0000015860656060, 0x0000015860659d20, 0x000001586adfeb80, 0x000001586adff090,
0x000001586adfe670, 0x000001586adfbdf0, 0x000001586adfd230, 0x000001586adffab0,
0x000001586adfd740, 0x000001586adfc300, 0x000001586adfdc50, 0x000001586adfc810,
0x000001586adfcd20, 0x000001586adff5a0, 0x000001586ae01910, 0x000001586adfffc0,
0x000001586ae00ef0, 0x000001586ae004d0, 0x000001586ae009e0, 0x000001586ae01400,
0x000001586adfe160, 0x000001586ae01e20, 0x000001586ae02d50, 0x000001586ae02330,
0x000001586ae02840, 0x000001586ae03260, 0x000001586ae03770, 0x00000158616ec9d0,
0x00000158616ee320, 0x00000158616ebaa0, 0x00000158616eb080, 0x00000158616ebfb0,
0x00000158616ed3f0, 0x00000158616ecee0, 0x00000158616eb590, 0x00000158616ef250,
0x00000158616ede10, 0x00000158616ef760, 0x00000158616efc70, 0x000001585b1d9aa0,
0x000001585d0fd250, 0x000001585e55f070, 0x0000015862bf2ca0, 0x0000015862bf31b0,
0x0000015861ab1fa0, 0x000001585f236a80, 0x000001585f9c9330, 0x0000015861ab24b0,
0x000001585b1d9590, 0x00000158607e5d60, 0x0000015862bf2790, 0x000001585b1d9080,
0x0000015862bf2280, 0x0000015862bf40e0, 0x000001586d20fbd0, 0x0000015862f3e820,
0x00000158616ed900, 0x000001586272a710, 0x000001586203d810
}

Java Threads: ( => current thread )
  0x0000015875acdeb0 JavaThread "main" [_thread_blocked, id=21328, stack(0x000000425eb00000,0x000000425ec00000)]
  0x0000015815e7e650 JavaThread "Reference Handler" daemon [_thread_blocked, id=19452, stack(0x000000425f200000,0x000000425f300000)]
  0x0000015815e7fc90 JavaThread "Finalizer" daemon [_thread_blocked, id=22284, stack(0x000000425f300000,0x000000425f400000)]
  0x0000015815e8e850 JavaThread "Signal Dispatcher" daemon [_thread_blocked, id=8724, stack(0x000000425f400000,0x000000425f500000)]
  0x000001585b0074a0 JavaThread "Attach Listener" daemon [_thread_blocked, id=18264, stack(0x000000425f500000,0x000000425f600000)]
  0x000001585b00e900 JavaThread "Service Thread" daemon [_thread_blocked, id=19252, stack(0x000000425f600000,0x000000425f700000)]
  0x000001585b00f1d0 JavaThread "Monitor Deflation Thread" daemon [_thread_blocked, id=18260, stack(0x000000425f700000,0x000000425f800000)]
  0x000001585b00fdd0 JavaThread "C2 CompilerThread0" daemon [_thread_blocked, id=12932, stack(0x000000425f800000,0x000000425f900000)]
  0x000001585b015c50 JavaThread "C1 CompilerThread0" daemon [_thread_blocked, id=12536, stack(0x000000425f900000,0x000000425fa00000)]
  0x000001585b019890 JavaThread "Sweeper thread" daemon [_thread_blocked, id=22692, stack(0x000000425fa00000,0x000000425fb00000)]
  0x000001585b0d9fd0 JavaThread "Common-Cleaner" daemon [_thread_blocked, id=24992, stack(0x000000425fb00000,0x000000425fc00000)]
  0x000001585b1c4e10 JavaThread "Notification Thread" daemon [_thread_blocked, id=2784, stack(0x000000425fc00000,0x000000425fd00000)]
  0x000001585cdba020 JavaThread "Daemon health stats" [_thread_blocked, id=24440, stack(0x0000004260500000,0x0000004260600000)]
  0x000001585ce77a30 JavaThread "Incoming local TCP Connector on port 55971" [_thread_in_native, id=3616, stack(0x000000425fe00000,0x000000425ff00000)]
  0x000001585cea7080 JavaThread "Daemon periodic checks" [_thread_blocked, id=3172, stack(0x0000004260600000,0x0000004260700000)]
  0x000001585ccf1c90 JavaThread "Daemon" [_thread_blocked, id=6592, stack(0x0000004260700000,0x0000004260800000)]
  0x000001585ccf2170 JavaThread "Handler for socket connection from /127.0.0.1:55971 to /127.0.0.1:55973" [_thread_in_native, id=15520, stack(0x0000004260800000,0x0000004260900000)]
  0x000001585cd14310 JavaThread "Cancel handler" [_thread_blocked, id=16000, stack(0x0000004260900000,0x0000004260a00000)]
  0x000001585cd124b0 JavaThread "Daemon worker" [_thread_blocked, id=10096, stack(0x0000004260a00000,0x0000004260b00000)]
  0x000001585cd11a90 JavaThread "Asynchronous log dispatcher for DefaultDaemonConnection: socket connection from /127.0.0.1:55971 to /127.0.0.1:55973" [_thread_blocked, id=17056, stack(0x0000004260b00000,0x0000004260c00000)]
  0x000001585cd129c0 JavaThread "Stdin handler" [_thread_blocked, id=20000, stack(0x0000004260c00000,0x0000004260d00000)]
  0x000001585cd12ed0 JavaThread "Daemon client event forwarder" [_thread_blocked, id=25408, stack(0x0000004260d00000,0x0000004260e00000)]
  0x000001585cd14820 JavaThread "Cache worker for journal cache (C:\Users\nguye\.gradle\caches\journal-1)" [_thread_blocked, id=19084, stack(0x0000004260e00000,0x0000004260f00000)]
  0x000001585cd133e0 JavaThread "File lock request listener" [_thread_in_native, id=23420, stack(0x0000004260f00000,0x0000004261000000)]
  0x000001585cd138f0 JavaThread "Cache worker for file hash cache (C:\Users\nguye\.gradle\caches\8.13\fileHashes)" [_thread_blocked, id=2008, stack(0x0000004261000000,0x0000004261100000)]
  0x000001585cd14d30 JavaThread "Cache worker for file hash cache (C:\ELearn-language-tutor\Mobile\.gradle\8.13\fileHashes)" [_thread_blocked, id=3804, stack(0x0000004261200000,0x0000004261300000)]
  0x000001585cd11580 JavaThread "Cache worker for Build Output Cleanup Cache (C:\ELearn-language-tutor\Mobile\.gradle\buildOutputCleanup)" [_thread_blocked, id=15524, stack(0x0000004261300000,0x0000004261400000)]
  0x000001585cd11fa0 JavaThread "File watcher server" daemon [_thread_in_native, id=12592, stack(0x0000004261600000,0x0000004261700000)]
  0x000001585e14b950 JavaThread "File watcher consumer" daemon [_thread_blocked, id=11908, stack(0x0000004261700000,0x0000004261800000)]
  0x000001585e14b440 JavaThread "Cache worker for checksums cache (C:\ELearn-language-tutor\Mobile\.gradle\8.13\checksums)" [_thread_blocked, id=16560, stack(0x0000004261a00000,0x0000004261b00000)]
  0x000001585e14d7b0 JavaThread "Cache worker for file content cache (C:\Users\nguye\.gradle\caches\8.13\fileContent)" [_thread_blocked, id=16872, stack(0x0000004261b00000,0x0000004261c00000)]
  0x000001585e14d2a0 JavaThread "Cache worker for cache directory md-supplier (C:\Users\nguye\.gradle\caches\8.13\md-supplier)" [_thread_blocked, id=7924, stack(0x0000004261c00000,0x0000004261d00000)]
  0x000001585e14dcc0 JavaThread "Cache worker for cache directory md-rule (C:\Users\nguye\.gradle\caches\8.13\md-rule)" [_thread_blocked, id=24292, stack(0x0000004261d00000,0x0000004261e00000)]
  0x000001585e14cd90 JavaThread "Unconstrained build operations" [_thread_blocked, id=20348, stack(0x0000004261e00000,0x0000004261f00000)]
  0x000001585e14a510 JavaThread "Unconstrained build operations Thread 2" [_thread_blocked, id=13440, stack(0x0000004261f00000,0x0000004262000000)]
  0x000001585e14aa20 JavaThread "Unconstrained build operations Thread 3" [_thread_blocked, id=15544, stack(0x0000004262000000,0x0000004262100000)]
  0x000001585e14af30 JavaThread "Unconstrained build operations Thread 4" [_thread_blocked, id=22904, stack(0x0000004262100000,0x0000004262200000)]
  0x0000015860656570 JavaThread "Unconstrained build operations Thread 5" [_thread_blocked, id=3956, stack(0x0000004262200000,0x0000004262300000)]
  0x0000015860657ec0 JavaThread "Unconstrained build operations Thread 6" [_thread_blocked, id=20612, stack(0x0000004262300000,0x0000004262400000)]
  0x00000158606583d0 JavaThread "Unconstrained build operations Thread 7" [_thread_blocked, id=15852, stack(0x0000004262400000,0x0000004262500000)]
  0x0000015860656a80 JavaThread "Unconstrained build operations Thread 8" [_thread_blocked, id=7736, stack(0x0000004262500000,0x0000004262600000)]
  0x00000158606579b0 JavaThread "Unconstrained build operations Thread 9" [_thread_blocked, id=12020, stack(0x0000004262600000,0x0000004262700000)]
  0x0000015860659300 JavaThread "Unconstrained build operations Thread 10" [_thread_blocked, id=4756, stack(0x0000004262700000,0x0000004262800000)]
  0x0000015860656f90 JavaThread "Unconstrained build operations Thread 11" [_thread_blocked, id=24400, stack(0x0000004262800000,0x0000004262900000)]
  0x00000158606574a0 JavaThread "Unconstrained build operations Thread 12" [_thread_blocked, id=7440, stack(0x0000004262900000,0x0000004262a00000)]
  0x0000015860659810 JavaThread "Unconstrained build operations Thread 13" [_thread_blocked, id=13680, stack(0x0000004262a00000,0x0000004262b00000)]
  0x00000158606588e0 JavaThread "Unconstrained build operations Thread 14" [_thread_blocked, id=5632, stack(0x0000004262b00000,0x0000004262c00000)]
  0x000001586065b160 JavaThread "Unconstrained build operations Thread 15" [_thread_blocked, id=13332, stack(0x0000004262c00000,0x0000004262d00000)]
  0x000001586065a740 JavaThread "Unconstrained build operations Thread 16" [_thread_blocked, id=22524, stack(0x0000004262d00000,0x0000004262e00000)]
  0x000001586065a230 JavaThread "Unconstrained build operations Thread 17" [_thread_blocked, id=20092, stack(0x0000004262e00000,0x0000004262f00000)]
  0x000001586065ac50 JavaThread "Unconstrained build operations Thread 18" [_thread_blocked, id=6984, stack(0x0000004262f00000,0x0000004263000000)]
  0x000001586065b670 JavaThread "Unconstrained build operations Thread 19" [_thread_blocked, id=14200, stack(0x0000004263000000,0x0000004263100000)]
  0x000001586065bb80 JavaThread "Unconstrained build operations Thread 20" [_thread_blocked, id=19360, stack(0x0000004263100000,0x0000004263200000)]
  0x000001586065c090 JavaThread "Unconstrained build operations Thread 21" [_thread_blocked, id=3836, stack(0x0000004263200000,0x0000004263300000)]
  0x0000015860658df0 JavaThread "Memory manager" [_thread_blocked, id=22200, stack(0x0000004261900000,0x0000004261a00000)]
  0x000001586203d300 JavaThread "build event listener" [_thread_blocked, id=19900, stack(0x0000004263300000,0x0000004263400000)]
  0x000001586203aa80 JavaThread "included builds" [_thread_blocked, id=16288, stack(0x0000004263500000,0x0000004263600000)]
  0x000001586203e740 JavaThread "Execution worker" [_thread_blocked, id=17100, stack(0x0000004263600000,0x0000004263700000)]
  0x000001586203ec50 JavaThread "Execution worker Thread 2" [_thread_blocked, id=16488, stack(0x0000004263700000,0x0000004263800000)]
  0x00000158620414d0 JavaThread "Execution worker Thread 3" [_thread_blocked, id=13184, stack(0x0000004263800000,0x0000004263900000)]
  0x000001586203f160 JavaThread "Execution worker Thread 4" [_thread_blocked, id=18840, stack(0x0000004263900000,0x0000004263a00000)]
  0x000001586203f670 JavaThread "Execution worker Thread 5" [_thread_blocked, id=7584, stack(0x0000004263a00000,0x0000004263b00000)]
  0x000001586203fb80 JavaThread "Execution worker Thread 6" [_thread_blocked, id=17424, stack(0x0000004263b00000,0x0000004263c00000)]
  0x00000158620419e0 JavaThread "Execution worker Thread 7" [_thread_blocked, id=13704, stack(0x0000004263c00000,0x0000004263d00000)]
  0x0000015862040090 JavaThread "Cache worker for execution history cache (C:\ELearn-language-tutor\Mobile\.gradle\8.13\executionHistory)" [_thread_blocked, id=18072, stack(0x0000004263d00000,0x0000004263e00000)]
  0x00000158620405a0 JavaThread "Unconstrained build operations Thread 22" [_thread_blocked, id=13772, stack(0x0000004263e00000,0x0000004263f00000)]
  0x0000015862040ab0 JavaThread "Unconstrained build operations Thread 23" [_thread_blocked, id=22012, stack(0x0000004263f00000,0x0000004264000000)]
  0x0000015862040fc0 JavaThread "Unconstrained build operations Thread 24" [_thread_blocked, id=25556, stack(0x0000004264000000,0x0000004264100000)]
  0x000001585f858060 JavaThread "Unconstrained build operations Thread 25" [_thread_blocked, id=8080, stack(0x0000004264100000,0x0000004264200000)]
  0x000001585f857130 JavaThread "Unconstrained build operations Thread 26" [_thread_blocked, id=14524, stack(0x0000004264200000,0x0000004264300000)]
  0x000001585f858f90 JavaThread "Unconstrained build operations Thread 27" [_thread_blocked, id=3996, stack(0x0000004264300000,0x0000004264400000)]
  0x000001585f856200 JavaThread "Unconstrained build operations Thread 28" [_thread_blocked, id=20320, stack(0x0000004264400000,0x0000004264500000)]
  0x000001585f857640 JavaThread "Unconstrained build operations Thread 29" [_thread_blocked, id=18456, stack(0x0000004264500000,0x0000004264600000)]
  0x000001585f858a80 JavaThread "Unconstrained build operations Thread 30" [_thread_blocked, id=6036, stack(0x0000004264600000,0x0000004264700000)]
  0x000001585f8599b0 JavaThread "Unconstrained build operations Thread 31" [_thread_blocked, id=7116, stack(0x0000004264700000,0x0000004264800000)]
  0x000001585f858570 JavaThread "Unconstrained build operations Thread 32" [_thread_blocked, id=13028, stack(0x0000004264800000,0x0000004264900000)]
  0x000001585f859ec0 JavaThread "Unconstrained build operations Thread 33" [_thread_blocked, id=1688, stack(0x0000004264900000,0x0000004264a00000)]
  0x000001585f856c20 JavaThread "Unconstrained build operations Thread 34" [_thread_blocked, id=15400, stack(0x0000004264a00000,0x0000004264b00000)]
  0x000001585f856710 JavaThread "Unconstrained build operations Thread 35" [_thread_blocked, id=10424, stack(0x0000004264b00000,0x0000004264c00000)]
  0x000001585f85a3d0 JavaThread "Unconstrained build operations Thread 36" [_thread_blocked, id=15704, stack(0x0000004264c00000,0x0000004264d00000)]
  0x000001585f85a8e0 JavaThread "Unconstrained build operations Thread 37" [_thread_blocked, id=12216, stack(0x0000004264d00000,0x0000004264e00000)]
  0x000001585f85b300 JavaThread "Unconstrained build operations Thread 38" [_thread_blocked, id=23668, stack(0x0000004264e00000,0x0000004264f00000)]
  0x000001585f857b50 JavaThread "Unconstrained build operations Thread 39" [_thread_blocked, id=14596, stack(0x0000004264f00000,0x0000004265000000)]
  0x000001585f85adf0 JavaThread "Unconstrained build operations Thread 40" [_thread_blocked, id=7788, stack(0x0000004265000000,0x0000004265100000)]
  0x000001585f85b810 JavaThread "Unconstrained build operations Thread 41" [_thread_blocked, id=14988, stack(0x0000004265100000,0x0000004265200000)]
  0x000001585f85bd20 JavaThread "Unconstrained build operations Thread 42" [_thread_blocked, id=17092, stack(0x0000004265200000,0x0000004265300000)]
  0x000001585f85c230 JavaThread "Unconstrained build operations Thread 43" [_thread_blocked, id=15660, stack(0x0000004265300000,0x0000004265400000)]
  0x000001585f85cc50 JavaThread "Unconstrained build operations Thread 44" [_thread_blocked, id=3324, stack(0x0000004265400000,0x0000004265500000)]
  0x000001585f85c740 JavaThread "Unconstrained build operations Thread 45" [_thread_blocked, id=1272, stack(0x0000004265500000,0x0000004265600000)]
  0x000001585f85d160 JavaThread "Unconstrained build operations Thread 46" [_thread_blocked, id=7512, stack(0x0000004265600000,0x0000004265700000)]
  0x000001585f85d670 JavaThread "Unconstrained build operations Thread 47" [_thread_blocked, id=20996, stack(0x0000004265700000,0x0000004265800000)]
  0x000001585f85db80 JavaThread "Unconstrained build operations Thread 48" [_thread_blocked, id=5608, stack(0x0000004265800000,0x0000004265900000)]
  0x0000015860656060 JavaThread "Unconstrained build operations Thread 49" [_thread_blocked, id=9396, stack(0x0000004265900000,0x0000004265a00000)]
  0x0000015860659d20 JavaThread "Unconstrained build operations Thread 50" [_thread_blocked, id=10972, stack(0x0000004265a00000,0x0000004265b00000)]
  0x000001586adfeb80 JavaThread "Unconstrained build operations Thread 51" [_thread_blocked, id=21956, stack(0x0000004265b00000,0x0000004265c00000)]
  0x000001586adff090 JavaThread "Unconstrained build operations Thread 52" [_thread_blocked, id=9716, stack(0x0000004265c00000,0x0000004265d00000)]
  0x000001586adfe670 JavaThread "Unconstrained build operations Thread 53" [_thread_blocked, id=23728, stack(0x0000004265d00000,0x0000004265e00000)]
  0x000001586adfbdf0 JavaThread "Unconstrained build operations Thread 54" [_thread_blocked, id=23472, stack(0x0000004265e00000,0x0000004265f00000)]
  0x000001586adfd230 JavaThread "Unconstrained build operations Thread 55" [_thread_blocked, id=19344, stack(0x0000004265f00000,0x0000004266000000)]
  0x000001586adffab0 JavaThread "Unconstrained build operations Thread 56" [_thread_blocked, id=22388, stack(0x0000004266000000,0x0000004266100000)]
  0x000001586adfd740 JavaThread "Unconstrained build operations Thread 57" [_thread_blocked, id=22756, stack(0x0000004266100000,0x0000004266200000)]
  0x000001586adfc300 JavaThread "Unconstrained build operations Thread 58" [_thread_blocked, id=4660, stack(0x0000004266200000,0x0000004266300000)]
  0x000001586adfdc50 JavaThread "Unconstrained build operations Thread 59" [_thread_blocked, id=23376, stack(0x0000004266300000,0x0000004266400000)]
  0x000001586adfc810 JavaThread "Unconstrained build operations Thread 60" [_thread_blocked, id=20256, stack(0x0000004266400000,0x0000004266500000)]
  0x000001586adfcd20 JavaThread "Unconstrained build operations Thread 61" [_thread_blocked, id=16888, stack(0x0000004266500000,0x0000004266600000)]
  0x000001586adff5a0 JavaThread "Unconstrained build operations Thread 62" [_thread_blocked, id=16692, stack(0x0000004266600000,0x0000004266700000)]
  0x000001586ae01910 JavaThread "Unconstrained build operations Thread 63" [_thread_blocked, id=5900, stack(0x0000004266700000,0x0000004266800000)]
  0x000001586adfffc0 JavaThread "Unconstrained build operations Thread 64" [_thread_blocked, id=7152, stack(0x0000004266800000,0x0000004266900000)]
  0x000001586ae00ef0 JavaThread "Unconstrained build operations Thread 65" [_thread_blocked, id=20676, stack(0x0000004266900000,0x0000004266a00000)]
  0x000001586ae004d0 JavaThread "Unconstrained build operations Thread 66" [_thread_blocked, id=18232, stack(0x0000004266a00000,0x0000004266b00000)]
  0x000001586ae009e0 JavaThread "Unconstrained build operations Thread 67" [_thread_blocked, id=23936, stack(0x0000004266b00000,0x0000004266c00000)]
  0x000001586ae01400 JavaThread "Unconstrained build operations Thread 68" [_thread_blocked, id=23892, stack(0x0000004266c00000,0x0000004266d00000)]
  0x000001586adfe160 JavaThread "Unconstrained build operations Thread 69" [_thread_blocked, id=11072, stack(0x0000004266d00000,0x0000004266e00000)]
  0x000001586ae01e20 JavaThread "Unconstrained build operations Thread 70" [_thread_blocked, id=4224, stack(0x0000004266e00000,0x0000004266f00000)]
  0x000001586ae02d50 JavaThread "Unconstrained build operations Thread 71" [_thread_blocked, id=5668, stack(0x0000004266f00000,0x0000004267000000)]
  0x000001586ae02330 JavaThread "Unconstrained build operations Thread 72" [_thread_blocked, id=16756, stack(0x0000004267000000,0x0000004267100000)]
  0x000001586ae02840 JavaThread "Unconstrained build operations Thread 73" [_thread_blocked, id=1780, stack(0x0000004267100000,0x0000004267200000)]
  0x000001586ae03260 JavaThread "Unconstrained build operations Thread 74" [_thread_blocked, id=3900, stack(0x0000004267200000,0x0000004267300000)]
  0x000001586ae03770 JavaThread "Unconstrained build operations Thread 75" [_thread_blocked, id=13568, stack(0x0000004267300000,0x0000004267400000)]
  0x00000158616ec9d0 JavaThread "Unconstrained build operations Thread 76" [_thread_blocked, id=18496, stack(0x0000004267400000,0x0000004267500000)]
  0x00000158616ee320 JavaThread "Unconstrained build operations Thread 77" [_thread_blocked, id=8740, stack(0x0000004267500000,0x0000004267600000)]
  0x00000158616ebaa0 JavaThread "Unconstrained build operations Thread 78" [_thread_blocked, id=18408, stack(0x0000004267600000,0x0000004267700000)]
  0x00000158616eb080 JavaThread "Unconstrained build operations Thread 79" [_thread_blocked, id=10744, stack(0x0000004267700000,0x0000004267800000)]
  0x00000158616ebfb0 JavaThread "Unconstrained build operations Thread 80" [_thread_blocked, id=20532, stack(0x0000004267800000,0x0000004267900000)]
  0x00000158616ed3f0 JavaThread "WorkerExecutor Queue" [_thread_in_Java, id=19860, stack(0x000000425ea00000,0x000000425eb00000)]
  0x00000158616ecee0 JavaThread "WorkerExecutor Queue Thread 2" [_thread_blocked, id=3108, stack(0x0000004267900000,0x0000004267a00000)]
  0x00000158616eb590 JavaThread "pool-3-thread-1" [_thread_blocked, id=25468, stack(0x0000004267a00000,0x0000004267b00000)]
  0x00000158616ef250 JavaThread "stderr" [_thread_in_native, id=24016, stack(0x0000004267b00000,0x0000004267c00000)]
  0x00000158616ede10 JavaThread "stdout" [_thread_in_native, id=12308, stack(0x0000004267c00000,0x0000004267d00000)]
  0x00000158616ef760 JavaThread "File lock release action executor" [_thread_blocked, id=21604, stack(0x0000004267f00000,0x0000004268000000)]
  0x00000158616efc70 JavaThread "WorkerExecutor Queue Thread 3" [_thread_blocked, id=3716, stack(0x0000004268000000,0x0000004268100000)]
  0x000001585b1d9aa0 JavaThread "WorkerExecutor Queue Thread 4" [_thread_blocked, id=4068, stack(0x0000004268200000,0x0000004268300000)]
  0x000001585d0fd250 JavaThread "WorkerExecutor Queue Thread 5" [_thread_blocked, id=23656, stack(0x0000004268300000,0x0000004268400000)]
  0x000001585e55f070 JavaThread "WorkerExecutor Queue Thread 6" [_thread_blocked, id=23416, stack(0x0000004268400000,0x0000004268500000)]
  0x0000015862bf2ca0 JavaThread "Java2D Disposer" daemon [_thread_blocked, id=17696, stack(0x0000004263400000,0x0000004263500000)]
  0x0000015862bf31b0 JavaThread "AWT-Windows" daemon [_thread_in_native, id=2624, stack(0x0000004268500000,0x0000004268600000)]
  0x0000015861ab1fa0 JavaThread "DefaultDispatcher-worker-1" daemon [_thread_blocked, id=23224, stack(0x0000004268700000,0x0000004268800000)]
  0x000001585f236a80 JavaThread "DefaultDispatcher-worker-2" daemon [_thread_blocked, id=3624, stack(0x0000004268800000,0x0000004268900000)]
  0x000001585f9c9330 JavaThread "DefaultDispatcher-worker-3" daemon [_thread_blocked, id=10720, stack(0x0000004268900000,0x0000004268a00000)]
  0x0000015861ab24b0 JavaThread "DefaultDispatcher-worker-4" daemon [_thread_blocked, id=24596, stack(0x0000004268a00000,0x0000004268b00000)]
  0x000001585b1d9590 JavaThread "DefaultDispatcher-worker-5" daemon [_thread_blocked, id=9784, stack(0x0000004268b00000,0x0000004268c00000)]
  0x00000158607e5d60 JavaThread "DefaultDispatcher-worker-6" daemon [_thread_blocked, id=7372, stack(0x0000004268c00000,0x0000004268d00000)]
  0x0000015862bf2790 JavaThread "DefaultDispatcher-worker-7" daemon [_thread_blocked, id=23692, stack(0x0000004268d00000,0x0000004268e00000)]
  0x000001585b1d9080 JavaThread "DefaultDispatcher-worker-8" daemon [_thread_blocked, id=13484, stack(0x0000004268e00000,0x0000004268f00000)]
  0x0000015862bf2280 JavaThread "Periodic tasks thread" daemon [_thread_blocked, id=18544, stack(0x0000004269000000,0x0000004269100000)]
  0x0000015862bf40e0 JavaThread "ApplicationImpl pooled thread 1" [_thread_blocked, id=5904, stack(0x0000004269100000,0x0000004269200000)]
  0x000001586d20fbd0 JavaThread "ForkJoinPool.commonPool-worker-1" daemon [_thread_blocked, id=24768, stack(0x0000004269200000,0x0000004269300000)]
  0x0000015862f3e820 JavaThread "ForkJoinPool.commonPool-worker-3" daemon [_thread_blocked, id=21272, stack(0x0000004269300000,0x0000004269400000)]
  0x00000158616ed900 JavaThread "ForkJoinPool.commonPool-worker-2" daemon [_thread_blocked, id=17220, stack(0x0000004269400000,0x0000004269500000)]
=>0x000001586272a710 JavaThread "C2 CompilerThread1" daemon [_thread_in_native, id=24984, stack(0x000000425e800000,0x000000425e900000)]
  0x000001586203d810 JavaThread "ForkJoinPool.commonPool-worker-4" daemon [_thread_blocked, id=24628, stack(0x0000004268100000,0x0000004268200000)]

Other Threads:
  0x0000015815e73320 VMThread "VM Thread" [stack: 0x000000425f100000,0x000000425f200000] [id=24228]
  0x0000015875acec40 WatcherThread [stack: 0x000000425fd00000,0x000000425fe00000] [id=13880]
  0x0000015875b2ae00 GCTaskThread "GC Thread#0" [stack: 0x000000425ec00000,0x000000425ed00000] [id=18624]
  0x000001585b420ac0 GCTaskThread "GC Thread#1" [stack: 0x0000004260000000,0x0000004260100000] [id=6640]
  0x000001585b3fe9f0 GCTaskThread "GC Thread#2" [stack: 0x0000004260100000,0x0000004260200000] [id=16548]
  0x000001585b3fecb0 GCTaskThread "GC Thread#3" [stack: 0x0000004260200000,0x0000004260300000] [id=6972]
  0x000001585b9c9cb0 GCTaskThread "GC Thread#4" [stack: 0x0000004260300000,0x0000004260400000] [id=16168]
  0x000001585b4140a0 GCTaskThread "GC Thread#5" [stack: 0x0000004260400000,0x0000004260500000] [id=13896]
  0x000001585db58020 GCTaskThread "GC Thread#6" [stack: 0x0000004261100000,0x0000004261200000] [id=15188]
  0x000001585db582e0 GCTaskThread "GC Thread#7" [stack: 0x0000004261400000,0x0000004261500000] [id=24796]
  0x0000015875b3bc60 ConcurrentGCThread "G1 Main Marker" [stack: 0x000000425ed00000,0x000000425ee00000] [id=8380]
  0x0000015875b3d5a0 ConcurrentGCThread "G1 Conc#0" [stack: 0x000000425ee00000,0x000000425ef00000] [id=21508]
  0x000001585e29e6f0 ConcurrentGCThread "G1 Conc#1" [stack: 0x0000004261500000,0x0000004261600000] [id=1660]
  0x0000015875b7e5d0 ConcurrentGCThread "G1 Refine#0" [stack: 0x000000425ef00000,0x000000425f000000] [id=2252]
  0x000001585c008360 ConcurrentGCThread "G1 Refine#1" [stack: 0x000000425ff00000,0x0000004260000000] [id=10196]
  0x0000015860e9ea30 ConcurrentGCThread "G1 Refine#2" [stack: 0x0000004268600000,0x0000004268700000] [id=19060]
  0x000001586b232720 ConcurrentGCThread "G1 Refine#3" [stack: 0x0000004268f00000,0x0000004269000000] [id=13300]
  0x0000015815d2c1e0 ConcurrentGCThread "G1 Service" [stack: 0x000000425f000000,0x000000425f100000] [id=15748]

Threads with active compile tasks:
C2 CompilerThread1  117651 37674       4       org.jetbrains.kotlin.fir.types.ConeInferenceContext::typeDepth (134 bytes)

VM state: not at safepoint (normal execution)

VM Mutex/Monitor currently owned by a thread: None

Heap address: 0x0000000080000000, size: 2048 MB, Compressed Oops mode: 32-bit

CDS archive(s) mapped at: [0x0000015816000000-0x0000015816bb0000-0x0000015816bb0000), size 12255232, SharedBaseAddress: 0x0000015816000000, ArchiveRelocationMode: 1.
Compressed class space mapped at: 0x0000015817000000-0x0000015857000000, reserved size: 1073741824
Narrow klass base: 0x0000015816000000, Narrow klass shift: 0, Narrow klass range: 0x100000000

GC Precious Log:
 CPUs: 8 total, 8 available
 Memory: 16221M
 Large Page Support: Disabled
 NUMA Support: Disabled
 Compressed Oops: Enabled (32-bit)
 Heap Region Size: 1M
 Heap Min Capacity: 8M
 Heap Initial Capacity: 254M
 Heap Max Capacity: 2G
 Pre-touch: Disabled
 Parallel Workers: 8
 Concurrent Workers: 2
 Concurrent Refinement Workers: 8
 Periodic GC: Disabled

Heap:
 garbage-first heap   total 600064K, used 387907K [0x0000000080000000, 0x0000000100000000)
  region size 1024K, 88 young (90112K), 4 survivors (4096K)
 Metaspace       used 202027K, committed 203328K, reserved 1245184K
  class space    used 25261K, committed 25856K, reserved 1048576K

Heap Regions: E=young(eden), S=young(survivor), O=old, HS=humongous(starts), HC=humongous(continues), CS=collection set, F=free, OA=open archive, CA=closed archive, TAMS=top-at-mark-start (previous, next)
|   0|0x0000000080000000, 0x0000000080100000, 0x0000000080100000|100%|HS|  |TAMS 0x0000000080100000, 0x0000000080000000| Complete 
|   1|0x0000000080100000, 0x0000000080200000, 0x0000000080200000|100%|HC|  |TAMS 0x0000000080200000, 0x0000000080100000| Complete 
|   2|0x0000000080200000, 0x0000000080300000, 0x0000000080300000|100%|HC|  |TAMS 0x0000000080300000, 0x0000000080200000| Complete 
|   3|0x0000000080300000, 0x0000000080400000, 0x0000000080400000|100%| O|  |TAMS 0x0000000080400000, 0x0000000080300000| Untracked 
|   4|0x0000000080400000, 0x0000000080500000, 0x0000000080500000|100%| O|  |TAMS 0x0000000080500000, 0x0000000080400000| Untracked 
|   5|0x0000000080500000, 0x0000000080600000, 0x0000000080600000|100%| O|  |TAMS 0x0000000080600000, 0x0000000080500000| Untracked 
|   6|0x0000000080600000, 0x0000000080700000, 0x0000000080700000|100%|HS|  |TAMS 0x0000000080700000, 0x0000000080600000| Complete 
|   7|0x0000000080700000, 0x0000000080800000, 0x0000000080800000|100%| O|  |TAMS 0x0000000080800000, 0x0000000080700000| Untracked 
|   8|0x0000000080800000, 0x0000000080900000, 0x0000000080900000|100%| O|  |TAMS 0x0000000080900000, 0x0000000080800000| Untracked 
|   9|0x0000000080900000, 0x0000000080a00000, 0x0000000080a00000|100%| O|  |TAMS 0x0000000080a00000, 0x0000000080900000| Untracked 
|  10|0x0000000080a00000, 0x0000000080b00000, 0x0000000080b00000|100%| O|  |TAMS 0x0000000080b00000, 0x0000000080a00000| Untracked 
|  11|0x0000000080b00000, 0x0000000080c00000, 0x0000000080c00000|100%| O|  |TAMS 0x0000000080c00000, 0x0000000080b00000| Untracked 
|  12|0x0000000080c00000, 0x0000000080d00000, 0x0000000080d00000|100%| O|  |TAMS 0x0000000080d00000, 0x0000000080c00000| Untracked 
|  13|0x0000000080d00000, 0x0000000080e00000, 0x0000000080e00000|100%| O|  |TAMS 0x0000000080e00000, 0x0000000080d00000| Untracked 
|  14|0x0000000080e00000, 0x0000000080f00000, 0x0000000080f00000|100%| O|  |TAMS 0x0000000080f00000, 0x0000000080e00000| Untracked 
|  15|0x0000000080f00000, 0x0000000081000000, 0x0000000081000000|100%| O|  |TAMS 0x0000000081000000, 0x0000000080f00000| Untracked 
|  16|0x0000000081000000, 0x0000000081100000, 0x0000000081100000|100%| O|  |TAMS 0x0000000081100000, 0x0000000081000000| Untracked 
|  17|0x0000000081100000, 0x0000000081200000, 0x0000000081200000|100%| O|  |TAMS 0x0000000081200000, 0x0000000081100000| Untracked 
|  18|0x0000000081200000, 0x0000000081300000, 0x0000000081300000|100%| O|  |TAMS 0x0000000081300000, 0x0000000081200000| Untracked 
|  19|0x0000000081300000, 0x0000000081400000, 0x0000000081400000|100%| O|  |TAMS 0x0000000081400000, 0x0000000081300000| Untracked 
|  20|0x0000000081400000, 0x0000000081500000, 0x0000000081500000|100%| O|  |TAMS 0x0000000081500000, 0x0000000081400000| Untracked 
|  21|0x0000000081500000, 0x0000000081600000, 0x0000000081600000|100%| O|  |TAMS 0x0000000081600000, 0x0000000081500000| Untracked 
|  22|0x0000000081600000, 0x0000000081700000, 0x0000000081700000|100%| O|  |TAMS 0x0000000081700000, 0x0000000081600000| Untracked 
|  23|0x0000000081700000, 0x0000000081800000, 0x0000000081800000|100%| O|  |TAMS 0x0000000081800000, 0x0000000081700000| Untracked 
|  24|0x0000000081800000, 0x0000000081900000, 0x0000000081900000|100%| O|  |TAMS 0x0000000081900000, 0x0000000081800000| Untracked 
|  25|0x0000000081900000, 0x0000000081a00000, 0x0000000081a00000|100%| O|  |TAMS 0x0000000081a00000, 0x0000000081900000| Untracked 
|  26|0x0000000081a00000, 0x0000000081b00000, 0x0000000081b00000|100%| O|  |TAMS 0x0000000081b00000, 0x0000000081a00000| Untracked 
|  27|0x0000000081b00000, 0x0000000081c00000, 0x0000000081c00000|100%| O|  |TAMS 0x0000000081c00000, 0x0000000081b00000| Untracked 
|  28|0x0000000081c00000, 0x0000000081d00000, 0x0000000081d00000|100%| O|  |TAMS 0x0000000081d00000, 0x0000000081c00000| Untracked 
|  29|0x0000000081d00000, 0x0000000081e00000, 0x0000000081e00000|100%| O|  |TAMS 0x0000000081e00000, 0x0000000081d00000| Untracked 
|  30|0x0000000081e00000, 0x0000000081f00000, 0x0000000081f00000|100%| O|  |TAMS 0x0000000081f00000, 0x0000000081e00000| Untracked 
|  31|0x0000000081f00000, 0x0000000082000000, 0x0000000082000000|100%| O|  |TAMS 0x0000000082000000, 0x0000000081f00000| Untracked 
|  32|0x0000000082000000, 0x0000000082100000, 0x0000000082100000|100%| O|  |TAMS 0x0000000082100000, 0x0000000082000000| Untracked 
|  33|0x0000000082100000, 0x0000000082200000, 0x0000000082200000|100%| O|  |TAMS 0x0000000082200000, 0x0000000082100000| Untracked 
|  34|0x0000000082200000, 0x0000000082300000, 0x0000000082300000|100%| O|  |TAMS 0x0000000082200000, 0x0000000082200000| Untracked 
|  35|0x0000000082300000, 0x0000000082400000, 0x0000000082400000|100%| O|  |TAMS 0x0000000082400000, 0x0000000082300000| Untracked 
|  36|0x0000000082400000, 0x0000000082500000, 0x0000000082500000|100%| O|  |TAMS 0x0000000082500000, 0x0000000082400000| Untracked 
|  37|0x0000000082500000, 0x0000000082600000, 0x0000000082600000|100%| O|  |TAMS 0x0000000082600000, 0x0000000082500000| Untracked 
|  38|0x0000000082600000, 0x0000000082700000, 0x0000000082700000|100%| O|  |TAMS 0x0000000082700000, 0x0000000082600000| Untracked 
|  39|0x0000000082700000, 0x0000000082800000, 0x0000000082800000|100%| O|  |TAMS 0x0000000082800000, 0x0000000082700000| Untracked 
|  40|0x0000000082800000, 0x0000000082900000, 0x0000000082900000|100%|HS|  |TAMS 0x0000000082900000, 0x0000000082800000| Complete 
|  41|0x0000000082900000, 0x0000000082a00000, 0x0000000082a00000|100%|HS|  |TAMS 0x0000000082a00000, 0x0000000082900000| Complete 
|  42|0x0000000082a00000, 0x0000000082b00000, 0x0000000082b00000|100%|HS|  |TAMS 0x0000000082b00000, 0x0000000082a00000| Complete 
|  43|0x0000000082b00000, 0x0000000082c00000, 0x0000000082c00000|100%|HS|  |TAMS 0x0000000082c00000, 0x0000000082b00000| Complete 
|  44|0x0000000082c00000, 0x0000000082d00000, 0x0000000082d00000|100%|HC|  |TAMS 0x0000000082d00000, 0x0000000082c00000| Complete 
|  45|0x0000000082d00000, 0x0000000082e00000, 0x0000000082e00000|100%|HS|  |TAMS 0x0000000082e00000, 0x0000000082d00000| Complete 
|  46|0x0000000082e00000, 0x0000000082f00000, 0x0000000082f00000|100%|HC|  |TAMS 0x0000000082f00000, 0x0000000082e00000| Complete 
|  47|0x0000000082f00000, 0x0000000083000000, 0x0000000083000000|100%|HS|  |TAMS 0x0000000083000000, 0x0000000082f00000| Complete 
|  48|0x0000000083000000, 0x0000000083100000, 0x0000000083100000|100%|HC|  |TAMS 0x0000000083100000, 0x0000000083000000| Complete 
|  49|0x0000000083100000, 0x0000000083200000, 0x0000000083200000|100%|HC|  |TAMS 0x0000000083200000, 0x0000000083100000| Complete 
|  50|0x0000000083200000, 0x0000000083300000, 0x0000000083300000|100%|HS|  |TAMS 0x0000000083300000, 0x0000000083200000| Complete 
|  51|0x0000000083300000, 0x0000000083400000, 0x0000000083400000|100%|HS|  |TAMS 0x0000000083400000, 0x0000000083300000| Complete 
|  52|0x0000000083400000, 0x0000000083500000, 0x0000000083500000|100%|HS|  |TAMS 0x0000000083500000, 0x0000000083400000| Complete 
|  53|0x0000000083500000, 0x0000000083600000, 0x0000000083600000|100%| O|  |TAMS 0x0000000083600000, 0x0000000083500000| Untracked 
|  54|0x0000000083600000, 0x0000000083700000, 0x0000000083700000|100%| O|  |TAMS 0x0000000083700000, 0x0000000083600000| Untracked 
|  55|0x0000000083700000, 0x0000000083800000, 0x0000000083800000|100%| O|  |TAMS 0x0000000083800000, 0x0000000083700000| Untracked 
|  56|0x0000000083800000, 0x0000000083900000, 0x0000000083900000|100%| O|  |TAMS 0x0000000083900000, 0x0000000083800000| Untracked 
|  57|0x0000000083900000, 0x0000000083a00000, 0x0000000083a00000|100%| O|  |TAMS 0x0000000083a00000, 0x0000000083900000| Untracked 
|  58|0x0000000083a00000, 0x0000000083b00000, 0x0000000083b00000|100%| O|  |TAMS 0x0000000083b00000, 0x0000000083a00000| Untracked 
|  59|0x0000000083b00000, 0x0000000083c00000, 0x0000000083c00000|100%| O|  |TAMS 0x0000000083c00000, 0x0000000083b00000| Untracked 
|  60|0x0000000083c00000, 0x0000000083d00000, 0x0000000083d00000|100%| O|  |TAMS 0x0000000083d00000, 0x0000000083c00000| Untracked 
|  61|0x0000000083d00000, 0x0000000083e00000, 0x0000000083e00000|100%| O|  |TAMS 0x0000000083e00000, 0x0000000083d00000| Untracked 
|  62|0x0000000083e00000, 0x0000000083f00000, 0x0000000083f00000|100%| O|  |TAMS 0x0000000083f00000, 0x0000000083e00000| Untracked 
|  63|0x0000000083f00000, 0x0000000084000000, 0x0000000084000000|100%| O|  |TAMS 0x0000000084000000, 0x0000000083f00000| Untracked 
|  64|0x0000000084000000, 0x0000000084100000, 0x0000000084100000|100%| O|  |TAMS 0x0000000084100000, 0x0000000084000000| Untracked 
|  65|0x0000000084100000, 0x0000000084200000, 0x0000000084200000|100%| O|  |TAMS 0x0000000084200000, 0x0000000084100000| Untracked 
|  66|0x0000000084200000, 0x0000000084300000, 0x0000000084300000|100%| O|  |TAMS 0x0000000084300000, 0x0000000084200000| Untracked 
|  67|0x0000000084300000, 0x0000000084400000, 0x0000000084400000|100%|HS|  |TAMS 0x0000000084400000, 0x0000000084300000| Complete 
|  68|0x0000000084400000, 0x0000000084500000, 0x0000000084500000|100%| O|  |TAMS 0x0000000084500000, 0x0000000084400000| Untracked 
|  69|0x0000000084500000, 0x0000000084600000, 0x0000000084600000|100%| O|  |TAMS 0x0000000084600000, 0x0000000084500000| Untracked 
|  70|0x0000000084600000, 0x0000000084700000, 0x0000000084700000|100%| O|  |TAMS 0x0000000084700000, 0x0000000084600000| Untracked 
|  71|0x0000000084700000, 0x0000000084800000, 0x0000000084800000|100%| O|  |TAMS 0x0000000084800000, 0x0000000084700000| Untracked 
|  72|0x0000000084800000, 0x0000000084900000, 0x0000000084900000|100%| O|  |TAMS 0x0000000084900000, 0x0000000084800000| Untracked 
|  73|0x0000000084900000, 0x0000000084a00000, 0x0000000084a00000|100%| O|  |TAMS 0x0000000084a00000, 0x0000000084900000| Untracked 
|  74|0x0000000084a00000, 0x0000000084b00000, 0x0000000084b00000|100%| O|  |TAMS 0x0000000084b00000, 0x0000000084a00000| Untracked 
|  75|0x0000000084b00000, 0x0000000084c00000, 0x0000000084c00000|100%| O|  |TAMS 0x0000000084c00000, 0x0000000084b00000| Untracked 
|  76|0x0000000084c00000, 0x0000000084d00000, 0x0000000084d00000|100%| O|  |TAMS 0x0000000084d00000, 0x0000000084c00000| Untracked 
|  77|0x0000000084d00000, 0x0000000084e00000, 0x0000000084e00000|100%|HS|  |TAMS 0x0000000084e00000, 0x0000000084d00000| Complete 
|  78|0x0000000084e00000, 0x0000000084f00000, 0x0000000084f00000|100%|HC|  |TAMS 0x0000000084f00000, 0x0000000084e00000| Complete 
|  79|0x0000000084f00000, 0x0000000085000000, 0x0000000085000000|100%|HC|  |TAMS 0x0000000085000000, 0x0000000084f00000| Complete 
|  80|0x0000000085000000, 0x0000000085100000, 0x0000000085100000|100%| O|  |TAMS 0x0000000085100000, 0x0000000085000000| Untracked 
|  81|0x0000000085100000, 0x0000000085200000, 0x0000000085200000|100%| O|  |TAMS 0x0000000085200000, 0x0000000085100000| Untracked 
|  82|0x0000000085200000, 0x0000000085300000, 0x0000000085300000|100%| O|  |TAMS 0x0000000085300000, 0x0000000085200000| Untracked 
|  83|0x0000000085300000, 0x0000000085400000, 0x0000000085400000|100%| O|  |TAMS 0x0000000085400000, 0x0000000085300000| Untracked 
|  84|0x0000000085400000, 0x0000000085500000, 0x0000000085500000|100%| O|  |TAMS 0x0000000085500000, 0x0000000085400000| Untracked 
|  85|0x0000000085500000, 0x0000000085600000, 0x0000000085600000|100%| O|  |TAMS 0x0000000085600000, 0x0000000085500000| Untracked 
|  86|0x0000000085600000, 0x0000000085700000, 0x0000000085700000|100%| O|  |TAMS 0x0000000085700000, 0x0000000085600000| Untracked 
|  87|0x0000000085700000, 0x0000000085800000, 0x0000000085800000|100%| O|  |TAMS 0x0000000085800000, 0x0000000085700000| Untracked 
|  88|0x0000000085800000, 0x0000000085900000, 0x0000000085900000|100%| O|  |TAMS 0x0000000085900000, 0x0000000085800000| Untracked 
|  89|0x0000000085900000, 0x0000000085a00000, 0x0000000085a00000|100%| O|  |TAMS 0x0000000085a00000, 0x0000000085900000| Untracked 
|  90|0x0000000085a00000, 0x0000000085b00000, 0x0000000085b00000|100%| O|  |TAMS 0x0000000085b00000, 0x0000000085a00000| Untracked 
|  91|0x0000000085b00000, 0x0000000085c00000, 0x0000000085c00000|100%| O|  |TAMS 0x0000000085c00000, 0x0000000085b00000| Untracked 
|  92|0x0000000085c00000, 0x0000000085d00000, 0x0000000085d00000|100%| O|  |TAMS 0x0000000085d00000, 0x0000000085c00000| Untracked 
|  93|0x0000000085d00000, 0x0000000085e00000, 0x0000000085e00000|100%| O|  |TAMS 0x0000000085e00000, 0x0000000085d00000| Untracked 
|  94|0x0000000085e00000, 0x0000000085f00000, 0x0000000085f00000|100%| O|  |TAMS 0x0000000085f00000, 0x0000000085e00000| Untracked 
|  95|0x0000000085f00000, 0x0000000086000000, 0x0000000086000000|100%| O|  |TAMS 0x0000000086000000, 0x0000000085f00000| Untracked 
|  96|0x0000000086000000, 0x0000000086100000, 0x0000000086100000|100%| O|  |TAMS 0x0000000086100000, 0x0000000086000000| Untracked 
|  97|0x0000000086100000, 0x0000000086200000, 0x0000000086200000|100%| O|  |TAMS 0x0000000086200000, 0x0000000086100000| Untracked 
|  98|0x0000000086200000, 0x0000000086300000, 0x0000000086300000|100%| O|  |TAMS 0x0000000086300000, 0x0000000086200000| Untracked 
|  99|0x0000000086300000, 0x0000000086400000, 0x0000000086400000|100%| O|  |TAMS 0x0000000086400000, 0x0000000086300000| Untracked 
| 100|0x0000000086400000, 0x0000000086500000, 0x0000000086500000|100%| O|  |TAMS 0x0000000086500000, 0x0000000086400000| Untracked 
| 101|0x0000000086500000, 0x0000000086600000, 0x0000000086600000|100%| O|  |TAMS 0x0000000086600000, 0x0000000086500000| Untracked 
| 102|0x0000000086600000, 0x0000000086700000, 0x0000000086700000|100%| O|  |TAMS 0x0000000086700000, 0x0000000086600000| Untracked 
| 103|0x0000000086700000, 0x0000000086800000, 0x0000000086800000|100%| O|  |TAMS 0x0000000086800000, 0x0000000086700000| Untracked 
| 104|0x0000000086800000, 0x0000000086900000, 0x0000000086900000|100%| O|  |TAMS 0x0000000086900000, 0x0000000086800000| Untracked 
| 105|0x0000000086900000, 0x0000000086a00000, 0x0000000086a00000|100%| O|  |TAMS 0x0000000086900000, 0x0000000086900000| Untracked 
| 106|0x0000000086a00000, 0x0000000086b00000, 0x0000000086b00000|100%| O|  |TAMS 0x0000000086b00000, 0x0000000086a00000| Untracked 
| 107|0x0000000086b00000, 0x0000000086c00000, 0x0000000086c00000|100%| O|  |TAMS 0x0000000086c00000, 0x0000000086b00000| Untracked 
| 108|0x0000000086c00000, 0x0000000086d00000, 0x0000000086d00000|100%| O|  |TAMS 0x0000000086d00000, 0x0000000086c00000| Untracked 
| 109|0x0000000086d00000, 0x0000000086e00000, 0x0000000086e00000|100%| O|  |TAMS 0x0000000086e00000, 0x0000000086d00000| Untracked 
| 110|0x0000000086e00000, 0x0000000086f00000, 0x0000000086f00000|100%| O|  |TAMS 0x0000000086f00000, 0x0000000086e00000| Untracked 
| 111|0x0000000086f00000, 0x0000000087000000, 0x0000000087000000|100%| O|  |TAMS 0x0000000087000000, 0x0000000086f00000| Untracked 
| 112|0x0000000087000000, 0x0000000087100000, 0x0000000087100000|100%| O|  |TAMS 0x0000000087100000, 0x0000000087000000| Untracked 
| 113|0x0000000087100000, 0x0000000087200000, 0x0000000087200000|100%| O|  |TAMS 0x0000000087200000, 0x0000000087100000| Untracked 
| 114|0x0000000087200000, 0x0000000087300000, 0x0000000087300000|100%| O|  |TAMS 0x0000000087300000, 0x0000000087200000| Untracked 
| 115|0x0000000087300000, 0x0000000087400000, 0x0000000087400000|100%| O|  |TAMS 0x0000000087400000, 0x0000000087300000| Untracked 
| 116|0x0000000087400000, 0x0000000087500000, 0x0000000087500000|100%| O|  |TAMS 0x0000000087500000, 0x0000000087400000| Untracked 
| 117|0x0000000087500000, 0x0000000087600000, 0x0000000087600000|100%| O|  |TAMS 0x0000000087600000, 0x0000000087500000| Untracked 
| 118|0x0000000087600000, 0x0000000087700000, 0x0000000087700000|100%| O|  |TAMS 0x0000000087700000, 0x0000000087600000| Untracked 
| 119|0x0000000087700000, 0x0000000087800000, 0x0000000087800000|100%| O|  |TAMS 0x0000000087800000, 0x0000000087700000| Untracked 
| 120|0x0000000087800000, 0x0000000087900000, 0x0000000087900000|100%| O|  |TAMS 0x0000000087900000, 0x0000000087800000| Untracked 
| 121|0x0000000087900000, 0x0000000087a00000, 0x0000000087a00000|100%| O|  |TAMS 0x0000000087a00000, 0x0000000087900000| Untracked 
| 122|0x0000000087a00000, 0x0000000087b00000, 0x0000000087b00000|100%| O|  |TAMS 0x0000000087b00000, 0x0000000087a00000| Untracked 
| 123|0x0000000087b00000, 0x0000000087c00000, 0x0000000087c00000|100%| O|  |TAMS 0x0000000087c00000, 0x0000000087b00000| Untracked 
| 124|0x0000000087c00000, 0x0000000087d00000, 0x0000000087d00000|100%| O|  |TAMS 0x0000000087d00000, 0x0000000087c00000| Untracked 
| 125|0x0000000087d00000, 0x0000000087e00000, 0x0000000087e00000|100%| O|  |TAMS 0x0000000087e00000, 0x0000000087d00000| Untracked 
| 126|0x0000000087e00000, 0x0000000087f00000, 0x0000000087f00000|100%| O|  |TAMS 0x0000000087f00000, 0x0000000087e00000| Untracked 
| 127|0x0000000087f00000, 0x0000000088000000, 0x0000000088000000|100%| O|  |TAMS 0x0000000087f00000, 0x0000000087f00000| Untracked 
| 128|0x0000000088000000, 0x0000000088100000, 0x0000000088100000|100%| O|  |TAMS 0x0000000088100000, 0x0000000088000000| Untracked 
| 129|0x0000000088100000, 0x0000000088200000, 0x0000000088200000|100%| O|  |TAMS 0x0000000088200000, 0x0000000088100000| Untracked 
| 130|0x0000000088200000, 0x0000000088300000, 0x0000000088300000|100%| O|  |TAMS 0x0000000088300000, 0x0000000088200000| Untracked 
| 131|0x0000000088300000, 0x0000000088400000, 0x0000000088400000|100%| O|  |TAMS 0x0000000088400000, 0x0000000088300000| Untracked 
| 132|0x0000000088400000, 0x0000000088500000, 0x0000000088500000|100%| O|  |TAMS 0x0000000088500000, 0x0000000088400000| Untracked 
| 133|0x0000000088500000, 0x0000000088600000, 0x0000000088600000|100%| O|  |TAMS 0x0000000088600000, 0x0000000088500000| Untracked 
| 134|0x0000000088600000, 0x0000000088700000, 0x0000000088700000|100%|HS|  |TAMS 0x0000000088700000, 0x0000000088600000| Complete 
| 135|0x0000000088700000, 0x0000000088800000, 0x0000000088800000|100%|HC|  |TAMS 0x0000000088800000, 0x0000000088700000| Complete 
| 136|0x0000000088800000, 0x0000000088900000, 0x0000000088900000|100%|HC|  |TAMS 0x0000000088900000, 0x0000000088800000| Complete 
| 137|0x0000000088900000, 0x0000000088a00000, 0x0000000088a00000|100%| O|  |TAMS 0x0000000088a00000, 0x0000000088900000| Untracked 
| 138|0x0000000088a00000, 0x0000000088b00000, 0x0000000088b00000|100%| O|  |TAMS 0x0000000088b00000, 0x0000000088a00000| Untracked 
| 139|0x0000000088b00000, 0x0000000088c00000, 0x0000000088c00000|100%| O|  |TAMS 0x0000000088c00000, 0x0000000088b00000| Untracked 
| 140|0x0000000088c00000, 0x0000000088d00000, 0x0000000088d00000|100%|HS|  |TAMS 0x0000000088d00000, 0x0000000088c00000| Complete 
| 141|0x0000000088d00000, 0x0000000088e00000, 0x0000000088e00000|100%|HC|  |TAMS 0x0000000088e00000, 0x0000000088d00000| Complete 
| 142|0x0000000088e00000, 0x0000000088f00000, 0x0000000088f00000|100%|HC|  |TAMS 0x0000000088f00000, 0x0000000088e00000| Complete 
| 143|0x0000000088f00000, 0x0000000089000000, 0x0000000089000000|100%| O|  |TAMS 0x0000000089000000, 0x0000000088f00000| Untracked 
| 144|0x0000000089000000, 0x0000000089100000, 0x0000000089100000|100%| O|  |TAMS 0x0000000089100000, 0x0000000089000000| Untracked 
| 145|0x0000000089100000, 0x0000000089200000, 0x0000000089200000|100%| O|  |TAMS 0x0000000089200000, 0x0000000089100000| Untracked 
| 146|0x0000000089200000, 0x0000000089300000, 0x0000000089300000|100%| O|  |TAMS 0x0000000089300000, 0x0000000089200000| Untracked 
| 147|0x0000000089300000, 0x0000000089400000, 0x0000000089400000|100%| O|  |TAMS 0x0000000089400000, 0x0000000089300000| Untracked 
| 148|0x0000000089400000, 0x0000000089500000, 0x0000000089500000|100%| O|  |TAMS 0x0000000089500000, 0x0000000089400000| Untracked 
| 149|0x0000000089500000, 0x0000000089600000, 0x0000000089600000|100%| O|  |TAMS 0x0000000089500000, 0x0000000089500000| Untracked 
| 150|0x0000000089600000, 0x0000000089700000, 0x0000000089700000|100%| O|  |TAMS 0x0000000089700000, 0x0000000089600000| Untracked 
| 151|0x0000000089700000, 0x0000000089800000, 0x0000000089800000|100%| O|  |TAMS 0x0000000089800000, 0x0000000089700000| Untracked 
| 152|0x0000000089800000, 0x0000000089900000, 0x0000000089900000|100%| O|  |TAMS 0x0000000089900000, 0x0000000089800000| Untracked 
| 153|0x0000000089900000, 0x0000000089a00000, 0x0000000089a00000|100%| O|  |TAMS 0x0000000089a00000, 0x0000000089900000| Untracked 
| 154|0x0000000089a00000, 0x0000000089b00000, 0x0000000089b00000|100%| O|  |TAMS 0x0000000089b00000, 0x0000000089a00000| Untracked 
| 155|0x0000000089b00000, 0x0000000089c00000, 0x0000000089c00000|100%| O|  |TAMS 0x0000000089c00000, 0x0000000089b00000| Untracked 
| 156|0x0000000089c00000, 0x0000000089d00000, 0x0000000089d00000|100%| O|  |TAMS 0x0000000089d00000, 0x0000000089c00000| Untracked 
| 157|0x0000000089d00000, 0x0000000089e00000, 0x0000000089e00000|100%| O|  |TAMS 0x0000000089e00000, 0x0000000089d00000| Untracked 
| 158|0x0000000089e00000, 0x0000000089f00000, 0x0000000089f00000|100%| O|  |TAMS 0x0000000089f00000, 0x0000000089e00000| Untracked 
| 159|0x0000000089f00000, 0x000000008a000000, 0x000000008a000000|100%| O|  |TAMS 0x000000008a000000, 0x0000000089f00000| Untracked 
| 160|0x000000008a000000, 0x000000008a100000, 0x000000008a100000|100%| O|  |TAMS 0x000000008a100000, 0x000000008a000000| Untracked 
| 161|0x000000008a100000, 0x000000008a200000, 0x000000008a200000|100%| O|  |TAMS 0x000000008a200000, 0x000000008a100000| Untracked 
| 162|0x000000008a200000, 0x000000008a300000, 0x000000008a300000|100%| O|  |TAMS 0x000000008a300000, 0x000000008a200000| Untracked 
| 163|0x000000008a300000, 0x000000008a400000, 0x000000008a400000|100%| O|  |TAMS 0x000000008a400000, 0x000000008a300000| Untracked 
| 164|0x000000008a400000, 0x000000008a500000, 0x000000008a500000|100%| O|  |TAMS 0x000000008a400000, 0x000000008a400000| Untracked 
| 165|0x000000008a500000, 0x000000008a500000, 0x000000008a600000|  0%| F|  |TAMS 0x000000008a500000, 0x000000008a500000| Untracked 
| 166|0x000000008a600000, 0x000000008a700000, 0x000000008a700000|100%| O|  |TAMS 0x000000008a600000, 0x000000008a600000| Untracked 
| 167|0x000000008a700000, 0x000000008a800000, 0x000000008a800000|100%| O|  |TAMS 0x000000008a700000, 0x000000008a700000| Untracked 
| 168|0x000000008a800000, 0x000000008a900000, 0x000000008a900000|100%| O|  |TAMS 0x000000008a800000, 0x000000008a800000| Untracked 
| 169|0x000000008a900000, 0x000000008aa00000, 0x000000008aa00000|100%| O|  |TAMS 0x000000008a900000, 0x000000008a900000| Untracked 
| 170|0x000000008aa00000, 0x000000008ab00000, 0x000000008ab00000|100%| O|  |TAMS 0x000000008aa00000, 0x000000008aa00000| Untracked 
| 171|0x000000008ab00000, 0x000000008ac00000, 0x000000008ac00000|100%| O|  |TAMS 0x000000008ab00000, 0x000000008ab00000| Untracked 
| 172|0x000000008ac00000, 0x000000008ac00000, 0x000000008ad00000|  0%| F|  |TAMS 0x000000008ac00000, 0x000000008ac00000| Untracked 
| 173|0x000000008ad00000, 0x000000008ae00000, 0x000000008ae00000|100%| O|  |TAMS 0x000000008ad00000, 0x000000008ad00000| Untracked 
| 174|0x000000008ae00000, 0x000000008af00000, 0x000000008af00000|100%| O|  |TAMS 0x000000008ae00000, 0x000000008ae00000| Untracked 
| 175|0x000000008af00000, 0x000000008b000000, 0x000000008b000000|100%| O|  |TAMS 0x000000008af00000, 0x000000008af00000| Untracked 
| 176|0x000000008b000000, 0x000000008b100000, 0x000000008b100000|100%| O|  |TAMS 0x000000008b000000, 0x000000008b000000| Untracked 
| 177|0x000000008b100000, 0x000000008b200000, 0x000000008b200000|100%| O|  |TAMS 0x000000008b100000, 0x000000008b100000| Untracked 
| 178|0x000000008b200000, 0x000000008b300000, 0x000000008b300000|100%| O|  |TAMS 0x000000008b200000, 0x000000008b200000| Untracked 
| 179|0x000000008b300000, 0x000000008b300000, 0x000000008b400000|  0%| F|  |TAMS 0x000000008b300000, 0x000000008b300000| Untracked 
| 180|0x000000008b400000, 0x000000008b500000, 0x000000008b500000|100%| O|  |TAMS 0x000000008b400000, 0x000000008b400000| Untracked 
| 181|0x000000008b500000, 0x000000008b600000, 0x000000008b600000|100%| O|  |TAMS 0x000000008b500000, 0x000000008b500000| Untracked 
| 182|0x000000008b600000, 0x000000008b700000, 0x000000008b700000|100%| O|  |TAMS 0x000000008b600000, 0x000000008b600000| Untracked 
| 183|0x000000008b700000, 0x000000008b800000, 0x000000008b800000|100%| O|  |TAMS 0x000000008b700000, 0x000000008b700000| Untracked 
| 184|0x000000008b800000, 0x000000008b900000, 0x000000008b900000|100%| O|  |TAMS 0x000000008b800000, 0x000000008b800000| Untracked 
| 185|0x000000008b900000, 0x000000008ba00000, 0x000000008ba00000|100%| O|  |TAMS 0x000000008ba00000, 0x000000008b900000| Untracked 
| 186|0x000000008ba00000, 0x000000008bb00000, 0x000000008bb00000|100%| O|  |TAMS 0x000000008bb00000, 0x000000008ba00000| Untracked 
| 187|0x000000008bb00000, 0x000000008bc00000, 0x000000008bc00000|100%| O|  |TAMS 0x000000008bc00000, 0x000000008bb00000| Untracked 
| 188|0x000000008bc00000, 0x000000008bd00000, 0x000000008bd00000|100%| O|  |TAMS 0x000000008bd00000, 0x000000008bc00000| Untracked 
| 189|0x000000008bd00000, 0x000000008bd00000, 0x000000008be00000|  0%| F|  |TAMS 0x000000008bd00000, 0x000000008bd00000| Untracked 
| 190|0x000000008be00000, 0x000000008be00000, 0x000000008bf00000|  0%| F|  |TAMS 0x000000008be00000, 0x000000008be00000| Untracked 
| 191|0x000000008bf00000, 0x000000008bf00000, 0x000000008c000000|  0%| F|  |TAMS 0x000000008bf00000, 0x000000008bf00000| Untracked 
| 192|0x000000008c000000, 0x000000008c000000, 0x000000008c100000|  0%| F|  |TAMS 0x000000008c000000, 0x000000008c000000| Untracked 
| 193|0x000000008c100000, 0x000000008c100000, 0x000000008c200000|  0%| F|  |TAMS 0x000000008c100000, 0x000000008c100000| Untracked 
| 194|0x000000008c200000, 0x000000008c300000, 0x000000008c300000|100%| O|  |TAMS 0x000000008c300000, 0x000000008c200000| Untracked 
| 195|0x000000008c300000, 0x000000008c400000, 0x000000008c400000|100%| O|  |TAMS 0x000000008c300000, 0x000000008c300000| Untracked 
| 196|0x000000008c400000, 0x000000008c400000, 0x000000008c500000|  0%| F|  |TAMS 0x000000008c400000, 0x000000008c400000| Untracked 
| 197|0x000000008c500000, 0x000000008c600000, 0x000000008c600000|100%| O|  |TAMS 0x000000008c500000, 0x000000008c500000| Untracked 
| 198|0x000000008c600000, 0x000000008c600000, 0x000000008c700000|  0%| F|  |TAMS 0x000000008c600000, 0x000000008c600000| Untracked 
| 199|0x000000008c700000, 0x000000008c700000, 0x000000008c800000|  0%| F|  |TAMS 0x000000008c700000, 0x000000008c700000| Untracked 
| 200|0x000000008c800000, 0x000000008c800000, 0x000000008c900000|  0%| F|  |TAMS 0x000000008c800000, 0x000000008c800000| Untracked 
| 201|0x000000008c900000, 0x000000008c900000, 0x000000008ca00000|  0%| F|  |TAMS 0x000000008c900000, 0x000000008c900000| Untracked 
| 202|0x000000008ca00000, 0x000000008cb00000, 0x000000008cb00000|100%| O|  |TAMS 0x000000008cb00000, 0x000000008ca00000| Untracked 
| 203|0x000000008cb00000, 0x000000008cc00000, 0x000000008cc00000|100%| O|  |TAMS 0x000000008cc00000, 0x000000008cb00000| Untracked 
| 204|0x000000008cc00000, 0x000000008cc00000, 0x000000008cd00000|  0%| F|  |TAMS 0x000000008cc00000, 0x000000008cc00000| Untracked 
| 205|0x000000008cd00000, 0x000000008ce00000, 0x000000008ce00000|100%| O|  |TAMS 0x000000008ce00000, 0x000000008cd00000| Untracked 
| 206|0x000000008ce00000, 0x000000008cf00000, 0x000000008cf00000|100%| O|  |TAMS 0x000000008cf00000, 0x000000008ce00000| Untracked 
| 207|0x000000008cf00000, 0x000000008d000000, 0x000000008d000000|100%| O|  |TAMS 0x000000008d000000, 0x000000008cf00000| Untracked 
| 208|0x000000008d000000, 0x000000008d000000, 0x000000008d100000|  0%| F|  |TAMS 0x000000008d000000, 0x000000008d000000| Untracked 
| 209|0x000000008d100000, 0x000000008d200000, 0x000000008d200000|100%| O|  |TAMS 0x000000008d200000, 0x000000008d100000| Untracked 
| 210|0x000000008d200000, 0x000000008d300000, 0x000000008d300000|100%|HS|  |TAMS 0x000000008d300000, 0x000000008d200000| Complete 
| 211|0x000000008d300000, 0x000000008d400000, 0x000000008d400000|100%|HC|  |TAMS 0x000000008d400000, 0x000000008d300000| Complete 
| 212|0x000000008d400000, 0x000000008d400000, 0x000000008d500000|  0%| F|  |TAMS 0x000000008d400000, 0x000000008d400000| Untracked 
| 213|0x000000008d500000, 0x000000008d500000, 0x000000008d600000|  0%| F|  |TAMS 0x000000008d500000, 0x000000008d500000| Untracked 
| 214|0x000000008d600000, 0x000000008d600000, 0x000000008d700000|  0%| F|  |TAMS 0x000000008d600000, 0x000000008d600000| Untracked 
| 215|0x000000008d700000, 0x000000008d700000, 0x000000008d800000|  0%| F|  |TAMS 0x000000008d700000, 0x000000008d700000| Untracked 
| 216|0x000000008d800000, 0x000000008d900000, 0x000000008d900000|100%| O|  |TAMS 0x000000008d900000, 0x000000008d800000| Untracked 
| 217|0x000000008d900000, 0x000000008da00000, 0x000000008da00000|100%| O|  |TAMS 0x000000008da00000, 0x000000008d900000| Untracked 
| 218|0x000000008da00000, 0x000000008db00000, 0x000000008db00000|100%| O|  |TAMS 0x000000008db00000, 0x000000008da00000| Untracked 
| 219|0x000000008db00000, 0x000000008dc00000, 0x000000008dc00000|100%| O|  |TAMS 0x000000008dc00000, 0x000000008db00000| Untracked 
| 220|0x000000008dc00000, 0x000000008dd00000, 0x000000008dd00000|100%| O|  |TAMS 0x000000008dc00000, 0x000000008dc00000| Untracked 
| 221|0x000000008dd00000, 0x000000008dd00000, 0x000000008de00000|  0%| F|  |TAMS 0x000000008dd00000, 0x000000008dd00000| Untracked 
| 222|0x000000008de00000, 0x000000008df00000, 0x000000008df00000|100%| O|  |TAMS 0x000000008de00000, 0x000000008de00000| Untracked 
| 223|0x000000008df00000, 0x000000008df00000, 0x000000008e000000|  0%| F|  |TAMS 0x000000008df00000, 0x000000008df00000| Untracked 
| 224|0x000000008e000000, 0x000000008e000000, 0x000000008e100000|  0%| F|  |TAMS 0x000000008e000000, 0x000000008e000000| Untracked 
| 225|0x000000008e100000, 0x000000008e200000, 0x000000008e200000|100%| O|  |TAMS 0x000000008e100000, 0x000000008e100000| Untracked 
| 226|0x000000008e200000, 0x000000008e200000, 0x000000008e300000|  0%| F|  |TAMS 0x000000008e200000, 0x000000008e200000| Untracked 
| 227|0x000000008e300000, 0x000000008e400000, 0x000000008e400000|100%| O|  |TAMS 0x000000008e300000, 0x000000008e300000| Untracked 
| 228|0x000000008e400000, 0x000000008e500000, 0x000000008e500000|100%| O|  |TAMS 0x000000008e400000, 0x000000008e400000| Untracked 
| 229|0x000000008e500000, 0x000000008e500000, 0x000000008e600000|  0%| F|  |TAMS 0x000000008e500000, 0x000000008e500000| Untracked 
| 230|0x000000008e600000, 0x000000008e700000, 0x000000008e700000|100%| O|  |TAMS 0x000000008e600000, 0x000000008e600000| Untracked 
| 231|0x000000008e700000, 0x000000008e800000, 0x000000008e800000|100%| O|  |TAMS 0x000000008e800000, 0x000000008e700000| Untracked 
| 232|0x000000008e800000, 0x000000008e800000, 0x000000008e900000|  0%| F|  |TAMS 0x000000008e800000, 0x000000008e800000| Untracked 
| 233|0x000000008e900000, 0x000000008ea00000, 0x000000008ea00000|100%| O|  |TAMS 0x000000008ea00000, 0x000000008e900000| Untracked 
| 234|0x000000008ea00000, 0x000000008eb00000, 0x000000008eb00000|100%| O|  |TAMS 0x000000008eb00000, 0x000000008ea00000| Untracked 
| 235|0x000000008eb00000, 0x000000008eb00000, 0x000000008ec00000|  0%| F|  |TAMS 0x000000008eb00000, 0x000000008eb00000| Untracked 
| 236|0x000000008ec00000, 0x000000008ec00000, 0x000000008ed00000|  0%| F|  |TAMS 0x000000008ec00000, 0x000000008ec00000| Untracked 
| 237|0x000000008ed00000, 0x000000008ed00000, 0x000000008ee00000|  0%| F|  |TAMS 0x000000008ed00000, 0x000000008ed00000| Untracked 
| 238|0x000000008ee00000, 0x000000008ee00000, 0x000000008ef00000|  0%| F|  |TAMS 0x000000008ee00000, 0x000000008ee00000| Untracked 
| 239|0x000000008ef00000, 0x000000008f000000, 0x000000008f000000|100%|HS|  |TAMS 0x000000008f000000, 0x000000008ef00000| Complete 
| 240|0x000000008f000000, 0x000000008f100000, 0x000000008f100000|100%| O|  |TAMS 0x000000008f000000, 0x000000008f000000| Untracked 
| 241|0x000000008f100000, 0x000000008f200000, 0x000000008f200000|100%| O|  |TAMS 0x000000008f200000, 0x000000008f100000| Untracked 
| 242|0x000000008f200000, 0x000000008f300000, 0x000000008f300000|100%| O|  |TAMS 0x000000008f300000, 0x000000008f200000| Untracked 
| 243|0x000000008f300000, 0x000000008f400000, 0x000000008f400000|100%| O|  |TAMS 0x000000008f300000, 0x000000008f300000| Untracked 
| 244|0x000000008f400000, 0x000000008f500000, 0x000000008f500000|100%| O|  |TAMS 0x000000008f400000, 0x000000008f400000| Untracked 
| 245|0x000000008f500000, 0x000000008f600000, 0x000000008f600000|100%| O|  |TAMS 0x000000008f600000, 0x000000008f500000| Untracked 
| 246|0x000000008f600000, 0x000000008f700000, 0x000000008f700000|100%| O|  |TAMS 0x000000008f600000, 0x000000008f600000| Untracked 
| 247|0x000000008f700000, 0x000000008f800000, 0x000000008f800000|100%| O|  |TAMS 0x000000008f800000, 0x000000008f700000| Untracked 
| 248|0x000000008f800000, 0x000000008f900000, 0x000000008f900000|100%| O|  |TAMS 0x000000008f800000, 0x000000008f800000| Untracked 
| 249|0x000000008f900000, 0x000000008fa00000, 0x000000008fa00000|100%| O|  |TAMS 0x000000008fa00000, 0x000000008f900000| Untracked 
| 250|0x000000008fa00000, 0x000000008fb00000, 0x000000008fb00000|100%| O|  |TAMS 0x000000008fa00000, 0x000000008fa00000| Untracked 
| 251|0x000000008fb00000, 0x000000008fc00000, 0x000000008fc00000|100%| O|  |TAMS 0x000000008fb00000, 0x000000008fb00000| Untracked 
| 252|0x000000008fc00000, 0x000000008fd00000, 0x000000008fd00000|100%| O|  |TAMS 0x000000008fc00000, 0x000000008fc00000| Untracked 
| 253|0x000000008fd00000, 0x000000008fe00000, 0x000000008fe00000|100%| O|  |TAMS 0x000000008fd00000, 0x000000008fd00000| Untracked 
| 254|0x000000008fe00000, 0x000000008ff00000, 0x000000008ff00000|100%| O|  |TAMS 0x000000008fe00000, 0x000000008fe00000| Untracked 
| 255|0x000000008ff00000, 0x0000000090000000, 0x0000000090000000|100%| O|  |TAMS 0x000000008ff00000, 0x000000008ff00000| Untracked 
| 256|0x0000000090000000, 0x0000000090100000, 0x0000000090100000|100%| O|  |TAMS 0x0000000090100000, 0x0000000090000000| Untracked 
| 257|0x0000000090100000, 0x0000000090200000, 0x0000000090200000|100%| O|  |TAMS 0x0000000090200000, 0x0000000090100000| Untracked 
| 258|0x0000000090200000, 0x0000000090268600, 0x0000000090300000| 40%| O|  |TAMS 0x0000000090200000, 0x0000000090200000| Untracked 
| 259|0x0000000090300000, 0x0000000090300000, 0x0000000090400000|  0%| F|  |TAMS 0x0000000090300000, 0x0000000090300000| Untracked 
| 260|0x0000000090400000, 0x0000000090400000, 0x0000000090500000|  0%| F|  |TAMS 0x0000000090400000, 0x0000000090400000| Untracked 
| 261|0x0000000090500000, 0x0000000090500000, 0x0000000090600000|  0%| F|  |TAMS 0x0000000090500000, 0x0000000090500000| Untracked 
| 262|0x0000000090600000, 0x0000000090600000, 0x0000000090700000|  0%| F|  |TAMS 0x0000000090600000, 0x0000000090600000| Untracked 
| 263|0x0000000090700000, 0x0000000090700000, 0x0000000090800000|  0%| F|  |TAMS 0x0000000090700000, 0x0000000090700000| Untracked 
| 264|0x0000000090800000, 0x0000000090900000, 0x0000000090900000|100%| O|  |TAMS 0x0000000090900000, 0x0000000090800000| Untracked 
| 265|0x0000000090900000, 0x0000000090900000, 0x0000000090a00000|  0%| F|  |TAMS 0x0000000090900000, 0x0000000090900000| Untracked 
| 266|0x0000000090a00000, 0x0000000090a00000, 0x0000000090b00000|  0%| F|  |TAMS 0x0000000090a00000, 0x0000000090a00000| Untracked 
| 267|0x0000000090b00000, 0x0000000090b00000, 0x0000000090c00000|  0%| F|  |TAMS 0x0000000090b00000, 0x0000000090b00000| Untracked 
| 268|0x0000000090c00000, 0x0000000090c00000, 0x0000000090d00000|  0%| F|  |TAMS 0x0000000090c00000, 0x0000000090c00000| Untracked 
| 269|0x0000000090d00000, 0x0000000090e00000, 0x0000000090e00000|100%|HS|  |TAMS 0x0000000090e00000, 0x0000000090d00000| Complete 
| 270|0x0000000090e00000, 0x0000000090f00000, 0x0000000090f00000|100%|HC|  |TAMS 0x0000000090f00000, 0x0000000090e00000| Complete 
| 271|0x0000000090f00000, 0x0000000090f00000, 0x0000000091000000|  0%| F|  |TAMS 0x0000000090f00000, 0x0000000090f00000| Untracked 
| 272|0x0000000091000000, 0x0000000091000000, 0x0000000091100000|  0%| F|  |TAMS 0x0000000091000000, 0x0000000091000000| Untracked 
| 273|0x0000000091100000, 0x0000000091100000, 0x0000000091200000|  0%| F|  |TAMS 0x0000000091100000, 0x0000000091100000| Untracked 
| 274|0x0000000091200000, 0x0000000091200000, 0x0000000091300000|  0%| F|  |TAMS 0x0000000091200000, 0x0000000091200000| Untracked 
| 275|0x0000000091300000, 0x0000000091400000, 0x0000000091400000|100%| O|  |TAMS 0x0000000091400000, 0x0000000091300000| Untracked 
| 276|0x0000000091400000, 0x0000000091500000, 0x0000000091500000|100%| O|  |TAMS 0x0000000091500000, 0x0000000091400000| Untracked 
| 277|0x0000000091500000, 0x0000000091600000, 0x0000000091600000|100%| O|  |TAMS 0x0000000091600000, 0x0000000091500000| Untracked 
| 278|0x0000000091600000, 0x0000000091700000, 0x0000000091700000|100%| O|  |TAMS 0x0000000091700000, 0x0000000091600000| Untracked 
| 279|0x0000000091700000, 0x0000000091800000, 0x0000000091800000|100%| O|  |TAMS 0x0000000091800000, 0x0000000091700000| Untracked 
| 280|0x0000000091800000, 0x0000000091900000, 0x0000000091900000|100%| O|  |TAMS 0x0000000091900000, 0x0000000091800000| Untracked 
| 281|0x0000000091900000, 0x0000000091a00000, 0x0000000091a00000|100%| O|  |TAMS 0x0000000091a00000, 0x0000000091900000| Untracked 
| 282|0x0000000091a00000, 0x0000000091b00000, 0x0000000091b00000|100%| O|  |TAMS 0x0000000091b00000, 0x0000000091a00000| Untracked 
| 283|0x0000000091b00000, 0x0000000091c00000, 0x0000000091c00000|100%| O|  |TAMS 0x0000000091c00000, 0x0000000091b00000| Untracked 
| 284|0x0000000091c00000, 0x0000000091c00000, 0x0000000091d00000|  0%| F|  |TAMS 0x0000000091c00000, 0x0000000091c00000| Untracked 
| 285|0x0000000091d00000, 0x0000000091e00000, 0x0000000091e00000|100%| O|  |TAMS 0x0000000091e00000, 0x0000000091d00000| Untracked 
| 286|0x0000000091e00000, 0x0000000091f00000, 0x0000000091f00000|100%| O|  |TAMS 0x0000000091f00000, 0x0000000091e00000| Untracked 
| 287|0x0000000091f00000, 0x0000000092000000, 0x0000000092000000|100%| O|  |TAMS 0x0000000092000000, 0x0000000091f00000| Untracked 
| 288|0x0000000092000000, 0x0000000092000000, 0x0000000092100000|  0%| F|  |TAMS 0x0000000092000000, 0x0000000092000000| Untracked 
| 289|0x0000000092100000, 0x0000000092200000, 0x0000000092200000|100%| O|  |TAMS 0x0000000092200000, 0x0000000092100000| Untracked 
| 290|0x0000000092200000, 0x0000000092200000, 0x0000000092300000|  0%| F|  |TAMS 0x0000000092200000, 0x0000000092200000| Untracked 
| 291|0x0000000092300000, 0x0000000092400000, 0x0000000092400000|100%| O|  |TAMS 0x0000000092400000, 0x0000000092300000| Untracked 
| 292|0x0000000092400000, 0x0000000092500000, 0x0000000092500000|100%| O|  |TAMS 0x0000000092500000, 0x0000000092400000| Untracked 
| 293|0x0000000092500000, 0x0000000092600000, 0x0000000092600000|100%| O|  |TAMS 0x0000000092600000, 0x0000000092500000| Untracked 
| 294|0x0000000092600000, 0x0000000092600000, 0x0000000092700000|  0%| F|  |TAMS 0x0000000092600000, 0x0000000092600000| Untracked 
| 295|0x0000000092700000, 0x0000000092800000, 0x0000000092800000|100%| O|  |TAMS 0x0000000092800000, 0x0000000092700000| Untracked 
| 296|0x0000000092800000, 0x0000000092800000, 0x0000000092900000|  0%| F|  |TAMS 0x0000000092800000, 0x0000000092800000| Untracked 
| 297|0x0000000092900000, 0x0000000092900000, 0x0000000092a00000|  0%| F|  |TAMS 0x0000000092900000, 0x0000000092900000| Untracked 
| 298|0x0000000092a00000, 0x0000000092b00000, 0x0000000092b00000|100%| O|  |TAMS 0x0000000092b00000, 0x0000000092a00000| Untracked 
| 299|0x0000000092b00000, 0x0000000092c00000, 0x0000000092c00000|100%| O|  |TAMS 0x0000000092c00000, 0x0000000092b00000| Untracked 
| 300|0x0000000092c00000, 0x0000000092d00000, 0x0000000092d00000|100%| O|  |TAMS 0x0000000092d00000, 0x0000000092c00000| Untracked 
| 301|0x0000000092d00000, 0x0000000092d00000, 0x0000000092e00000|  0%| F|  |TAMS 0x0000000092d00000, 0x0000000092d00000| Untracked 
| 302|0x0000000092e00000, 0x0000000092f00000, 0x0000000092f00000|100%| O|  |TAMS 0x0000000092f00000, 0x0000000092e00000| Untracked 
| 303|0x0000000092f00000, 0x0000000093000000, 0x0000000093000000|100%| O|  |TAMS 0x0000000093000000, 0x0000000092f00000| Untracked 
| 304|0x0000000093000000, 0x0000000093100000, 0x0000000093100000|100%| O|  |TAMS 0x0000000093100000, 0x0000000093000000| Untracked 
| 305|0x0000000093100000, 0x0000000093200000, 0x0000000093200000|100%| O|  |TAMS 0x0000000093200000, 0x0000000093100000| Untracked 
| 306|0x0000000093200000, 0x0000000093300000, 0x0000000093300000|100%| O|  |TAMS 0x0000000093300000, 0x0000000093200000| Untracked 
| 307|0x0000000093300000, 0x0000000093300000, 0x0000000093400000|  0%| F|  |TAMS 0x0000000093300000, 0x0000000093300000| Untracked 
| 308|0x0000000093400000, 0x0000000093400000, 0x0000000093500000|  0%| F|  |TAMS 0x0000000093400000, 0x0000000093400000| Untracked 
| 309|0x0000000093500000, 0x0000000093600000, 0x0000000093600000|100%| O|  |TAMS 0x0000000093600000, 0x0000000093500000| Untracked 
| 310|0x0000000093600000, 0x0000000093700000, 0x0000000093700000|100%| O|  |TAMS 0x0000000093700000, 0x0000000093600000| Untracked 
| 311|0x0000000093700000, 0x0000000093800000, 0x0000000093800000|100%| O|  |TAMS 0x0000000093800000, 0x0000000093700000| Untracked 
| 312|0x0000000093800000, 0x0000000093900000, 0x0000000093900000|100%| O|  |TAMS 0x0000000093900000, 0x0000000093800000| Untracked 
| 313|0x0000000093900000, 0x0000000093a00000, 0x0000000093a00000|100%| O|  |TAMS 0x0000000093a00000, 0x0000000093900000| Untracked 
| 314|0x0000000093a00000, 0x0000000093b00000, 0x0000000093b00000|100%| O|  |TAMS 0x0000000093b00000, 0x0000000093a00000| Untracked 
| 315|0x0000000093b00000, 0x0000000093c00000, 0x0000000093c00000|100%| O|  |TAMS 0x0000000093c00000, 0x0000000093b00000| Untracked 
| 316|0x0000000093c00000, 0x0000000093d00000, 0x0000000093d00000|100%| O|  |TAMS 0x0000000093d00000, 0x0000000093c00000| Untracked 
| 317|0x0000000093d00000, 0x0000000093e00000, 0x0000000093e00000|100%| O|  |TAMS 0x0000000093e00000, 0x0000000093d00000| Untracked 
| 318|0x0000000093e00000, 0x0000000093f00000, 0x0000000093f00000|100%| O|  |TAMS 0x0000000093f00000, 0x0000000093e00000| Untracked 
| 319|0x0000000093f00000, 0x0000000094000000, 0x0000000094000000|100%| O|  |TAMS 0x0000000094000000, 0x0000000093f00000| Untracked 
| 320|0x0000000094000000, 0x0000000094100000, 0x0000000094100000|100%| O|  |TAMS 0x0000000094100000, 0x0000000094000000| Untracked 
| 321|0x0000000094100000, 0x0000000094200000, 0x0000000094200000|100%| O|  |TAMS 0x0000000094200000, 0x0000000094100000| Untracked 
| 322|0x0000000094200000, 0x0000000094300000, 0x0000000094300000|100%| O|  |TAMS 0x0000000094300000, 0x0000000094200000| Untracked 
| 323|0x0000000094300000, 0x0000000094400000, 0x0000000094400000|100%| O|  |TAMS 0x0000000094400000, 0x0000000094300000| Untracked 
| 324|0x0000000094400000, 0x0000000094500000, 0x0000000094500000|100%| O|  |TAMS 0x0000000094500000, 0x0000000094400000| Untracked 
| 325|0x0000000094500000, 0x0000000094600000, 0x0000000094600000|100%| O|  |TAMS 0x0000000094600000, 0x0000000094500000| Untracked 
| 326|0x0000000094600000, 0x0000000094700000, 0x0000000094700000|100%| O|  |TAMS 0x0000000094700000, 0x0000000094600000| Untracked 
| 327|0x0000000094700000, 0x0000000094700000, 0x0000000094800000|  0%| F|  |TAMS 0x0000000094700000, 0x0000000094700000| Untracked 
| 328|0x0000000094800000, 0x0000000094900000, 0x0000000094900000|100%| O|  |TAMS 0x0000000094800000, 0x0000000094800000| Untracked 
| 329|0x0000000094900000, 0x0000000094a00000, 0x0000000094a00000|100%| O|  |TAMS 0x0000000094900000, 0x0000000094900000| Untracked 
| 330|0x0000000094a00000, 0x0000000094b00000, 0x0000000094b00000|100%| O|  |TAMS 0x0000000094a00000, 0x0000000094a00000| Untracked 
| 331|0x0000000094b00000, 0x0000000094c00000, 0x0000000094c00000|100%| O|  |TAMS 0x0000000094b00000, 0x0000000094b00000| Untracked 
| 332|0x0000000094c00000, 0x0000000094d00000, 0x0000000094d00000|100%| O|  |TAMS 0x0000000094c00000, 0x0000000094c00000| Untracked 
| 333|0x0000000094d00000, 0x0000000094e00000, 0x0000000094e00000|100%| O|  |TAMS 0x0000000094d00000, 0x0000000094d00000| Untracked 
| 334|0x0000000094e00000, 0x0000000094f00000, 0x0000000094f00000|100%| O|  |TAMS 0x0000000094e00000, 0x0000000094e00000| Untracked 
| 335|0x0000000094f00000, 0x0000000095000000, 0x0000000095000000|100%| O|  |TAMS 0x0000000094f00000, 0x0000000094f00000| Untracked 
| 336|0x0000000095000000, 0x0000000095100000, 0x0000000095100000|100%| O|  |TAMS 0x0000000095000000, 0x0000000095000000| Untracked 
| 337|0x0000000095100000, 0x0000000095200000, 0x0000000095200000|100%| O|  |TAMS 0x0000000095100000, 0x0000000095100000| Untracked 
| 338|0x0000000095200000, 0x0000000095300000, 0x0000000095300000|100%| O|  |TAMS 0x0000000095200000, 0x0000000095200000| Untracked 
| 339|0x0000000095300000, 0x0000000095400000, 0x0000000095400000|100%| O|  |TAMS 0x0000000095300000, 0x0000000095300000| Untracked 
| 340|0x0000000095400000, 0x0000000095500000, 0x0000000095500000|100%| O|  |TAMS 0x0000000095400000, 0x0000000095400000| Untracked 
| 341|0x0000000095500000, 0x0000000095600000, 0x0000000095600000|100%| O|  |TAMS 0x0000000095500000, 0x0000000095500000| Untracked 
| 342|0x0000000095600000, 0x0000000095700000, 0x0000000095700000|100%| O|  |TAMS 0x0000000095600000, 0x0000000095600000| Untracked 
| 343|0x0000000095700000, 0x0000000095800000, 0x0000000095800000|100%| O|  |TAMS 0x0000000095700000, 0x0000000095700000| Untracked 
| 344|0x0000000095800000, 0x0000000095900000, 0x0000000095900000|100%| O|  |TAMS 0x0000000095800000, 0x0000000095800000| Untracked 
| 345|0x0000000095900000, 0x0000000095900000, 0x0000000095a00000|  0%| F|  |TAMS 0x0000000095900000, 0x0000000095900000| Untracked 
| 346|0x0000000095a00000, 0x0000000095a00000, 0x0000000095b00000|  0%| F|  |TAMS 0x0000000095a00000, 0x0000000095a00000| Untracked 
| 347|0x0000000095b00000, 0x0000000095b00000, 0x0000000095c00000|  0%| F|  |TAMS 0x0000000095b00000, 0x0000000095b00000| Untracked 
| 348|0x0000000095c00000, 0x0000000095c00000, 0x0000000095d00000|  0%| F|  |TAMS 0x0000000095c00000, 0x0000000095c00000| Untracked 
| 349|0x0000000095d00000, 0x0000000095d00000, 0x0000000095e00000|  0%| F|  |TAMS 0x0000000095d00000, 0x0000000095d00000| Untracked 
| 350|0x0000000095e00000, 0x0000000095e00000, 0x0000000095f00000|  0%| F|  |TAMS 0x0000000095e00000, 0x0000000095e00000| Untracked 
| 351|0x0000000095f00000, 0x0000000095f00000, 0x0000000096000000|  0%| F|  |TAMS 0x0000000095f00000, 0x0000000095f00000| Untracked 
| 352|0x0000000096000000, 0x0000000096000000, 0x0000000096100000|  0%| F|  |TAMS 0x0000000096000000, 0x0000000096000000| Untracked 
| 353|0x0000000096100000, 0x0000000096100000, 0x0000000096200000|  0%| F|  |TAMS 0x0000000096100000, 0x0000000096100000| Untracked 
| 354|0x0000000096200000, 0x0000000096200000, 0x0000000096300000|  0%| F|  |TAMS 0x0000000096200000, 0x0000000096200000| Untracked 
| 355|0x0000000096300000, 0x0000000096300000, 0x0000000096400000|  0%| F|  |TAMS 0x0000000096300000, 0x0000000096300000| Untracked 
| 356|0x0000000096400000, 0x0000000096400000, 0x0000000096500000|  0%| F|  |TAMS 0x0000000096400000, 0x0000000096400000| Untracked 
| 357|0x0000000096500000, 0x0000000096500000, 0x0000000096600000|  0%| F|  |TAMS 0x0000000096500000, 0x0000000096500000| Untracked 
| 358|0x0000000096600000, 0x0000000096600000, 0x0000000096700000|  0%| F|  |TAMS 0x0000000096600000, 0x0000000096600000| Untracked 
| 359|0x0000000096700000, 0x0000000096700000, 0x0000000096800000|  0%| F|  |TAMS 0x0000000096700000, 0x0000000096700000| Untracked 
| 360|0x0000000096800000, 0x0000000096800000, 0x0000000096900000|  0%| F|  |TAMS 0x0000000096800000, 0x0000000096800000| Untracked 
| 361|0x0000000096900000, 0x0000000096900000, 0x0000000096a00000|  0%| F|  |TAMS 0x0000000096900000, 0x0000000096900000| Untracked 
| 362|0x0000000096a00000, 0x0000000096a00000, 0x0000000096b00000|  0%| F|  |TAMS 0x0000000096a00000, 0x0000000096a00000| Untracked 
| 363|0x0000000096b00000, 0x0000000096b00000, 0x0000000096c00000|  0%| F|  |TAMS 0x0000000096b00000, 0x0000000096b00000| Untracked 
| 364|0x0000000096c00000, 0x0000000096c00000, 0x0000000096d00000|  0%| F|  |TAMS 0x0000000096c00000, 0x0000000096c00000| Untracked 
| 365|0x0000000096d00000, 0x0000000096d00000, 0x0000000096e00000|  0%| F|  |TAMS 0x0000000096d00000, 0x0000000096d00000| Untracked 
| 366|0x0000000096e00000, 0x0000000096e00000, 0x0000000096f00000|  0%| F|  |TAMS 0x0000000096e00000, 0x0000000096e00000| Untracked 
| 367|0x0000000096f00000, 0x0000000096f00000, 0x0000000097000000|  0%| F|  |TAMS 0x0000000096f00000, 0x0000000096f00000| Untracked 
| 368|0x0000000097000000, 0x0000000097000000, 0x0000000097100000|  0%| F|  |TAMS 0x0000000097000000, 0x0000000097000000| Untracked 
| 369|0x0000000097100000, 0x0000000097100000, 0x0000000097200000|  0%| F|  |TAMS 0x0000000097100000, 0x0000000097100000| Untracked 
| 370|0x0000000097200000, 0x0000000097200000, 0x0000000097300000|  0%| F|  |TAMS 0x0000000097200000, 0x0000000097200000| Untracked 
| 371|0x0000000097300000, 0x0000000097300000, 0x0000000097400000|  0%| F|  |TAMS 0x0000000097300000, 0x0000000097300000| Untracked 
| 372|0x0000000097400000, 0x0000000097400000, 0x0000000097500000|  0%| F|  |TAMS 0x0000000097400000, 0x0000000097400000| Untracked 
| 373|0x0000000097500000, 0x0000000097500000, 0x0000000097600000|  0%| F|  |TAMS 0x0000000097500000, 0x0000000097500000| Untracked 
| 374|0x0000000097600000, 0x0000000097600000, 0x0000000097700000|  0%| F|  |TAMS 0x0000000097600000, 0x0000000097600000| Untracked 
| 375|0x0000000097700000, 0x0000000097700000, 0x0000000097800000|  0%| F|  |TAMS 0x0000000097700000, 0x0000000097700000| Untracked 
| 376|0x0000000097800000, 0x0000000097800000, 0x0000000097900000|  0%| F|  |TAMS 0x0000000097800000, 0x0000000097800000| Untracked 
| 377|0x0000000097900000, 0x0000000097900000, 0x0000000097a00000|  0%| F|  |TAMS 0x0000000097900000, 0x0000000097900000| Untracked 
| 378|0x0000000097a00000, 0x0000000097a00000, 0x0000000097b00000|  0%| F|  |TAMS 0x0000000097a00000, 0x0000000097a00000| Untracked 
| 379|0x0000000097b00000, 0x0000000097b00000, 0x0000000097c00000|  0%| F|  |TAMS 0x0000000097b00000, 0x0000000097b00000| Untracked 
| 380|0x0000000097c00000, 0x0000000097c00000, 0x0000000097d00000|  0%| F|  |TAMS 0x0000000097c00000, 0x0000000097c00000| Untracked 
| 381|0x0000000097d00000, 0x0000000097d00000, 0x0000000097e00000|  0%| F|  |TAMS 0x0000000097d00000, 0x0000000097d00000| Untracked 
| 382|0x0000000097e00000, 0x0000000097e00000, 0x0000000097f00000|  0%| F|  |TAMS 0x0000000097e00000, 0x0000000097e00000| Untracked 
| 383|0x0000000097f00000, 0x0000000097f00000, 0x0000000098000000|  0%| F|  |TAMS 0x0000000097f00000, 0x0000000097f00000| Untracked 
| 384|0x0000000098000000, 0x0000000098000000, 0x0000000098100000|  0%| F|  |TAMS 0x0000000098000000, 0x0000000098000000| Untracked 
| 385|0x0000000098100000, 0x0000000098100000, 0x0000000098200000|  0%| F|  |TAMS 0x0000000098100000, 0x0000000098100000| Untracked 
| 386|0x0000000098200000, 0x0000000098200000, 0x0000000098300000|  0%| F|  |TAMS 0x0000000098200000, 0x0000000098200000| Untracked 
| 387|0x0000000098300000, 0x0000000098300000, 0x0000000098400000|  0%| F|  |TAMS 0x0000000098300000, 0x0000000098300000| Untracked 
| 388|0x0000000098400000, 0x0000000098400000, 0x0000000098500000|  0%| F|  |TAMS 0x0000000098400000, 0x0000000098400000| Untracked 
| 389|0x0000000098500000, 0x0000000098500000, 0x0000000098600000|  0%| F|  |TAMS 0x0000000098500000, 0x0000000098500000| Untracked 
| 390|0x0000000098600000, 0x0000000098600000, 0x0000000098700000|  0%| F|  |TAMS 0x0000000098600000, 0x0000000098600000| Untracked 
| 391|0x0000000098700000, 0x0000000098700000, 0x0000000098800000|  0%| F|  |TAMS 0x0000000098700000, 0x0000000098700000| Untracked 
| 392|0x0000000098800000, 0x0000000098800000, 0x0000000098900000|  0%| F|  |TAMS 0x0000000098800000, 0x0000000098800000| Untracked 
| 393|0x0000000098900000, 0x0000000098900000, 0x0000000098a00000|  0%| F|  |TAMS 0x0000000098900000, 0x0000000098900000| Untracked 
| 394|0x0000000098a00000, 0x0000000098a00000, 0x0000000098b00000|  0%| F|  |TAMS 0x0000000098a00000, 0x0000000098a00000| Untracked 
| 395|0x0000000098b00000, 0x0000000098b00000, 0x0000000098c00000|  0%| F|  |TAMS 0x0000000098b00000, 0x0000000098b00000| Untracked 
| 396|0x0000000098c00000, 0x0000000098c00000, 0x0000000098d00000|  0%| F|  |TAMS 0x0000000098c00000, 0x0000000098c00000| Untracked 
| 397|0x0000000098d00000, 0x0000000098d00000, 0x0000000098e00000|  0%| F|  |TAMS 0x0000000098d00000, 0x0000000098d00000| Untracked 
| 398|0x0000000098e00000, 0x0000000098e00000, 0x0000000098f00000|  0%| F|  |TAMS 0x0000000098e00000, 0x0000000098e00000| Untracked 
| 399|0x0000000098f00000, 0x0000000098f00000, 0x0000000099000000|  0%| F|  |TAMS 0x0000000098f00000, 0x0000000098f00000| Untracked 
| 400|0x0000000099000000, 0x0000000099000000, 0x0000000099100000|  0%| F|  |TAMS 0x0000000099000000, 0x0000000099000000| Untracked 
| 401|0x0000000099100000, 0x0000000099100000, 0x0000000099200000|  0%| F|  |TAMS 0x0000000099100000, 0x0000000099100000| Untracked 
| 402|0x0000000099200000, 0x0000000099200000, 0x0000000099300000|  0%| F|  |TAMS 0x0000000099200000, 0x0000000099200000| Untracked 
| 403|0x0000000099300000, 0x0000000099300000, 0x0000000099400000|  0%| F|  |TAMS 0x0000000099300000, 0x0000000099300000| Untracked 
| 404|0x0000000099400000, 0x0000000099400000, 0x0000000099500000|  0%| F|  |TAMS 0x0000000099400000, 0x0000000099400000| Untracked 
| 405|0x0000000099500000, 0x0000000099500000, 0x0000000099600000|  0%| F|  |TAMS 0x0000000099500000, 0x0000000099500000| Untracked 
| 406|0x0000000099600000, 0x0000000099600000, 0x0000000099700000|  0%| F|  |TAMS 0x0000000099600000, 0x0000000099600000| Untracked 
| 407|0x0000000099700000, 0x0000000099700000, 0x0000000099800000|  0%| F|  |TAMS 0x0000000099700000, 0x0000000099700000| Untracked 
| 408|0x0000000099800000, 0x0000000099800000, 0x0000000099900000|  0%| F|  |TAMS 0x0000000099800000, 0x0000000099800000| Untracked 
| 409|0x0000000099900000, 0x0000000099900000, 0x0000000099a00000|  0%| F|  |TAMS 0x0000000099900000, 0x0000000099900000| Untracked 
| 410|0x0000000099a00000, 0x0000000099a00000, 0x0000000099b00000|  0%| F|  |TAMS 0x0000000099a00000, 0x0000000099a00000| Untracked 
| 411|0x0000000099b00000, 0x0000000099b00000, 0x0000000099c00000|  0%| F|  |TAMS 0x0000000099b00000, 0x0000000099b00000| Untracked 
| 412|0x0000000099c00000, 0x0000000099c00000, 0x0000000099d00000|  0%| F|  |TAMS 0x0000000099c00000, 0x0000000099c00000| Untracked 
| 413|0x0000000099d00000, 0x0000000099d00000, 0x0000000099e00000|  0%| F|  |TAMS 0x0000000099d00000, 0x0000000099d00000| Untracked 
| 414|0x0000000099e00000, 0x0000000099e00000, 0x0000000099f00000|  0%| F|  |TAMS 0x0000000099e00000, 0x0000000099e00000| Untracked 
| 415|0x0000000099f00000, 0x0000000099f00000, 0x000000009a000000|  0%| F|  |TAMS 0x0000000099f00000, 0x0000000099f00000| Untracked 
| 416|0x000000009a000000, 0x000000009a000000, 0x000000009a100000|  0%| F|  |TAMS 0x000000009a000000, 0x000000009a000000| Untracked 
| 417|0x000000009a100000, 0x000000009a100000, 0x000000009a200000|  0%| F|  |TAMS 0x000000009a100000, 0x000000009a100000| Untracked 
| 418|0x000000009a200000, 0x000000009a200000, 0x000000009a300000|  0%| F|  |TAMS 0x000000009a200000, 0x000000009a200000| Untracked 
| 419|0x000000009a300000, 0x000000009a300000, 0x000000009a400000|  0%| F|  |TAMS 0x000000009a300000, 0x000000009a300000| Untracked 
| 420|0x000000009a400000, 0x000000009a400000, 0x000000009a500000|  0%| F|  |TAMS 0x000000009a400000, 0x000000009a400000| Untracked 
| 421|0x000000009a500000, 0x000000009a500000, 0x000000009a600000|  0%| F|  |TAMS 0x000000009a500000, 0x000000009a500000| Untracked 
| 422|0x000000009a600000, 0x000000009a600000, 0x000000009a700000|  0%| F|  |TAMS 0x000000009a600000, 0x000000009a600000| Untracked 
| 423|0x000000009a700000, 0x000000009a700000, 0x000000009a800000|  0%| F|  |TAMS 0x000000009a700000, 0x000000009a700000| Untracked 
| 424|0x000000009a800000, 0x000000009a800000, 0x000000009a900000|  0%| F|  |TAMS 0x000000009a800000, 0x000000009a800000| Untracked 
| 425|0x000000009a900000, 0x000000009a900000, 0x000000009aa00000|  0%| F|  |TAMS 0x000000009a900000, 0x000000009a900000| Untracked 
| 426|0x000000009aa00000, 0x000000009aa00000, 0x000000009ab00000|  0%| F|  |TAMS 0x000000009aa00000, 0x000000009aa00000| Untracked 
| 427|0x000000009ab00000, 0x000000009ab00000, 0x000000009ac00000|  0%| F|  |TAMS 0x000000009ab00000, 0x000000009ab00000| Untracked 
| 428|0x000000009ac00000, 0x000000009ac00000, 0x000000009ad00000|  0%| F|  |TAMS 0x000000009ac00000, 0x000000009ac00000| Untracked 
| 429|0x000000009ad00000, 0x000000009ad00000, 0x000000009ae00000|  0%| F|  |TAMS 0x000000009ad00000, 0x000000009ad00000| Untracked 
| 430|0x000000009ae00000, 0x000000009ae00000, 0x000000009af00000|  0%| F|  |TAMS 0x000000009ae00000, 0x000000009ae00000| Untracked 
| 431|0x000000009af00000, 0x000000009af00000, 0x000000009b000000|  0%| F|  |TAMS 0x000000009af00000, 0x000000009af00000| Untracked 
| 432|0x000000009b000000, 0x000000009b000000, 0x000000009b100000|  0%| F|  |TAMS 0x000000009b000000, 0x000000009b000000| Untracked 
| 433|0x000000009b100000, 0x000000009b100000, 0x000000009b200000|  0%| F|  |TAMS 0x000000009b100000, 0x000000009b100000| Untracked 
| 434|0x000000009b200000, 0x000000009b200000, 0x000000009b300000|  0%| F|  |TAMS 0x000000009b200000, 0x000000009b200000| Untracked 
| 435|0x000000009b300000, 0x000000009b300000, 0x000000009b400000|  0%| F|  |TAMS 0x000000009b300000, 0x000000009b300000| Untracked 
| 436|0x000000009b400000, 0x000000009b400000, 0x000000009b500000|  0%| F|  |TAMS 0x000000009b400000, 0x000000009b400000| Untracked 
| 437|0x000000009b500000, 0x000000009b500000, 0x000000009b600000|  0%| F|  |TAMS 0x000000009b500000, 0x000000009b500000| Untracked 
| 438|0x000000009b600000, 0x000000009b600000, 0x000000009b700000|  0%| F|  |TAMS 0x000000009b600000, 0x000000009b600000| Untracked 
| 439|0x000000009b700000, 0x000000009b700000, 0x000000009b800000|  0%| F|  |TAMS 0x000000009b700000, 0x000000009b700000| Untracked 
| 440|0x000000009b800000, 0x000000009b800000, 0x000000009b900000|  0%| F|  |TAMS 0x000000009b800000, 0x000000009b800000| Untracked 
| 441|0x000000009b900000, 0x000000009b900000, 0x000000009ba00000|  0%| F|  |TAMS 0x000000009b900000, 0x000000009b900000| Untracked 
| 442|0x000000009ba00000, 0x000000009ba00000, 0x000000009bb00000|  0%| F|  |TAMS 0x000000009ba00000, 0x000000009ba00000| Untracked 
| 443|0x000000009bb00000, 0x000000009bb00000, 0x000000009bc00000|  0%| F|  |TAMS 0x000000009bb00000, 0x000000009bb00000| Untracked 
| 444|0x000000009bc00000, 0x000000009bc00000, 0x000000009bd00000|  0%| F|  |TAMS 0x000000009bc00000, 0x000000009bc00000| Untracked 
| 445|0x000000009bd00000, 0x000000009bd00000, 0x000000009be00000|  0%| F|  |TAMS 0x000000009bd00000, 0x000000009bd00000| Untracked 
| 446|0x000000009be00000, 0x000000009be00000, 0x000000009bf00000|  0%| F|  |TAMS 0x000000009be00000, 0x000000009be00000| Untracked 
| 447|0x000000009bf00000, 0x000000009bf00000, 0x000000009c000000|  0%| F|  |TAMS 0x000000009bf00000, 0x000000009bf00000| Untracked 
| 448|0x000000009c000000, 0x000000009c000000, 0x000000009c100000|  0%| F|  |TAMS 0x000000009c000000, 0x000000009c000000| Untracked 
| 449|0x000000009c100000, 0x000000009c100000, 0x000000009c200000|  0%| F|  |TAMS 0x000000009c100000, 0x000000009c100000| Untracked 
| 450|0x000000009c200000, 0x000000009c200000, 0x000000009c300000|  0%| F|  |TAMS 0x000000009c200000, 0x000000009c200000| Untracked 
| 451|0x000000009c300000, 0x000000009c300000, 0x000000009c400000|  0%| F|  |TAMS 0x000000009c300000, 0x000000009c300000| Untracked 
| 452|0x000000009c400000, 0x000000009c400000, 0x000000009c500000|  0%| F|  |TAMS 0x000000009c400000, 0x000000009c400000| Untracked 
| 453|0x000000009c500000, 0x000000009c500000, 0x000000009c600000|  0%| F|  |TAMS 0x000000009c500000, 0x000000009c500000| Untracked 
| 454|0x000000009c600000, 0x000000009c600000, 0x000000009c700000|  0%| F|  |TAMS 0x000000009c600000, 0x000000009c600000| Untracked 
| 455|0x000000009c700000, 0x000000009c700000, 0x000000009c800000|  0%| F|  |TAMS 0x000000009c700000, 0x000000009c700000| Untracked 
| 456|0x000000009c800000, 0x000000009c800000, 0x000000009c900000|  0%| F|  |TAMS 0x000000009c800000, 0x000000009c800000| Untracked 
| 457|0x000000009c900000, 0x000000009c900000, 0x000000009ca00000|  0%| F|  |TAMS 0x000000009c900000, 0x000000009c900000| Untracked 
| 458|0x000000009ca00000, 0x000000009ca00000, 0x000000009cb00000|  0%| F|  |TAMS 0x000000009ca00000, 0x000000009ca00000| Untracked 
| 459|0x000000009cb00000, 0x000000009cb00000, 0x000000009cc00000|  0%| F|  |TAMS 0x000000009cb00000, 0x000000009cb00000| Untracked 
| 460|0x000000009cc00000, 0x000000009cc00000, 0x000000009cd00000|  0%| F|  |TAMS 0x000000009cc00000, 0x000000009cc00000| Untracked 
| 461|0x000000009cd00000, 0x000000009cd00000, 0x000000009ce00000|  0%| F|  |TAMS 0x000000009cd00000, 0x000000009cd00000| Untracked 
| 462|0x000000009ce00000, 0x000000009ce00000, 0x000000009cf00000|  0%| F|  |TAMS 0x000000009ce00000, 0x000000009ce00000| Untracked 
| 463|0x000000009cf00000, 0x000000009cf00000, 0x000000009d000000|  0%| F|  |TAMS 0x000000009cf00000, 0x000000009cf00000| Untracked 
| 464|0x000000009d000000, 0x000000009d000000, 0x000000009d100000|  0%| F|  |TAMS 0x000000009d000000, 0x000000009d000000| Untracked 
| 465|0x000000009d100000, 0x000000009d100000, 0x000000009d200000|  0%| F|  |TAMS 0x000000009d100000, 0x000000009d100000| Untracked 
| 466|0x000000009d200000, 0x000000009d200000, 0x000000009d300000|  0%| F|  |TAMS 0x000000009d200000, 0x000000009d200000| Untracked 
| 467|0x000000009d300000, 0x000000009d300000, 0x000000009d400000|  0%| F|  |TAMS 0x000000009d300000, 0x000000009d300000| Untracked 
| 468|0x000000009d400000, 0x000000009d400000, 0x000000009d500000|  0%| F|  |TAMS 0x000000009d400000, 0x000000009d400000| Untracked 
| 469|0x000000009d500000, 0x000000009d500000, 0x000000009d600000|  0%| F|  |TAMS 0x000000009d500000, 0x000000009d500000| Untracked 
| 470|0x000000009d600000, 0x000000009d600000, 0x000000009d700000|  0%| F|  |TAMS 0x000000009d600000, 0x000000009d600000| Untracked 
| 471|0x000000009d700000, 0x000000009d700000, 0x000000009d800000|  0%| F|  |TAMS 0x000000009d700000, 0x000000009d700000| Untracked 
| 472|0x000000009d800000, 0x000000009d800000, 0x000000009d900000|  0%| F|  |TAMS 0x000000009d800000, 0x000000009d800000| Untracked 
| 473|0x000000009d900000, 0x000000009d900000, 0x000000009da00000|  0%| F|  |TAMS 0x000000009d900000, 0x000000009d900000| Untracked 
| 474|0x000000009da00000, 0x000000009da00000, 0x000000009db00000|  0%| F|  |TAMS 0x000000009da00000, 0x000000009da00000| Untracked 
| 475|0x000000009db00000, 0x000000009db00000, 0x000000009dc00000|  0%| F|  |TAMS 0x000000009db00000, 0x000000009db00000| Untracked 
| 476|0x000000009dc00000, 0x000000009dc00000, 0x000000009dd00000|  0%| F|  |TAMS 0x000000009dc00000, 0x000000009dc00000| Untracked 
| 477|0x000000009dd00000, 0x000000009dd00000, 0x000000009de00000|  0%| F|  |TAMS 0x000000009dd00000, 0x000000009dd00000| Untracked 
| 478|0x000000009de00000, 0x000000009de00000, 0x000000009df00000|  0%| F|  |TAMS 0x000000009de00000, 0x000000009de00000| Untracked 
| 479|0x000000009df00000, 0x000000009df00000, 0x000000009e000000|  0%| F|  |TAMS 0x000000009df00000, 0x000000009df00000| Untracked 
| 480|0x000000009e000000, 0x000000009e000000, 0x000000009e100000|  0%| F|  |TAMS 0x000000009e000000, 0x000000009e000000| Untracked 
| 481|0x000000009e100000, 0x000000009e100000, 0x000000009e200000|  0%| F|  |TAMS 0x000000009e100000, 0x000000009e100000| Untracked 
| 482|0x000000009e200000, 0x000000009e200000, 0x000000009e300000|  0%| F|  |TAMS 0x000000009e200000, 0x000000009e200000| Untracked 
| 483|0x000000009e300000, 0x000000009e300000, 0x000000009e400000|  0%| F|  |TAMS 0x000000009e300000, 0x000000009e300000| Untracked 
| 484|0x000000009e400000, 0x000000009e400000, 0x000000009e500000|  0%| F|  |TAMS 0x000000009e400000, 0x000000009e400000| Untracked 
| 485|0x000000009e500000, 0x000000009e500000, 0x000000009e600000|  0%| F|  |TAMS 0x000000009e500000, 0x000000009e500000| Untracked 
| 486|0x000000009e600000, 0x000000009e600000, 0x000000009e700000|  0%| F|  |TAMS 0x000000009e600000, 0x000000009e600000| Untracked 
| 487|0x000000009e700000, 0x000000009e700000, 0x000000009e800000|  0%| F|  |TAMS 0x000000009e700000, 0x000000009e700000| Untracked 
| 488|0x000000009e800000, 0x000000009e800000, 0x000000009e900000|  0%| F|  |TAMS 0x000000009e800000, 0x000000009e800000| Untracked 
| 489|0x000000009e900000, 0x000000009e900000, 0x000000009ea00000|  0%| F|  |TAMS 0x000000009e900000, 0x000000009e900000| Untracked 
| 490|0x000000009ea00000, 0x000000009ea00000, 0x000000009eb00000|  0%| F|  |TAMS 0x000000009ea00000, 0x000000009ea00000| Untracked 
| 491|0x000000009eb00000, 0x000000009eb00000, 0x000000009ec00000|  0%| F|  |TAMS 0x000000009eb00000, 0x000000009eb00000| Untracked 
| 492|0x000000009ec00000, 0x000000009ec00000, 0x000000009ed00000|  0%| F|  |TAMS 0x000000009ec00000, 0x000000009ec00000| Untracked 
| 493|0x000000009ed00000, 0x000000009ed00000, 0x000000009ee00000|  0%| F|  |TAMS 0x000000009ed00000, 0x000000009ed00000| Untracked 
| 494|0x000000009ee00000, 0x000000009ee00000, 0x000000009ef00000|  0%| F|  |TAMS 0x000000009ee00000, 0x000000009ee00000| Untracked 
| 495|0x000000009ef00000, 0x000000009ef00000, 0x000000009f000000|  0%| F|  |TAMS 0x000000009ef00000, 0x000000009ef00000| Untracked 
| 496|0x000000009f000000, 0x000000009f000000, 0x000000009f100000|  0%| F|  |TAMS 0x000000009f000000, 0x000000009f000000| Untracked 
| 497|0x000000009f100000, 0x000000009f200000, 0x000000009f200000|100%| E|  |TAMS 0x000000009f100000, 0x000000009f100000| Complete 
| 498|0x000000009f200000, 0x000000009f300000, 0x000000009f300000|100%| E|CS|TAMS 0x000000009f200000, 0x000000009f200000| Complete 
| 499|0x000000009f300000, 0x000000009f400000, 0x000000009f400000|100%| E|CS|TAMS 0x000000009f300000, 0x000000009f300000| Complete 
| 500|0x000000009f400000, 0x000000009f500000, 0x000000009f500000|100%| E|CS|TAMS 0x000000009f400000, 0x000000009f400000| Complete 
| 501|0x000000009f500000, 0x000000009f600000, 0x000000009f600000|100%| E|CS|TAMS 0x000000009f500000, 0x000000009f500000| Complete 
| 502|0x000000009f600000, 0x000000009f700000, 0x000000009f700000|100%| E|CS|TAMS 0x000000009f600000, 0x000000009f600000| Complete 
| 503|0x000000009f700000, 0x000000009f800000, 0x000000009f800000|100%| E|CS|TAMS 0x000000009f700000, 0x000000009f700000| Complete 
| 504|0x000000009f800000, 0x000000009f900000, 0x000000009f900000|100%| E|CS|TAMS 0x000000009f800000, 0x000000009f800000| Complete 
| 505|0x000000009f900000, 0x000000009fa00000, 0x000000009fa00000|100%| E|CS|TAMS 0x000000009f900000, 0x000000009f900000| Complete 
| 506|0x000000009fa00000, 0x000000009fb00000, 0x000000009fb00000|100%| E|CS|TAMS 0x000000009fa00000, 0x000000009fa00000| Complete 
| 507|0x000000009fb00000, 0x000000009fc00000, 0x000000009fc00000|100%| E|CS|TAMS 0x000000009fb00000, 0x000000009fb00000| Complete 
| 508|0x000000009fc00000, 0x000000009fd00000, 0x000000009fd00000|100%| E|CS|TAMS 0x000000009fc00000, 0x000000009fc00000| Complete 
| 509|0x000000009fd00000, 0x000000009fe00000, 0x000000009fe00000|100%| E|CS|TAMS 0x000000009fd00000, 0x000000009fd00000| Complete 
| 510|0x000000009fe00000, 0x000000009ff00000, 0x000000009ff00000|100%| E|CS|TAMS 0x000000009fe00000, 0x000000009fe00000| Complete 
| 511|0x000000009ff00000, 0x00000000a0000000, 0x00000000a0000000|100%| E|CS|TAMS 0x000000009ff00000, 0x000000009ff00000| Complete 
| 512|0x00000000a0000000, 0x00000000a0100000, 0x00000000a0100000|100%| E|CS|TAMS 0x00000000a0000000, 0x00000000a0000000| Complete 
| 513|0x00000000a0100000, 0x00000000a0200000, 0x00000000a0200000|100%| E|CS|TAMS 0x00000000a0100000, 0x00000000a0100000| Complete 
| 514|0x00000000a0200000, 0x00000000a0300000, 0x00000000a0300000|100%| E|CS|TAMS 0x00000000a0200000, 0x00000000a0200000| Complete 
| 515|0x00000000a0300000, 0x00000000a0400000, 0x00000000a0400000|100%| E|CS|TAMS 0x00000000a0300000, 0x00000000a0300000| Complete 
| 516|0x00000000a0400000, 0x00000000a0500000, 0x00000000a0500000|100%| E|CS|TAMS 0x00000000a0400000, 0x00000000a0400000| Complete 
| 517|0x00000000a0500000, 0x00000000a0600000, 0x00000000a0600000|100%| E|CS|TAMS 0x00000000a0500000, 0x00000000a0500000| Complete 
| 518|0x00000000a0600000, 0x00000000a0700000, 0x00000000a0700000|100%| E|CS|TAMS 0x00000000a0600000, 0x00000000a0600000| Complete 
| 519|0x00000000a0700000, 0x00000000a0800000, 0x00000000a0800000|100%| E|CS|TAMS 0x00000000a0700000, 0x00000000a0700000| Complete 
| 520|0x00000000a0800000, 0x00000000a0900000, 0x00000000a0900000|100%| E|CS|TAMS 0x00000000a0800000, 0x00000000a0800000| Complete 
| 521|0x00000000a0900000, 0x00000000a0a00000, 0x00000000a0a00000|100%| E|CS|TAMS 0x00000000a0900000, 0x00000000a0900000| Complete 
| 522|0x00000000a0a00000, 0x00000000a0b00000, 0x00000000a0b00000|100%| E|CS|TAMS 0x00000000a0a00000, 0x00000000a0a00000| Complete 
| 523|0x00000000a0b00000, 0x00000000a0c00000, 0x00000000a0c00000|100%| E|CS|TAMS 0x00000000a0b00000, 0x00000000a0b00000| Complete 
| 524|0x00000000a0c00000, 0x00000000a0d00000, 0x00000000a0d00000|100%| E|CS|TAMS 0x00000000a0c00000, 0x00000000a0c00000| Complete 
| 525|0x00000000a0d00000, 0x00000000a0e00000, 0x00000000a0e00000|100%| E|CS|TAMS 0x00000000a0d00000, 0x00000000a0d00000| Complete 
| 526|0x00000000a0e00000, 0x00000000a0f00000, 0x00000000a0f00000|100%| E|CS|TAMS 0x00000000a0e00000, 0x00000000a0e00000| Complete 
| 527|0x00000000a0f00000, 0x00000000a1000000, 0x00000000a1000000|100%| E|CS|TAMS 0x00000000a0f00000, 0x00000000a0f00000| Complete 
| 528|0x00000000a1000000, 0x00000000a1100000, 0x00000000a1100000|100%| E|CS|TAMS 0x00000000a1000000, 0x00000000a1000000| Complete 
| 529|0x00000000a1100000, 0x00000000a1200000, 0x00000000a1200000|100%| E|CS|TAMS 0x00000000a1100000, 0x00000000a1100000| Complete 
| 530|0x00000000a1200000, 0x00000000a1300000, 0x00000000a1300000|100%| E|CS|TAMS 0x00000000a1200000, 0x00000000a1200000| Complete 
| 531|0x00000000a1300000, 0x00000000a1400000, 0x00000000a1400000|100%| E|CS|TAMS 0x00000000a1300000, 0x00000000a1300000| Complete 
| 532|0x00000000a1400000, 0x00000000a1500000, 0x00000000a1500000|100%| E|CS|TAMS 0x00000000a1400000, 0x00000000a1400000| Complete 
| 533|0x00000000a1500000, 0x00000000a1600000, 0x00000000a1600000|100%| E|CS|TAMS 0x00000000a1500000, 0x00000000a1500000| Complete 
| 534|0x00000000a1600000, 0x00000000a1700000, 0x00000000a1700000|100%| E|CS|TAMS 0x00000000a1600000, 0x00000000a1600000| Complete 
| 535|0x00000000a1700000, 0x00000000a1800000, 0x00000000a1800000|100%| E|CS|TAMS 0x00000000a1700000, 0x00000000a1700000| Complete 
| 536|0x00000000a1800000, 0x00000000a1900000, 0x00000000a1900000|100%| E|CS|TAMS 0x00000000a1800000, 0x00000000a1800000| Complete 
| 537|0x00000000a1900000, 0x00000000a1a00000, 0x00000000a1a00000|100%| E|CS|TAMS 0x00000000a1900000, 0x00000000a1900000| Complete 
| 538|0x00000000a1a00000, 0x00000000a1b00000, 0x00000000a1b00000|100%| E|CS|TAMS 0x00000000a1a00000, 0x00000000a1a00000| Complete 
| 539|0x00000000a1b00000, 0x00000000a1c00000, 0x00000000a1c00000|100%| E|CS|TAMS 0x00000000a1b00000, 0x00000000a1b00000| Complete 
| 540|0x00000000a1c00000, 0x00000000a1d00000, 0x00000000a1d00000|100%| E|CS|TAMS 0x00000000a1c00000, 0x00000000a1c00000| Complete 
| 541|0x00000000a1d00000, 0x00000000a1e00000, 0x00000000a1e00000|100%| E|CS|TAMS 0x00000000a1d00000, 0x00000000a1d00000| Complete 
| 542|0x00000000a1e00000, 0x00000000a1f00000, 0x00000000a1f00000|100%| E|CS|TAMS 0x00000000a1e00000, 0x00000000a1e00000| Complete 
| 543|0x00000000a1f00000, 0x00000000a2000000, 0x00000000a2000000|100%| E|CS|TAMS 0x00000000a1f00000, 0x00000000a1f00000| Complete 
| 544|0x00000000a2000000, 0x00000000a2100000, 0x00000000a2100000|100%| E|CS|TAMS 0x00000000a2000000, 0x00000000a2000000| Complete 
| 545|0x00000000a2100000, 0x00000000a2200000, 0x00000000a2200000|100%| E|CS|TAMS 0x00000000a2100000, 0x00000000a2100000| Complete 
| 546|0x00000000a2200000, 0x00000000a2300000, 0x00000000a2300000|100%| E|CS|TAMS 0x00000000a2200000, 0x00000000a2200000| Complete 
| 547|0x00000000a2300000, 0x00000000a2400000, 0x00000000a2400000|100%| E|CS|TAMS 0x00000000a2300000, 0x00000000a2300000| Complete 
| 548|0x00000000a2400000, 0x00000000a2500000, 0x00000000a2500000|100%| E|CS|TAMS 0x00000000a2400000, 0x00000000a2400000| Complete 
| 549|0x00000000a2500000, 0x00000000a2600000, 0x00000000a2600000|100%| E|CS|TAMS 0x00000000a2500000, 0x00000000a2500000| Complete 
| 550|0x00000000a2600000, 0x00000000a2700000, 0x00000000a2700000|100%| E|CS|TAMS 0x00000000a2600000, 0x00000000a2600000| Complete 
| 551|0x00000000a2700000, 0x00000000a2800000, 0x00000000a2800000|100%| E|CS|TAMS 0x00000000a2700000, 0x00000000a2700000| Complete 
| 552|0x00000000a2800000, 0x00000000a2900000, 0x00000000a2900000|100%| E|CS|TAMS 0x00000000a2800000, 0x00000000a2800000| Complete 
| 553|0x00000000a2900000, 0x00000000a2a00000, 0x00000000a2a00000|100%| E|CS|TAMS 0x00000000a2900000, 0x00000000a2900000| Complete 
| 554|0x00000000a2a00000, 0x00000000a2b00000, 0x00000000a2b00000|100%| E|CS|TAMS 0x00000000a2a00000, 0x00000000a2a00000| Complete 
| 555|0x00000000a2b00000, 0x00000000a2c00000, 0x00000000a2c00000|100%| E|CS|TAMS 0x00000000a2b00000, 0x00000000a2b00000| Complete 
| 556|0x00000000a2c00000, 0x00000000a2d00000, 0x00000000a2d00000|100%| E|CS|TAMS 0x00000000a2c00000, 0x00000000a2c00000| Complete 
| 557|0x00000000a2d00000, 0x00000000a2e00000, 0x00000000a2e00000|100%| E|CS|TAMS 0x00000000a2d00000, 0x00000000a2d00000| Complete 
| 558|0x00000000a2e00000, 0x00000000a2f00000, 0x00000000a2f00000|100%| E|CS|TAMS 0x00000000a2e00000, 0x00000000a2e00000| Complete 
| 559|0x00000000a2f00000, 0x00000000a3000000, 0x00000000a3000000|100%| E|CS|TAMS 0x00000000a2f00000, 0x00000000a2f00000| Complete 
| 560|0x00000000a3000000, 0x00000000a3100000, 0x00000000a3100000|100%| E|CS|TAMS 0x00000000a3000000, 0x00000000a3000000| Complete 
| 561|0x00000000a3100000, 0x00000000a3200000, 0x00000000a3200000|100%| E|CS|TAMS 0x00000000a3100000, 0x00000000a3100000| Complete 
| 562|0x00000000a3200000, 0x00000000a3300000, 0x00000000a3300000|100%| E|CS|TAMS 0x00000000a3200000, 0x00000000a3200000| Complete 
| 563|0x00000000a3300000, 0x00000000a3400000, 0x00000000a3400000|100%| E|CS|TAMS 0x00000000a3300000, 0x00000000a3300000| Complete 
| 564|0x00000000a3400000, 0x00000000a3500000, 0x00000000a3500000|100%| E|CS|TAMS 0x00000000a3400000, 0x00000000a3400000| Complete 
| 565|0x00000000a3500000, 0x00000000a3600000, 0x00000000a3600000|100%| E|CS|TAMS 0x00000000a3500000, 0x00000000a3500000| Complete 
| 566|0x00000000a3600000, 0x00000000a3700000, 0x00000000a3700000|100%| E|CS|TAMS 0x00000000a3600000, 0x00000000a3600000| Complete 
| 567|0x00000000a3700000, 0x00000000a3800000, 0x00000000a3800000|100%| E|CS|TAMS 0x00000000a3700000, 0x00000000a3700000| Complete 
| 568|0x00000000a3800000, 0x00000000a3900000, 0x00000000a3900000|100%| E|CS|TAMS 0x00000000a3800000, 0x00000000a3800000| Complete 
| 569|0x00000000a3900000, 0x00000000a3a00000, 0x00000000a3a00000|100%| E|CS|TAMS 0x00000000a3900000, 0x00000000a3900000| Complete 
| 570|0x00000000a3a00000, 0x00000000a3a68978, 0x00000000a3b00000| 40%| S|CS|TAMS 0x00000000a3a00000, 0x00000000a3a00000| Complete 
| 571|0x00000000a3b00000, 0x00000000a3c00000, 0x00000000a3c00000|100%| S|CS|TAMS 0x00000000a3b00000, 0x00000000a3b00000| Complete 
| 572|0x00000000a3c00000, 0x00000000a3d00000, 0x00000000a3d00000|100%| S|CS|TAMS 0x00000000a3c00000, 0x00000000a3c00000| Complete 
| 573|0x00000000a3d00000, 0x00000000a3e00000, 0x00000000a3e00000|100%| S|CS|TAMS 0x00000000a3d00000, 0x00000000a3d00000| Complete 
| 574|0x00000000a3e00000, 0x00000000a3f00000, 0x00000000a3f00000|100%| E|CS|TAMS 0x00000000a3e00000, 0x00000000a3e00000| Complete 
| 575|0x00000000a3f00000, 0x00000000a4000000, 0x00000000a4000000|100%| E|CS|TAMS 0x00000000a3f00000, 0x00000000a3f00000| Complete 
| 576|0x00000000a4000000, 0x00000000a4100000, 0x00000000a4100000|100%| E|CS|TAMS 0x00000000a4000000, 0x00000000a4000000| Complete 
| 577|0x00000000a4100000, 0x00000000a4200000, 0x00000000a4200000|100%| E|CS|TAMS 0x00000000a4100000, 0x00000000a4100000| Complete 
| 578|0x00000000a4200000, 0x00000000a4300000, 0x00000000a4300000|100%| E|CS|TAMS 0x00000000a4200000, 0x00000000a4200000| Complete 
| 579|0x00000000a4300000, 0x00000000a4400000, 0x00000000a4400000|100%| E|CS|TAMS 0x00000000a4300000, 0x00000000a4300000| Complete 
| 580|0x00000000a4400000, 0x00000000a4500000, 0x00000000a4500000|100%| E|CS|TAMS 0x00000000a4400000, 0x00000000a4400000| Complete 
| 581|0x00000000a4500000, 0x00000000a4600000, 0x00000000a4600000|100%| E|CS|TAMS 0x00000000a4500000, 0x00000000a4500000| Complete 
| 582|0x00000000a4600000, 0x00000000a4700000, 0x00000000a4700000|100%| E|CS|TAMS 0x00000000a4600000, 0x00000000a4600000| Complete 
| 583|0x00000000a4700000, 0x00000000a4800000, 0x00000000a4800000|100%| E|CS|TAMS 0x00000000a4700000, 0x00000000a4700000| Complete 
| 584|0x00000000a4800000, 0x00000000a4900000, 0x00000000a4900000|100%| E|CS|TAMS 0x00000000a4800000, 0x00000000a4800000| Complete 
| 585|0x00000000a4900000, 0x00000000a4a00000, 0x00000000a4a00000|100%| E|CS|TAMS 0x00000000a4900000, 0x00000000a4900000| Complete 

Card table byte_map: [0x000001587faa0000,0x000001587fea0000] _byte_map_base: 0x000001587f6a0000

Marking Bits (Prev, Next): (CMBitMap*) 0x0000015875b2b330, (CMBitMap*) 0x0000015875b2b370
 Prev Bits: [0x000001580f400000, 0x0000015811400000)
 Next Bits: [0x0000015811400000, 0x0000015813400000)

Polling page: 0x0000015875820000

Metaspace:

Usage:
  Non-class:    172.63 MB used.
      Class:     24.67 MB used.
       Both:    197.30 MB used.

Virtual space:
  Non-class space:      192.00 MB reserved,     173.31 MB ( 90%) committed,  3 nodes.
      Class space:        1.00 GB reserved,      25.25 MB (  2%) committed,  1 nodes.
             Both:        1.19 GB reserved,     198.56 MB ( 16%) committed. 

Chunk freelists:
   Non-Class:  2.70 MB
       Class:  6.58 MB
        Both:  9.28 MB

MaxMetaspaceSize: unlimited
CompressedClassSpaceSize: 1.00 GB
Initial GC threshold: 21.00 MB
Current GC threshold: 326.88 MB
CDS: on
MetaspaceReclaimPolicy: balanced
 - commit_granule_bytes: 65536.
 - commit_granule_words: 8192.
 - virtual_space_node_default_size: 8388608.
 - enlarge_chunks_in_place: 1.
 - new_chunks_are_fully_committed: 0.
 - uncommit_free_chunks: 1.
 - use_allocation_guard: 0.
 - handle_deallocations: 1.


Internal statistics:

num_allocs_failed_limit: 12.
num_arena_births: 2042.
num_arena_deaths: 120.
num_vsnodes_births: 4.
num_vsnodes_deaths: 0.
num_space_committed: 3174.
num_space_uncommitted: 0.
num_chunks_returned_to_freelist: 234.
num_chunks_taken_from_freelist: 10267.
num_chunk_merges: 59.
num_chunk_splits: 7209.
num_chunks_enlarged: 5347.
num_inconsistent_stats: 0.

CodeHeap 'non-profiled nmethods': size=120000Kb used=24071Kb max_used=24071Kb free=95929Kb
 bounds [0x0000015807ad0000, 0x0000015809260000, 0x000001580f000000]
CodeHeap 'profiled nmethods': size=120000Kb used=83573Kb max_used=83573Kb free=36426Kb
 bounds [0x0000015800000000, 0x00000158051b0000, 0x0000015807530000]
CodeHeap 'non-nmethods': size=5760Kb used=2033Kb max_used=2179Kb free=3727Kb
 bounds [0x0000015807530000, 0x00000158077a0000, 0x0000015807ad0000]
 total_blobs=30626 nmethods=29451 adapters=1081
 compilation: enabled
              stopped_count=0, restarted_count=0
 full_count=0

Compilation events (20 events):
Event: 116.480 Thread 0x000001585b015c50 nmethod 37686 0x0000015805141210 code [0x00000158051414a0, 0x0000015805141f48]
Event: 116.486 Thread 0x000001585b015c50 37687       3       org.jetbrains.kotlin.fir.resolve.calls.stages.ImplicitArgumentDescription::<init> (27 bytes)
Event: 116.486 Thread 0x000001585b00fdd0 37690       4       java.math.BigInteger::<init> (38 bytes)
Event: 116.486 Thread 0x000001585b015c50 nmethod 37687 0x0000015805142310 code [0x00000158051425a0, 0x00000158051430f8]
Event: 116.486 Thread 0x000001585b015c50 37688       3       org.jetbrains.kotlin.fir.resolve.calls.stages.ArgumentCheckingProcessor::resolvePlainArgumentType (78 bytes)
Event: 116.488 Thread 0x000001585b00fdd0 nmethod 37690 0x0000015809249c90 code [0x0000015809249e20, 0x0000015809249fd8]
Event: 116.489 Thread 0x000001585b015c50 nmethod 37688 0x0000015805143510 code [0x00000158051439e0, 0x0000015805145ab8]
Event: 116.489 Thread 0x000001585b015c50 37689       3       org.jetbrains.kotlin.fir.resolve.calls.stages.ArgumentCheckingProcessor$ArgumentContext::<init> (30 bytes)
Event: 116.489 Thread 0x000001585b015c50 nmethod 37689 0x0000015805146710 code [0x00000158051468c0, 0x0000015805146a68]
Event: 116.489 Thread 0x000001585b015c50 37691   !   3       org.jetbrains.kotlin.fir.resolve.transformers.body.resolve.FirDeclarationsResolveTransformer::transformFunction (191 bytes)
Event: 116.491 Thread 0x000001585b015c50 nmethod 37691 0x0000015805146b90 code [0x00000158051470c0, 0x0000015805149a78]
Event: 116.491 Thread 0x000001585b015c50 37692   !   3       org.jetbrains.kotlin.fir.resolve.transformers.body.resolve.FirDeclarationsResolveTransformer::transformProperty (2829 bytes)
Event: 116.540 Thread 0x000001585b00fdd0 37696       4       org.jetbrains.kotlin.fir.resolve.substitution.ConeSubstitutor$Empty::substituteOrSelf (8 bytes)
Event: 116.540 Thread 0x000001585b00fdd0 nmethod 37696 0x000001580924a110 code [0x000001580924a2a0, 0x000001580924a338]
Event: 116.548 Thread 0x000001585b015c50 nmethod 37692 0x000001580514ad10 code [0x000001580514d9c0, 0x0000015805168c18]
Event: 116.548 Thread 0x000001585b015c50 37695       3       org.jetbrains.kotlin.fir.resolve.calls.tower.FirBaseTowerResolveTask::toScopeBasedTowerLevel$default (83 bytes)
Event: 116.549 Thread 0x000001585b015c50 nmethod 37695 0x0000015805179510 code [0x0000015805179700, 0x0000015805179b58]
Event: 116.558 Thread 0x000001585b00fdd0 37697       4       com.intellij.psi.impl.compiled.SignatureParsing$CharIterator::<init> (23 bytes)
Event: 116.560 Thread 0x000001585b00fdd0 nmethod 37697 0x000001580924a410 code [0x000001580924a5a0, 0x000001580924a738]
Event: 116.622 Thread 0x000001585b00fdd0 37698       4       org.jetbrains.kotlin.fir.java.JavaUtilsKt::getModality (54 bytes)

GC Heap History (20 events):
Event: 69.906 GC heap before
{Heap before GC invocations=99 (full 0):
 garbage-first heap   total 600064K, used 299581K [0x0000000080000000, 0x0000000100000000)
  region size 1024K, 29 young (29696K), 2 survivors (2048K)
 Metaspace       used 151045K, committed 152320K, reserved 1245184K
  class space    used 19730K, committed 20352K, reserved 1048576K
}
Event: 69.911 GC heap after
{Heap after GC invocations=100 (full 0):
 garbage-first heap   total 600064K, used 269535K [0x0000000080000000, 0x0000000100000000)
  region size 1024K, 2 young (2048K), 2 survivors (2048K)
 Metaspace       used 151045K, committed 152320K, reserved 1245184K
  class space    used 19730K, committed 20352K, reserved 1048576K
}
Event: 71.183 GC heap before
{Heap before GC invocations=100 (full 0):
 garbage-first heap   total 600064K, used 483551K [0x0000000080000000, 0x0000000100000000)
  region size 1024K, 205 young (209920K), 2 survivors (2048K)
 Metaspace       used 158863K, committed 160192K, reserved 1245184K
  class space    used 20766K, committed 21376K, reserved 1048576K
}
Event: 71.189 GC heap after
{Heap after GC invocations=101 (full 0):
 garbage-first heap   total 600064K, used 264785K [0x0000000080000000, 0x0000000100000000)
  region size 1024K, 5 young (5120K), 5 survivors (5120K)
 Metaspace       used 158863K, committed 160192K, reserved 1245184K
  class space    used 20766K, committed 21376K, reserved 1048576K
}
Event: 72.294 GC heap before
{Heap before GC invocations=101 (full 0):
 garbage-first heap   total 600064K, used 342609K [0x0000000080000000, 0x0000000100000000)
  region size 1024K, 83 young (84992K), 5 survivors (5120K)
 Metaspace       used 167873K, committed 169216K, reserved 1245184K
  class space    used 21784K, committed 22400K, reserved 1048576K
}
Event: 72.302 GC heap after
{Heap after GC invocations=102 (full 0):
 garbage-first heap   total 600064K, used 267530K [0x0000000080000000, 0x0000000100000000)
  region size 1024K, 10 young (10240K), 10 survivors (10240K)
 Metaspace       used 167873K, committed 169216K, reserved 1245184K
  class space    used 21784K, committed 22400K, reserved 1048576K
}
Event: 75.290 GC heap before
{Heap before GC invocations=103 (full 0):
 garbage-first heap   total 600064K, used 462090K [0x0000000080000000, 0x0000000100000000)
  region size 1024K, 196 young (200704K), 10 survivors (10240K)
 Metaspace       used 183726K, committed 185088K, reserved 1245184K
  class space    used 23761K, committed 24384K, reserved 1048576K
}
Event: 75.315 GC heap after
{Heap after GC invocations=104 (full 0):
 garbage-first heap   total 600064K, used 307546K [0x0000000080000000, 0x0000000100000000)
  region size 1024K, 25 young (25600K), 25 survivors (25600K)
 Metaspace       used 183726K, committed 185088K, reserved 1245184K
  class space    used 23761K, committed 24384K, reserved 1048576K
}
Event: 75.391 GC heap before
{Heap before GC invocations=104 (full 0):
 garbage-first heap   total 600064K, used 311642K [0x0000000080000000, 0x0000000100000000)
  region size 1024K, 29 young (29696K), 25 survivors (25600K)
 Metaspace       used 184035K, committed 185344K, reserved 1245184K
  class space    used 23783K, committed 24384K, reserved 1048576K
}
Event: 75.406 GC heap after
{Heap after GC invocations=105 (full 0):
 garbage-first heap   total 600064K, used 303219K [0x0000000080000000, 0x0000000100000000)
  region size 1024K, 3 young (3072K), 3 survivors (3072K)
 Metaspace       used 184035K, committed 185344K, reserved 1245184K
  class space    used 23783K, committed 24384K, reserved 1048576K
}
Event: 80.691 GC heap before
{Heap before GC invocations=105 (full 0):
 garbage-first heap   total 600064K, used 467059K [0x0000000080000000, 0x0000000100000000)
  region size 1024K, 160 young (163840K), 3 survivors (3072K)
 Metaspace       used 190041K, committed 191424K, reserved 1245184K
  class space    used 24193K, committed 24832K, reserved 1048576K
}
Event: 80.711 GC heap after
{Heap after GC invocations=106 (full 0):
 garbage-first heap   total 600064K, used 334336K [0x0000000080000000, 0x0000000100000000)
  region size 1024K, 20 young (20480K), 20 survivors (20480K)
 Metaspace       used 190041K, committed 191424K, reserved 1245184K
  class space    used 24193K, committed 24832K, reserved 1048576K
}
Event: 94.823 GC heap before
{Heap before GC invocations=106 (full 0):
 garbage-first heap   total 600064K, used 475648K [0x0000000080000000, 0x0000000100000000)
  region size 1024K, 158 young (161792K), 20 survivors (20480K)
 Metaspace       used 196851K, committed 198208K, reserved 1245184K
  class space    used 24874K, committed 25472K, reserved 1048576K
}
Event: 94.856 GC heap after
{Heap after GC invocations=107 (full 0):
 garbage-first heap   total 600064K, used 353977K [0x0000000080000000, 0x0000000100000000)
  region size 1024K, 18 young (18432K), 18 survivors (18432K)
 Metaspace       used 196851K, committed 198208K, reserved 1245184K
  class space    used 24874K, committed 25472K, reserved 1048576K
}
Event: 103.850 GC heap before
{Heap before GC invocations=107 (full 0):
 garbage-first heap   total 600064K, used 485049K [0x0000000080000000, 0x0000000100000000)
  region size 1024K, 146 young (149504K), 18 survivors (18432K)
 Metaspace       used 199338K, committed 200704K, reserved 1245184K
  class space    used 25108K, committed 25728K, reserved 1048576K
}
Event: 103.879 GC heap after
{Heap after GC invocations=108 (full 0):
 garbage-first heap   total 600064K, used 369664K [0x0000000080000000, 0x0000000100000000)
  region size 1024K, 16 young (16384K), 16 survivors (16384K)
 Metaspace       used 199338K, committed 200704K, reserved 1245184K
  class space    used 25108K, committed 25728K, reserved 1048576K
}
Event: 111.032 GC heap before
{Heap before GC invocations=109 (full 0):
 garbage-first heap   total 600064K, used 442368K [0x0000000080000000, 0x0000000100000000)
  region size 1024K, 136 young (139264K), 16 survivors (16384K)
 Metaspace       used 200977K, committed 202304K, reserved 1245184K
  class space    used 25229K, committed 25856K, reserved 1048576K
}
Event: 111.066 GC heap after
{Heap after GC invocations=110 (full 0):
 garbage-first heap   total 600064K, used 338331K [0x0000000080000000, 0x0000000100000000)
  region size 1024K, 17 young (17408K), 17 survivors (17408K)
 Metaspace       used 200977K, committed 202304K, reserved 1245184K
  class space    used 25229K, committed 25856K, reserved 1048576K
}
Event: 111.464 GC heap before
{Heap before GC invocations=110 (full 0):
 garbage-first heap   total 600064K, used 350619K [0x0000000080000000, 0x0000000100000000)
  region size 1024K, 29 young (29696K), 17 survivors (17408K)
 Metaspace       used 201028K, committed 202368K, reserved 1245184K
  class space    used 25229K, committed 25856K, reserved 1048576K
}
Event: 111.497 GC heap after
{Heap after GC invocations=111 (full 0):
 garbage-first heap   total 600064K, used 302915K [0x0000000080000000, 0x0000000100000000)
  region size 1024K, 4 young (4096K), 4 survivors (4096K)
 Metaspace       used 201028K, committed 202368K, reserved 1245184K
  class space    used 25229K, committed 25856K, reserved 1048576K
}

Dll operation events (16 events):
Event: 0.032 Loaded shared library C:\Program Files\Eclipse Adoptium\jdk-17\bin\java.dll
Event: 0.057 Loaded shared library C:\Program Files\Eclipse Adoptium\jdk-17\bin\jsvml.dll
Event: 0.149 Loaded shared library C:\Program Files\Eclipse Adoptium\jdk-17\bin\zip.dll
Event: 0.153 Loaded shared library C:\Program Files\Eclipse Adoptium\jdk-17\bin\instrument.dll
Event: 0.161 Loaded shared library C:\Program Files\Eclipse Adoptium\jdk-17\bin\net.dll
Event: 0.164 Loaded shared library C:\Program Files\Eclipse Adoptium\jdk-17\bin\nio.dll
Event: 0.167 Loaded shared library C:\Program Files\Eclipse Adoptium\jdk-17\bin\zip.dll
Event: 0.739 Loaded shared library C:\Program Files\Eclipse Adoptium\jdk-17\bin\jimage.dll
Event: 1.028 Loaded shared library C:\Program Files\Eclipse Adoptium\jdk-17\bin\verify.dll
Event: 1.174 Loaded shared library C:\Users\nguye\.gradle\native\1def1411415f61bf3af743bc5b6707747c0891f09f0c88961ee8f79bc544acac\windows-amd64\native-platform.dll
Event: 1.189 Loaded shared library C:\Users\nguye\.gradle\native\0.2.7\x86_64-windows-gnu\gradle-fileevents.dll
Event: 3.202 Loaded shared library C:\Program Files\Eclipse Adoptium\jdk-17\bin\management.dll
Event: 3.207 Loaded shared library C:\Program Files\Eclipse Adoptium\jdk-17\bin\management_ext.dll
Event: 3.701 Loaded shared library C:\Program Files\Eclipse Adoptium\jdk-17\bin\extnet.dll
Event: 4.133 Loaded shared library C:\Program Files\Eclipse Adoptium\jdk-17\bin\sunmscapi.dll
Event: 57.900 Loaded shared library C:\Program Files\Eclipse Adoptium\jdk-17\bin\awt.dll

Deoptimization events (20 events):
Event: 115.600 Thread 0x00000158616ed3f0 Uncommon trap: trap_request=0xfffffff4 fr.pc=0x00000158091abc3c relative=0x000000000000033c
Event: 115.600 Thread 0x00000158616ed3f0 Uncommon trap: reason=null_check action=make_not_entrant pc=0x00000158091abc3c method=org.jetbrains.kotlin.fir.scopes.impl.FirDeclaredMemberScopeProvider$nestedClassifierCache$1.invoke(Ljava/lang/Object;Ljava/lang/Object;)Ljava/lang/Object; @ 6 c2
Event: 115.600 Thread 0x00000158616ed3f0 DEOPT PACKING pc=0x00000158091abc3c sp=0x000000425eafa7b0
Event: 115.600 Thread 0x00000158616ed3f0 DEOPT UNPACKING pc=0x00000158075869a3 sp=0x000000425eafa668 mode 2
Event: 115.674 Thread 0x00000158616ed3f0 Uncommon trap: trap_request=0xffffffde fr.pc=0x0000015809167d78 relative=0x00000000000000d8
Event: 115.674 Thread 0x00000158616ed3f0 Uncommon trap: reason=class_check action=maybe_recompile pc=0x0000015809167d78 method=kotlin.collections.ReversedList$listIterator$1.next()Ljava/lang/Object; @ 4 c2
Event: 115.674 Thread 0x00000158616ed3f0 DEOPT PACKING pc=0x0000015809167d78 sp=0x000000425eafac30
Event: 115.674 Thread 0x00000158616ed3f0 DEOPT UNPACKING pc=0x00000158075869a3 sp=0x000000425eafabe0 mode 2
Event: 115.950 Thread 0x00000158616ed3f0 Uncommon trap: trap_request=0xffffffde fr.pc=0x0000015809167d78 relative=0x00000000000000d8
Event: 115.950 Thread 0x00000158616ed3f0 Uncommon trap: reason=class_check action=maybe_recompile pc=0x0000015809167d78 method=kotlin.collections.ReversedList$listIterator$1.next()Ljava/lang/Object; @ 4 c2
Event: 115.950 Thread 0x00000158616ed3f0 DEOPT PACKING pc=0x0000015809167d78 sp=0x000000425eafa200
Event: 115.950 Thread 0x00000158616ed3f0 DEOPT UNPACKING pc=0x00000158075869a3 sp=0x000000425eafa1b0 mode 2
Event: 115.958 Thread 0x00000158616ed3f0 Uncommon trap: trap_request=0xffffffde fr.pc=0x0000015809167d78 relative=0x00000000000000d8
Event: 115.958 Thread 0x00000158616ed3f0 Uncommon trap: reason=class_check action=maybe_recompile pc=0x0000015809167d78 method=kotlin.collections.ReversedList$listIterator$1.next()Ljava/lang/Object; @ 4 c2
Event: 115.958 Thread 0x00000158616ed3f0 DEOPT PACKING pc=0x0000015809167d78 sp=0x000000425eaf9ca0
Event: 115.958 Thread 0x00000158616ed3f0 DEOPT UNPACKING pc=0x00000158075869a3 sp=0x000000425eaf9c50 mode 2
Event: 116.335 Thread 0x00000158616ed3f0 Uncommon trap: trap_request=0xffffff45 fr.pc=0x00000158090a12e8 relative=0x0000000000000148
Event: 116.335 Thread 0x00000158616ed3f0 Uncommon trap: reason=unstable_if action=reinterpret pc=0x00000158090a12e8 method=org.jetbrains.kotlin.fir.resolve.calls.tower.FirBaseTowerResolveTask.toScopeBasedTowerLevel$default(Lorg/jetbrains/kotlin/fir/resolve/calls/tower/FirBaseTowerResolveTask;Lor
Event: 116.335 Thread 0x00000158616ed3f0 DEOPT PACKING pc=0x00000158090a12e8 sp=0x000000425eaf7380
Event: 116.335 Thread 0x00000158616ed3f0 DEOPT UNPACKING pc=0x00000158075869a3 sp=0x000000425eaf7340 mode 2

Classes loaded (20 events):
Event: 73.119 Loading class java/util/stream/SliceOps$1
Event: 73.120 Loading class java/util/stream/SliceOps$1 done
Event: 73.121 Loading class java/util/stream/SliceOps$1$1
Event: 73.121 Loading class java/util/stream/SliceOps$1$1 done
Event: 74.164 Loading class java/util/AbstractList$RandomAccessSubList
Event: 74.164 Loading class java/util/AbstractList$RandomAccessSubList done
Event: 74.208 Loading class java/util/EnumMap$Values
Event: 74.209 Loading class java/util/EnumMap$Values done
Event: 74.209 Loading class java/util/EnumMap$ValueIterator
Event: 74.209 Loading class java/util/EnumMap$ValueIterator done
Event: 74.233 Loading class java/nio/file/ProviderNotFoundException
Event: 74.233 Loading class java/nio/file/ProviderNotFoundException done
Event: 75.258 Loading class java/util/EnumMap$KeySet
Event: 75.258 Loading class java/util/EnumMap$KeySet done
Event: 75.258 Loading class java/util/EnumMap$KeyIterator
Event: 75.258 Loading class java/util/EnumMap$KeyIterator done
Event: 76.288 Loading class java/io/FileReader
Event: 76.288 Loading class java/io/FileReader done
Event: 76.960 Loading class org/w3c/dom/CDATASection
Event: 76.960 Loading class org/w3c/dom/CDATASection done

Classes unloaded (20 events):
Event: 104.167 Thread 0x0000015815e73320 Unloading class 0x00000158183ca260 'androidx/activity/lint/ActivityResultFragmentVersionDetector'
Event: 104.167 Thread 0x0000015815e73320 Unloading class 0x00000158183ca000 'androidx/activity/lint/ActivityIssueRegistry'
Event: 104.167 Thread 0x0000015815e73320 Unloading class 0x00000158183c8200 'androidx/activity/lint/OnBackPressedDetectorKt'
Event: 104.167 Thread 0x0000015815e73320 Unloading class 0x00000158183c8000 'androidx/activity/lint/OnBackPressedDetector$Companion'
Event: 104.167 Thread 0x0000015815e73320 Unloading class 0x00000158183c5200 'androidx/activity/lint/OnBackPressedDetector'
Event: 104.167 Thread 0x0000015815e73320 Unloading class 0x00000158183c5000 'androidx/activity/lint/ActivityResultFragmentVersionDetector$Companion'
Event: 104.167 Thread 0x0000015815e73320 Unloading class 0x00000158183c4a60 'androidx/activity/lint/ActivityResultFragmentVersionDetector'
Event: 104.167 Thread 0x0000015815e73320 Unloading class 0x00000158183c4800 'androidx/activity/lint/ActivityIssueRegistry'
Event: 104.167 Thread 0x0000015815e73320 Unloading class 0x00000158183c17c8 'androidx/recyclerview/lint/InvalidSetHasFixedSizeDetector$Companion'
Event: 104.167 Thread 0x0000015815e73320 Unloading class 0x00000158183c1260 'androidx/recyclerview/lint/InvalidSetHasFixedSizeDetector'
Event: 104.167 Thread 0x0000015815e73320 Unloading class 0x00000158183c1000 'androidx/recyclerview/lint/RecyclerViewIssueRegistry'
Event: 104.167 Thread 0x0000015815e73320 Unloading class 0x00000158183b8e40 'androidx/navigation/runtime/lint/WrongNavigateRouteDetector$Companion'
Event: 104.167 Thread 0x0000015815e73320 Unloading class 0x00000158183b8928 'androidx/navigation/runtime/lint/WrongNavigateRouteDetector'
Event: 104.167 Thread 0x0000015815e73320 Unloading class 0x00000158183b8728 'androidx/navigation/lint/common/BaseWrongStartDestinationTypeDetectorKt'
Event: 104.167 Thread 0x0000015815e73320 Unloading class 0x00000158183b8528 'androidx/navigation/runtime/lint/WrongStartDestinationTypeDetector$Companion'
Event: 104.167 Thread 0x0000015815e73320 Unloading class 0x00000158183b8000 'androidx/navigation/runtime/lint/WrongStartDestinationTypeDetector'
Event: 104.167 Thread 0x0000015815e73320 Unloading class 0x00000158183b78f8 'androidx/navigation/lint/common/BaseWrongStartDestinationTypeDetector'
Event: 104.167 Thread 0x0000015815e73320 Unloading class 0x00000158183b76f8 'androidx/navigation/runtime/lint/DeepLinkInActivityDestinationDetector$Companion'
Event: 104.167 Thread 0x0000015815e73320 Unloading class 0x00000158183b7260 'androidx/navigation/runtime/lint/DeepLinkInActivityDestinationDetector'
Event: 104.167 Thread 0x0000015815e73320 Unloading class 0x00000158183b7000 'androidx/navigation/runtime/lint/NavigationRuntimeIssueRegistry'

Classes redefined (0 events):
No events

Internal exceptions (20 events):
Event: 80.730 Thread 0x00000158616ed3f0 Implicit null exception at 0x0000015808a4cc90 to 0x0000015808a4cf84
Event: 80.731 Thread 0x00000158616ed3f0 Implicit null exception at 0x0000015808a4c253 to 0x0000015808a4c498
Event: 80.891 Thread 0x00000158616ed3f0 Exception <a 'java/lang/NoSuchMethodError'{0x00000000a4677028}: 'java.lang.Object java.lang.invoke.DirectMethodHandle$Holder.invokeStatic(java.lang.Object, java.lang.Object, int, java.lang.Object)'> (0x00000000a4677028) 
thrown [s\src\hotspot\share\interpreter\linkResolver.cpp, line 759]
Event: 81.149 Thread 0x00000158616ed3f0 Exception <a 'java/lang/NoSuchMethodError'{0x00000000a42f8580}: 'java.lang.Object java.lang.invoke.DirectMethodHandle$Holder.invokeStatic(java.lang.Object, int, java.lang.Object, java.lang.Object, java.lang.Object, java.lang.Object, java.lang.Object)'> (0x00000000a42f8580) 
thrown [s\src\hotspot\share\interpreter\linkResolver.cpp, line 759]
Event: 81.150 Thread 0x00000158616ed3f0 Exception <a 'java/lang/NoSuchMethodError'{0x00000000a4102868}: 'java.lang.Object java.lang.invoke.DirectMethodHandle$Holder.newInvokeSpecial(java.lang.Object, int, java.lang.Object, java.lang.Object, java.lang.Object)'> (0x00000000a4102868) 
thrown [s\src\hotspot\share\interpreter\linkResolver.cpp, line 759]
Event: 82.269 Thread 0x00000158616ed3f0 Exception <a 'java/lang/NoSuchMethodError'{0x00000000a2a4d988}: 'int java.lang.invoke.DirectMethodHandle$Holder.invokeStatic(java.lang.Object, java.lang.Object, java.lang.Object, java.lang.Object, java.lang.Object, int, java.lang.Object)'> (0x00000000a2a4d988) 
thrown [s\src\hotspot\share\interpreter\linkResolver.cpp, line 759]
Event: 82.270 Thread 0x00000158616ed3f0 Exception <a 'java/lang/NoSuchMethodError'{0x00000000a2a56d38}: 'java.lang.Object java.lang.invoke.DirectMethodHandle$Holder.newInvokeSpecial(java.lang.Object, java.lang.Object, java.lang.Object, java.lang.Object, java.lang.Object, int)'> (0x00000000a2a56d38) 
thrown [s\src\hotspot\share\interpreter\linkResolver.cpp, line 759]
Event: 82.270 Thread 0x00000158616ed3f0 Exception <a 'java/lang/NoSuchMethodError'{0x00000000a2a5bd10}: 'java.lang.Object java.lang.invoke.DirectMethodHandle$Holder.invokeSpecial(java.lang.Object, java.lang.Object, java.lang.Object, java.lang.Object, java.lang.Object, java.lang.Object, int)'> (0x00000000a2a5bd10) 
thrown [s\src\hotspot\share\interpreter\linkResolver.cpp, line 759]
Event: 82.271 Thread 0x00000158616ed3f0 Exception <a 'java/lang/NoSuchMethodError'{0x00000000a2a605e8}: 'java.lang.Object java.lang.invoke.Invokers$Holder.linkToTargetMethod(java.lang.Object, java.lang.Object, java.lang.Object, java.lang.Object, int, java.lang.Object)'> (0x00000000a2a605e8) 
thrown [s\src\hotspot\share\interpreter\linkResolver.cpp, line 759]
Event: 84.180 Thread 0x00000158616ed3f0 Implicit null exception at 0x0000015808b73a56 to 0x0000015808b75a9c
Event: 92.433 Thread 0x00000158616ed3f0 Implicit null exception at 0x0000015807f39744 to 0x0000015807f397bd
Event: 94.311 Thread 0x00000158616ed3f0 Implicit null exception at 0x0000015808d26fcf to 0x0000015808d2707e
Event: 95.340 Thread 0x00000158616ed3f0 Exception <a 'java/lang/NoSuchMethodError'{0x00000000a3cfba98}: 'java.lang.Object java.lang.invoke.DirectMethodHandle$Holder.invokeStatic(java.lang.Object, int, java.lang.Object)'> (0x00000000a3cfba98) 
thrown [s\src\hotspot\share\interpreter\linkResolver.cpp, line 759]
Event: 101.783 Thread 0x00000158616ed3f0 Implicit null exception at 0x00000158088df9e4 to 0x00000158088dfcb8
Event: 101.800 Thread 0x00000158616ed3f0 Implicit null exception at 0x0000015808d82123 to 0x0000015808d83cfc
Event: 103.977 Thread 0x00000158616ed3f0 Implicit null exception at 0x00000158089f5d75 to 0x00000158089fdd04
Event: 106.840 Thread 0x00000158616ed3f0 Exception <a 'java/lang/NoSuchMethodError'{0x00000000a154c588}: 'long java.lang.invoke.DirectMethodHandle$Holder.invokeStatic(java.lang.Object, java.lang.Object)'> (0x00000000a154c588) 
thrown [s\src\hotspot\share\interpreter\linkResolver.cpp, line 759]
Event: 111.699 Thread 0x00000158616ed3f0 Implicit null exception at 0x0000015808f87d60 to 0x0000015808f88138
Event: 115.485 Thread 0x00000158616ed3f0 Implicit null exception at 0x0000015809156a4c to 0x0000015809157b50
Event: 115.600 Thread 0x00000158616ed3f0 Implicit null exception at 0x00000158091aba36 to 0x00000158091abc2c

VM Operations (20 events):
Event: 113.106 Executing VM operation: HandshakeAllThreads
Event: 113.106 Executing VM operation: HandshakeAllThreads done
Event: 113.428 Executing VM operation: ICBufferFull
Event: 113.428 Executing VM operation: ICBufferFull done
Event: 113.932 Executing VM operation: ICBufferFull
Event: 113.932 Executing VM operation: ICBufferFull done
Event: 114.696 Executing VM operation: ICBufferFull
Event: 114.697 Executing VM operation: ICBufferFull done
Event: 114.972 Executing VM operation: HandshakeAllThreads
Event: 114.972 Executing VM operation: HandshakeAllThreads done
Event: 115.245 Executing VM operation: HandshakeAllThreads
Event: 115.245 Executing VM operation: HandshakeAllThreads done
Event: 115.317 Executing VM operation: ICBufferFull
Event: 115.318 Executing VM operation: ICBufferFull done
Event: 116.097 Executing VM operation: ICBufferFull
Event: 116.098 Executing VM operation: ICBufferFull done
Event: 116.236 Executing VM operation: HandshakeAllThreads
Event: 116.236 Executing VM operation: HandshakeAllThreads done
Event: 116.646 Executing VM operation: HandshakeAllThreads
Event: 116.647 Executing VM operation: HandshakeAllThreads done

Memory protections (0 events):
No events

Nmethod flushes (20 events):
Event: 113.163 Thread 0x000001585b019890 flushing  nmethod 0x000001580469c010
Event: 113.163 Thread 0x000001585b019890 flushing  nmethod 0x00000158046cc090
Event: 113.164 Thread 0x000001585b019890 flushing  nmethod 0x000001580477dc10
Event: 113.164 Thread 0x000001585b019890 flushing  nmethod 0x0000015804843010
Event: 113.164 Thread 0x000001585b019890 flushing  nmethod 0x0000015804862190
Event: 113.164 Thread 0x000001585b019890 flushing  nmethod 0x0000015804887310
Event: 113.166 Thread 0x000001585b019890 flushing  nmethod 0x0000015804c36410
Event: 113.167 Thread 0x000001585b019890 flushing  nmethod 0x0000015804d36890
Event: 113.168 Thread 0x000001585b019890 flushing  nmethod 0x0000015804e16510
Event: 113.168 Thread 0x000001585b019890 flushing  nmethod 0x0000015804e16b10
Event: 115.263 Thread 0x000001585b019890 flushing  nmethod 0x000001580081cf10
Event: 115.278 Thread 0x000001585b019890 flushing  nmethod 0x0000015801c26210
Event: 115.281 Thread 0x000001585b019890 flushing  nmethod 0x0000015802028890
Event: 115.288 Thread 0x000001585b019890 flushing  nmethod 0x00000158029d1010
Event: 115.292 Thread 0x000001585b019890 flushing  nmethod 0x0000015802f46b10
Event: 115.295 Thread 0x000001585b019890 flushing  nmethod 0x0000015803477190
Event: 115.297 Thread 0x000001585b019890 flushing  nmethod 0x00000158036f2d10
Event: 115.300 Thread 0x000001585b019890 flushing  nmethod 0x0000015803b5f010
Event: 115.305 Thread 0x000001585b019890 flushing  nmethod 0x00000158042e9690
Event: 115.311 Thread 0x000001585b019890 flushing  nmethod 0x0000015804d49590

Events (20 events):
Event: 91.077 Thread 0x000001585f4038d0 Thread exited: 0x000001585f4038d0
Event: 91.708 Thread 0x0000015862ac5e30 Thread exited: 0x0000015862ac5e30
Event: 91.977 Thread 0x000001585b015c50 Thread added: 0x0000015862ac48f0
Event: 93.975 Thread 0x000001585b015c50 Thread added: 0x00000158689eba60
Event: 100.937 Thread 0x00000158689eba60 Thread exited: 0x00000158689eba60
Event: 100.937 Thread 0x0000015862ac48f0 Thread exited: 0x0000015862ac48f0
Event: 101.574 Thread 0x000001585b015c50 Thread added: 0x000001586272c6f0
Event: 101.829 Thread 0x000001585b015c50 Thread added: 0x000001586272b1b0
Event: 102.348 Thread 0x000001586272b1b0 Thread exited: 0x000001586272b1b0
Event: 102.355 Thread 0x000001586272c6f0 Thread exited: 0x000001586272c6f0
Event: 103.294 Thread 0x000001585b015c50 Thread added: 0x000001586272a710
Event: 103.530 Thread 0x000001585b015c50 Thread added: 0x000001586272b1b0
Event: 104.214 Thread 0x000001586272b1b0 Thread exited: 0x000001586272b1b0
Event: 104.214 Thread 0x000001586272a710 Thread exited: 0x000001586272a710
Event: 104.466 Thread 0x000001585b015c50 Thread added: 0x000001586272a710
Event: 105.594 Thread 0x000001585b015c50 Thread added: 0x000001586272c6f0
Event: 106.267 Thread 0x000001586272c6f0 Thread exited: 0x000001586272c6f0
Event: 107.174 Thread 0x000001585b00fdd0 Thread added: 0x00000158689eba60
Event: 113.571 Thread 0x00000158616ed900 Thread added: 0x000001586203d810
Event: 116.427 Thread 0x00000158689eba60 Thread exited: 0x00000158689eba60


Dynamic libraries:
0x00007ff7f1f00000 - 0x00007ff7f1f0e000 	C:\Program Files\Eclipse Adoptium\jdk-17\bin\java.exe
0x00007ff97dc40000 - 0x00007ff97dea8000 	C:\WINDOWS\SYSTEM32\ntdll.dll
0x00007ff97cc40000 - 0x00007ff97cd09000 	C:\WINDOWS\System32\KERNEL32.DLL
0x00007ff97aa10000 - 0x00007ff97ae01000 	C:\WINDOWS\System32\KERNELBASE.dll
0x00007ff97a520000 - 0x00007ff97a66b000 	C:\WINDOWS\System32\ucrtbase.dll
0x00007ff968450000 - 0x00007ff96846e000 	C:\Program Files\Eclipse Adoptium\jdk-17\bin\VCRUNTIME140.dll
0x00007ff968430000 - 0x00007ff968448000 	C:\Program Files\Eclipse Adoptium\jdk-17\bin\jli.dll
0x00007ff97ba70000 - 0x00007ff97bc36000 	C:\WINDOWS\System32\USER32.dll
0x00007ff966700000 - 0x00007ff966993000 	C:\WINDOWS\WinSxS\amd64_microsoft.windows.common-controls_6595b64144ccf1df_6.0.26100.7824_none_3e0870b2e3345462\COMCTL32.dll
0x00007ff97a890000 - 0x00007ff97a8b7000 	C:\WINDOWS\System32\win32u.dll
0x00007ff97bfd0000 - 0x00007ff97c079000 	C:\WINDOWS\System32\msvcrt.dll
0x00007ff97c450000 - 0x00007ff97c47b000 	C:\WINDOWS\System32\GDI32.dll
0x00007ff97af90000 - 0x00007ff97b0bb000 	C:\WINDOWS\System32\gdi32full.dll
0x00007ff97b0c0000 - 0x00007ff97b163000 	C:\WINDOWS\System32\msvcp_win.dll
0x00007ff97c150000 - 0x00007ff97c181000 	C:\WINDOWS\System32\IMM32.DLL
0x00007ff968420000 - 0x00007ff96842c000 	C:\Program Files\Eclipse Adoptium\jdk-17\bin\vcruntime140_1.dll
0x00007ff92e7a0000 - 0x00007ff92e82d000 	C:\Program Files\Eclipse Adoptium\jdk-17\bin\msvcp140.dll
0x00007ff8d82f0000 - 0x00007ff8d8f5b000 	C:\Program Files\Eclipse Adoptium\jdk-17\bin\server\jvm.dll
0x00007ff97d7b0000 - 0x00007ff97d864000 	C:\WINDOWS\System32\ADVAPI32.dll
0x00007ff97d5b0000 - 0x00007ff97d656000 	C:\WINDOWS\System32\sechost.dll
0x00007ff97c270000 - 0x00007ff97c388000 	C:\WINDOWS\System32\RPCRT4.dll
0x00007ff97b9f0000 - 0x00007ff97ba64000 	C:\WINDOWS\System32\WS2_32.dll
0x00007ff97a380000 - 0x00007ff97a3de000 	C:\WINDOWS\SYSTEM32\POWRPROF.dll
0x00007ff96a5f0000 - 0x00007ff96a625000 	C:\WINDOWS\SYSTEM32\WINMM.dll
0x00007ff9747c0000 - 0x00007ff9747cb000 	C:\WINDOWS\SYSTEM32\VERSION.dll
0x00007ff97a360000 - 0x00007ff97a374000 	C:\WINDOWS\SYSTEM32\UMPDC.dll
0x00007ff9792a0000 - 0x00007ff9792bb000 	C:\WINDOWS\SYSTEM32\kernel.appcore.dll
0x00007ff968410000 - 0x00007ff96841a000 	C:\Program Files\Eclipse Adoptium\jdk-17\bin\jimage.dll
0x00007ff978490000 - 0x00007ff9786d2000 	C:\WINDOWS\SYSTEM32\DBGHELP.DLL
0x00007ff97bc40000 - 0x00007ff97bfc6000 	C:\WINDOWS\System32\combase.dll
0x00007ff97c190000 - 0x00007ff97c267000 	C:\WINDOWS\System32\OLEAUT32.dll
0x00007ff9638c0000 - 0x00007ff9638fb000 	C:\WINDOWS\SYSTEM32\dbgcore.DLL
0x00007ff97a7e0000 - 0x00007ff97a885000 	C:\WINDOWS\System32\bcryptPrimitives.dll
0x00007ff9779b0000 - 0x00007ff9779be000 	C:\Program Files\Eclipse Adoptium\jdk-17\bin\instrument.dll
0x00007ff9683b0000 - 0x00007ff9683d5000 	C:\Program Files\Eclipse Adoptium\jdk-17\bin\java.dll
0x00007ff92e6c0000 - 0x00007ff92e797000 	C:\Program Files\Eclipse Adoptium\jdk-17\bin\jsvml.dll
0x00007ff97c480000 - 0x00007ff97cbd2000 	C:\WINDOWS\System32\SHELL32.dll
0x00007ff97a670000 - 0x00007ff97a7da000 	C:\WINDOWS\System32\wintypes.dll
0x00007ff97b170000 - 0x00007ff97b9d3000 	C:\WINDOWS\System32\windows.storage.dll
0x00007ff97cd90000 - 0x00007ff97ce86000 	C:\WINDOWS\System32\SHCORE.dll
0x00007ff97d090000 - 0x00007ff97d0f7000 	C:\WINDOWS\System32\shlwapi.dll
0x00007ff97a440000 - 0x00007ff97a469000 	C:\WINDOWS\SYSTEM32\profapi.dll
0x00007ff956240000 - 0x00007ff956258000 	C:\Program Files\Eclipse Adoptium\jdk-17\bin\zip.dll
0x00007ff968390000 - 0x00007ff9683aa000 	C:\Program Files\Eclipse Adoptium\jdk-17\bin\net.dll
0x00007ff973720000 - 0x00007ff973847000 	C:\WINDOWS\SYSTEM32\WINHTTP.dll
0x00007ff979830000 - 0x00007ff97989b000 	C:\WINDOWS\system32\mswsock.dll
0x00007ff968370000 - 0x00007ff968386000 	C:\Program Files\Eclipse Adoptium\jdk-17\bin\nio.dll
0x00007ff9750c0000 - 0x00007ff9750d0000 	C:\Program Files\Eclipse Adoptium\jdk-17\bin\verify.dll
0x00007ff961cb0000 - 0x00007ff961cd7000 	C:\Users\nguye\.gradle\native\1def1411415f61bf3af743bc5b6707747c0891f09f0c88961ee8f79bc544acac\windows-amd64\native-platform.dll
0x00007ff961c30000 - 0x00007ff961ca8000 	C:\Users\nguye\.gradle\native\0.2.7\x86_64-windows-gnu\gradle-fileevents.dll
0x00007ff968400000 - 0x00007ff96840a000 	C:\Program Files\Eclipse Adoptium\jdk-17\bin\management.dll
0x00007ff968360000 - 0x00007ff96836c000 	C:\Program Files\Eclipse Adoptium\jdk-17\bin\management_ext.dll
0x00007ff97dbf0000 - 0x00007ff97dbf8000 	C:\WINDOWS\System32\PSAPI.DLL
0x00007ff978c90000 - 0x00007ff978cc4000 	C:\WINDOWS\SYSTEM32\IPHLPAPI.DLL
0x00007ff97c140000 - 0x00007ff97c14a000 	C:\WINDOWS\System32\NSI.dll
0x00007ff973a40000 - 0x00007ff973a5e000 	C:\WINDOWS\SYSTEM32\dhcpcsvc6.DLL
0x00007ff9736a0000 - 0x00007ff9736c3000 	C:\WINDOWS\SYSTEM32\dhcpcsvc.DLL
0x00007ff978d80000 - 0x00007ff978eac000 	C:\WINDOWS\SYSTEM32\DNSAPI.dll
0x00007ff94a080000 - 0x00007ff94a089000 	C:\Program Files\Eclipse Adoptium\jdk-17\bin\extnet.dll
0x00007ff979b00000 - 0x00007ff979b1b000 	C:\WINDOWS\SYSTEM32\CRYPTSP.dll
0x00007ff979200000 - 0x00007ff979239000 	C:\WINDOWS\system32\rsaenh.dll
0x00007ff9798e0000 - 0x00007ff97990b000 	C:\WINDOWS\SYSTEM32\USERENV.dll
0x00007ff97a410000 - 0x00007ff97a43a000 	C:\WINDOWS\SYSTEM32\bcrypt.dll
0x00007ff979b20000 - 0x00007ff979b2c000 	C:\WINDOWS\SYSTEM32\CRYPTBASE.dll
0x00007ff94d510000 - 0x00007ff94d51e000 	C:\Program Files\Eclipse Adoptium\jdk-17\bin\sunmscapi.dll
0x00007ff97ae10000 - 0x00007ff97af87000 	C:\WINDOWS\System32\CRYPT32.dll
0x00007ff979d20000 - 0x00007ff979d50000 	C:\WINDOWS\SYSTEM32\ncrypt.dll
0x00007ff979cd0000 - 0x00007ff979d0f000 	C:\WINDOWS\SYSTEM32\NTASN1.dll
0x00007ff965dd0000 - 0x00007ff965dd8000 	C:\WINDOWS\system32\wshunix.dll
0x00007ff9594f0000 - 0x00007ff959508000 	C:\WINDOWS\system32\napinsp.dll
0x00007ff959390000 - 0x00007ff9593a2000 	C:\WINDOWS\System32\winrnr.dll
0x00007ff958aa0000 - 0x00007ff958ac2000 	C:\WINDOWS\system32\nlansp_c.dll
0x00007ff959da0000 - 0x00007ff959db6000 	C:\WINDOWS\system32\wshbth.dll
0x00007ff973a30000 - 0x00007ff973a3b000 	C:\Windows\System32\rasadhlp.dll
0x00007ff971a40000 - 0x00007ff971ac6000 	C:\WINDOWS\System32\fwpuclnt.dll
0x00007ff926b80000 - 0x00007ff926d11000 	C:\Program Files\Eclipse Adoptium\jdk-17\bin\awt.dll
0x00007ff977a10000 - 0x00007ff977aae000 	C:\WINDOWS\SYSTEM32\apphelp.dll
0x00007ff977c30000 - 0x00007ff977cdb000 	C:\WINDOWS\system32\uxtheme.dll
0x00007ff97cf20000 - 0x00007ff97d07f000 	C:\WINDOWS\System32\MSCTF.dll
0x00007ff97da50000 - 0x00007ff97dbe7000 	C:\WINDOWS\System32\ole32.dll

dbghelp: loaded successfully - version: 4.0.5 - missing functions: none
symbol engine: initialized successfully - sym options: 0x614 - pdb path: .;C:\Program Files\Eclipse Adoptium\jdk-17\bin;C:\WINDOWS\SYSTEM32;C:\WINDOWS\WinSxS\amd64_microsoft.windows.common-controls_6595b64144ccf1df_6.0.26100.7824_none_3e0870b2e3345462;C:\Program Files\Eclipse Adoptium\jdk-17\bin\server;C:\Users\nguye\.gradle\native\1def1411415f61bf3af743bc5b6707747c0891f09f0c88961ee8f79bc544acac\windows-amd64;C:\Users\nguye\.gradle\native\0.2.7\x86_64-windows-gnu

VM Arguments:
jvm_args: --add-opens=java.base/java.lang=ALL-UNNAMED --add-opens=java.base/java.lang.invoke=ALL-UNNAMED --add-opens=java.base/java.util=ALL-UNNAMED --add-opens=java.prefs/java.util.prefs=ALL-UNNAMED --add-exports=jdk.compiler/com.sun.tools.javac.api=ALL-UNNAMED --add-exports=jdk.compiler/com.sun.tools.javac.util=ALL-UNNAMED --add-opens=java.base/java.util=ALL-UNNAMED --add-opens=java.prefs/java.util.prefs=ALL-UNNAMED --add-opens=java.base/java.nio.charset=ALL-UNNAMED --add-opens=java.base/java.net=ALL-UNNAMED --add-opens=java.base/java.util.concurrent.atomic=ALL-UNNAMED --add-opens=java.xml/javax.xml.namespace=ALL-UNNAMED -Xmx2048m -Dfile.encoding=UTF-8 -Duser.country=US -Duser.language=en -Duser.variant -javaagent:C:\Users\nguye\.gradle\wrapper\dists\gradle-8.13-bin\5xuhj0ry160q40clulazy9h7d\gradle-8.13\lib\agents\gradle-instrumentation-agent-8.13.jar 
java_command: org.gradle.launcher.daemon.bootstrap.GradleDaemon 8.13
java_class_path (initial): C:\Users\nguye\.gradle\wrapper\dists\gradle-8.13-bin\5xuhj0ry160q40clulazy9h7d\gradle-8.13\lib\gradle-daemon-main-8.13.jar
Launcher Type: SUN_STANDARD

[Global flags]
     intx CICompilerCount                          = 4                                         {product} {ergonomic}
     uint ConcGCThreads                            = 2                                         {product} {ergonomic}
     uint G1ConcRefinementThreads                  = 8                                         {product} {ergonomic}
   size_t G1HeapRegionSize                         = 1048576                                   {product} {ergonomic}
    uintx GCDrainStackTargetSize                   = 64                                        {product} {ergonomic}
   size_t InitialHeapSize                          = 266338304                                 {product} {ergonomic}
   size_t MarkStackSize                            = 4194304                                   {product} {ergonomic}
   size_t MaxHeapSize                              = 2147483648                                {product} {command line}
   size_t MaxNewSize                               = 1287651328                                {product} {ergonomic}
   size_t MinHeapDeltaBytes                        = 1048576                                   {product} {ergonomic}
   size_t MinHeapSize                              = 8388608                                   {product} {ergonomic}
    uintx NonNMethodCodeHeapSize                   = 5839372                                {pd product} {ergonomic}
    uintx NonProfiledCodeHeapSize                  = 122909434                              {pd product} {ergonomic}
    uintx ProfiledCodeHeapSize                     = 122909434                              {pd product} {ergonomic}
    uintx ReservedCodeCacheSize                    = 251658240                              {pd product} {ergonomic}
     bool SegmentedCodeCache                       = true                                      {product} {ergonomic}
   size_t SoftMaxHeapSize                          = 2147483648                             {manageable} {ergonomic}
     bool UseCompressedClassPointers               = true                           {product lp64_product} {ergonomic}
     bool UseCompressedOops                        = true                           {product lp64_product} {ergonomic}
     bool UseG1GC                                  = true                                      {product} {ergonomic}
     bool UseLargePagesIndividualAllocation        = false                                  {pd product} {ergonomic}

Logging:
Log output configuration:
 #0: stdout all=warning uptime,level,tags
 #1: stderr all=off uptime,level,tags

Environment Variables:
JAVA_HOME=C:\Program Files\Eclipse Adoptium\jdk-17
CLASSPATH=C:\ELearn-language-tutor\Mobile\\gradle\wrapper\gradle-wrapper.jar
PATH=C:\Program Files\Eclipse Adoptium\jdk-17\bin;C:\Program Files\Eclipse Adoptium\jdk-17.0.18.8-hotspot\bin;C:\WINDOWS\system32;C:\WINDOWS;C:\WINDOWS\System32\Wbem;C:\WINDOWS\System32\WindowsPowerShell\v1.0\;C:\WINDOWS\System32\OpenSSH\;C:\jdk-21.0.8\bin;C:\Program Files (x86)\Microsoft SQL Server\160\Tools\Binn\;C:\Program Files\Microsoft SQL Server\160\Tools\Binn\;C:\Program Files\Microsoft SQL Server\Client SDK\ODBC\170\Tools\Binn\;C:\Program Files\Microsoft SQL Server\160\DTS\Binn\;C:\Program Files\Docker\Docker\resources\bin;C:\Program Files\Git\cmd;C:\Program Files\nodejs\;C:\Program Files\dotnet\;C:\Program Files\Cloudflare\Cloudflare WARP\;C:\Program Files\cursor\resources\app\bin;C:\Users\nguye\AppData\Local\Programs\Python\Python311\Scripts\;C:\Users\nguye\AppData\Local\Programs\Python\Python311\;C:\Users\nguye\AppData\Local\Microsoft\WindowsApps;C:\Users\nguye\AppData\Local\Programs\Microsoft VS Code\bin;C:\jdk-21.0.8\bin;C:\apache-maven-3.8.9\bin;C:\maven-mvnd-1.0.2-windows-amd64\bin;C:\Program Files\JetBrains\IntelliJ IDEA 2025.1.3\bin;;C:\mysql-8.0.43-winx64\bin;C:\Program Files\JetBrains\DataGrip 2025.1.3\bin;;C:\mingw64\bin;C:\Users\nguye\AppData\Roaming\npm;C:\Users\nguye\AppData\Local\Programs\Python\Python311;C:\Users\nguye\AppData\Local\Microsoft\WinGet\Packages\Ngrok.Ngrok_Microsoft.Winget.Source_8wekyb3d8bbwe;C:\Users\nguye\AppData\Local\Programs\Ollama;C:\Users\nguye\develop\flutter\bin;
USERNAME=nguye
TERM=dumb
OS=Windows_NT
PROCESSOR_IDENTIFIER=Intel64 Family 6 Model 165 Stepping 2, GenuineIntel
TMP=C:\Users\nguye\AppData\Local\Temp
TEMP=C:\Users\nguye\AppData\Local\Temp



Periodic native trim disabled


---------------  S Y S T E M  ---------------

OS:
 Windows 11 , 64 bit Build 26100 (10.0.26100.7705)
OS uptime: 3 days 2:04 hours
Hyper-V role detected

CPU: total 8 (initial active 8) (4 cores per cpu, 2 threads per core) family 6 model 165 stepping 2 microcode 0xe0, cx8, cmov, fxsr, ht, mmx, 3dnowpref, sse, sse2, sse3, ssse3, sse4.1, sse4.2, popcnt, lzcnt, tsc, tscinvbit, avx, avx2, aes, erms, clmul, bmi1, bmi2, adx, fma, vzeroupper, clflush, clflushopt, hv
Processor Information for all 8 processors :
  Max Mhz: 2496, Current Mhz: 2496, Mhz Limit: 2496

Memory: 4k page, system-wide physical 16221M (1826M free)
TotalPageFile size 28720M (AvailPageFile size 2M)
current process WorkingSet (physical memory assigned to process): 1179M, peak: 1184M
current process commit charge ("private bytes"): 1219M, peak: 1225M

vm_info: OpenJDK 64-Bit Server VM (17.0.18+8) for windows-amd64 JRE (17.0.18+8), built on Jan 20 2026 22:28:22 by "admin" with MS VC++ 17.12 (VS2022)

END.
