JvmtiExport can_access_local_variables 0
JvmtiExport can_hotswap_or_post_breakpoint 0
JvmtiExport can_post_on_exceptions 0
# 693 ciObject found
instanceKlass org/jetbrains/kotlin/load/kotlin/TypeSignatureMappingKt
ciMethodData java/lang/Object <init> ()V 2 5921158 orig 80 0 0 0 0 0 0 0 0 0 0 0 0 0 0 0 0 0 0 0 0 0 0 0 0 0 0 0 0 0 0 0 0 0 0 0 0 0 0 0 0 0 0 0 0 0 0 0 0 0 0 0 0 0 0 0 0 0 0 0 0 0 0 0 0 0 0 0 0 0 0 0 0 0 0 0 0 0 0 0 0 data 4 0x0 0x9 0x1 0x0 oops 0 methods 0
ciMethodData java/lang/StringLatin1 hashCode ([B)I 2 26727 orig 80 0 0 0 0 0 0 0 0 0 0 0 0 73 2 0 0 0 0 0 0 0 0 0 0 0 0 0 0 0 0 0 0 0 0 0 0 0 0 0 0 0 0 0 0 0 0 0 0 0 0 0 0 0 0 0 0 0 0 0 0 0 0 0 0 0 0 0 0 0 0 0 0 0 0 0 0 0 0 0 0 data 14 0xd0007 0x39c 0x38 0x5d57 0x250003 0x5d57 0xffffffffffffffe0 0x0 0x0 0x0 0x0 0x9 0x1 0x0 oops 0 methods 0
ciMethodData java/lang/String hashCode ()I 2 5632 orig 80 0 0 0 0 0 0 0 0 0 0 0 0 73 2 0 0 0 0 0 0 0 0 0 0 0 0 0 0 0 0 0 0 0 0 0 0 0 0 0 0 0 0 0 0 0 0 0 0 0 0 0 0 0 0 0 0 0 0 0 0 0 0 0 0 0 0 0 0 0 0 0 0 0 0 0 0 0 0 0 0 data 42 0x60007 0xe63 0x108 0x5e1 0xd0007 0x2e 0xe8 0x5b3 0x110005 0x5b3 0x0 0x0 0x0 0x0 0x0 0x140007 0x1 0x48 0x5b2 0x1b0002 0x5b2 0x1e0003 0x5b2 0x28 0x250002 0x1 0x2a0007 0x5b2 0x38 0x1 0x320003 0x1 0x18 0x0 0x0 0x0 0x0 0x0 0x0 0x9 0x1 0xe oops 0 methods 0
ciMethodData java/lang/String isLatin1 ()Z 2 1500627 orig 80 0 0 0 0 0 0 0 0 0 0 0 0 0 0 0 0 0 0 0 0 0 0 0 0 0 0 0 0 0 0 0 0 0 0 0 0 0 0 0 0 0 0 0 0 0 0 0 0 0 0 0 0 0 0 0 0 0 0 0 0 0 0 0 0 0 0 0 0 0 0 0 0 0 0 0 0 0 0 0 0 data 18 0x30007 0x0 0x58 0x16e3e6 0xa0007 0x7 0x38 0x16e3df 0xe0003 0x16e3df 0x18 0x0 0x0 0x0 0x0 0x9 0x1 0x0 oops 0 methods 0
ciMethodData java/lang/StringUTF16 hashCode ([B)I 1 45 orig 80 0 0 0 0 0 0 0 0 0 0 0 0 0 0 0 0 0 0 0 0 0 0 0 0 0 0 0 0 0 0 0 0 0 0 0 0 0 0 0 0 0 0 0 0 0 0 0 0 0 0 0 0 0 0 0 0 0 0 0 0 0 0 0 0 0 0 0 0 0 0 0 0 0 0 0 0 0 0 0 0 data 18 0xb0007 0x3 0x48 0x2d 0x140002 0x2d 0x1c0003 0x2d 0xffffffffffffffd0 0x0 0x0 0x0 0x0 0x0 0x0 0x9 0x1 0x0 oops 0 methods 0
ciMethodData java/lang/String equals (Ljava/lang/Object;)Z 2 17763 orig 80 2 0 0 0 0 0 0 0 0 0 0 0 73 2 0 0 0 0 0 0 4 0 0 0 0 0 0 0 0 0 0 0 0 0 0 0 0 0 0 1 0 0 0 0 0 0 0 0 0 0 0 0 0 0 0 0 0 0 0 0 0 0 0 0 0 0 0 0 0 0 0 0 0 0 0 0 0 0 0 0 data 49 0x20007 0x3d07 0x20 0x735 0x8000000400080104 0xfffffffffffffec6 0x0 0x2493bbaa900 0x3bce 0x249083b27c0 0xb6 0xb0007 0x13d 0xe0 0x3bce 0xf0004 0x0 0x0 0x2493bbaa900 0x3bce 0x0 0x0 0x160007 0x0 0x40 0x3bce 0x8000000600210007 0xc 0x68 0x3bc3 0x2c0002 0x3bc3 0x2f0007 0x2fb3 0x38 0xc10 0x330003 0xc10 0x18 0x0 0x0 0x0 0x0 0x0 0x0 0x9 0x2 0x0 0x0 oops 3 7 java/lang/String 9 org/jetbrains/kotlin/cli/jvm/compiler/jarfs/ByteArrayCharSequence 18 java/lang/String methods 0
ciMethodData java/lang/String coder ()B 2 959256 orig 80 0 0 0 0 0 0 0 0 0 0 0 0 73 2 0 0 0 0 0 0 0 0 0 0 0 0 0 0 0 0 0 0 0 0 0 0 0 0 0 0 0 0 0 0 0 0 0 0 0 0 0 0 0 0 0 0 0 0 0 0 0 0 0 0 0 0 0 0 0 0 0 0 0 0 0 0 0 0 0 0 data 14 0x30007 0x0 0x38 0xea12e 0xa0003 0xea12e 0x18 0x0 0x0 0x0 0x0 0x9 0x1 0x0 oops 0 methods 0
ciMethodData java/lang/String length ()I 2 789824 orig 80 0 0 0 0 0 0 0 0 0 0 0 0 73 2 0 0 0 0 0 0 0 0 0 0 0 0 0 0 0 0 0 0 0 0 0 0 0 0 0 0 0 0 0 0 0 0 0 0 0 0 0 0 0 0 0 0 0 0 0 0 0 0 0 0 0 0 0 0 0 0 0 0 0 0 0 0 0 0 0 0 data 16 0x60005 0xc0c06 0x0 0x0 0x0 0x0 0x0 0x0 0x0 0x0 0x0 0x0 0x0 0x9 0x1 0x0 oops 0 methods 0
ciMethodData java/lang/String charAt (I)C 2 1258467 orig 80 0 0 0 0 0 0 0 0 0 0 0 0 73 2 0 0 0 0 0 0 0 0 0 0 0 0 0 0 0 0 0 0 0 0 0 0 0 0 0 0 0 0 0 0 0 0 0 0 0 0 0 0 0 0 0 0 0 0 0 0 0 0 0 0 0 0 0 0 0 0 0 0 0 0 0 0 0 0 0 0 data 25 0x10005 0x1332cc 0x0 0x0 0x0 0x0 0x0 0x40007 0x3 0x30 0x1332c9 0xc0002 0x1332c9 0x150002 0x3 0x0 0x0 0x0 0x0 0x0 0x0 0x9 0x2 0x0 0x0 oops 0 methods 0
ciMethodData java/lang/StringLatin1 charAt ([BI)C 2 1236160 orig 80 0 0 0 0 0 0 0 0 0 0 0 0 0 0 0 0 0 0 0 0 0 0 0 0 0 0 0 0 0 0 0 0 0 0 0 0 0 0 0 0 0 0 0 0 0 0 0 0 0 0 0 0 0 0 0 0 0 0 0 0 0 0 0 0 0 0 0 0 0 0 0 0 0 0 0 0 0 0 0 0 data 18 0x10007 0x0 0x40 0x12db88 0x70007 0x12db88 0x30 0x0 0xf0002 0x0 0x0 0x0 0x0 0x0 0x9 0x2 0x0 0x0 oops 0 methods 0
ciMethodData java/lang/StringUTF16 charAt ([BI)C 2 37861 orig 80 0 0 0 0 0 0 0 0 0 0 0 0 0 0 0 0 0 0 0 0 0 0 0 0 0 0 0 0 0 0 0 0 0 0 0 0 0 0 0 0 0 0 0 0 0 0 0 0 0 0 0 0 0 0 0 0 0 0 0 0 0 0 0 0 0 0 0 0 0 0 0 0 0 0 0 0 0 0 0 0 data 14 0x20002 0x93e5 0x70002 0x55c 0x0 0x0 0x0 0x0 0x0 0x0 0x9 0x2 0x0 0x0 oops 0 methods 0
ciMethodData java/lang/StringUTF16 checkIndex (I[B)V 2 46685 orig 80 0 0 0 0 0 0 0 0 0 0 0 0 0 0 0 0 0 0 0 0 0 0 0 0 0 0 0 0 0 0 0 0 0 0 0 0 0 0 0 0 0 0 0 0 0 0 0 0 0 0 0 0 0 0 0 0 0 0 0 0 0 0 0 0 0 0 0 0 0 0 0 0 0 0 0 0 0 0 0 0 data 14 0x20002 0xb65d 0x50002 0xb65d 0x0 0x0 0x0 0x0 0x0 0x0 0x9 0x2 0x0 0x0 oops 0 methods 0
ciMethodData java/lang/StringUTF16 length ([B)I 2 56522 orig 80 0 0 0 0 0 0 0 0 0 0 0 0 0 0 0 0 0 0 0 0 0 0 0 0 0 0 0 0 0 0 0 0 0 0 0 0 0 0 0 0 0 0 0 0 0 0 0 0 0 0 0 0 0 0 0 0 0 0 0 0 0 0 0 0 0 0 0 0 0 0 0 0 0 0 0 0 0 0 0 0 data 6 0x0 0x0 0x0 0x9 0x1 0x0 oops 0 methods 0
ciMethodData java/lang/String checkIndex (II)V 2 5531 orig 80 0 0 0 0 0 0 0 0 0 0 0 0 0 0 0 0 0 0 0 0 0 0 0 0 0 0 0 0 0 0 0 0 0 0 0 0 0 0 0 0 0 0 0 0 0 0 0 0 0 0 0 0 0 0 0 0 0 0 0 0 0 0 0 0 0 0 0 0 0 0 0 0 0 0 0 0 0 0 0 0 data 57 0x10007 0x0 0x40 0x159b 0x60007 0x159b 0x158 0x0 0x110002 0x0 0x170005 0x0 0x0 0x0 0x0 0x0 0x0 0x1b0005 0x0 0x0 0x0 0x0 0x0 0x0 0x210005 0x0 0x0 0x0 0x0 0x0 0x0 0x250005 0x0 0x0 0x0 0x0 0x0 0x0 0x280005 0x0 0x0 0x0 0x0 0x0 0x0 0x2b0002 0x0 0x0 0x0 0x0 0x0 0x0 0x0 0x9 0x2 0x0 0x0 oops 0 methods 0
ciMethodData java/util/HashMap hash (Ljava/lang/Object;)I 2 52713 orig 80 1 0 0 0 1 0 0 0 0 0 0 0 0 0 0 0 0 0 0 0 0 0 0 0 0 0 0 0 0 0 0 0 0 0 0 0 0 0 0 3 0 0 0 0 0 0 0 0 0 0 0 0 0 0 0 0 0 0 0 0 0 0 0 0 0 0 0 0 0 0 0 0 0 0 0 0 0 0 0 0 data 23 0x8000000600010007 0xcb51 0x38 0x9c 0x50003 0x9c 0x50 0x90005 0x9647 0x0 0x2493bbaa900 0x338d 0x2493bbabf30 0x17d 0x0 0x0 0x0 0x0 0x0 0x0 0x9 0x1 0xffffffffffffffff oops 2 10 java/lang/String 12 java/lang/Module methods 0
ciMethodData java/util/HashMap get (Ljava/lang/Object;)Ljava/lang/Object; 2 49681 orig 80 1 0 0 0 0 0 0 0 0 0 0 0 0 0 0 0 0 0 0 0 0 0 0 0 0 0 0 0 0 0 0 0 0 0 0 0 0 0 0 0 0 0 0 0 0 0 0 0 0 0 0 0 0 0 0 0 0 0 0 0 0 0 0 0 0 0 0 0 0 0 0 0 0 0 0 0 0 0 0 0 data 24 0x20005 0xc012 0x0 0x0 0x0 0x0 0x0 0x70007 0x3eef 0x38 0x8124 0xb0003 0x8124 0x18 0x0 0x0 0x0 0x0 0x0 0x0 0x9 0x2 0x0 0xffffffffffffffff oops 0 methods 0
ciMethodData java/util/HashMap getNode (Ljava/lang/Object;)Ljava/util/HashMap$Node; 2 16974 orig 80 2 0 0 0 0 0 0 0 0 0 0 0 0 0 0 0 0 0 0 0 4 0 0 0 0 0 0 0 0 0 0 0 0 0 0 0 0 0 0 2 0 0 0 0 0 0 0 0 0 0 0 0 0 0 0 0 0 0 0 0 0 0 0 0 0 0 0 0 0 0 0 0 0 0 0 0 0 0 0 0 data 103 0x60007 0x738 0x2e8 0x3917 0xe0007 0x0 0x2c8 0x3917 0x170002 0x3917 0x210007 0x1103 0x298 0x2815 0x2a0007 0xab8 0xb8 0x1d5d 0x350007 0xd18 0x98 0x1045 0x390007 0x0 0x78 0x1045 0x80000004003f0005 0x784 0x0 0x2493bbaa900 0x8bf 0x249054b44c0 0x5 0x8000000600420007 0x16a 0x20 0xedf 0x4e0007 0x51b 0x1c0 0x707 0x520004 0xfffffffffffff8f9 0x0 0x249054af4c0 0x12 0x0 0x0 0x550007 0x707 0x90 0x0 0x590004 0x0 0x0 0x0 0x0 0x0 0x0 0x5f0005 0x0 0x0 0x0 0x0 0x0 0x0 0x6a0007 0x1f3 0xb8 0x5c8 0x760007 0x1cc 0x98 0x3fc 0x7a0007 0x0 0x78 0x3fc 0x400800005 0x278 0x0 0x2493bbaa900 0x182 0x249054b44c0 0x3 0x8000000600830007 0xa 0x20 0x3f4 0x910007 0xb4 0xffffffffffffff48 0x149 0x0 0x0 0x0 0x0 0x0 0x0 0x9 0x2 0x0 0xffffffffffffffff oops 5 29 java/lang/String 31 java/util/zip/ZipFile$Source$Key 44 java/util/HashMap$Node 81 java/lang/String 83 java/util/zip/ZipFile$Source$Key methods 0
ciMethodData java/lang/AbstractStringBuilder ensureCapacityInternal (I)V 2 5535 orig 80 0 0 0 0 0 0 0 0 0 0 0 0 73 2 0 0 0 0 0 0 0 0 0 0 0 0 0 0 0 0 0 0 0 0 0 0 0 0 0 0 0 0 0 0 0 0 0 0 0 0 0 0 0 0 0 0 0 0 0 0 0 0 0 0 0 0 0 0 0 0 0 0 0 0 0 0 0 0 0 0 data 23 0xe0007 0x10f9 0x68 0x33d 0x180005 0x33d 0x0 0x0 0x0 0x0 0x0 0x200002 0x33d 0x0 0x0 0x0 0x0 0x0 0x0 0x9 0x2 0xc 0x0 oops 0 methods 0
ciMethodData java/lang/AbstractStringBuilder newCapacity (I)I 1 890 orig 80 0 0 0 0 0 0 0 0 0 0 0 0 0 0 0 0 0 0 0 0 0 0 0 0 0 0 0 0 0 0 0 0 0 0 0 0 0 0 0 0 0 0 0 0 0 0 0 0 0 0 0 0 0 0 0 0 0 0 0 0 0 0 0 0 0 0 0 0 0 0 0 0 0 0 0 0 0 0 0 0 data 18 0x1d0002 0x33d 0x260007 0x33d 0x30 0x0 0x2f0002 0x0 0x0 0x0 0x0 0x0 0x0 0x0 0x9 0x2 0x0 0x0 oops 0 methods 0
ciMethodData java/util/Arrays copyOf ([BI)[B 2 5189 orig 80 0 0 0 0 0 0 0 0 0 0 0 0 0 0 0 0 0 0 0 0 0 0 0 0 0 0 0 0 0 0 0 0 0 0 0 0 0 0 0 0 0 0 0 0 0 0 0 0 0 0 0 0 0 0 0 0 0 0 0 0 0 0 0 0 0 0 0 0 0 0 0 0 0 0 0 0 0 0 0 0 data 14 0xb0002 0x1406 0xe0002 0x1406 0x0 0x0 0x0 0x0 0x0 0x0 0x9 0x2 0xffffffffffffffff 0x0 oops 0 methods 0
ciMethodData java/lang/StringLatin1 canEncode (I)Z 2 120482 orig 80 0 0 0 0 0 0 0 0 0 0 0 0 73 2 0 0 0 0 0 0 0 0 0 0 0 0 0 0 0 0 0 0 0 0 0 0 0 0 0 1 0 0 0 0 0 0 0 0 0 0 0 0 0 0 0 0 0 0 0 0 0 0 0 0 0 0 0 0 0 0 0 0 0 0 0 0 0 0 0 0 data 11 0x8000000600040007 0x5 0x38 0x1d523 0x80003 0x1d523 0x18 0x0 0x9 0x1 0x0 oops 0 methods 0
ciMethodData java/lang/AbstractStringBuilder isLatin1 ()Z 2 423986 orig 80 1 0 0 0 4 0 0 0 0 0 0 0 73 2 0 0 0 0 0 0 0 0 0 0 0 0 0 0 0 0 0 0 0 0 0 0 0 0 0 6 0 0 0 0 0 0 0 0 0 0 0 0 0 0 0 0 0 0 0 0 0 0 0 0 0 0 0 0 0 0 0 0 0 0 0 0 0 0 0 0 data 18 0x30007 0x0 0x58 0x676d6 0x80000006000a0007 0xcc77 0x38 0x5aa65 0xe0003 0x5aa65 0x18 0x0 0x0 0x0 0x0 0x9 0x1 0x0 oops 0 methods 0
ciMethodData java/lang/AbstractStringBuilder inflate ()V 1 9 orig 80 0 0 0 0 0 0 0 0 0 0 0 0 0 0 0 0 0 0 0 0 0 0 0 0 0 0 0 0 0 0 0 0 0 0 0 0 0 0 0 0 0 0 0 0 0 0 0 0 0 0 0 0 0 0 0 0 0 0 0 0 0 0 0 0 0 0 0 0 0 0 0 0 0 0 0 0 0 0 0 0 data 24 0x10005 0x9 0x0 0x0 0x0 0x0 0x0 0x40007 0x9 0x20 0x0 0xd0002 0x9 0x1c0002 0x9 0x0 0x0 0x0 0x0 0x0 0x0 0x9 0x1 0xc oops 0 methods 0
ciMethodData java/lang/StringBuilder append (C)Ljava/lang/StringBuilder; 2 569099 orig 80 1 0 0 0 0 0 0 0 0 0 0 0 73 2 0 0 0 0 0 0 0 0 0 0 0 0 0 0 0 0 0 0 0 0 0 0 0 0 0 0 0 0 0 0 0 0 0 0 0 0 0 0 0 0 0 0 0 0 0 0 0 0 0 0 0 0 0 0 0 0 0 0 0 0 0 0 0 0 0 0 data 9 0x20002 0x8ad55 0x0 0x0 0x0 0x9 0x2 0xe 0x0 oops 0 methods 0
ciMethodData java/lang/String isEmpty ()Z 2 190045 orig 80 0 0 0 0 0 0 0 0 0 0 0 0 73 2 0 0 0 0 0 0 0 0 0 0 0 0 0 0 0 0 0 0 0 0 0 0 0 0 0 0 0 0 0 0 0 0 0 0 0 0 0 0 0 0 0 0 0 0 0 0 0 0 0 0 0 0 0 0 0 0 0 0 0 0 0 0 0 0 0 0 data 14 0x50007 0x2709d 0x38 0x74be 0x90003 0x74be 0x18 0x0 0x0 0x0 0x0 0x9 0x1 0x0 oops 0 methods 0
ciMethodData java/lang/String indexOf (II)I 2 88048 orig 80 1 0 0 0 0 0 0 0 0 0 0 0 73 2 0 0 0 0 0 0 0 0 0 0 0 0 0 0 0 0 0 0 0 0 0 0 0 0 0 3 0 0 0 0 0 0 0 0 0 0 0 0 0 0 0 0 0 0 0 0 0 0 0 0 0 0 0 0 0 0 0 0 0 0 0 0 0 0 0 0 data 29 0x10005 0x156be 0x0 0x0 0x0 0x0 0x0 0x8000000600040007 0x4 0x48 0x156bd 0xd0002 0x156bd 0x100003 0x156bd 0x28 0x190002 0x4 0x0 0x0 0x0 0x0 0x0 0x0 0x9 0x3 0x0 0x0 0x0 oops 0 methods 0
ciMethodData java/lang/StringLatin1 indexOf ([BII)I 2 6033 orig 80 0 0 0 0 0 0 0 0 0 0 0 0 0 0 0 0 0 0 0 0 0 0 0 0 0 0 0 0 0 0 0 0 0 0 0 0 0 0 0 0 0 0 0 0 0 0 0 0 0 0 0 0 0 0 0 0 0 0 0 0 0 0 0 0 0 0 0 0 0 0 0 0 0 0 0 0 0 0 0 0 data 30 0x10002 0x165f 0x40007 0x165f 0x20 0x0 0xd0007 0x165f 0x38 0x0 0x120003 0x0 0x38 0x170007 0x14b2 0x20 0x1ad 0x200002 0x14b2 0x0 0x0 0x0 0x0 0x0 0x0 0x9 0x3 0x0 0x0 0x0 oops 0 methods 0
ciMethodData java/lang/StringUTF16 indexOf ([BII)I 1 4 orig 80 0 0 0 0 0 0 0 0 0 0 0 0 0 0 0 0 0 0 0 0 0 0 0 0 0 0 0 0 0 0 0 0 0 0 0 0 0 0 0 0 0 0 0 0 0 0 0 0 0 0 0 0 0 0 0 0 0 0 0 0 0 0 0 0 0 0 0 0 0 0 0 0 0 0 0 0 0 0 0 0 data 30 0x60007 0x4 0x38 0x0 0xb0003 0x0 0x38 0x100007 0x4 0x20 0x0 0x180007 0x0 0x30 0x4 0x1f0002 0x4 0x270002 0x0 0x0 0x0 0x0 0x0 0x0 0x0 0x9 0x3 0x0 0x0 0x0 oops 0 methods 0
ciMethodData java/lang/StringBuilder <init> ()V 2 128078 orig 80 0 0 0 0 0 0 0 0 0 0 0 0 0 0 0 0 0 0 0 0 0 0 0 0 0 0 0 0 0 0 0 0 0 0 0 0 0 0 0 0 0 0 0 0 0 0 0 0 0 0 0 0 0 0 0 0 0 0 0 0 0 0 0 0 0 0 0 0 0 0 0 0 0 0 0 0 0 0 0 0 data 7 0x30002 0x1f3f8 0x0 0x0 0x9 0x1 0x0 oops 0 methods 0
ciMethodData java/lang/AbstractStringBuilder <init> (I)V 2 5224 orig 80 0 0 0 0 0 0 0 0 0 0 0 0 0 0 0 0 0 0 0 0 0 0 0 0 0 0 0 0 0 0 0 0 0 0 0 0 0 0 0 0 0 0 0 0 0 0 0 0 0 0 0 0 0 0 0 0 0 0 0 0 0 0 0 0 0 0 0 0 0 0 0 0 0 0 0 0 0 0 0 0 data 21 0x10002 0x140d 0x70007 0x0 0x38 0x140d 0x160003 0x140d 0x28 0x1b0002 0x0 0x0 0x0 0x0 0x0 0x0 0x0 0x9 0x2 0xc 0x0 oops 0 methods 0
ciMethodData java/lang/StringBuilder append (Ljava/lang/String;)Ljava/lang/StringBuilder; 2 293057 orig 80 2 0 0 0 0 0 0 0 0 0 0 0 0 0 0 0 0 0 0 0 0 0 0 0 0 0 0 0 0 0 0 0 0 0 0 0 0 0 0 0 0 0 0 0 0 0 0 0 0 0 0 0 0 0 0 0 0 0 0 0 0 0 0 0 0 0 0 0 0 0 0 0 0 0 0 0 0 0 0 0 data 9 0x20002 0x47816 0x0 0x0 0x0 0x9 0x2 0xffffffffffffffff 0xffffffffffffffff oops 0 methods 0
ciMethodData java/lang/AbstractStringBuilder append (Ljava/lang/String;)Ljava/lang/AbstractStringBuilder; 2 13580 orig 80 1 0 0 0 0 0 0 0 0 0 0 0 0 0 0 0 0 0 0 0 0 0 0 0 0 0 0 0 0 0 0 0 0 0 0 0 0 0 0 2 0 0 0 0 0 0 0 0 0 0 0 0 0 0 0 0 0 0 0 0 0 0 0 0 0 0 0 0 0 0 0 0 0 0 0 0 0 0 0 0 data 42 0x8000000600010007 0x3455 0x58 0xe 0x50005 0xe 0x0 0x0 0x0 0x0 0x0 0xa0005 0x3455 0x0 0x0 0x0 0x0 0x0 0x150005 0x3455 0x0 0x0 0x0 0x0 0x0 0x1e0005 0x3455 0x0 0x0 0x0 0x0 0x0 0x0 0x0 0x0 0x0 0x0 0x0 0x9 0x2 0xffffffffffffffff 0xffffffffffffffff oops 0 methods 0
ciMethodData java/lang/StringBuilder toString ()Ljava/lang/String; 2 151082 orig 80 1 0 0 0 0 0 0 0 0 0 0 0 0 0 0 0 0 0 0 0 0 0 0 0 0 0 0 0 0 0 0 0 0 0 0 0 0 0 0 0 0 0 0 0 0 0 0 0 0 0 0 0 0 0 0 0 0 0 0 0 0 0 0 0 0 0 0 0 0 0 0 0 0 0 0 0 0 0 0 0 data 27 0x10005 0x24dd0 0x0 0x0 0x0 0x0 0x0 0x40007 0x1 0x48 0x24dd0 0x100002 0x24dd0 0x130003 0x24dd0 0x28 0x1f0002 0x1 0x0 0x0 0x0 0x0 0x0 0x0 0x9 0x1 0x0 oops 0 methods 0
ciMethodData java/lang/StringLatin1 newString ([BII)Ljava/lang/String; 2 5312 orig 80 0 0 0 0 0 0 0 0 0 0 0 0 0 0 0 0 0 0 0 0 0 0 0 0 0 0 0 0 0 0 0 0 0 0 0 0 0 0 0 0 0 0 0 0 0 0 0 0 0 0 0 0 0 0 0 0 0 0 0 0 0 0 0 0 0 0 0 0 0 0 0 0 0 0 0 0 0 0 0 0 data 19 0x10007 0x1429 0x20 0x1 0x100002 0x1429 0x140002 0x1429 0x0 0x0 0x0 0x0 0x0 0x0 0x9 0x3 0xffffffffffffffff 0x0 0x0 oops 0 methods 0
ciMethodData java/lang/StringUTF16 newString ([BII)Ljava/lang/String; 2 10241 orig 80 0 0 0 0 0 0 0 0 0 0 0 0 0 0 0 0 0 0 0 0 0 0 0 0 0 0 0 0 0 0 0 0 0 0 0 0 0 0 0 0 0 0 0 0 0 0 0 0 0 0 0 0 0 0 0 0 0 0 0 0 0 0 0 0 0 0 0 0 0 0 0 0 0 0 0 0 0 0 0 0 data 31 0x10007 0x2801 0x20 0x0 0xb0007 0x0 0x60 0x2801 0x110002 0x2801 0x160007 0x2 0x30 0x27ff 0x1f0002 0x27ff 0x320002 0x2 0x360002 0x2 0x0 0x0 0x0 0x0 0x0 0x0 0x9 0x3 0xffffffffffffffff 0x0 0x0 oops 0 methods 0
ciMethodData java/lang/String <init> ([BB)V 2 29891 orig 80 0 0 0 0 0 0 0 0 0 0 0 0 73 2 0 0 0 0 0 0 0 0 0 0 0 0 0 0 0 0 0 0 0 0 0 0 0 0 0 0 0 0 0 0 0 0 0 0 0 0 0 0 0 0 0 0 0 0 0 0 0 0 0 0 0 0 0 0 0 0 0 0 0 0 0 0 0 0 0 0 data 11 0x10002 0x73bf 0x0 0x0 0x0 0x0 0x9 0x3 0xc 0x0 0x0 oops 0 methods 0
ciMethodData java/lang/AbstractStringBuilder putStringAt (ILjava/lang/String;)V 2 5403 orig 80 0 0 0 0 0 0 0 0 0 0 0 0 73 2 0 0 0 0 0 0 0 0 0 0 0 0 0 0 0 0 0 0 0 0 0 0 0 0 0 0 0 0 0 0 0 0 0 0 0 0 0 0 0 0 0 0 0 0 0 0 0 0 0 0 0 0 0 0 0 0 0 0 0 0 0 0 0 0 0 0 data 25 0x50005 0x1416 0x0 0x0 0x0 0x0 0x0 0x80005 0x1416 0x0 0x0 0x0 0x0 0x0 0x0 0x0 0x0 0x0 0x0 0x0 0x9 0x3 0xc 0x0 0x0 oops 0 methods 0
ciMethodData java/lang/AbstractStringBuilder putStringAt (ILjava/lang/String;II)V 2 5403 orig 80 0 0 0 0 0 0 0 0 0 0 0 0 0 0 0 0 0 0 0 0 0 0 0 0 0 0 0 0 0 0 0 0 0 0 0 0 0 0 0 1 0 0 0 0 0 0 0 0 0 0 0 0 0 0 0 0 0 0 0 0 0 0 0 0 0 0 0 0 0 0 0 0 0 0 0 0 0 0 0 0 data 45 0x10005 0x1416 0x0 0x0 0x0 0x0 0x0 0x50005 0x1416 0x0 0x0 0x0 0x0 0x0 0x8000000600080007 0x1416 0x58 0x1 0xc0005 0x1 0x0 0x0 0x0 0x0 0x0 0x1e0005 0x1417 0x0 0x0 0x0 0x0 0x0 0x0 0x0 0x0 0x0 0x0 0x0 0x9 0x5 0xc 0x0 0x0 0x0 0x0 oops 0 methods 0
ciMethodData java/lang/AbstractStringBuilder getCoder ()B 2 6161 orig 80 0 0 0 0 0 0 0 0 0 0 0 0 0 0 0 0 0 0 0 0 0 0 0 0 0 0 0 0 0 0 0 0 0 0 0 0 0 0 0 0 0 0 0 0 0 0 0 0 0 0 0 0 0 0 0 0 0 0 0 0 0 0 0 0 0 0 0 0 0 0 0 0 0 0 0 0 0 0 0 0 data 14 0x30007 0x0 0x38 0x170a 0xa0003 0x170a 0x18 0x0 0x0 0x0 0x0 0x9 0x1 0x0 oops 0 methods 0
ciMethodData java/lang/String getBytes ([BIIBI)V 2 5403 orig 80 0 0 0 0 0 0 0 0 0 0 0 0 0 0 0 0 0 0 0 0 0 0 0 0 0 0 0 0 0 0 0 0 0 0 0 0 0 0 0 0 0 0 0 0 0 0 0 0 0 0 0 0 0 0 0 0 0 0 0 0 0 0 0 0 0 0 0 0 0 0 0 0 0 0 0 0 0 0 0 0 data 32 0x10005 0x1413 0x0 0x0 0x0 0x0 0x0 0x60007 0x0 0x48 0x1413 0x1b0002 0x1413 0x1e0003 0x1413 0x28 0x2a0002 0x0 0x0 0x0 0x0 0x0 0x0 0x0 0x9 0x6 0x0 0xffffffffffffffff 0x0 0x0 0x0 0x0 oops 0 methods 0
ciMethodData java/util/Arrays copyOfRange ([BII)[B 2 5452 orig 80 0 0 0 0 0 0 0 0 0 0 0 0 73 2 0 0 0 0 0 0 0 0 0 0 0 0 0 0 0 0 0 0 0 0 0 0 0 0 0 0 0 0 0 0 0 0 0 0 0 0 0 0 0 0 0 0 0 0 0 0 0 0 0 0 0 0 0 0 0 0 0 0 0 0 0 0 0 0 0 0 data 51 0x50007 0x144c 0x120 0x0 0x100002 0x0 0x140005 0x0 0x0 0x0 0x0 0x0 0x0 0x1a0005 0x0 0x0 0x0 0x0 0x0 0x0 0x1e0005 0x0 0x0 0x0 0x0 0x0 0x0 0x210005 0x0 0x0 0x0 0x0 0x0 0x0 0x240002 0x0 0x370002 0x144c 0x3a0002 0x144c 0x0 0x0 0x0 0x0 0x0 0x0 0x9 0x3 0xffffffffffffffff 0x0 0x0 oops 0 methods 0
ciMethodData java/lang/String indexOf (I)I 2 95294 orig 80 1 0 0 0 0 0 0 0 0 0 0 0 73 2 0 0 0 0 0 0 0 0 0 0 0 0 0 0 0 0 0 0 0 0 0 0 0 0 0 0 0 0 0 0 0 0 0 0 0 0 0 0 0 0 0 0 0 0 0 0 0 0 0 0 0 0 0 0 0 0 0 0 0 0 0 0 0 0 0 0 data 17 0x30005 0x172bc 0x0 0x0 0x0 0x0 0x0 0x0 0x0 0x0 0x0 0x0 0x0 0x9 0x2 0xffffffffffffffff 0x0 oops 0 methods 0
ciMethodData jdk/internal/util/ArraysSupport newLength (III)I 2 3688 orig 80 0 0 0 0 0 0 0 0 0 0 0 0 73 2 0 0 0 0 0 0 0 0 0 0 0 0 0 0 0 0 0 0 0 0 0 0 0 0 0 0 0 0 0 0 0 0 0 0 0 0 0 0 0 0 0 0 0 0 0 0 0 0 0 0 0 0 0 0 0 0 0 0 0 0 0 0 0 0 0 0 data 23 0x30002 0xd68 0xa0007 0x0 0x40 0xd68 0x100007 0x0 0x20 0xd68 0x170002 0x0 0x0 0x0 0x0 0x0 0x0 0x0 0x9 0x3 0x0 0x0 0x0 oops 0 methods 0
ciMethodData java/lang/StringLatin1 replace ([BCC)Ljava/lang/String; 2 33010 orig 80 0 0 0 0 0 0 0 0 0 0 0 0 73 2 0 0 0 0 0 0 0 0 0 0 0 0 0 0 0 0 0 0 0 0 0 0 0 0 0 0 0 0 0 0 0 0 0 0 0 0 0 0 0 0 0 0 0 0 0 0 0 0 0 0 0 0 0 0 0 0 0 0 0 0 0 0 0 0 0 0 data 85 0x10002 0x2d0 0x40007 0x0 0x240 0x2d0 0x130007 0x9 0x58 0xe95 0x1c0007 0xbce 0xffffffffffffffe0 0x2c7 0x1f0003 0x2c7 0x18 0x250007 0x9 0x1c8 0x2c7 0x290002 0x2c7 0x2c0007 0x0 0xe8 0x2c7 0x310002 0x2c7 0x3d0007 0x2c7 0x38 0xb98 0x4c0003 0xb98 0xffffffffffffffe0 0x520007 0x2c7 0x70 0x5580 0x630007 0x4bce 0x38 0x9b2 0x680003 0x9b2 0x18 0x710003 0x5580 0xffffffffffffffa8 0x7b0002 0x2c7 0x800002 0x0 0x8c0002 0x0 0x920007 0x0 0x80 0x0 0xa70007 0x0 0x38 0x0 0xab0003 0x0 0x18 0xb00002 0x0 0xb60003 0x0 0xffffffffffffff98 0xc00002 0x0 0x0 0x0 0x0 0x0 0x0 0x0 0x9 0x3 0x0 0x0 0x0 oops 0 methods 0
ciMethodData java/lang/StringConcatHelper newArray (J)[B 2 13354 orig 80 0 0 0 0 0 0 0 0 0 0 0 0 0 0 0 0 0 0 0 0 0 0 0 0 0 0 0 0 0 0 0 0 0 0 0 0 0 0 0 0 0 0 0 0 0 0 0 0 0 0 0 0 0 0 0 0 0 0 0 0 0 0 0 0 0 0 0 0 0 0 0 0 0 0 0 0 0 0 0 0 data 30 0xd0007 0x332b 0x30 0x0 0x160002 0x0 0x210005 0x332b 0x0 0x0 0x0 0x0 0x0 0x240004 0x0 0x0 0x2493bbbb050 0x332b 0x0 0x0 0x0 0x0 0x0 0x0 0x0 0x0 0x9 0x2 0x0 0x0 oops 1 16 [B methods 0
ciMethodData jdk/internal/misc/Unsafe allocateUninitializedArray (Ljava/lang/Class;I)Ljava/lang/Object; 2 5517 orig 80 1 0 0 0 0 0 0 0 0 0 0 0 0 0 0 0 0 0 0 0 4 0 0 0 0 0 0 0 0 0 0 0 0 0 0 0 0 0 0 0 0 0 0 0 0 0 0 0 0 0 0 0 0 0 0 0 0 0 0 0 0 0 0 0 0 0 0 0 0 0 0 0 0 0 0 0 0 0 0 0 data 43 0x10007 0x148e 0x30 0x0 0xb0002 0x0 0x100005 0x148e 0x0 0x0 0x0 0x0 0x0 0x130007 0x148e 0x30 0x0 0x1d0002 0x0 0x220007 0x148e 0x30 0x0 0x2c0002 0x0 0x8000000400330005 0x1492 0x0 0x0 0x0 0x0 0x0 0x0 0x0 0x0 0x0 0x0 0x0 0x9 0x3 0x0 0xffffffffffffffff 0x0 oops 0 methods 0
ciMethodData java/lang/String startsWith (Ljava/lang/String;I)Z 2 34336 orig 80 2 0 0 0 0 0 0 0 0 0 0 0 73 2 0 0 0 0 0 0 0 0 0 0 0 0 0 0 0 0 0 0 0 0 0 0 0 0 0 2 0 0 0 0 0 0 0 0 0 0 0 0 0 0 0 0 0 0 0 0 0 0 0 0 0 0 0 0 0 0 0 0 0 0 0 0 0 0 0 0 data 83 0x8000000600010007 0x91 0xb0 0x378c 0x60005 0x378c 0x0 0x0 0x0 0x0 0x0 0xa0005 0x378c 0x0 0x0 0x0 0x0 0x0 0xe0007 0x33bb 0x20 0x3d1 0x270005 0x33bb 0x0 0x0 0x0 0x0 0x0 0x2f0005 0x33bb 0x0 0x0 0x0 0x0 0x0 0x8000000600320007 0x1 0xb0 0x33bb 0x370007 0x0 0x38 0x33bb 0x3b0003 0x33bb 0x18 0x470007 0x82f 0x40 0xac84 0x590007 0x80f8 0xffffffffffffffe0 0x2b8c 0x5e0003 0x82f 0x88 0x630007 0x1 0x20 0x0 0x6c0007 0x0 0x50 0x5 0x740002 0x5 0x830007 0x4 0xffffffffffffffd0 0x1 0x0 0x0 0x0 0x0 0x0 0x0 0x9 0x3 0x0 0x0 0x0 oops 0 methods 0
ciMethodData java/lang/String startsWith (Ljava/lang/String;)Z 2 71969 orig 80 0 0 0 0 0 0 0 0 0 0 0 0 73 2 0 0 0 0 0 0 0 0 0 0 0 0 0 0 0 0 0 0 0 0 0 0 0 0 0 0 0 0 0 0 0 0 0 0 0 0 0 0 0 0 0 0 0 0 0 0 0 0 0 0 0 0 0 0 0 0 0 0 0 0 0 0 0 0 0 0 data 17 0x30005 0x11821 0x0 0x0 0x0 0x0 0x0 0x0 0x0 0x0 0x0 0x0 0x0 0x9 0x2 0x0 0x0 oops 0 methods 0
ciMethodData java/lang/String regionMatches (ILjava/lang/String;II)Z 2 13392 orig 80 0 0 0 0 0 0 0 0 0 0 0 0 0 0 0 0 0 0 0 0 0 0 0 0 0 0 0 0 0 0 0 0 0 0 0 0 0 0 0 0 0 0 0 0 0 0 0 0 0 0 0 0 0 0 0 0 0 0 0 0 0 0 0 0 0 0 0 0 0 0 0 0 0 0 0 0 0 0 0 0 data 112 0xd0007 0x0 0xf0 0x8bd 0x110007 0x0 0xd0 0x8bd 0x170005 0x8bd 0x0 0x0 0x0 0x0 0x0 0x200007 0x0 0x78 0x8bd 0x260005 0x8bd 0x0 0x0 0x0 0x0 0x0 0x2f0007 0x8bd 0x20 0x0 0x350005 0x8bd 0x0 0x0 0x0 0x0 0x0 0x3d0005 0x8bd 0x0 0x0 0x0 0x0 0x0 0x400007 0x0 0xd8 0x8bd 0x440005 0x8bd 0x0 0x0 0x0 0x0 0x0 0x470007 0x8bd 0x40 0x0 0x4c0007 0x0 0x20 0x0 0x620007 0x8b8 0x120 0x3455 0x730007 0x3450 0xffffffffffffffe0 0x5 0x7a0007 0x0 0x80 0x0 0x820007 0x0 0xc0 0x0 0x8b0002 0x0 0x940002 0x0 0x970007 0x0 0xffffffffffffffc0 0x0 0xa10007 0x0 0x60 0x0 0xaa0002 0x0 0xb30002 0x0 0xb60007 0x0 0xffffffffffffffc0 0x0 0x0 0x0 0x0 0x0 0x0 0x0 0x9 0x5 0x0 0x0 0x0 0x0 0x0 oops 0 methods 0
ciMethodData java/lang/String replace (CC)Ljava/lang/String; 2 11550 orig 80 1 0 0 0 0 0 0 0 0 0 0 0 73 2 0 0 0 0 0 0 0 0 0 0 0 0 0 0 0 0 0 0 0 0 0 0 0 0 0 1 0 0 0 0 0 0 0 0 0 0 0 0 0 0 0 0 0 0 0 0 0 0 0 0 0 0 0 0 0 0 0 0 0 0 0 0 0 0 0 0 data 37 0x20007 0x0 0xd0 0x2c1d 0x60005 0x2c1d 0x0 0x0 0x0 0x0 0x0 0x8000000600090007 0x1 0x48 0x2c1d 0x120002 0x2c1d 0x150003 0x2c1d 0x28 0x1e0002 0x1 0x230007 0xda7 0x20 0x1e77 0x0 0x0 0x0 0x0 0x0 0x0 0x9 0x3 0x0 0x0 0x0 oops 0 methods 0
ciMethodData java/lang/StringUTF16 replace ([BCC)Ljava/lang/String; 1 20 orig 80 0 0 0 0 0 0 0 0 0 0 0 0 0 0 0 0 0 0 0 0 0 0 0 0 0 0 0 0 0 0 0 0 0 0 0 0 0 0 0 0 0 0 0 0 0 0 0 0 0 0 0 0 0 0 0 0 0 0 0 0 0 0 0 0 0 0 0 0 0 0 0 0 0 0 0 0 0 0 0 0 data 83 0xe0007 0x0 0x68 0xa 0x140002 0xa 0x180007 0x9 0xffffffffffffffd0 0x1 0x1b0003 0x1 0x18 0x210007 0x0 0x1d8 0x1 0x310007 0x1 0x58 0x9 0x3b0002 0x9 0x3e0002 0x9 0x440003 0x9 0xffffffffffffffc0 0x4a0007 0x1 0x90 0x2 0x500002 0x2 0x5c0007 0x1 0x38 0x1 0x600003 0x1 0x18 0x650002 0x2 0x6b0003 0x2 0xffffffffffffff88 0x710007 0x0 0xc0 0x1 0x750002 0x1 0x780007 0x1 0x90 0x0 0x7c0002 0x0 0x7f0007 0x0 0x60 0x0 0x860002 0x0 0x8d0007 0x0 0x30 0x0 0x970002 0x0 0xa20002 0x1 0x0 0x0 0x0 0x0 0x0 0x0 0x9 0x3 0x0 0x0 0x0 oops 0 methods 0
ciMethodData java/lang/String substring (I)Ljava/lang/String; 2 64629 orig 80 0 0 0 0 0 0 0 0 0 0 0 0 0 0 0 0 0 0 0 0 0 0 0 0 0 0 0 0 0 0 0 0 0 0 0 0 0 0 0 0 0 0 0 0 0 0 0 0 0 0 0 0 0 0 0 0 0 0 0 0 0 0 0 0 0 0 0 0 0 0 0 0 0 0 0 0 0 0 0 0 data 24 0x30005 0xfbf2 0x0 0x0 0x0 0x0 0x0 0x60005 0xfbf2 0x0 0x0 0x0 0x0 0x0 0x0 0x0 0x0 0x0 0x0 0x0 0x9 0x2 0x0 0x0 oops 0 methods 0
ciMethod kotlin/jvm/internal/Intrinsics checkNotNull (Ljava/lang/Object;)V 520 0 466330 0 -1
ciMethod kotlin/jvm/internal/Intrinsics checkNotNull (Ljava/lang/Object;Ljava/lang/String;)V 768 0 703386 0 -1
ciMethod kotlin/jvm/internal/Intrinsics throwUninitializedPropertyAccessException (Ljava/lang/String;)V 0 0 1 0 -1
ciMethod kotlin/jvm/internal/Intrinsics checkNotNullExpressionValue (Ljava/lang/Object;Ljava/lang/String;)V 1024 0 5651 0 96
ciMethod kotlin/jvm/internal/Intrinsics checkNotNullParameter (Ljava/lang/Object;Ljava/lang/String;)V 522 0 29900944 0 96
ciMethod kotlin/jvm/internal/Intrinsics throwParameterIsNullNPE (Ljava/lang/String;)V 0 0 1 0 -1
ciMethod kotlin/jvm/internal/Intrinsics areEqual (Ljava/lang/Object;Ljava/lang/Object;)Z 788 0 2235386 0 128
ciMethod kotlin/text/StringsKt__StringsKt startsWith (Ljava/lang/CharSequence;CZ)Z 0 0 6 0 -1
ciMethod kotlin/text/StringsKt__StringsKt startsWith$default (Ljava/lang/CharSequence;CZILjava/lang/Object;)Z 0 0 4 0 0
ciMethod kotlin/text/StringsKt__StringsJVMKt startsWith (Ljava/lang/String;Ljava/lang/String;Z)Z 824 0 5543 0 992
ciMethod kotlin/text/StringsKt__StringsJVMKt startsWith$default (Ljava/lang/String;Ljava/lang/String;ZILjava/lang/Object;)Z 826 0 72308 0 960
ciMethod kotlin/text/StringsKt__StringsJVMKt regionMatches (Ljava/lang/String;ILjava/lang/String;IIZ)Z 0 0 236 0 -1
ciMethod kotlin/text/StringsKt__StringNumberConversionsKt toIntOrNull (Ljava/lang/String;)Ljava/lang/Integer; 2 0 44 0 0
ciMethod kotlin/text/StringsKt__StringNumberConversionsKt toIntOrNull (Ljava/lang/String;I)Ljava/lang/Integer; 2 2 46 0 -1
ciMethod kotlin/text/CharsKt__CharKt equals (CCZ)Z 372 0 1277 0 -1
ciMethodData kotlin/jvm/internal/Intrinsics checkNotNullParameter (Ljava/lang/Object;Ljava/lang/String;)V 2 29900955 orig 80 0 0 0 0 0 0 0 0 0 0 0 0 73 2 0 0 0 0 0 0 0 0 0 0 0 0 0 0 0 0 0 0 0 0 0 0 0 1 0 0 0 0 0 0 0 0 0 0 0 0 0 0 0 0 0 0 0 0 0 0 0 0 0 0 0 0 0 0 0 0 0 0 0 0 0 0 0 0 0 0 data 16 0x10007 0x1c83f97 0x30 0x0 0x50002 0x0 0x800000020001000d 0x249057f3270 0x0 0x0 0x0 0x0 0x9 0x2 0x0 0xffffffffffffffff oops 0 methods 1 7 org/jetbrains/kotlin/ir/overrides/FakeOverrideCopier copyValueParameter (Lorg/jetbrains/kotlin/ir/declarations/IrValueParameter;Lorg/jetbrains/kotlin/ir/declarations/IrDeclarationParent;)Lorg/jetbrains/kotlin/ir/declarations/IrValueParameter;
ciMethod org/jetbrains/kotlin/name/FqName <init> (Ljava/lang/String;)V 1024 0 9990 0 -1
ciMethod org/jetbrains/kotlin/name/FqName asString ()Ljava/lang/String; 4204 0 89775 0 128
ciMethod org/jetbrains/kotlin/name/FqName toUnsafe ()Lorg/jetbrains/kotlin/name/FqNameUnsafe; 4220 0 30051 0 96
ciMethod org/jetbrains/kotlin/name/FqName isRoot ()Z 792 0 56914 0 160
ciMethod org/jetbrains/kotlin/name/FqName startsWith (Lorg/jetbrains/kotlin/name/Name;)Z 1024 0 4917 0 0
ciMethod org/jetbrains/kotlin/name/FqName equals (Ljava/lang/Object;)Z 770 0 16011 0 480
ciMethod org/jetbrains/kotlin/name/FqName $$$reportNull$$$0 (I)V 0 0 1 0 -1
ciMethod org/jetbrains/kotlin/name/FqNameUnsafe asString ()Ljava/lang/String; 628 0 93485 0 0
ciMethod org/jetbrains/kotlin/name/FqNameUnsafe isRoot ()Z 776 0 98607 0 128
ciMethod org/jetbrains/kotlin/name/FqNameUnsafe startsWith (Lorg/jetbrains/kotlin/name/Name;)Z 1024 0 4917 0 0
ciMethod org/jetbrains/kotlin/name/FqNameUnsafe equals (Ljava/lang/Object;)Z 764 0 13812 0 512
ciMethod org/jetbrains/kotlin/name/FqNameUnsafe hashCode ()I 636 0 30301 0 512
ciMethod org/jetbrains/kotlin/name/FqNameUnsafe $$$reportNull$$$0 (I)V 0 0 1 0 -1
ciMethod org/jetbrains/kotlin/name/Name asString ()Ljava/lang/String; 566 0 166424 0 96
ciMethod org/jetbrains/kotlin/name/Name $$$reportNull$$$0 (I)V 0 0 1 0 -1
ciMethod org/jetbrains/kotlin/name/ClassId getPackageFqName ()Lorg/jetbrains/kotlin/name/FqName; 258 0 129 0 0
ciMethod org/jetbrains/kotlin/name/ClassId getRelativeClassName ()Lorg/jetbrains/kotlin/name/FqName; 258 0 129 0 0
ciMethodData kotlin/jvm/internal/Intrinsics checkNotNullExpressionValue (Ljava/lang/Object;Ljava/lang/String;)V 2 5651 orig 80 0 0 0 0 0 0 0 0 0 0 0 0 0 0 0 0 0 0 0 0 0 0 0 0 0 0 0 0 0 0 0 0 0 0 0 0 0 0 0 0 0 0 0 0 0 0 0 0 0 0 0 0 0 0 0 0 0 0 0 0 0 0 0 0 0 0 0 0 0 0 0 0 0 0 0 0 0 0 0 0 data 48 0x10007 0x1414 0x130 0x0 0xc0002 0x0 0x100005 0x0 0x0 0x0 0x0 0x0 0x0 0x150005 0x0 0x0 0x0 0x0 0x0 0x0 0x180005 0x0 0x0 0x0 0x0 0x0 0x0 0x1b0002 0x0 0x1e0002 0x0 0x210004 0x0 0x0 0x0 0x0 0x0 0x0 0x0 0x0 0x0 0x0 0x0 0x0 0x9 0x2 0x0 0xffffffffffffffff oops 0 methods 0
ciMethod kotlin/jvm/internal/Reflection getOrCreateKotlinClass (Ljava/lang/Class;)Lkotlin/reflect/KClass; 568 0 6706 0 -1
ciMethodData kotlin/jvm/internal/Intrinsics areEqual (Ljava/lang/Object;Ljava/lang/Object;)Z 2 2235592 orig 80 0 0 0 0 0 0 0 0 0 0 0 0 73 2 0 0 0 0 0 0 0 0 0 0 0 0 0 0 0 0 0 0 0 0 0 0 0 0 0 0 0 0 0 0 0 0 0 0 0 0 0 0 0 0 0 0 0 0 0 0 0 0 0 0 0 0 0 0 0 0 0 0 0 0 0 0 0 0 0 0 data 31 0x10007 0x208a5d 0x70 0x190e1 0x50007 0x11d3c 0x38 0x73a5 0x90003 0x73a5 0x68 0xd0003 0x11d3c 0x50 0x120005 0x2034fe 0x0 0x2493bbaa900 0x4aab 0x24905bea840 0x15d 0x0 0x0 0x0 0x0 0x0 0x0 0x9 0x2 0xffffffffffffffff 0xffffffffffffffff oops 2 17 java/lang/String 19 org/jetbrains/kotlin/name/FqName methods 0
ciMethodData kotlin/text/StringsKt__StringsJVMKt startsWith$default (Ljava/lang/String;Ljava/lang/String;ZILjava/lang/Object;)Z 2 72308 orig 80 0 0 0 0 0 0 0 0 0 0 0 0 73 2 0 0 0 0 0 0 0 0 0 0 0 0 0 0 0 0 0 0 0 0 0 0 0 0 0 0 0 0 0 0 0 0 0 0 0 0 0 0 0 0 0 0 0 0 0 0 0 0 0 0 0 0 0 0 0 0 0 0 0 0 0 0 0 0 0 0 data 19 0x30007 0x0 0x20 0x118d7 0xb0002 0x118d7 0x0 0x0 0x0 0x0 0x0 0x0 0x9 0x5 0xffffffffffffffff 0xffffffffffffffff 0x0 0x0 0x0 oops 0 methods 0
ciMethodData kotlin/text/StringsKt__StringsJVMKt startsWith (Ljava/lang/String;Ljava/lang/String;Z)Z 2 5543 orig 80 0 0 0 0 0 0 0 0 0 0 0 0 0 0 0 0 0 0 0 0 0 0 0 0 0 0 0 0 0 0 0 0 0 0 0 0 0 0 0 0 0 0 0 0 0 0 0 0 0 0 0 0 0 0 0 0 0 0 0 0 0 0 0 0 0 0 0 0 0 0 0 0 0 0 0 0 0 0 0 0 data 35 0x30002 0x140b 0xa0002 0x140b 0xe0007 0xec 0x58 0x131f 0x130005 0x131f 0x0 0x0 0x0 0x0 0x0 0x1c0005 0xec 0x0 0x0 0x0 0x0 0x0 0x200002 0xec 0x0 0x0 0x0 0x0 0x0 0x0 0x9 0x3 0xffffffffffffffff 0xffffffffffffffff 0x0 oops 0 methods 0
ciMethod org/jetbrains/kotlin/com/google/common/collect/ImmutableMap get (Ljava/lang/Object;)Ljava/lang/Object; 0 0 1 0 -1
ciMethod org/jetbrains/kotlin/ir/declarations/IrPackageFragment getPackageFqName ()Lorg/jetbrains/kotlin/name/FqName; 0 0 1 0 -1
ciMethod org/jetbrains/kotlin/ir/declarations/IrAnnotationContainer getAnnotations ()Ljava/util/List; 0 0 1 0 -1
ciMethodData org/jetbrains/kotlin/name/FqNameUnsafe hashCode ()I 2 30301 orig 80 0 0 0 0 0 0 0 0 0 0 0 0 0 0 0 0 0 0 0 0 0 0 0 0 0 0 0 0 0 0 0 0 0 0 0 0 0 0 0 0 0 0 0 0 0 0 0 0 0 0 0 0 0 0 0 0 0 0 0 0 0 0 0 0 0 0 0 0 0 0 0 0 0 0 0 0 0 0 0 0 data 16 0x40005 0x751f 0x0 0x0 0x0 0x0 0x0 0x0 0x0 0x0 0x0 0x0 0x0 0x9 0x1 0x0 oops 0 methods 0
ciMethod org/jetbrains/kotlin/types/model/TypeSystemContext asSimpleType (Lorg/jetbrains/kotlin/types/model/KotlinTypeMarker;)Lorg/jetbrains/kotlin/types/model/SimpleTypeMarker; 0 0 1 0 -1
ciMethod org/jetbrains/kotlin/types/model/TypeSystemContext asFlexibleType (Lorg/jetbrains/kotlin/types/model/KotlinTypeMarker;)Lorg/jetbrains/kotlin/types/model/FlexibleTypeMarker; 0 0 1 0 -1
ciMethod org/jetbrains/kotlin/types/model/TypeSystemContext lowerBound (Lorg/jetbrains/kotlin/types/model/FlexibleTypeMarker;)Lorg/jetbrains/kotlin/types/model/SimpleTypeMarker; 0 0 1 0 -1
ciMethod org/jetbrains/kotlin/types/model/TypeSystemContext typeConstructor (Lorg/jetbrains/kotlin/types/model/SimpleTypeMarker;)Lorg/jetbrains/kotlin/types/model/TypeConstructorMarker; 0 0 1 0 -1
ciMethod org/jetbrains/kotlin/types/model/TypeSystemContext lowerBoundIfFlexible (Lorg/jetbrains/kotlin/types/model/KotlinTypeMarker;)Lorg/jetbrains/kotlin/types/model/SimpleTypeMarker; 8214 0 11766 0 2976
ciMethod org/jetbrains/kotlin/types/model/TypeSystemContext typeConstructor (Lorg/jetbrains/kotlin/types/model/KotlinTypeMarker;)Lorg/jetbrains/kotlin/types/model/TypeConstructorMarker; 798 0 38300 0 224
ciMethod org/jetbrains/kotlin/types/TypeSystemCommonBackendContext hasAnnotation (Lorg/jetbrains/kotlin/types/model/KotlinTypeMarker;Lorg/jetbrains/kotlin/name/FqName;)Z 0 0 1 0 -1
ciMethod org/jetbrains/kotlin/types/TypeSystemCommonBackendContext getPrimitiveType (Lorg/jetbrains/kotlin/types/model/TypeConstructorMarker;)Lorg/jetbrains/kotlin/builtins/PrimitiveType; 0 0 1 0 -1
ciMethod org/jetbrains/kotlin/types/TypeSystemCommonBackendContext getPrimitiveArrayType (Lorg/jetbrains/kotlin/types/model/TypeConstructorMarker;)Lorg/jetbrains/kotlin/builtins/PrimitiveType; 0 0 1 0 -1
ciMethod org/jetbrains/kotlin/types/TypeSystemCommonBackendContext isUnderKotlinPackage (Lorg/jetbrains/kotlin/types/model/TypeConstructorMarker;)Z 0 0 1 0 -1
ciMethod org/jetbrains/kotlin/types/TypeSystemCommonBackendContext getClassFqNameUnsafe (Lorg/jetbrains/kotlin/types/model/TypeConstructorMarker;)Lorg/jetbrains/kotlin/name/FqNameUnsafe; 0 0 1 0 -1
ciMethod org/jetbrains/kotlin/types/TypeSystemCommonBackendContext isClassTypeConstructor (Lorg/jetbrains/kotlin/types/model/TypeConstructorMarker;)Z 0 0 1 0 -1
ciMethod org/jetbrains/kotlin/types/TypeSystemCommonBackendContext isNullableType (Lorg/jetbrains/kotlin/types/model/KotlinTypeMarker;)Z 0 0 1 0 -1
ciMethod org/jetbrains/kotlin/types/KotlinType getConstructor ()Lorg/jetbrains/kotlin/types/TypeConstructor; 0 0 1 0 -1
ciMethod org/jetbrains/kotlin/types/KotlinType unwrap ()Lorg/jetbrains/kotlin/types/UnwrappedType; 0 0 1 0 -1
ciMethod org/jetbrains/kotlin/types/UnwrappedType unwrap ()Lorg/jetbrains/kotlin/types/UnwrappedType; 96 0 48 0 -1
ciMethodData org/jetbrains/kotlin/name/FqNameUnsafe isRoot ()Z 2 98607 orig 80 0 0 0 0 0 0 0 0 0 0 0 0 73 2 0 0 0 0 0 0 0 0 0 0 0 0 0 0 0 0 0 0 0 0 0 0 0 0 0 0 0 0 0 0 0 0 0 0 0 0 0 0 0 0 0 0 0 0 0 0 0 0 0 0 0 0 0 0 0 0 0 0 0 0 0 0 0 0 0 0 data 16 0x40005 0x17fab 0x0 0x0 0x0 0x0 0x0 0x0 0x0 0x0 0x0 0x0 0x0 0x9 0x1 0x0 oops 0 methods 0
ciMethod org/jetbrains/kotlin/fir/declarations/impl/FirRegularClassImpl getName ()Lorg/jetbrains/kotlin/name/Name; 264 0 132 0 0
ciMethod org/jetbrains/kotlin/fir/declarations/FirRegularClass getName ()Lorg/jetbrains/kotlin/name/Name; 0 0 1 0 -1
ciMethod org/jetbrains/kotlin/resolve/jvm/JvmPrimitiveType get (Lorg/jetbrains/kotlin/builtins/PrimitiveType;)Lorg/jetbrains/kotlin/resolve/jvm/JvmPrimitiveType; 36 0 34 0 0
ciMethod org/jetbrains/kotlin/resolve/jvm/JvmPrimitiveType getDesc ()Ljava/lang/String; 102 0 75 0 0
ciMethod org/jetbrains/kotlin/resolve/jvm/JvmPrimitiveType getWrapperFqName ()Lorg/jetbrains/kotlin/name/FqName; 134 0 54 0 -1
ciMethod org/jetbrains/kotlin/resolve/jvm/JvmPrimitiveType $$$reportNull$$$0 (I)V 0 0 1 0 -1
ciMethod org/jetbrains/kotlin/builtins/PrimitiveType$Companion getByShortArrayName (Ljava/lang/String;)Lorg/jetbrains/kotlin/builtins/PrimitiveType; 808 0 1961 0 0
ciMethodData org/jetbrains/kotlin/name/Name asString ()Ljava/lang/String; 2 166424 orig 80 0 0 0 0 0 0 0 0 0 0 0 0 73 2 0 0 0 0 0 0 0 0 0 0 0 0 0 0 0 0 0 0 0 0 0 0 0 0 0 0 0 0 0 0 0 0 0 0 0 0 0 0 0 0 0 0 0 0 0 0 0 0 0 0 0 0 0 0 0 0 0 0 0 0 0 0 0 0 0 0 data 15 0x50007 0x288fd 0x30 0x0 0x90002 0x0 0x0 0x0 0x0 0x0 0x0 0x0 0x9 0x1 0x0 oops 0 methods 0
ciMethodData org/jetbrains/kotlin/name/FqName isRoot ()Z 2 56953 orig 80 0 0 0 0 0 0 0 0 0 0 0 0 73 2 0 0 0 0 0 0 0 0 0 0 0 0 0 0 0 0 0 0 0 0 0 0 0 0 0 0 0 0 0 0 0 0 0 0 0 0 0 0 0 0 0 0 0 0 0 0 0 0 0 0 0 0 0 0 0 0 0 0 0 0 0 0 0 0 0 0 data 16 0x40005 0xdced 0x0 0x0 0x0 0x0 0x0 0x0 0x0 0x0 0x0 0x0 0x0 0x9 0x1 0x0 oops 0 methods 0
ciMethodData org/jetbrains/kotlin/name/FqName equals (Ljava/lang/Object;)Z 2 16011 orig 80 1 0 0 0 0 0 0 0 0 0 0 0 73 2 0 0 0 1 0 0 0 0 0 0 0 0 0 0 0 0 0 0 0 0 0 0 0 0 0 0 0 0 0 0 0 0 0 0 0 0 0 0 0 0 0 0 0 0 0 0 0 0 0 0 0 0 0 0 0 0 0 0 0 0 0 0 0 0 0 0 data 43 0x20007 0x3a0e 0x20 0x2fc 0x8000000100080104 0xfffffffffffffd7f 0x0 0x24905bea840 0x378d 0x0 0x0 0xb0007 0x378d 0x20 0x282 0x110004 0x0 0x0 0x24905bea840 0x378d 0x0 0x0 0x1d0005 0x378d 0x0 0x0 0x0 0x0 0x0 0x200007 0x740 0x20 0x304d 0x0 0x0 0x0 0x0 0x0 0x0 0x9 0x2 0x0 0x0 oops 2 7 org/jetbrains/kotlin/name/FqName 18 org/jetbrains/kotlin/name/FqName methods 0
ciMethodData org/jetbrains/kotlin/name/FqNameUnsafe equals (Ljava/lang/Object;)Z 2 13812 orig 80 0 0 0 0 0 0 0 0 0 0 0 0 0 0 0 0 0 0 0 0 0 0 0 0 0 0 0 0 0 0 0 0 0 0 0 0 0 0 0 0 0 0 0 0 0 0 0 0 0 0 0 0 0 0 0 0 0 0 0 0 0 0 0 0 0 0 0 0 0 0 0 0 0 0 0 0 0 0 0 0 data 43 0x20007 0x3427 0x20 0x4f 0x80004 0x0 0x0 0x249093ba0e0 0x3427 0x0 0x0 0xb0007 0x3427 0x20 0x0 0x110004 0x0 0x0 0x249093ba0e0 0x3427 0x0 0x0 0x1d0005 0x3427 0x0 0x0 0x0 0x0 0x0 0x200007 0x6cc 0x20 0x2d5b 0x0 0x0 0x0 0x0 0x0 0x0 0x9 0x2 0x0 0x0 oops 2 7 org/jetbrains/kotlin/name/FqNameUnsafe 18 org/jetbrains/kotlin/name/FqNameUnsafe methods 0
ciMethodData org/jetbrains/kotlin/name/FqName toUnsafe ()Lorg/jetbrains/kotlin/name/FqNameUnsafe; 2 30051 orig 80 0 0 0 0 0 0 0 0 0 0 0 0 0 0 0 0 0 0 0 0 0 0 0 0 0 0 0 0 0 0 0 0 0 0 0 0 0 0 0 0 0 0 0 0 0 0 0 0 0 0 0 0 0 0 0 0 0 0 0 0 0 0 0 0 0 0 0 0 0 0 0 0 0 0 0 0 0 0 0 0 data 15 0x50007 0x6d25 0x30 0x0 0x90002 0x0 0x0 0x0 0x0 0x0 0x0 0x0 0x9 0x1 0x0 oops 0 methods 0
ciMethodData org/jetbrains/kotlin/name/FqName asString ()Ljava/lang/String; 2 89775 orig 80 0 0 0 0 0 0 0 0 0 0 0 0 73 2 0 0 0 0 0 0 0 0 0 0 0 0 0 0 0 0 0 0 0 0 0 0 0 0 0 0 0 0 0 0 0 0 0 0 0 0 0 0 0 0 0 0 0 0 0 0 0 0 0 0 0 0 0 0 0 0 0 0 0 0 0 0 0 0 0 0 data 22 0x40005 0x15679 0x0 0x0 0x0 0x0 0x0 0x80007 0x15679 0x30 0x0 0xc0002 0x0 0x0 0x0 0x0 0x0 0x0 0x0 0x9 0x1 0x0 oops 0 methods 0
ciMethodData org/jetbrains/kotlin/name/FqNameUnsafe asString ()Ljava/lang/String; 2 93485 orig 80 0 0 0 0 0 0 0 0 0 0 0 0 0 0 0 0 0 0 0 0 0 0 0 0 0 0 0 0 0 0 0 0 0 0 0 0 0 0 0 0 0 0 0 0 0 0 0 0 0 0 0 0 0 0 0 0 0 0 0 0 0 0 0 0 0 0 0 0 0 0 0 0 0 0 0 0 0 0 0 0 data 15 0x50007 0x16bf3 0x30 0x0 0x90002 0x0 0x0 0x0 0x0 0x0 0x0 0x0 0x9 0x1 0x0 oops 0 methods 0
ciMethod org/jetbrains/kotlin/resolve/jvm/JvmClassName internalNameByClassId (Lorg/jetbrains/kotlin/name/ClassId;)Ljava/lang/String; 1024 0 3904 0 0
ciMethod org/jetbrains/kotlin/resolve/jvm/JvmClassName $$$reportNull$$$0 (I)V 0 0 1 0 -1
ciMethod org/jetbrains/org/objectweb/asm/Type <init> (ILjava/lang/String;II)V 348 0 13242 0 0
ciMethod org/jetbrains/org/objectweb/asm/Type getType (Ljava/lang/String;)Lorg/jetbrains/org/objectweb/asm/Type; 0 0 6331 0 -1
ciMethod org/jetbrains/org/objectweb/asm/Type getObjectType (Ljava/lang/String;)Lorg/jetbrains/org/objectweb/asm/Type; 0 0 5959 0 0
ciMethod org/jetbrains/org/objectweb/asm/Type getSort ()I 1024 0 26921 0 -1
ciMethod org/jetbrains/kotlin/builtins/jvm/JavaToKotlinClassMap getMutabilityMappings ()Ljava/util/List; 0 0 1 0 -1
ciMethod org/jetbrains/kotlin/builtins/jvm/JavaToKotlinClassMap mapKotlinToJava (Lorg/jetbrains/kotlin/name/FqNameUnsafe;)Lorg/jetbrains/kotlin/name/ClassId; 528 0 6874 0 0
ciMethod org/jetbrains/kotlin/builtins/jvm/JavaToKotlinClassMap isKotlinFunctionWithBigArity (Lorg/jetbrains/kotlin/name/FqNameUnsafe;Ljava/lang/String;)Z 4104 0 7180 0 1248
ciMethod org/jetbrains/kotlin/builtins/jvm/JavaToKotlinClassMap$PlatformMutabilityMapping getJavaClass ()Lorg/jetbrains/kotlin/name/ClassId; 0 0 1 0 -1
ciMethod org/jetbrains/kotlin/fir/java/declarations/FirJavaClass getName ()Lorg/jetbrains/kotlin/name/Name; 262 0 131 0 0
ciMethodData org/jetbrains/org/objectweb/asm/Type <init> (ILjava/lang/String;II)V 2 13242 orig 80 0 0 0 0 0 0 0 0 0 0 0 0 0 0 0 0 0 0 0 0 0 0 0 0 0 0 0 0 0 0 0 0 0 0 0 0 0 0 0 0 0 0 0 0 0 0 0 0 0 0 0 0 0 0 0 0 0 0 0 0 0 0 0 0 0 0 0 0 0 0 0 0 0 0 0 0 0 0 0 0 data 13 0x10002 0x330c 0x0 0x0 0x0 0x0 0x9 0x5 0xe 0x0 0x0 0x0 0x0 oops 0 methods 0
ciMethod org/jetbrains/kotlin/load/java/typeEnhancement/TypeEnhancementUtilsKt hasEnhancedNullability (Lorg/jetbrains/kotlin/types/TypeSystemCommonBackendContext;Lorg/jetbrains/kotlin/types/model/KotlinTypeMarker;)Z 416 0 1627 0 0
ciMethodData org/jetbrains/org/objectweb/asm/Type getType (Ljava/lang/String;)Lorg/jetbrains/org/objectweb/asm/Type; 2 6588 orig 80 0 0 0 0 0 0 0 0 0 0 0 0 0 0 0 0 0 0 0 0 0 0 0 0 0 0 0 0 0 0 0 0 0 0 0 0 0 0 0 0 0 0 0 0 0 0 0 0 0 0 0 0 0 0 0 0 0 0 0 0 0 0 0 0 0 0 0 0 0 0 0 0 0 0 0 0 0 0 0 0 data 18 0x30005 0x19bc 0x0 0x0 0x0 0x0 0x0 0x60002 0x19bc 0x0 0x0 0x0 0x0 0x0 0x0 0x9 0x1 0xffffffffffffffff oops 0 methods 0
ciMethodData org/jetbrains/org/objectweb/asm/Type getObjectType (Ljava/lang/String;)Lorg/jetbrains/org/objectweb/asm/Type; 2 5959 orig 80 0 0 0 0 0 0 0 0 0 0 0 0 0 0 0 0 0 0 0 0 0 0 0 0 0 0 0 0 0 0 0 0 0 0 0 0 0 0 0 0 0 0 0 0 0 0 0 0 0 0 0 0 0 0 0 0 0 0 0 0 0 0 0 0 0 0 0 0 0 0 0 0 0 0 0 0 0 0 0 0 data 32 0x60005 0x1747 0x0 0x0 0x0 0x0 0x0 0xb0007 0x1745 0x38 0x2 0x100003 0x2 0x18 0x180005 0x1747 0x0 0x0 0x0 0x0 0x0 0x1b0002 0x1747 0x0 0x0 0x0 0x0 0x0 0x0 0x9 0x1 0x0 oops 0 methods 0
ciMethodData org/jetbrains/kotlin/builtins/jvm/JavaToKotlinClassMap isKotlinFunctionWithBigArity (Lorg/jetbrains/kotlin/name/FqNameUnsafe;Ljava/lang/String;)Z 2 7180 orig 80 0 0 0 0 0 0 0 0 0 0 0 0 73 2 0 0 0 0 0 0 0 0 0 0 0 0 0 0 0 0 0 0 0 0 0 0 0 0 0 0 0 0 0 0 0 0 0 0 0 0 0 0 0 0 0 0 0 0 0 0 0 0 0 0 0 0 0 0 0 0 0 0 0 0 0 0 0 0 0 0 data 78 0x10005 0x1408 0x0 0x0 0x0 0x0 0x0 0x70002 0x1408 0x100002 0x1408 0x130007 0x4 0x20 0x1404 0x1a0005 0x4 0x0 0x0 0x0 0x0 0x0 0x1d0005 0x4 0x0 0x0 0x0 0x0 0x0 0x230002 0x4 0x2a0004 0x0 0x0 0x0 0x0 0x0 0x0 0x320002 0x4 0x350007 0x1 0x48 0x3 0x3a0002 0x3 0x3d0003 0x3 0x18 0x460007 0x1 0x90 0x2 0x4b0005 0x2 0x0 0x0 0x0 0x0 0x0 0x500007 0x2 0x38 0x0 0x540003 0x0 0x18 0x0 0x0 0x0 0x0 0x0 0x0 0x9 0x3 0x0 0x0 0x0 oops 0 methods 0
ciMethodData kotlin/text/StringsKt__StringsKt startsWith$default (Ljava/lang/CharSequence;CZILjava/lang/Object;)Z 1 4 orig 80 0 0 0 0 0 0 0 0 0 0 0 0 0 0 0 0 0 0 0 0 0 0 0 0 0 0 0 0 0 0 0 0 0 0 0 0 0 0 0 0 0 0 0 0 0 0 0 0 0 0 0 0 0 0 0 0 0 0 0 0 0 0 0 0 0 0 0 0 0 0 0 0 0 0 0 0 0 0 0 0 data 19 0x30007 0x0 0x20 0x4 0xb0002 0x4 0x0 0x0 0x0 0x0 0x0 0x0 0x9 0x5 0xffffffffffffffff 0x0 0x0 0x0 0x0 oops 0 methods 0
ciMethodData kotlin/text/StringsKt__StringsKt startsWith (Ljava/lang/CharSequence;CZ)Z 1 6 orig 80 0 0 0 0 0 0 0 0 0 0 0 0 0 0 0 0 0 0 0 0 0 0 0 0 0 0 0 0 0 0 0 0 0 0 0 0 0 0 0 0 0 0 0 0 0 0 0 0 0 0 0 0 0 0 0 0 0 0 0 0 0 0 0 0 0 0 0 0 0 0 0 0 0 0 0 0 0 0 0 0 data 40 0x30002 0x6 0x70005 0x0 0x0 0x2493bbaa900 0x6 0x0 0x0 0xc0007 0x3 0xa0 0x3 0x110005 0x0 0x0 0x2493bbaa900 0x3 0x0 0x0 0x180002 0x3 0x1b0007 0x2 0x38 0x1 0x1f0003 0x1 0x18 0x0 0x0 0x0 0x0 0x0 0x0 0x9 0x3 0xffffffffffffffff 0x0 0x0 oops 2 5 java/lang/String 16 java/lang/String methods 0
ciMethodData kotlin/text/StringsKt__StringNumberConversionsKt toIntOrNull (Ljava/lang/String;)Ljava/lang/Integer; 1 47 orig 80 0 0 0 0 0 0 0 0 0 0 0 0 0 0 0 0 0 0 0 0 0 0 0 0 0 0 0 0 0 0 0 0 0 0 0 0 0 0 0 0 0 0 0 0 0 0 0 0 0 0 0 0 0 0 0 0 0 0 0 0 0 0 0 0 0 0 0 0 0 0 0 0 0 0 0 0 0 0 0 0 data 13 0x30002 0x2e 0x90002 0x2e 0x0 0x0 0x0 0x0 0x0 0x0 0x9 0x1 0xffffffffffffffff oops 0 methods 0
ciMethodData kotlin/text/StringsKt__StringNumberConversionsKt toIntOrNull (Ljava/lang/String;I)Ljava/lang/Integer; 1 49 orig 80 0 0 0 0 0 0 0 0 0 0 0 0 0 0 0 0 0 0 0 0 0 0 0 0 0 0 0 0 0 0 0 0 0 0 0 0 0 0 0 0 0 0 0 0 0 0 0 0 0 0 0 0 0 0 0 0 0 0 0 0 0 0 0 0 0 0 0 0 0 0 0 0 0 0 0 0 0 0 0 0 data 105 0x30002 0x30 0x70002 0x30 0xc0005 0x30 0x0 0x0 0x0 0x0 0x0 0x110007 0x18 0x20 0x18 0x200005 0x18 0x0 0x0 0x0 0x0 0x0 0x290002 0x18 0x2c0007 0x18 0xc0 0x0 0x310007 0x0 0x20 0x0 0x3a0008 0x8 0x0 0x80 0x0 0x68 0x0 0x80 0x0 0x50 0x5b0003 0x0 0x30 0x650003 0x0 0x18 0x840007 0xa 0x120 0x18 0x8a0005 0x18 0x0 0x0 0x0 0x0 0x0 0x8e0002 0x18 0x950007 0xa 0x20 0xe 0x9e0007 0xa 0x60 0x0 0xa50007 0x0 0x40 0x0 0xb20007 0x0 0x20 0x0 0xc60007 0xa 0x20 0x0 0xd50003 0xa 0xfffffffffffffef8 0xda0007 0xa 0x48 0x0 0xdf0002 0x0 0xe20003 0x0 0x28 0xe80002 0xa 0x0 0x0 0x0 0x0 0x0 0x0 0x9 0x2 0x0 0x0 oops 0 methods 0
ciMethodData org/jetbrains/kotlin/types/model/TypeSystemContext typeConstructor (Lorg/jetbrains/kotlin/types/model/KotlinTypeMarker;)Lorg/jetbrains/kotlin/types/model/TypeConstructorMarker; 2 38300 orig 80 4 0 0 0 1 0 0 0 0 0 0 0 73 2 0 0 0 0 0 0 4 0 0 4 0 0 0 0 0 0 0 0 0 0 0 0 0 0 0 0 0 0 0 0 0 0 0 0 0 0 0 0 0 0 0 0 0 0 0 0 0 0 0 0 0 0 0 0 0 0 0 0 0 0 0 0 0 0 0 0 data 37 0x30002 0x940d 0xffffffff00090005 0x1c 0x0 0x249057f5b30 0x7deb 0x249057f5be0 0x160e 0xf0007 0x85f8 0x58 0xe1f 0x150005 0x0 0x0 0x249057f5b30 0xe1f 0x0 0x0 0x1a0005 0x1c 0x0 0x249057f5b30 0x7ded 0x249057f5be0 0x160e 0x0 0x0 0x0 0x0 0x0 0x0 0x9 0x2 0xffffffffffffffff 0xffffffffffffffff oops 5 5 org/jetbrains/kotlin/fir/types/TypeComponents$typeContext$1 7 org/jetbrains/kotlin/backend/jvm/JvmIrTypeSystemContext 16 org/jetbrains/kotlin/fir/types/TypeComponents$typeContext$1 23 org/jetbrains/kotlin/fir/types/TypeComponents$typeContext$1 25 org/jetbrains/kotlin/backend/jvm/JvmIrTypeSystemContext methods 0
ciMethodData org/jetbrains/kotlin/types/model/TypeSystemContext lowerBoundIfFlexible (Lorg/jetbrains/kotlin/types/model/KotlinTypeMarker;)Lorg/jetbrains/kotlin/types/model/SimpleTypeMarker; 2 11766 orig 80 3 0 0 0 0 0 0 0 0 0 0 0 73 2 0 0 0 0 0 0 6 0 0 0 0 0 0 0 0 0 0 0 0 0 0 0 0 0 0 0 0 0 0 0 0 0 0 0 0 0 0 0 0 0 0 0 0 0 0 0 0 0 0 0 0 0 0 0 0 0 0 0 0 0 0 0 0 0 0 0 data 43 0x30002 0x1deb 0x8000000400080005 0x0 0x0 0x249057f5b30 0x1d4e 0x249057f5be0 0xa1 0xe0007 0x1c29 0x78 0x1ca 0x8000000400130005 0x0 0x0 0x249057f5b30 0x1c3 0x249057f5be0 0x9 0x190007 0x1cc 0x68 0x0 0x1f0005 0x0 0x0 0x249057f5b30 0x1b8f 0x249057f5be0 0x9a 0x250002 0x1c29 0x0 0x0 0x0 0x0 0x0 0x0 0x9 0x2 0xffffffffffffffff 0xffffffffffffffff oops 6 5 org/jetbrains/kotlin/fir/types/TypeComponents$typeContext$1 7 org/jetbrains/kotlin/backend/jvm/JvmIrTypeSystemContext 16 org/jetbrains/kotlin/fir/types/TypeComponents$typeContext$1 18 org/jetbrains/kotlin/backend/jvm/JvmIrTypeSystemContext 27 org/jetbrains/kotlin/fir/types/TypeComponents$typeContext$1 29 org/jetbrains/kotlin/backend/jvm/JvmIrTypeSystemContext methods 0
ciMethodData org/jetbrains/kotlin/builtins/jvm/JavaToKotlinClassMap mapKotlinToJava (Lorg/jetbrains/kotlin/name/FqNameUnsafe;)Lorg/jetbrains/kotlin/name/ClassId; 2 6884 orig 80 0 0 0 0 0 0 0 0 0 0 0 0 73 2 0 0 0 0 0 0 0 0 0 0 0 0 0 0 0 0 0 0 0 0 0 0 0 0 0 0 0 0 0 0 0 0 0 0 0 0 0 0 0 0 0 0 0 0 0 0 0 0 0 0 0 0 0 0 0 0 0 0 0 0 0 0 0 0 0 0 data 62 0x30002 0x19dc 0xc0002 0x19dc 0xf0007 0x19dc 0x38 0x0 0x150003 0x0 0x160 0x1d0002 0x19dc 0x200007 0x19dc 0x38 0x0 0x260003 0x0 0x118 0x2e0002 0x19dc 0x310007 0x19dc 0x38 0x0 0x370003 0x0 0xd0 0x3f0002 0x19dc 0x420007 0x19dc 0x38 0x0 0x480003 0x0 0x88 0x4f0005 0x0 0x0 0x24907197a30 0x19dc 0x0 0x0 0x520104 0x0 0x0 0x249093bb190 0x9c7 0x0 0x0 0x0 0x0 0x0 0x0 0x0 0x0 0x9 0x2 0x0 0x0 oops 2 41 java/util/HashMap 48 org/jetbrains/kotlin/name/ClassId methods 0
ciMethodData org/jetbrains/org/objectweb/asm/Type getSort ()I 2 26921 orig 80 0 0 0 0 0 0 0 0 0 0 0 0 0 0 0 0 0 0 0 0 0 0 0 0 0 0 0 0 0 0 0 0 0 0 0 0 0 0 0 0 0 0 0 0 0 0 0 0 0 0 0 0 0 0 0 0 0 0 0 0 0 0 0 0 0 0 0 0 0 0 0 0 0 0 0 0 0 0 0 0 data 14 0x60007 0x5855 0x38 0xed5 0xb0003 0xed5 0x18 0x0 0x0 0x0 0x0 0x9 0x1 0x0 oops 0 methods 0
ciMethodData org/jetbrains/kotlin/resolve/jvm/JvmClassName internalNameByClassId (Lorg/jetbrains/kotlin/name/ClassId;)Ljava/lang/String; 2 3925 orig 80 0 0 0 0 0 0 0 0 0 0 0 0 0 0 0 0 0 0 0 0 0 0 0 0 0 0 0 0 0 0 0 0 0 0 0 0 0 0 0 0 0 0 0 0 0 0 0 0 0 0 0 0 0 0 0 0 0 0 0 0 0 0 0 0 0 0 0 0 0 0 0 0 0 0 0 0 0 0 0 0 data 107 0x10007 0xd56 0x30 0x0 0x50002 0x0 0x90005 0xd56 0x0 0x0 0x0 0x0 0x0 0xe0005 0xd56 0x0 0x0 0x0 0x0 0x0 0x110005 0xd56 0x0 0x0 0x0 0x0 0x0 0x180005 0xd56 0x0 0x0 0x0 0x0 0x0 0x1d0005 0xd56 0x0 0x0 0x0 0x0 0x0 0x200007 0xd56 0x38 0x0 0x240003 0x0 0x178 0x2b0002 0xd56 0x2f0005 0xd56 0x0 0x0 0x0 0x0 0x0 0x360005 0xd56 0x0 0x0 0x0 0x0 0x0 0x390005 0xd56 0x0 0x0 0x0 0x0 0x0 0x3e0005 0xd56 0x0 0x0 0x0 0x0 0x0 0x420005 0xd56 0x0 0x0 0x0 0x0 0x0 0x450005 0xd56 0x0 0x0 0x0 0x0 0x0 0x490007 0xd56 0x30 0x0 0x4d0002 0x0 0x0 0x0 0x0 0x0 0x0 0x0 0x9 0x1 0x0 oops 0 methods 0
ciMethod org/jetbrains/kotlin/ir/declarations/impl/IrExternalPackageFragmentImpl getPackageFqName ()Lorg/jetbrains/kotlin/name/FqName; 260 0 130 0 0
ciMethod org/jetbrains/kotlin/ir/symbols/IrSymbol getOwner ()Lorg/jetbrains/kotlin/ir/declarations/IrSymbolOwner; 0 0 1 0 -1
ciMethod org/jetbrains/kotlin/ir/symbols/IrSymbol getSignature ()Lorg/jetbrains/kotlin/ir/util/IdSignature; 0 0 1 0 -1
ciMethod org/jetbrains/kotlin/ir/util/IrUtilsKt getFqNameWhenAvailable (Lorg/jetbrains/kotlin/ir/declarations/IrDeclarationWithName;)Lorg/jetbrains/kotlin/name/FqName; 1024 0 7913 0 12576
ciMethod org/jetbrains/kotlin/ir/util/IrUtilsKt computeFqNameString (Lorg/jetbrains/kotlin/ir/declarations/IrDeclarationWithName;Ljava/lang/StringBuilder;)Z 1024 0 12443 0 -1
ciMethod org/jetbrains/kotlin/ir/util/IrUtilsKt getParentAsClass (Lorg/jetbrains/kotlin/ir/declarations/IrDeclaration;)Lorg/jetbrains/kotlin/ir/declarations/IrClass; 768 0 10935 0 -1
ciMethod org/jetbrains/kotlin/ir/util/IrUtilsKt hasAnnotation (Lorg/jetbrains/kotlin/ir/declarations/IrAnnotationContainer;Lorg/jetbrains/kotlin/name/FqName;)Z 1024 216 6762 0 6784
ciMethod org/jetbrains/kotlin/ir/symbols/impl/IrSymbolWithSignature getSignature ()Lorg/jetbrains/kotlin/ir/util/IdSignature; 260 0 130 0 0
ciMethod org/jetbrains/kotlin/ir/symbols/impl/IrSymbolBase getOwner ()Lorg/jetbrains/kotlin/ir/declarations/IrSymbolOwner; 1024 0 5648 0 96
ciMethod org/jetbrains/kotlin/ir/declarations/impl/IrClassImpl getName ()Lorg/jetbrains/kotlin/name/Name; 274 0 137 0 0
ciMethod org/jetbrains/kotlin/ir/declarations/IrDeclaration getParent ()Lorg/jetbrains/kotlin/ir/declarations/IrDeclarationParent; 0 0 1 0 -1
ciMethod org/jetbrains/kotlin/ir/declarations/IrDeclarationWithName getName ()Lorg/jetbrains/kotlin/name/Name; 0 0 1 0 -1
ciMethod org/jetbrains/kotlin/ir/declarations/IrDeclarationBase getParent ()Lorg/jetbrains/kotlin/ir/declarations/IrDeclarationParent; 1024 0 184904 0 96
ciMethod org/jetbrains/kotlin/ir/types/impl/IrSimpleTypeImpl getClassifier ()Lorg/jetbrains/kotlin/ir/symbols/IrClassifierSymbol; 262 0 131 0 0
ciMethod org/jetbrains/kotlin/ir/types/impl/IrSimpleTypeImpl getNullability ()Lorg/jetbrains/kotlin/ir/types/SimpleTypeNullability; 426 0 213 0 0
ciMethod org/jetbrains/kotlin/ir/types/IrSimpleType getClassifier ()Lorg/jetbrains/kotlin/ir/symbols/IrClassifierSymbol; 0 0 1 0 -1
ciMethod org/jetbrains/kotlin/ir/types/IrSimpleType getNullability ()Lorg/jetbrains/kotlin/ir/types/SimpleTypeNullability; 0 0 1 0 -1
ciMethod org/jetbrains/kotlin/ir/symbols/IrFunctionSymbol getOwner ()Lorg/jetbrains/kotlin/ir/declarations/IrFunction; 0 0 1 0 -1
ciMethod org/jetbrains/kotlin/builtins/KotlinBuiltIns isUnderKotlinPackage (Lorg/jetbrains/kotlin/descriptors/DeclarationDescriptor;)Z 80 80 40 0 -1
ciMethod org/jetbrains/kotlin/builtins/KotlinBuiltIns getPrimitiveType (Lorg/jetbrains/kotlin/descriptors/DeclarationDescriptor;)Lorg/jetbrains/kotlin/builtins/PrimitiveType; 48 0 24 0 -1
ciMethod org/jetbrains/kotlin/builtins/KotlinBuiltIns getPrimitiveArrayType (Lorg/jetbrains/kotlin/descriptors/DeclarationDescriptor;)Lorg/jetbrains/kotlin/builtins/PrimitiveType; 32 0 16 0 -1
ciMethod org/jetbrains/kotlin/resolve/descriptorUtil/DescriptorUtilsKt getFqNameUnsafe (Lorg/jetbrains/kotlin/descriptors/DeclarationDescriptor;)Lorg/jetbrains/kotlin/name/FqNameUnsafe; 80 0 40 0 -1
ciMethod org/jetbrains/kotlin/ir/expressions/IrConstructorCall getSymbol ()Lorg/jetbrains/kotlin/ir/symbols/IrConstructorSymbol; 0 0 1 0 -1
ciMethod org/jetbrains/kotlin/ir/types/IrErrorType isMarkedNullable ()Z 0 0 1 0 -1
ciMethod org/jetbrains/kotlin/ir/types/IrErrorType getSymbol ()Lorg/jetbrains/kotlin/ir/symbols/IrClassSymbol; 0 0 1 0 -1
ciMethod org/jetbrains/kotlin/ir/declarations/impl/IrFileImpl getPackageFqName ()Lorg/jetbrains/kotlin/name/FqName; 286 0 143 0 0
ciMethod org/jetbrains/kotlin/fir/lazy/Fir2IrLazyClass getFir ()Lorg/jetbrains/kotlin/fir/declarations/FirRegularClass; 420 0 210 0 0
ciMethod org/jetbrains/kotlin/fir/lazy/Fir2IrLazyClass getName ()Lorg/jetbrains/kotlin/name/Name; 518 0 23143 0 160
ciMethod org/jetbrains/kotlin/ir/declarations/impl/IrTypeParameterImpl getSuperTypes ()Ljava/util/List; 266 0 133 0 0
ciMethod org/jetbrains/kotlin/ir/declarations/IrTypeParameter getSuperTypes ()Ljava/util/List; 0 0 1 0 -1
ciMethod org/jetbrains/kotlin/ir/types/impl/IrCapturedType getConstructor ()Lorg/jetbrains/kotlin/ir/types/impl/IrCapturedType$Constructor; 0 0 1 0 -1
ciMethod org/jetbrains/kotlin/ir/util/AdditionalIrUtilsKt hasEqualFqName (Lorg/jetbrains/kotlin/ir/declarations/IrDeclarationWithName;Lorg/jetbrains/kotlin/name/FqName;)Z 764 0 5512 0 -1
ciMethodData org/jetbrains/kotlin/ir/symbols/impl/IrSymbolBase getOwner ()Lorg/jetbrains/kotlin/ir/declarations/IrSymbolOwner; 2 5648 orig 80 0 0 0 0 0 0 0 0 0 0 0 0 0 0 0 0 0 0 0 0 0 0 0 0 0 0 0 0 0 0 0 0 0 0 0 0 0 0 0 0 0 0 0 0 0 0 0 0 0 0 0 0 0 0 0 0 0 0 0 0 0 0 0 0 0 0 0 0 0 0 0 0 0 0 0 0 0 0 0 0 data 73 0x50007 0x1411 0x200 0x0 0x110002 0x0 0x150005 0x0 0x0 0x0 0x0 0x0 0x0 0x180005 0x0 0x0 0x0 0x0 0x0 0x0 0x1b0005 0x0 0x0 0x0 0x0 0x0 0x0 0x200005 0x0 0x0 0x0 0x0 0x0 0x0 0x240005 0x0 0x0 0x0 0x0 0x0 0x0 0x270005 0x0 0x0 0x0 0x0 0x0 0x0 0x2a0005 0x0 0x0 0x0 0x0 0x0 0x0 0x2d0005 0x0 0x0 0x0 0x0 0x0 0x0 0x300002 0x0 0x0 0x0 0x0 0x0 0x0 0x0 0x9 0x1 0xffffffffffffffff oops 0 methods 0
ciMethodData org/jetbrains/kotlin/ir/declarations/IrDeclarationBase getParent ()Lorg/jetbrains/kotlin/ir/declarations/IrDeclarationParent; 2 184904 orig 80 0 0 0 0 0 0 0 0 0 0 0 0 0 0 0 0 0 0 0 0 0 0 0 0 0 0 0 0 0 0 0 0 0 0 0 0 0 0 0 0 0 0 0 0 0 0 0 0 0 0 0 0 0 0 0 0 0 0 0 0 0 0 0 0 0 0 0 0 0 0 0 0 0 0 0 0 0 0 0 0 data 15 0x50007 0x0 0x20 0x2d049 0xc0002 0x0 0x0 0x0 0x0 0x0 0x0 0x0 0x9 0x1 0x0 oops 0 methods 0
ciMethod org/jetbrains/kotlin/ir/util/IdSignature$CommonSignature getPackageFqName ()Ljava/lang/String; 258 0 129 0 -1
ciMethod org/jetbrains/kotlin/ir/util/IdSignature$CommonSignature getDeclarationFqName ()Ljava/lang/String; 258 0 129 0 -1
ciMethod org/jetbrains/kotlin/ir/util/IdSignature asPublic ()Lorg/jetbrains/kotlin/ir/util/IdSignature$CommonSignature; 0 0 1 0 -1
ciMethodData org/jetbrains/kotlin/fir/lazy/Fir2IrLazyClass getName ()Lorg/jetbrains/kotlin/name/Name; 2 23143 orig 80 0 0 0 0 0 0 0 0 0 0 0 0 73 2 0 0 0 0 0 0 0 0 0 0 0 0 0 0 0 0 0 0 0 0 0 0 0 0 0 0 0 0 0 0 0 0 0 0 0 0 0 0 0 0 0 0 0 0 0 0 0 0 0 0 0 0 0 0 0 0 0 0 0 0 0 0 0 0 0 0 data 23 0x10005 0x5964 0x0 0x0 0x0 0x0 0x0 0x40005 0x0 0x0 0x2497db0cee0 0x5574 0x2497db0cf90 0x3f0 0x0 0x0 0x0 0x0 0x0 0x0 0x9 0x1 0x0 oops 2 10 org/jetbrains/kotlin/fir/declarations/impl/FirRegularClassImpl 12 org/jetbrains/kotlin/fir/java/declarations/FirJavaClass methods 0
ciMethod org/jetbrains/kotlin/ir/types/IrTypeSystemContext isClassTypeConstructor (Lorg/jetbrains/kotlin/types/model/TypeConstructorMarker;)Z 0 0 1 0 -1
ciMethod org/jetbrains/kotlin/ir/types/IrTypeSystemContext isNullableType (Lorg/jetbrains/kotlin/types/model/KotlinTypeMarker;)Z 0 0 1 0 -1
ciMethod org/jetbrains/kotlin/ir/types/IrTypeSystemContext hasAnnotation (Lorg/jetbrains/kotlin/types/model/KotlinTypeMarker;Lorg/jetbrains/kotlin/name/FqName;)Z 0 0 1 0 -1
ciMethod org/jetbrains/kotlin/ir/types/IrTypeSystemContext getPrimitiveType (Lorg/jetbrains/kotlin/types/model/TypeConstructorMarker;)Lorg/jetbrains/kotlin/builtins/PrimitiveType; 0 0 1 0 -1
ciMethod org/jetbrains/kotlin/ir/types/IrTypeSystemContext getPrimitiveArrayType (Lorg/jetbrains/kotlin/types/model/TypeConstructorMarker;)Lorg/jetbrains/kotlin/builtins/PrimitiveType; 0 0 1 0 -1
ciMethod org/jetbrains/kotlin/ir/types/IrTypeSystemContext isUnderKotlinPackage (Lorg/jetbrains/kotlin/types/model/TypeConstructorMarker;)Z 0 0 1 0 -1
ciMethod org/jetbrains/kotlin/ir/types/IrTypeSystemContext getClassFqNameUnsafe (Lorg/jetbrains/kotlin/types/model/TypeConstructorMarker;)Lorg/jetbrains/kotlin/name/FqNameUnsafe; 0 0 1 0 -1
ciMethod org/jetbrains/kotlin/backend/jvm/JvmIrTypeSystemContext asSimpleType (Lorg/jetbrains/kotlin/types/model/KotlinTypeMarker;)Lorg/jetbrains/kotlin/types/model/SimpleTypeMarker; 1024 0 5906 0 128
ciMethod org/jetbrains/kotlin/backend/jvm/JvmIrTypeSystemContext typeConstructor (Lorg/jetbrains/kotlin/types/model/SimpleTypeMarker;)Lorg/jetbrains/kotlin/types/model/TypeConstructorMarker; 1024 0 6678 0 256
ciMethod org/jetbrains/kotlin/backend/jvm/JvmIrTypeSystemContext isClassTypeConstructor (Lorg/jetbrains/kotlin/types/model/TypeConstructorMarker;)Z 1024 0 6659 0 160
ciMethod org/jetbrains/kotlin/backend/jvm/JvmIrTypeSystemContext isNullableType (Lorg/jetbrains/kotlin/types/model/KotlinTypeMarker;)Z 1024 0 1722 0 0
ciMethod org/jetbrains/kotlin/backend/jvm/JvmIrTypeSystemContext hasAnnotation (Lorg/jetbrains/kotlin/types/model/KotlinTypeMarker;Lorg/jetbrains/kotlin/name/FqName;)Z 1024 0 1978 0 0
ciMethod org/jetbrains/kotlin/backend/jvm/JvmIrTypeSystemContext getPrimitiveArrayType (Lorg/jetbrains/kotlin/types/model/TypeConstructorMarker;)Lorg/jetbrains/kotlin/builtins/PrimitiveType; 1024 0 4901 0 0
ciMethod org/jetbrains/kotlin/backend/jvm/JvmIrTypeSystemContext isUnderKotlinPackage (Lorg/jetbrains/kotlin/types/model/TypeConstructorMarker;)Z 1024 0 4877 0 0
ciMethod org/jetbrains/kotlin/backend/jvm/JvmIrTypeSystemContext getClassFqNameUnsafe (Lorg/jetbrains/kotlin/types/model/TypeConstructorMarker;)Lorg/jetbrains/kotlin/name/FqNameUnsafe; 1024 0 2192 0 0
ciMethod org/jetbrains/kotlin/ir/types/IrTypeUtilsKt isNullable (Lorg/jetbrains/kotlin/ir/types/IrType;)Z 420 0 4793 0 0
ciMethod org/jetbrains/kotlin/ir/overrides/FakeOverrideCopier copyValueParameter (Lorg/jetbrains/kotlin/ir/declarations/IrValueParameter;Lorg/jetbrains/kotlin/ir/declarations/IrDeclarationParent;)Lorg/jetbrains/kotlin/ir/declarations/IrValueParameter; 972 0 6729 0 -1
ciMethod org/jetbrains/kotlin/ir/types/IrTypeSystemContext$DefaultImpls asSimpleType (Lorg/jetbrains/kotlin/ir/types/IrTypeSystemContext;Lorg/jetbrains/kotlin/types/model/KotlinTypeMarker;)Lorg/jetbrains/kotlin/types/model/SimpleTypeMarker; 1024 0 10855 0 128
ciMethod org/jetbrains/kotlin/ir/types/IrTypeSystemContext$DefaultImpls typeConstructor (Lorg/jetbrains/kotlin/ir/types/IrTypeSystemContext;Lorg/jetbrains/kotlin/types/model/SimpleTypeMarker;)Lorg/jetbrains/kotlin/types/model/TypeConstructorMarker; 1024 0 5652 0 256
ciMethod org/jetbrains/kotlin/ir/types/IrTypeSystemContext$DefaultImpls isClassTypeConstructor (Lorg/jetbrains/kotlin/ir/types/IrTypeSystemContext;Lorg/jetbrains/kotlin/types/model/TypeConstructorMarker;)Z 1024 0 6659 0 0
ciMethod org/jetbrains/kotlin/ir/types/IrTypeSystemContext$DefaultImpls isNullableType (Lorg/jetbrains/kotlin/ir/types/IrTypeSystemContext;Lorg/jetbrains/kotlin/types/model/KotlinTypeMarker;)Z 1024 0 1722 0 0
ciMethod org/jetbrains/kotlin/ir/types/IrTypeSystemContext$DefaultImpls hasAnnotation (Lorg/jetbrains/kotlin/ir/types/IrTypeSystemContext;Lorg/jetbrains/kotlin/types/model/KotlinTypeMarker;Lorg/jetbrains/kotlin/name/FqName;)Z 1024 0 1978 0 0
ciMethod org/jetbrains/kotlin/ir/types/IrTypeSystemContext$DefaultImpls getPrimitiveArrayType (Lorg/jetbrains/kotlin/ir/types/IrTypeSystemContext;Lorg/jetbrains/kotlin/types/model/TypeConstructorMarker;)Lorg/jetbrains/kotlin/builtins/PrimitiveType; 1024 0 4901 0 0
ciMethod org/jetbrains/kotlin/ir/types/IrTypeSystemContext$DefaultImpls getNameForClassUnderKotlinPackage (Lorg/jetbrains/kotlin/ir/types/IrTypeSystemContext;Lorg/jetbrains/kotlin/types/model/TypeConstructorMarker;)Ljava/lang/String; 860 0 5593 0 1056
ciMethod org/jetbrains/kotlin/ir/types/IrTypeSystemContext$DefaultImpls isUnderKotlinPackage (Lorg/jetbrains/kotlin/ir/types/IrTypeSystemContext;Lorg/jetbrains/kotlin/types/model/TypeConstructorMarker;)Z 1024 34 4877 0 0
ciMethod org/jetbrains/kotlin/ir/types/IrTypeSystemContext$DefaultImpls getClassFqNameUnsafe (Lorg/jetbrains/kotlin/ir/types/IrTypeSystemContext;Lorg/jetbrains/kotlin/types/model/TypeConstructorMarker;)Lorg/jetbrains/kotlin/name/FqNameUnsafe; 1024 0 2192 0 0
ciMethodData org/jetbrains/kotlin/ir/types/IrTypeSystemContext$DefaultImpls asSimpleType (Lorg/jetbrains/kotlin/ir/types/IrTypeSystemContext;Lorg/jetbrains/kotlin/types/model/KotlinTypeMarker;)Lorg/jetbrains/kotlin/types/model/SimpleTypeMarker; 2 10855 orig 80 0 0 0 0 0 0 0 0 0 0 0 0 0 0 0 0 0 0 0 0 0 0 0 0 0 0 0 0 0 0 0 0 0 0 0 0 0 0 0 0 0 0 0 0 0 0 0 0 0 0 0 0 0 0 0 0 0 0 0 0 0 0 0 0 0 0 0 0 0 0 0 0 0 0 0 0 0 0 0 0 data 33 0x30002 0x2868 0x70004 0x0 0x0 0x249065189f0 0x2868 0x0 0x0 0xa0007 0x0 0x70 0x2868 0xe0004 0x0 0x0 0x249065189f0 0x2868 0x0 0x0 0x110003 0x2868 0x18 0x0 0x0 0x0 0x0 0x0 0x0 0x9 0x2 0x0 0x0 oops 2 5 org/jetbrains/kotlin/ir/types/impl/IrSimpleTypeImpl 16 org/jetbrains/kotlin/ir/types/impl/IrSimpleTypeImpl methods 0
ciMethodData org/jetbrains/kotlin/backend/jvm/JvmIrTypeSystemContext asSimpleType (Lorg/jetbrains/kotlin/types/model/KotlinTypeMarker;)Lorg/jetbrains/kotlin/types/model/SimpleTypeMarker; 2 5906 orig 80 0 0 0 0 0 0 0 0 0 0 0 0 0 0 0 0 0 0 0 0 0 0 0 0 0 0 0 0 0 0 0 0 0 0 0 0 0 0 0 0 0 0 0 0 0 0 0 0 0 0 0 0 0 0 0 0 0 0 0 0 0 0 0 0 0 0 0 0 0 0 0 0 0 0 0 0 0 0 0 0 data 12 0x20002 0x1513 0x0 0x0 0x0 0x0 0x0 0x0 0x9 0x2 0x0 0x0 oops 0 methods 0
ciMethodData org/jetbrains/kotlin/ir/types/IrTypeSystemContext$DefaultImpls typeConstructor (Lorg/jetbrains/kotlin/ir/types/IrTypeSystemContext;Lorg/jetbrains/kotlin/types/model/SimpleTypeMarker;)Lorg/jetbrains/kotlin/types/model/TypeConstructorMarker; 2 5652 orig 80 0 0 0 0 0 0 0 0 0 0 0 0 0 0 0 0 0 0 0 0 0 0 0 0 0 0 0 0 0 0 0 0 0 0 0 0 0 0 0 0 0 0 0 0 0 0 0 0 0 0 0 0 0 0 0 0 0 0 0 0 0 0 0 0 0 0 0 0 0 0 0 0 0 0 0 0 0 0 0 0 data 126 0x30002 0x1415 0x90004 0xffffffffffffebeb 0x0 0x249065189f0 0x19e 0x0 0x0 0xc0007 0x1415 0xe0 0x0 0x100004 0x0 0x0 0x0 0x0 0x0 0x0 0x130005 0x0 0x0 0x0 0x0 0x0 0x0 0x160004 0x0 0x0 0x0 0x0 0x0 0x0 0x190003 0x0 0x290 0x1d0004 0x0 0x0 0x249065189f0 0x1415 0x0 0x0 0x200007 0x0 0xe0 0x1415 0x240004 0x0 0x0 0x249065189f0 0x1415 0x0 0x0 0x270005 0x1277 0x0 0x249065189f0 0x19e 0x0 0x0 0x2a0004 0x0 0x0 0x2490651c770 0x13d1 0x2490651c820 0x44 0x2d0003 0x1415 0x178 0x310004 0x0 0x0 0x0 0x0 0x0 0x0 0x340007 0x0 0xe0 0x0 0x380004 0x0 0x0 0x0 0x0 0x0 0x0 0x3b0005 0x0 0x0 0x0 0x0 0x0 0x0 0x3e0004 0x0 0x0 0x0 0x0 0x0 0x0 0x410003 0x0 0x60 0x4a0005 0x0 0x0 0x0 0x0 0x0 0x0 0x4d0002 0x0 0x0 0x0 0x0 0x0 0x0 0x0 0x9 0x2 0x0 0x0 oops 6 5 org/jetbrains/kotlin/ir/types/impl/IrSimpleTypeImpl 40 org/jetbrains/kotlin/ir/types/impl/IrSimpleTypeImpl 51 org/jetbrains/kotlin/ir/types/impl/IrSimpleTypeImpl 58 org/jetbrains/kotlin/ir/types/impl/IrSimpleTypeImpl 65 org/jetbrains/kotlin/ir/symbols/impl/IrClassSymbolImpl 67 org/jetbrains/kotlin/ir/symbols/impl/IrTypeParameterSymbolImpl methods 0
ciMethodData org/jetbrains/kotlin/ir/util/IrUtilsKt computeFqNameString (Lorg/jetbrains/kotlin/ir/declarations/IrDeclarationWithName;Ljava/lang/StringBuilder;)Z 2 12443 orig 80 0 0 0 0 0 0 0 0 0 0 0 0 0 0 0 0 0 0 0 0 0 0 0 0 0 0 0 0 0 0 0 0 0 0 0 0 0 0 0 0 0 0 0 0 0 0 0 0 0 0 0 0 0 0 0 0 0 0 0 0 0 0 0 0 0 0 0 0 0 0 0 0 0 0 0 0 0 0 0 0 data 140 0x10005 0x1644 0x0 0x2490443a980 0x91c 0x249063e0a10 0xf3c 0x80004 0xffffffffffffe49b 0x0 0x249063e0a10 0x903 0x249063e0b70 0xdf 0xb0007 0x1b65 0x88 0x1337 0xf0004 0x0 0x0 0x249063e0a10 0x903 0x249063e0ac0 0xa19 0x130002 0x1337 0x160007 0x1337 0x190 0x0 0x1c0004 0x0 0x0 0x249063e0b70 0x123f 0x249063e0c20 0x926 0x1f0007 0x0 0x138 0x1b65 0x230004 0x0 0x0 0x249063e0b70 0x123f 0x249063e0c20 0x926 0x260005 0x0 0x0 0x249063e0b70 0x123f 0x249063e0c20 0x926 0x2b0005 0x1b65 0x0 0x0 0x0 0x0 0x0 0x2e0007 0x0 0x70 0x1b65 0x330005 0x1b65 0x0 0x0 0x0 0x0 0x0 0x370003 0x1b65 0x18 0x3d0004 0x0 0x0 0x2493bbad360 0x25b 0x0 0x0 0x400005 0x0 0x0 0x2493bbad360 0x2e9c 0x0 0x0 0x450007 0x0 0x38 0x2e9c 0x490003 0x2e9c 0x18 0x4d0007 0x0 0x58 0x2e9c 0x530005 0x2e9c 0x0 0x0 0x0 0x0 0x0 0x590005 0x1644 0x0 0x249063e0a10 0xf3c 0x2490443a980 0x91c 0x5e0005 0x2e9c 0x0 0x0 0x0 0x0 0x0 0x610005 0x2e9c 0x0 0x0 0x0 0x0 0x0 0x0 0x0 0x0 0x0 0x0 0x0 0x9 0x2 0xffffffffffffffff 0xffffffffffffffff oops 16 3 org/jetbrains/kotlin/fir/lazy/Fir2IrLazySimpleFunction 5 org/jetbrains/kotlin/fir/lazy/Fir2IrLazyClass 10 org/jetbrains/kotlin/fir/lazy/Fir2IrLazyClass 12 org/jetbrains/kotlin/ir/declarations/impl/IrExternalPackageFragmentImpl 21 org/jetbrains/kotlin/fir/lazy/Fir2IrLazyClass 23 org/jetbrains/kotlin/ir/declarations/impl/IrClassImpl 34 org/jetbrains/kotlin/ir/declarations/impl/IrExternalPackageFragmentImpl 36 org/jetbrains/kotlin/ir/declarations/impl/IrFileImpl 45 org/jetbrains/kotlin/ir/declarations/impl/IrExternalPackageFragmentImpl 47 org/jetbrains/kotlin/ir/declarations/impl/IrFileImpl 52 org/jetbrains/kotlin/ir/declarations/impl/IrExternalPackageFragmentImpl 54 org/jetbrains/kotlin/ir/declarations/impl/IrFileImpl 80 java/lang/StringBuilder 87 java/lang/StringBuilder 112 org/jetbrains/kotlin/fir/lazy/Fir2IrLazyClass 114 org/jetbrains/kotlin/fir/lazy/Fir2IrLazySimpleFunction methods 0
ciMethodData org/jetbrains/kotlin/ir/util/IrUtilsKt getFqNameWhenAvailable (Lorg/jetbrains/kotlin/ir/declarations/IrDeclarationWithName;)Lorg/jetbrains/kotlin/name/FqName; 2 7913 orig 80 0 0 0 0 0 0 0 0 0 0 0 0 0 0 0 0 0 0 0 0 0 0 0 0 0 0 0 0 0 0 0 0 0 0 0 0 0 0 0 0 0 0 0 0 0 0 0 0 0 0 0 0 0 0 0 0 0 0 0 0 0 0 0 0 0 0 0 0 0 0 0 0 0 0 0 0 0 0 0 0 data 31 0x40002 0x1cea 0xb0002 0x1cea 0x110002 0x1cea 0x140007 0x0 0x80 0x1cea 0x1c0005 0x1cea 0x0 0x0 0x0 0x0 0x0 0x1f0002 0x1cea 0x220003 0x1cea 0x18 0x0 0x0 0x0 0x0 0x0 0x0 0x9 0x1 0xffffffffffffffff oops 0 methods 0
ciMethodData org/jetbrains/kotlin/ir/util/IrUtilsKt hasAnnotation (Lorg/jetbrains/kotlin/ir/declarations/IrAnnotationContainer;Lorg/jetbrains/kotlin/name/FqName;)Z 2 6762 orig 80 0 0 0 0 0 0 0 0 0 0 0 0 0 0 0 0 0 0 0 0 0 0 0 0 0 0 0 0 0 0 0 0 0 0 0 0 0 0 0 0 0 0 0 0 0 0 0 0 0 0 0 0 0 0 0 0 0 0 0 0 0 0 0 0 0 0 0 0 0 0 0 0 0 0 0 0 0 0 0 0 data 131 0x40002 0x186b 0xb0002 0x186b 0xf0005 0x7bf 0x0 0x2497e779fc0 0x732 0x2490443a980 0x97a 0x140004 0x0 0x0 0x2493bbadc10 0x1713 0x2497e77a070 0x122 0x1b0004 0x0 0x0 0x2493bbadc10 0x1713 0x2497e77a070 0x122 0x1e0007 0x0 0xc8 0x186b 0x220004 0x0 0x0 0x2493bbadc10 0x1713 0x2497e77a070 0x122 0x250005 0x36 0x0 0x2493bbadc10 0x1713 0x2497e77a070 0x122 0x2a0007 0x5fe 0x38 0x126d 0x2e0003 0x126d 0x250 0x320005 0x0 0x0 0x2493bbadc10 0x5c8 0x2497e77a120 0x36 0x3b0005 0x0 0x0 0x2493bd23e60 0xbd6 0x2497e77a1d0 0x6c 0x400007 0x5f6 0x1c8 0x64c 0x450005 0x0 0x0 0x2493bd23e60 0x616 0x2497e77a1d0 0x36 0x4e0004 0x0 0x0 0x2497e77a280 0x64c 0x0 0x0 0x580005 0x64c 0x0 0x0 0x0 0x0 0x0 0x5b0005 0x0 0x0 0x2497e77a330 0x64c 0x0 0x0 0x600004 0x0 0x0 0x0 0x0 0x0 0x0 0x630002 0x64c 0x660004 0x0 0x0 0x0 0x0 0x0 0x0 0x6a0002 0x64c 0x6d0007 0x644 0xfffffffffffffe38 0x8 0x710003 0x8 0x18 0x0 0x0 0x0 0x0 0x0 0x0 0x9 0x2 0xffffffffffffffff 0x4 oops 18 7 org/jetbrains/kotlin/ir/declarations/impl/IrFunctionImpl 9 org/jetbrains/kotlin/fir/lazy/Fir2IrLazySimpleFunction 14 java/util/ArrayList 16 kotlin/collections/EmptyList 21 java/util/ArrayList 23 kotlin/collections/EmptyList 32 java/util/ArrayList 34 kotlin/collections/EmptyList 39 java/util/ArrayList 41 kotlin/collections/EmptyList 53 java/util/ArrayList 55 java/util/Collections$SingletonList 60 java/util/ArrayList$Itr 62 java/util/Collections$1 71 java/util/ArrayList$Itr 73 java/util/Collections$1 78 org/jetbrains/kotlin/ir/expressions/impl/IrConstructorCallImpl 92 org/jetbrains/kotlin/ir/symbols/impl/IrConstructorSymbolImpl methods 0
ciMethod org/jetbrains/kotlin/codegen/AsmUtil boxType (Lorg/jetbrains/org/objectweb/asm/Type;)Lorg/jetbrains/org/objectweb/asm/Type; 12 0 110 0 -1
ciMethod org/jetbrains/kotlin/codegen/AsmUtil boxPrimitiveType (Lorg/jetbrains/org/objectweb/asm/Type;)Lorg/jetbrains/org/objectweb/asm/Type; 60 0 157 0 -1
ciMethod org/jetbrains/kotlin/codegen/AsmUtil asmTypeByFqNameWithoutInnerClasses (Lorg/jetbrains/kotlin/name/FqName;)Lorg/jetbrains/org/objectweb/asm/Type; 104 0 39 0 -1
ciMethod org/jetbrains/kotlin/codegen/AsmUtil $$$reportNull$$$0 (I)V 0 0 1 0 -1
ciMethod org/jetbrains/kotlin/backend/jvm/mapping/IrTypeCheckerContextForTypeMapping typeConstructor (Lorg/jetbrains/kotlin/types/model/KotlinTypeMarker;)Lorg/jetbrains/kotlin/types/model/TypeConstructorMarker; 516 0 9988 0 160
ciMethod org/jetbrains/kotlin/backend/jvm/mapping/IrTypeCheckerContextForTypeMapping isClassTypeConstructor (Lorg/jetbrains/kotlin/types/model/TypeConstructorMarker;)Z 848 0 7491 0 224
ciMethod org/jetbrains/kotlin/backend/jvm/mapping/IrTypeCheckerContextForTypeMapping isNullableType (Lorg/jetbrains/kotlin/types/model/KotlinTypeMarker;)Z 312 0 1722 0 0
ciMethod org/jetbrains/kotlin/backend/jvm/mapping/IrTypeCheckerContextForTypeMapping hasAnnotation (Lorg/jetbrains/kotlin/types/model/KotlinTypeMarker;Lorg/jetbrains/kotlin/name/FqName;)Z 1024 0 1619 0 0
ciMethod org/jetbrains/kotlin/backend/jvm/mapping/IrTypeCheckerContextForTypeMapping getPrimitiveType (Lorg/jetbrains/kotlin/types/model/TypeConstructorMarker;)Lorg/jetbrains/kotlin/builtins/PrimitiveType; 1024 0 5894 0 2720
ciMethod org/jetbrains/kotlin/backend/jvm/mapping/IrTypeCheckerContextForTypeMapping getPrimitiveArrayType (Lorg/jetbrains/kotlin/types/model/TypeConstructorMarker;)Lorg/jetbrains/kotlin/builtins/PrimitiveType; 1024 0 4901 0 0
ciMethod org/jetbrains/kotlin/backend/jvm/mapping/IrTypeCheckerContextForTypeMapping isUnderKotlinPackage (Lorg/jetbrains/kotlin/types/model/TypeConstructorMarker;)Z 1024 0 4877 0 0
ciMethod org/jetbrains/kotlin/backend/jvm/mapping/IrTypeCheckerContextForTypeMapping getClassFqNameUnsafe (Lorg/jetbrains/kotlin/types/model/TypeConstructorMarker;)Lorg/jetbrains/kotlin/name/FqNameUnsafe; 1024 0 2192 0 0
ciMethod org/jetbrains/kotlin/types/TypeConstructor getDeclarationDescriptor ()Lorg/jetbrains/kotlin/descriptors/ClassifierDescriptor; 0 0 1 0 -1
ciMethodData org/jetbrains/kotlin/ir/types/IrTypeUtilsKt isNullable (Lorg/jetbrains/kotlin/ir/types/IrType;)Z 2 4793 orig 80 0 0 0 0 0 0 0 0 0 0 0 0 0 0 0 0 0 0 0 0 0 0 0 0 0 0 0 0 0 0 0 0 0 0 0 0 0 0 0 0 0 0 0 0 0 0 0 0 0 0 0 0 0 0 0 0 0 0 0 0 0 0 0 0 0 0 0 0 0 0 0 0 0 0 0 0 0 0 0 0 data 311 0x30002 0x11e7 0x90004 0x0 0x0 0x249065189f0 0x11e7 0x0 0x0 0xc0007 0x0 0x7d8 0x11e7 0x100004 0x0 0x0 0x249065189f0 0x11e7 0x0 0x0 0x130005 0x1091 0x0 0x249065189f0 0x156 0x0 0x0 0x180004 0xfffffffffffffede 0x0 0x2490651c770 0x10c5 0x2490651c820 0x2 0x1b0007 0x122 0xe0 0x10c5 0x1f0004 0x0 0x0 0x249065189f0 0x10c5 0x0 0x0 0x220005 0xf71 0x0 0x249065189f0 0x154 0x0 0x0 0x280007 0xc6f 0x38 0x456 0x2c0003 0x456 0x7b0 0x300003 0xc6f 0x798 0x340004 0x0 0x0 0x2490651c820 0x122 0x0 0x0 0x370007 0x0 0x4d0 0x122 0x3b0004 0x0 0x0 0x249065189f0 0x122 0x0 0x0 0x3e0005 0x120 0x0 0x249065189f0 0x2 0x0 0x0 0x450005 0x122 0x0 0x0 0x0 0x0 0x0 0x490008 0x8 0x0 0x3f8 0x33 0x50 0xcc 0x68 0x23 0x3e0 0x650003 0x33 0x630 0x690004 0x0 0x0 0x2490651c820 0xcc 0x0 0x0 0x6c0005 0x0 0x0 0x2490651c820 0xcc 0x0 0x0 0x710004 0x0 0x0 0x2493bd23d00 0xcc 0x0 0x0 0x740005 0xcc 0x0 0x0 0x0 0x0 0x0 0x770004 0x0 0x0 0x2493bbadc10 0x39 0x2493bd23db0 0x91 0x7f0004 0x0 0x0 0x2493bbadc10 0x39 0x2493bd23db0 0x91 0x820007 0x0 0xc8 0xcc 0x860004 0x0 0x0 0x2493bbadc10 0x39 0x2493bd23db0 0x91 0x890005 0x2 0x0 0x2493bbadc10 0x39 0x2493bd23db0 0x91 0x8e0007 0xcc 0x38 0x0 0x920003 0x0 0x418 0x960005 0x2 0x0 0x2493bbadc10 0x39 0x2493bd23db0 0x91 0x9f0005 0x2 0x0 0x2493bd23e60 0x39 0x2493bd23f10 0x91 0xa40007 0x0 0xd8 0xcc 0xa90005 0x2 0x0 0x2493bd23e60 0x39 0x2493bd23f10 0x91 0xb20004 0x0 0x0 0x249065189f0 0xcc 0x0 0x0 0xbc0002 0xcc 0xbf0007 0x0 0xffffffffffffff28 0xcc 0xc30003 0xcc 0x2d0 0xc70003 0x0 0x2b8 0xcb0003 0x23 0x2a0 0xd20002 0x0 0xd70004 0x0 0x0 0x0 0x0 0x0 0x0 0xda0007 0x0 0xe0 0x0 0xde0004 0x0 0x0 0x0 0x0 0x0 0x0 0xe10005 0x0 0x0 0x0 0x0 0x0 0x0 0xe70007 0x0 0x38 0x0 0xeb0003 0x0 0x190 0xef0003 0x0 0x178 0xf60002 0x0 0xfb0004 0x0 0x0 0x0 0x0 0x0 0x0 0xfe0007 0x0 0x38 0x0 0x1020003 0x0 0xf8 0x1060004 0x0 0x0 0x0 0x0 0x0 0x0 0x1090007 0x0 0xa8 0x0 0x10d0004 0x0 0x0 0x0 0x0 0x0 0x0 0x1100005 0x0 0x0 0x0 0x0 0x0 0x0 0x1130003 0x0 0x18 0x0 0x0 0x0 0x0 0x0 0x0 0x9 0x1 0x0 oops 28 5 org/jetbrains/kotlin/ir/types/impl/IrSimpleTypeImpl 16 org/jetbrains/kotlin/ir/types/impl/IrSimpleTypeImpl 23 org/jetbrains/kotlin/ir/types/impl/IrSimpleTypeImpl 30 org/jetbrains/kotlin/ir/symbols/impl/IrClassSymbolImpl 32 org/jetbrains/kotlin/ir/symbols/impl/IrTypeParameterSymbolImpl 41 org/jetbrains/kotlin/ir/types/impl/IrSimpleTypeImpl 48 org/jetbrains/kotlin/ir/types/impl/IrSimpleTypeImpl 65 org/jetbrains/kotlin/ir/symbols/impl/IrTypeParameterSymbolImpl 76 org/jetbrains/kotlin/ir/types/impl/IrSimpleTypeImpl 83 org/jetbrains/kotlin/ir/types/impl/IrSimpleTypeImpl 110 org/jetbrains/kotlin/ir/symbols/impl/IrTypeParameterSymbolImpl 117 org/jetbrains/kotlin/ir/symbols/impl/IrTypeParameterSymbolImpl 124 org/jetbrains/kotlin/ir/declarations/impl/IrTypeParameterImpl 138 java/util/ArrayList 140 org/jetbrains/kotlin/utils/SmartList 145 java/util/ArrayList 147 org/jetbrains/kotlin/utils/SmartList 156 java/util/ArrayList 158 org/jetbrains/kotlin/utils/SmartList 163 java/util/ArrayList 165 org/jetbrains/kotlin/utils/SmartList 177 java/util/ArrayList 179 org/jetbrains/kotlin/utils/SmartList 184 java/util/ArrayList$Itr 186 org/jetbrains/kotlin/utils/SmartList$SingletonIterator 195 java/util/ArrayList$Itr 197 org/jetbrains/kotlin/utils/SmartList$SingletonIterator 202 org/jetbrains/kotlin/ir/types/impl/IrSimpleTypeImpl methods 0
ciMethod org/jetbrains/kotlin/resolve/jvm/AsmTypes valueTypeForPrimitive (Lorg/jetbrains/kotlin/builtins/PrimitiveType;)Lorg/jetbrains/org/objectweb/asm/Type; 416 0 1628 0 0
ciMethod org/jetbrains/kotlin/resolve/jvm/AsmTypes $$$reportNull$$$0 (I)V 0 0 1 0 -1
ciMethod org/jetbrains/kotlin/load/kotlin/JvmTypeFactory boxType (Ljava/lang/Object;)Ljava/lang/Object; 0 0 1 0 -1
ciMethod org/jetbrains/kotlin/load/kotlin/JvmTypeFactory createFromString (Ljava/lang/String;)Ljava/lang/Object; 0 0 1 0 -1
ciMethod org/jetbrains/kotlin/load/kotlin/JvmTypeFactory createPrimitiveType (Lorg/jetbrains/kotlin/builtins/PrimitiveType;)Ljava/lang/Object; 0 0 1 0 -1
ciMethod org/jetbrains/kotlin/load/kotlin/JvmTypeFactory createObjectType (Ljava/lang/String;)Ljava/lang/Object; 0 0 1 0 -1
ciMethod org/jetbrains/kotlin/codegen/signature/AsmTypeFactory boxType (Lorg/jetbrains/org/objectweb/asm/Type;)Lorg/jetbrains/org/objectweb/asm/Type; 0 0 9 0 -1
ciMethod org/jetbrains/kotlin/codegen/signature/AsmTypeFactory createFromString (Ljava/lang/String;)Lorg/jetbrains/org/objectweb/asm/Type; 76 0 106 0 0
ciMethod org/jetbrains/kotlin/codegen/signature/AsmTypeFactory createPrimitiveType (Lorg/jetbrains/kotlin/builtins/PrimitiveType;)Lorg/jetbrains/org/objectweb/asm/Type; 416 0 1628 0 0
ciMethod org/jetbrains/kotlin/codegen/signature/AsmTypeFactory createObjectType (Ljava/lang/String;)Lorg/jetbrains/org/objectweb/asm/Type; 486 0 1817 0 0
ciMethod org/jetbrains/kotlin/codegen/signature/AsmTypeFactory boxType (Ljava/lang/Object;)Ljava/lang/Object; 0 0 9 0 0
ciMethod org/jetbrains/kotlin/codegen/signature/AsmTypeFactory createFromString (Ljava/lang/String;)Ljava/lang/Object; 76 0 106 0 0
ciMethod org/jetbrains/kotlin/codegen/signature/AsmTypeFactory createPrimitiveType (Lorg/jetbrains/kotlin/builtins/PrimitiveType;)Ljava/lang/Object; 416 0 1628 0 0
ciMethod org/jetbrains/kotlin/codegen/signature/AsmTypeFactory createObjectType (Ljava/lang/String;)Ljava/lang/Object; 486 0 1817 0 0
ciMethod org/jetbrains/kotlin/load/kotlin/TypeMappingMode getKotlinCollectionsToJavaCollections ()Z 512 0 256 0 0
ciMethod org/jetbrains/kotlin/load/kotlin/TypeSignatureMappingKt boxTypeIfNeeded (Lorg/jetbrains/kotlin/load/kotlin/JvmTypeFactory;Ljava/lang/Object;Z)Ljava/lang/Object; 416 0 1660 0 0
ciMethod org/jetbrains/kotlin/load/kotlin/TypeSignatureMappingKt mapBuiltInType (Lorg/jetbrains/kotlin/types/TypeSystemCommonBackendContext;Lorg/jetbrains/kotlin/types/model/KotlinTypeMarker;Lorg/jetbrains/kotlin/load/kotlin/JvmTypeFactory;Lorg/jetbrains/kotlin/load/kotlin/TypeMappingMode;)Ljava/lang/Object; 1024 0 6657 0 -1
ciMethodData org/jetbrains/kotlin/backend/jvm/mapping/IrTypeCheckerContextForTypeMapping typeConstructor (Lorg/jetbrains/kotlin/types/model/KotlinTypeMarker;)Lorg/jetbrains/kotlin/types/model/TypeConstructorMarker; 2 9991 orig 80 0 0 0 0 0 0 0 0 0 0 0 0 73 2 0 0 0 0 0 0 0 0 0 0 0 0 0 0 0 0 0 0 0 0 0 0 0 0 0 0 0 0 0 0 0 0 0 0 0 0 0 0 0 0 0 0 0 0 0 0 0 0 0 0 0 0 0 0 0 0 0 0 0 0 0 0 0 0 0 0 data 26 0x40002 0x2605 0xb0004 0x0 0x0 0x249057f5be0 0x2605 0x0 0x0 0xf0005 0x0 0x0 0x249057f5be0 0x2605 0x0 0x0 0x0 0x0 0x0 0x0 0x0 0x0 0x9 0x2 0x0 0x0 oops 2 5 org/jetbrains/kotlin/backend/jvm/JvmIrTypeSystemContext 12 org/jetbrains/kotlin/backend/jvm/JvmIrTypeSystemContext methods 0
ciMethodData org/jetbrains/kotlin/ir/types/IrTypeSystemContext$DefaultImpls getNameForClassUnderKotlinPackage (Lorg/jetbrains/kotlin/ir/types/IrTypeSystemContext;Lorg/jetbrains/kotlin/types/model/TypeConstructorMarker;)Ljava/lang/String; 2 5593 orig 80 0 0 0 0 0 0 0 0 0 0 0 0 73 2 0 0 0 0 0 0 0 0 0 0 0 0 0 0 0 0 0 0 0 0 0 0 0 0 0 0 0 0 0 0 0 0 0 0 0 0 0 0 0 0 0 0 0 0 0 0 0 0 0 0 0 0 0 0 0 0 0 0 0 0 0 0 0 0 0 0 data 183 0x10004 0x0 0x0 0x2490651c770 0x142b 0x0 0x0 0x40007 0x142b 0x20 0x0 0xa0004 0x0 0x0 0x2490651c770 0x142b 0x0 0x0 0xd0005 0x0 0x0 0x2490651c770 0x142b 0x0 0x0 0x130007 0x142b 0x70 0x0 0x160005 0x0 0x0 0x0 0x0 0x0 0x0 0x190003 0x0 0x18 0x200007 0x142b 0x128 0x0 0x240005 0x0 0x0 0x0 0x0 0x0 0x0 0x2a0005 0x0 0x0 0x0 0x0 0x0 0x0 0x2d0002 0x0 0x300007 0x0 0x70 0x0 0x340005 0x0 0x0 0x0 0x0 0x0 0x0 0x370003 0x0 0x338 0x3b0003 0x0 0x320 0x3f0004 0x0 0x0 0x2490651c770 0x142b 0x0 0x0 0x420005 0x0 0x0 0x2490651c770 0x142b 0x0 0x0 0x470004 0x0 0x0 0x249063e0a10 0x110f 0x249063e0ac0 0x31c 0x4a0005 0x142b 0x0 0x0 0x0 0x0 0x0 0x4f0004 0xfffffffffffffe92 0x0 0x249063e0b70 0x1273 0x249063e0c20 0x4a 0x520007 0x16e 0x1f0 0x12bd 0x560004 0x0 0x0 0x249063e0b70 0x1273 0x249063e0c20 0x4a 0x590005 0x0 0x0 0x249063e0b70 0x1273 0x249063e0c20 0x4a 0x5f0002 0x12bd 0x620007 0x9b8 0x150 0x905 0x660004 0x0 0x0 0x2490651c770 0x905 0x0 0x0 0x690005 0x0 0x0 0x2490651c770 0x905 0x0 0x0 0x6e0004 0x0 0x0 0x249063e0a10 0x853 0x249063e0ac0 0xb2 0x710005 0x0 0x0 0x249063e0a10 0x853 0x249063e0ac0 0xb2 0x740005 0x905 0x0 0x0 0x0 0x0 0x0 0x770003 0x905 0x18 0x0 0x0 0x0 0x0 0x0 0x0 0x9 0x2 0x0 0x0 oops 19 3 org/jetbrains/kotlin/ir/symbols/impl/IrClassSymbolImpl 14 org/jetbrains/kotlin/ir/symbols/impl/IrClassSymbolImpl 21 org/jetbrains/kotlin/ir/symbols/impl/IrClassSymbolImpl 79 org/jetbrains/kotlin/ir/symbols/impl/IrClassSymbolImpl 86 org/jetbrains/kotlin/ir/symbols/impl/IrClassSymbolImpl 93 org/jetbrains/kotlin/fir/lazy/Fir2IrLazyClass 95 org/jetbrains/kotlin/ir/declarations/impl/IrClassImpl 107 org/jetbrains/kotlin/ir/declarations/impl/IrExternalPackageFragmentImpl 109 org/jetbrains/kotlin/ir/declarations/impl/IrFileImpl 118 org/jetbrains/kotlin/ir/declarations/impl/IrExternalPackageFragmentImpl 120 org/jetbrains/kotlin/ir/declarations/impl/IrFileImpl 125 org/jetbrains/kotlin/ir/declarations/impl/IrExternalPackageFragmentImpl 127 org/jetbrains/kotlin/ir/declarations/impl/IrFileImpl 138 org/jetbrains/kotlin/ir/symbols/impl/IrClassSymbolImpl 145 org/jetbrains/kotlin/ir/symbols/impl/IrClassSymbolImpl 152 org/jetbrains/kotlin/fir/lazy/Fir2IrLazyClass 154 org/jetbrains/kotlin/ir/declarations/impl/IrClassImpl 159 org/jetbrains/kotlin/fir/lazy/Fir2IrLazyClass 161 org/jetbrains/kotlin/ir/declarations/impl/IrClassImpl methods 0
ciMethodData org/jetbrains/kotlin/backend/jvm/mapping/IrTypeCheckerContextForTypeMapping isClassTypeConstructor (Lorg/jetbrains/kotlin/types/model/TypeConstructorMarker;)Z 2 7491 orig 80 0 0 0 0 0 0 0 0 0 0 0 0 73 2 0 0 0 0 0 0 0 0 0 0 0 0 0 0 0 0 0 0 0 0 0 0 0 0 0 0 0 0 0 0 0 0 0 0 0 0 0 0 0 0 0 0 0 0 0 0 0 0 0 0 0 0 0 0 0 0 0 0 0 0 0 0 0 0 0 0 data 19 0x40002 0x1b9b 0xc0005 0x0 0x0 0x249057f5be0 0x1b9b 0x0 0x0 0x0 0x0 0x0 0x0 0x0 0x0 0x9 0x2 0x0 0x0 oops 1 5 org/jetbrains/kotlin/backend/jvm/JvmIrTypeSystemContext methods 0
ciMethodData org/jetbrains/kotlin/backend/jvm/JvmIrTypeSystemContext isClassTypeConstructor (Lorg/jetbrains/kotlin/types/model/TypeConstructorMarker;)Z 2 6659 orig 80 0 0 0 0 0 0 0 0 0 0 0 0 0 0 0 0 0 0 0 0 0 0 0 0 0 0 0 0 0 0 0 0 0 0 0 0 0 0 0 0 0 0 0 0 0 0 0 0 0 0 0 0 0 0 0 0 0 0 0 0 0 0 0 0 0 0 0 0 0 0 0 0 0 0 0 0 0 0 0 0 data 12 0x20002 0x1804 0x0 0x0 0x0 0x0 0x0 0x0 0x9 0x2 0x0 0x0 oops 0 methods 0
ciMethodData org/jetbrains/kotlin/ir/types/IrTypeSystemContext$DefaultImpls isClassTypeConstructor (Lorg/jetbrains/kotlin/ir/types/IrTypeSystemContext;Lorg/jetbrains/kotlin/types/model/TypeConstructorMarker;)Z 2 6659 orig 80 0 0 0 0 0 0 0 0 0 0 0 0 0 0 0 0 0 0 0 0 0 0 0 0 0 0 0 0 0 0 0 0 0 0 0 0 0 0 0 0 0 0 0 0 0 0 0 0 0 0 0 0 0 0 0 0 0 0 0 0 0 0 0 0 0 0 0 0 0 0 0 0 0 0 0 0 0 0 0 0 data 19 0x30002 0x1804 0x70004 0xffffffffffffff64 0x0 0x2490651c770 0x1768 0x0 0x0 0x0 0x0 0x0 0x0 0x0 0x0 0x9 0x2 0x0 0x0 oops 1 5 org/jetbrains/kotlin/ir/symbols/impl/IrClassSymbolImpl methods 0
ciMethodData org/jetbrains/kotlin/load/kotlin/TypeSignatureMappingKt mapBuiltInType (Lorg/jetbrains/kotlin/types/TypeSystemCommonBackendContext;Lorg/jetbrains/kotlin/types/model/KotlinTypeMarker;Lorg/jetbrains/kotlin/load/kotlin/JvmTypeFactory;Lorg/jetbrains/kotlin/load/kotlin/TypeMappingMode;)Ljava/lang/Object; 2 6657 orig 80 0 0 0 0 0 0 0 0 0 0 0 0 0 0 0 0 0 0 0 0 0 0 0 0 0 0 0 0 0 0 0 0 0 0 0 0 0 0 0 0 0 0 0 0 0 0 0 0 0 0 0 0 0 0 0 0 0 0 0 0 0 0 0 0 0 0 0 0 0 0 0 0 0 0 0 0 0 0 0 0 data 284 0x30002 0x1802 0x90002 0x1802 0xf0002 0x1802 0x150002 0x1802 0x1a0005 0x0 0x0 0x249093b59e0 0x17e6 0x249093b5a90 0x1c 0x240005 0x0 0x0 0x249093b59e0 0x17e6 0x249093b5a90 0x1c 0x290007 0x1788 0x20 0x7a 0x310005 0x0 0x0 0x249093b59e0 0x1770 0x249093b5a90 0x18 0x3a0007 0x11b9 0x108 0x5cf 0x400005 0x0 0x0 0x249093b5b40 0x5c7 0x249093b5bf0 0x8 0x490005 0x0 0x0 0x249093b59e0 0x5c7 0x249093b5a90 0x8 0x4e0007 0x9 0x50 0x5c6 0x530002 0x5c6 0x560007 0x5c6 0x38 0x0 0x5a0003 0x9 0x18 0x650002 0x5cf 0x6c0005 0x0 0x0 0x249093b59e0 0x11a9 0x249093b5a90 0x10 0x750007 0x11a5 0x158 0x14 0x7d0002 0x14 0x820005 0x14 0x0 0x0 0x0 0x0 0x0 0x870002 0x14 0x8a0005 0x14 0x0 0x0 0x0 0x0 0x0 0x8d0005 0x14 0x0 0x0 0x0 0x0 0x0 0x900005 0x14 0x0 0x0 0x0 0x0 0x0 0x930005 0x0 0x0 0x249093b5b40 0x14 0x0 0x0 0x9c0005 0x0 0x0 0x249093b59e0 0x1195 0x249093b5a90 0x10 0xa10007 0x987 0x4a8 0x81e 0xa70005 0x0 0x0 0x249093b59e0 0x80e 0x249093b5a90 0x10 0xad0007 0x0 0x70 0x81e 0xc20005 0x81e 0x0 0x0 0x0 0x0 0x0 0xc50003 0x81e 0x18 0xce0007 0x187 0x3e0 0x697 0xd20005 0x697 0x0 0x0 0x0 0x0 0x0 0xd50007 0x697 0x330 0x0 0xdb0005 0x0 0x0 0x0 0x0 0x0 0x0 0xde0004 0x0 0x0 0x0 0x0 0x0 0x0 0xe80004 0x0 0x0 0x0 0x0 0x0 0x0 0xeb0007 0x0 0xc8 0x0 0xf00004 0x0 0x0 0x0 0x0 0x0 0x0 0xf30005 0x0 0x0 0x0 0x0 0x0 0x0 0xf80007 0x0 0x38 0x0 0xfc0003 0x0 0x198 0x1010005 0x0 0x0 0x0 0x0 0x0 0x0 0x10a0005 0x0 0x0 0x0 0x0 0x0 0x0 0x10f0007 0x0 0x110 0x0 0x1140005 0x0 0x0 0x0 0x0 0x0 0x0 0x11d0004 0x0 0x0 0x0 0x0 0x0 0x0 0x1270005 0x0 0x0 0x0 0x0 0x0 0x0 0x12c0002 0x0 0x12f0007 0x0 0xfffffffffffffef0 0x0 0x1330003 0x0 0x18 0x1370007 0x0 0x20 0x0 0x13f0002 0x697 0x1450002 0x697 0x1480005 0x0 0x0 0x249093b5b40 0x687 0x249093b5bf0 0x10 0x0 0x0 0x0 0x0 0x0 0x0 0x9 0x4 0x0 0x0 0x0 0x0 oops 19 11 org/jetbrains/kotlin/backend/jvm/mapping/IrTypeCheckerContextForTypeMapping 13 org/jetbrains/kotlin/types/checker/SimpleClassicTypeSystemContext 18 org/jetbrains/kotlin/backend/jvm/mapping/IrTypeCheckerContextForTypeMapping 20 org/jetbrains/kotlin/types/checker/SimpleClassicTypeSystemContext 29 org/jetbrains/kotlin/backend/jvm/mapping/IrTypeCheckerContextForTypeMapping 31 org/jetbrains/kotlin/types/checker/SimpleClassicTypeSystemContext 40 org/jetbrains/kotlin/codegen/signature/AsmTypeFactory 42 org/jetbrains/kotlin/load/kotlin/JvmTypeFactoryImpl 47 org/jetbrains/kotlin/backend/jvm/mapping/IrTypeCheckerContextForTypeMapping 49 org/jetbrains/kotlin/types/checker/SimpleClassicTypeSystemContext 69 org/jetbrains/kotlin/backend/jvm/mapping/IrTypeCheckerContextForTypeMapping 71 org/jetbrains/kotlin/types/checker/SimpleClassicTypeSystemContext 112 org/jetbrains/kotlin/codegen/signature/AsmTypeFactory 119 org/jetbrains/kotlin/backend/jvm/mapping/IrTypeCheckerContextForTypeMapping 121 org/jetbrains/kotlin/types/checker/SimpleClassicTypeSystemContext 130 org/jetbrains/kotlin/backend/jvm/mapping/IrTypeCheckerContextForTypeMapping 132 org/jetbrains/kotlin/types/checker/SimpleClassicTypeSystemContext 268 org/jetbrains/kotlin/codegen/signature/AsmTypeFactory 270 org/jetbrains/kotlin/load/kotlin/JvmTypeFactoryImpl methods 0
ciMethodData org/jetbrains/kotlin/backend/jvm/mapping/IrTypeCheckerContextForTypeMapping getPrimitiveType (Lorg/jetbrains/kotlin/types/model/TypeConstructorMarker;)Lorg/jetbrains/kotlin/builtins/PrimitiveType; 2 5894 orig 80 0 0 0 0 0 0 0 0 0 0 0 0 0 0 0 0 0 0 0 0 0 0 0 0 0 0 0 0 0 0 0 0 0 0 0 0 0 0 0 0 0 0 0 0 0 0 0 0 0 0 0 0 0 0 0 0 0 0 0 0 0 0 0 0 0 0 0 0 0 0 0 0 0 0 0 0 0 0 0 0 data 19 0x40002 0x1507 0xc0005 0x0 0x0 0x249057f5be0 0x1507 0x0 0x0 0x0 0x0 0x0 0x0 0x0 0x0 0x9 0x2 0x0 0xffffffffffffffff oops 1 5 org/jetbrains/kotlin/backend/jvm/JvmIrTypeSystemContext methods 0
ciMethodData org/jetbrains/kotlin/codegen/AsmUtil boxType (Lorg/jetbrains/org/objectweb/asm/Type;)Lorg/jetbrains/org/objectweb/asm/Type; 1 110 orig 80 0 0 0 0 0 0 0 0 0 0 0 0 0 0 0 0 0 0 0 0 0 0 0 0 0 0 0 0 0 0 0 0 0 0 0 0 0 0 0 0 0 0 0 0 0 0 0 0 0 0 0 0 0 0 0 0 0 0 0 0 0 0 0 0 0 0 0 0 0 0 0 0 0 0 0 0 0 0 0 0 data 30 0x10007 0x68 0x30 0x0 0x60002 0x0 0xa0002 0x68 0xf0007 0x56 0x38 0x12 0x130003 0x12 0x18 0x180007 0x68 0x30 0x0 0x1d0002 0x0 0x0 0x0 0x0 0x0 0x0 0x0 0x9 0x1 0x0 oops 0 methods 0
ciMethodData org/jetbrains/kotlin/backend/jvm/mapping/IrTypeCheckerContextForTypeMapping isNullableType (Lorg/jetbrains/kotlin/types/model/KotlinTypeMarker;)Z 2 1722 orig 80 0 0 0 0 0 0 0 0 0 0 0 0 0 0 0 0 0 0 0 0 0 0 0 0 0 0 0 0 0 0 0 0 0 0 0 0 0 0 0 0 0 0 0 0 0 0 0 0 0 0 0 0 0 0 0 0 0 0 0 0 0 0 0 0 0 0 0 0 0 0 0 0 0 0 0 0 0 0 0 0 data 19 0x40002 0x61e 0xc0005 0x0 0x0 0x249057f5be0 0x61e 0x0 0x0 0x0 0x0 0x0 0x0 0x0 0x0 0x9 0x2 0x0 0x0 oops 1 5 org/jetbrains/kotlin/backend/jvm/JvmIrTypeSystemContext methods 0
ciMethodData org/jetbrains/kotlin/backend/jvm/mapping/IrTypeCheckerContextForTypeMapping getPrimitiveArrayType (Lorg/jetbrains/kotlin/types/model/TypeConstructorMarker;)Lorg/jetbrains/kotlin/builtins/PrimitiveType; 2 4901 orig 80 0 0 0 0 0 0 0 0 0 0 0 0 0 0 0 0 0 0 0 0 0 0 0 0 0 0 0 0 0 0 0 0 0 0 0 0 0 0 0 0 0 0 0 0 0 0 0 0 0 0 0 0 0 0 0 0 0 0 0 0 0 0 0 0 0 0 0 0 0 0 0 0 0 0 0 0 0 0 0 0 data 19 0x40002 0x1126 0xc0005 0x0 0x0 0x249057f5be0 0x1126 0x0 0x0 0x0 0x0 0x0 0x0 0x0 0x0 0x9 0x2 0x0 0x0 oops 1 5 org/jetbrains/kotlin/backend/jvm/JvmIrTypeSystemContext methods 0
ciMethodData org/jetbrains/kotlin/backend/jvm/JvmIrTypeSystemContext getPrimitiveArrayType (Lorg/jetbrains/kotlin/types/model/TypeConstructorMarker;)Lorg/jetbrains/kotlin/builtins/PrimitiveType; 2 4901 orig 80 0 0 0 0 0 0 0 0 0 0 0 0 0 0 0 0 0 0 0 0 0 0 0 0 0 0 0 0 0 0 0 0 0 0 0 0 0 0 0 0 0 0 0 0 0 0 0 0 0 0 0 0 0 0 0 0 0 0 0 0 0 0 0 0 0 0 0 0 0 0 0 0 0 0 0 0 0 0 0 0 data 12 0x20002 0x1126 0x0 0x0 0x0 0x0 0x0 0x0 0x9 0x2 0x0 0x0 oops 0 methods 0
ciMethodData org/jetbrains/kotlin/ir/types/IrTypeSystemContext$DefaultImpls getPrimitiveArrayType (Lorg/jetbrains/kotlin/ir/types/IrTypeSystemContext;Lorg/jetbrains/kotlin/types/model/TypeConstructorMarker;)Lorg/jetbrains/kotlin/builtins/PrimitiveType; 2 4901 orig 80 0 0 0 0 0 0 0 0 0 0 0 0 0 0 0 0 0 0 0 0 0 0 0 0 0 0 0 0 0 0 0 0 0 0 0 0 0 0 0 0 0 0 0 0 0 0 0 0 0 0 0 0 0 0 0 0 0 0 0 0 0 0 0 0 0 0 0 0 0 0 0 0 0 0 0 0 0 0 0 0 data 28 0x30002 0x1126 0x80002 0x1126 0xc0007 0xa1e 0x70 0x708 0x1d0005 0x708 0x0 0x0 0x0 0x0 0x0 0x200003 0x708 0x18 0x0 0x0 0x0 0x0 0x0 0x0 0x9 0x2 0x0 0x0 oops 0 methods 0
ciMethodData org/jetbrains/kotlin/backend/jvm/mapping/IrTypeCheckerContextForTypeMapping isUnderKotlinPackage (Lorg/jetbrains/kotlin/types/model/TypeConstructorMarker;)Z 2 4877 orig 80 0 0 0 0 0 0 0 0 0 0 0 0 0 0 0 0 0 0 0 0 0 0 0 0 0 0 0 0 0 0 0 0 0 0 0 0 0 0 0 0 0 0 0 0 0 0 0 0 0 0 0 0 0 0 0 0 0 0 0 0 0 0 0 0 0 0 0 0 0 0 0 0 0 0 0 0 0 0 0 0 data 19 0x40002 0x110e 0xc0005 0x0 0x0 0x249057f5be0 0x110e 0x0 0x0 0x0 0x0 0x0 0x0 0x0 0x0 0x9 0x2 0x0 0x0 oops 1 5 org/jetbrains/kotlin/backend/jvm/JvmIrTypeSystemContext methods 0
ciMethodData org/jetbrains/kotlin/backend/jvm/JvmIrTypeSystemContext isUnderKotlinPackage (Lorg/jetbrains/kotlin/types/model/TypeConstructorMarker;)Z 2 4877 orig 80 0 0 0 0 0 0 0 0 0 0 0 0 0 0 0 0 0 0 0 0 0 0 0 0 0 0 0 0 0 0 0 0 0 0 0 0 0 0 0 0 0 0 0 0 0 0 0 0 0 0 0 0 0 0 0 0 0 0 0 0 0 0 0 0 0 0 0 0 0 0 0 0 0 0 0 0 0 0 0 0 data 12 0x20002 0x110e 0x0 0x0 0x0 0x0 0x0 0x0 0x9 0x2 0x0 0x0 oops 0 methods 0
ciMethodData org/jetbrains/kotlin/ir/types/IrTypeSystemContext$DefaultImpls isUnderKotlinPackage (Lorg/jetbrains/kotlin/ir/types/IrTypeSystemContext;Lorg/jetbrains/kotlin/types/model/TypeConstructorMarker;)Z 2 4877 orig 80 0 0 0 0 0 0 0 0 0 0 0 0 0 0 0 0 0 0 0 0 0 0 0 0 0 0 0 0 0 0 0 0 0 0 0 0 0 0 0 0 0 0 0 0 0 0 0 0 0 0 0 0 0 0 0 0 0 0 0 0 0 0 0 0 0 0 0 0 0 0 0 0 0 0 0 0 0 0 0 0 data 146 0x30002 0x110e 0x70004 0x0 0x0 0x2490651c770 0x110e 0x0 0x0 0xa0007 0x0 0x70 0x110e 0xe0004 0x0 0x0 0x2490651c770 0x110e 0x0 0x0 0x110003 0x110e 0x18 0x160007 0x0 0x70 0x110e 0x190005 0x0 0x0 0x2490651c770 0x110e 0x0 0x0 0x1e0003 0x110e 0x18 0x270004 0x0 0x0 0x249063e0a10 0xc27 0x249063e0ac0 0x4e7 0x2a0007 0x0 0x70 0x110e 0x2f0004 0x0 0x0 0x249063e0a10 0xc27 0x249063e0ac0 0x4e7 0x320003 0x110e 0x18 0x370007 0x110e 0x20 0x0 0x3d0004 0x0 0x0 0x249063e0a10 0xc27 0x249063e0ac0 0x4e7 0x430005 0x0 0x0 0x249063e0a10 0xc7f 0x249063e0ac0 0x64c 0x4a0004 0xfffffffffffffe43 0x0 0x249063e0b70 0xd53 0x249063e0c20 0x3bb 0x4d0007 0x1bd 0xc8 0x110e 0x510004 0x0 0x0 0x249063e0b70 0xd53 0x249063e0c20 0x3bb 0x540005 0x0 0x0 0x249063e0b70 0xd53 0x249063e0c20 0x3bb 0x5a0005 0x110e 0x0 0x0 0x0 0x0 0x0 0x5f0004 0x0 0x0 0x249063e0a10 0x58 0x249063e0ac0 0x165 0x620007 0x0 0x70 0x1bd 0x660004 0x0 0x0 0x249063e0a10 0x58 0x249063e0ac0 0x165 0x690003 0x1bd 0x18 0x6e0007 0x1bd 0x20 0x0 0x750003 0x1bd 0xfffffffffffffe00 0x0 0x0 0x0 0x0 0x0 0x0 0x9 0x2 0x0 0x0 oops 21 5 org/jetbrains/kotlin/ir/symbols/impl/IrClassSymbolImpl 16 org/jetbrains/kotlin/ir/symbols/impl/IrClassSymbolImpl 30 org/jetbrains/kotlin/ir/symbols/impl/IrClassSymbolImpl 40 org/jetbrains/kotlin/fir/lazy/Fir2IrLazyClass 42 org/jetbrains/kotlin/ir/declarations/impl/IrClassImpl 51 org/jetbrains/kotlin/fir/lazy/Fir2IrLazyClass 53 org/jetbrains/kotlin/ir/declarations/impl/IrClassImpl 65 org/jetbrains/kotlin/fir/lazy/Fir2IrLazyClass 67 org/jetbrains/kotlin/ir/declarations/impl/IrClassImpl 72 org/jetbrains/kotlin/fir/lazy/Fir2IrLazyClass 74 org/jetbrains/kotlin/ir/declarations/impl/IrClassImpl 79 org/jetbrains/kotlin/ir/declarations/impl/IrExternalPackageFragmentImpl 81 org/jetbrains/kotlin/ir/declarations/impl/IrFileImpl 90 org/jetbrains/kotlin/ir/declarations/impl/IrExternalPackageFragmentImpl 92 org/jetbrains/kotlin/ir/declarations/impl/IrFileImpl 97 org/jetbrains/kotlin/ir/declarations/impl/IrExternalPackageFragmentImpl 99 org/jetbrains/kotlin/ir/declarations/impl/IrFileImpl 111 org/jetbrains/kotlin/fir/lazy/Fir2IrLazyClass 113 org/jetbrains/kotlin/ir/declarations/impl/IrClassImpl 122 org/jetbrains/kotlin/fir/lazy/Fir2IrLazyClass 124 org/jetbrains/kotlin/ir/declarations/impl/IrClassImpl methods 0
ciMethodData org/jetbrains/kotlin/name/FqName startsWith (Lorg/jetbrains/kotlin/name/Name;)Z 2 4917 orig 80 0 0 0 0 0 0 0 0 0 0 0 0 0 0 0 0 0 0 0 0 0 0 0 0 0 0 0 0 0 0 0 0 0 0 0 0 0 0 0 0 0 0 0 0 0 0 0 0 0 0 0 0 0 0 0 0 0 0 0 0 0 0 0 0 0 0 0 0 0 0 0 0 0 0 0 0 0 0 0 0 data 23 0x10007 0x1136 0x30 0x0 0x60002 0x0 0xe0005 0x1136 0x0 0x0 0x0 0x0 0x0 0x0 0x0 0x0 0x0 0x0 0x0 0x9 0x2 0x0 0x0 oops 0 methods 0
ciMethodData org/jetbrains/kotlin/name/FqNameUnsafe startsWith (Lorg/jetbrains/kotlin/name/Name;)Z 2 4917 orig 80 0 0 0 0 0 0 0 0 0 0 0 0 0 0 0 0 0 0 0 0 0 0 0 0 0 0 0 0 0 0 0 0 0 0 0 0 0 0 0 0 0 0 0 0 0 0 0 0 0 0 0 0 0 0 0 0 0 0 0 0 0 0 0 0 0 0 0 0 0 0 0 0 0 0 0 0 0 0 0 0 data 80 0x10007 0x1136 0x30 0x0 0x60002 0x0 0xa0005 0x1136 0x0 0x0 0x0 0x0 0x0 0xd0007 0x1136 0x20 0x0 0x180005 0x1136 0x0 0x0 0x0 0x0 0x0 0x1e0007 0xa19 0x70 0x71d 0x250005 0x71d 0x0 0x0 0x0 0x0 0x0 0x280003 0x71d 0x18 0x2e0005 0x1136 0x0 0x0 0x0 0x0 0x0 0x360005 0x1136 0x0 0x0 0x0 0x0 0x0 0x390007 0x920 0x90 0x816 0x450005 0x816 0x0 0x0 0x0 0x0 0x0 0x480007 0x1 0x38 0x815 0x4c0003 0x815 0x18 0x0 0x0 0x0 0x0 0x0 0x0 0x9 0x2 0x0 0x0 oops 0 methods 0
ciMethodData org/jetbrains/kotlin/codegen/signature/AsmTypeFactory createFromString (Ljava/lang/String;)Ljava/lang/Object; 1 106 orig 80 0 0 0 0 0 0 0 0 0 0 0 0 0 0 0 0 0 0 0 0 0 0 0 0 0 0 0 0 0 0 0 0 0 0 0 0 0 0 0 0 0 0 0 0 0 0 0 0 0 0 0 0 0 0 0 0 0 0 0 0 0 0 0 0 0 0 0 0 0 0 0 0 0 0 0 0 0 0 0 0 data 17 0x20005 0x44 0x0 0x0 0x0 0x0 0x0 0x0 0x0 0x0 0x0 0x0 0x0 0x9 0x2 0x0 0x0 oops 0 methods 0
ciMethodData org/jetbrains/kotlin/codegen/signature/AsmTypeFactory createFromString (Ljava/lang/String;)Lorg/jetbrains/org/objectweb/asm/Type; 1 106 orig 80 0 0 0 0 0 0 0 0 0 0 0 0 0 0 0 0 0 0 0 0 0 0 0 0 0 0 0 0 0 0 0 0 0 0 0 0 0 0 0 0 0 0 0 0 0 0 0 0 0 0 0 0 0 0 0 0 0 0 0 0 0 0 0 0 0 0 0 0 0 0 0 0 0 0 0 0 0 0 0 0 data 16 0x30002 0x44 0x70002 0x44 0xd0002 0x44 0x0 0x0 0x0 0x0 0x0 0x0 0x9 0x2 0x0 0xffffffffffffffff oops 0 methods 0
ciMethodData org/jetbrains/kotlin/codegen/signature/AsmTypeFactory createPrimitiveType (Lorg/jetbrains/kotlin/builtins/PrimitiveType;)Ljava/lang/Object; 2 1628 orig 80 0 0 0 0 0 0 0 0 0 0 0 0 0 0 0 0 0 0 0 0 0 0 0 0 0 0 0 0 0 0 0 0 0 0 0 0 0 0 0 0 0 0 0 0 0 0 0 0 0 0 0 0 0 0 0 0 0 0 0 0 0 0 0 0 0 0 0 0 0 0 0 0 0 0 0 0 0 0 0 0 data 17 0x20005 0x58c 0x0 0x0 0x0 0x0 0x0 0x0 0x0 0x0 0x0 0x0 0x0 0x9 0x2 0x0 0x0 oops 0 methods 0
ciMethodData org/jetbrains/kotlin/codegen/signature/AsmTypeFactory createPrimitiveType (Lorg/jetbrains/kotlin/builtins/PrimitiveType;)Lorg/jetbrains/org/objectweb/asm/Type; 2 1628 orig 80 0 0 0 0 0 0 0 0 0 0 0 0 0 0 0 0 0 0 0 0 0 0 0 0 0 0 0 0 0 0 0 0 0 0 0 0 0 0 0 0 0 0 0 0 0 0 0 0 0 0 0 0 0 0 0 0 0 0 0 0 0 0 0 0 0 0 0 0 0 0 0 0 0 0 0 0 0 0 0 0 data 16 0x30002 0x58c 0x70002 0x58c 0xd0002 0x58c 0x0 0x0 0x0 0x0 0x0 0x0 0x9 0x2 0x0 0x0 oops 0 methods 0
ciMethodData org/jetbrains/kotlin/resolve/jvm/AsmTypes valueTypeForPrimitive (Lorg/jetbrains/kotlin/builtins/PrimitiveType;)Lorg/jetbrains/org/objectweb/asm/Type; 2 1628 orig 80 0 0 0 0 0 0 0 0 0 0 0 0 0 0 0 0 0 0 0 0 0 0 0 0 0 0 0 0 0 0 0 0 0 0 0 0 0 0 0 0 0 0 0 0 0 0 0 0 0 0 0 0 0 0 0 0 0 0 0 0 0 0 0 0 0 0 0 0 0 0 0 0 0 0 0 0 0 0 0 0 data 86 0x40005 0x58c 0x0 0x0 0x0 0x0 0x0 0x80008 0x12 0x0 0x220 0x132 0xa0 0x0 0xd0 0x0 0x100 0x0 0x130 0x452 0x160 0x2 0x190 0x6 0x1c0 0x0 0x1f0 0x3c0007 0x132 0x30 0x0 0x400002 0x0 0x480007 0x0 0x30 0x0 0x4d0002 0x0 0x550007 0x0 0x30 0x0 0x5a0002 0x0 0x620007 0x0 0x30 0x0 0x670002 0x0 0x6f0007 0x452 0x30 0x0 0x740002 0x0 0x7c0007 0x2 0x30 0x0 0x810002 0x0 0x890007 0x6 0x30 0x0 0x8e0002 0x0 0x960007 0x0 0x30 0x0 0x9b0002 0x0 0xa30002 0x0 0x0 0x0 0x0 0x0 0x0 0x0 0x9 0x1 0x0 oops 0 methods 0
ciMethodData org/jetbrains/kotlin/load/java/typeEnhancement/TypeEnhancementUtilsKt hasEnhancedNullability (Lorg/jetbrains/kotlin/types/TypeSystemCommonBackendContext;Lorg/jetbrains/kotlin/types/model/KotlinTypeMarker;)Z 2 1627 orig 80 0 0 0 0 0 0 0 0 0 0 0 0 0 0 0 0 0 0 0 0 0 0 0 0 0 0 0 0 0 0 0 0 0 0 0 0 0 0 0 0 0 0 0 0 0 0 0 0 0 0 0 0 0 0 0 0 0 0 0 0 0 0 0 0 0 0 0 0 0 0 0 0 0 0 0 0 0 0 0 0 data 23 0x30002 0x58b 0x90002 0x58b 0x140002 0x58b 0x170005 0x0 0x0 0x249093b59e0 0x583 0x249093b5a90 0x8 0x0 0x0 0x0 0x0 0x0 0x0 0x9 0x2 0x0 0x0 oops 2 9 org/jetbrains/kotlin/backend/jvm/mapping/IrTypeCheckerContextForTypeMapping 11 org/jetbrains/kotlin/types/checker/SimpleClassicTypeSystemContext methods 0
ciMethodData org/jetbrains/kotlin/load/kotlin/TypeSignatureMappingKt boxTypeIfNeeded (Lorg/jetbrains/kotlin/load/kotlin/JvmTypeFactory;Ljava/lang/Object;Z)Ljava/lang/Object; 2 1660 orig 80 0 0 0 0 0 0 0 0 0 0 0 0 0 0 0 0 0 0 0 0 0 0 0 0 0 0 0 0 0 0 0 0 0 0 0 0 0 0 0 0 0 0 0 0 0 0 0 0 0 0 0 0 0 0 0 0 0 0 0 0 0 0 0 0 0 0 0 0 0 0 0 0 0 0 0 0 0 0 0 0 data 29 0x30002 0x5ac 0x90002 0x5ac 0xd0007 0x5a3 0x70 0x9 0x120005 0x0 0x0 0x249093b5b40 0x9 0x0 0x0 0x170003 0x9 0x18 0x0 0x0 0x0 0x0 0x0 0x0 0x9 0x3 0x0 0x0 0x0 oops 1 11 org/jetbrains/kotlin/codegen/signature/AsmTypeFactory methods 0
ciMethodData org/jetbrains/kotlin/codegen/signature/AsmTypeFactory boxType (Ljava/lang/Object;)Ljava/lang/Object; 1 9 orig 80 0 0 0 0 0 0 0 0 0 0 0 0 0 0 0 0 0 0 0 0 0 0 0 0 0 0 0 0 0 0 0 0 0 0 0 0 0 0 0 0 0 0 0 0 0 0 0 0 0 0 0 0 0 0 0 0 0 0 0 0 0 0 0 0 0 0 0 0 0 0 0 0 0 0 0 0 0 0 0 0 data 24 0x20004 0x0 0x0 0x2497e335340 0x8 0x0 0x0 0x50005 0x9 0x0 0x0 0x0 0x0 0x0 0x0 0x0 0x0 0x0 0x0 0x0 0x9 0x2 0x0 0x0 oops 1 3 org/jetbrains/org/objectweb/asm/Type methods 0
ciMethodData org/jetbrains/kotlin/codegen/signature/AsmTypeFactory boxType (Lorg/jetbrains/org/objectweb/asm/Type;)Lorg/jetbrains/org/objectweb/asm/Type; 1 9 orig 80 0 0 0 0 0 0 0 0 0 0 0 0 0 0 0 0 0 0 0 0 0 0 0 0 0 0 0 0 0 0 0 0 0 0 0 0 0 0 0 0 0 0 0 0 0 0 0 0 0 0 0 0 0 0 0 0 0 0 0 0 0 0 0 0 0 0 0 0 0 0 0 0 0 0 0 0 0 0 0 0 data 16 0x30002 0x9 0x70002 0x9 0xd0002 0x9 0x0 0x0 0x0 0x0 0x0 0x0 0x9 0x2 0x0 0x0 oops 0 methods 0
ciMethodData org/jetbrains/kotlin/resolve/jvm/JvmPrimitiveType get (Lorg/jetbrains/kotlin/builtins/PrimitiveType;)Lorg/jetbrains/kotlin/resolve/jvm/JvmPrimitiveType; 1 34 orig 80 0 0 0 0 0 0 0 0 0 0 0 0 0 0 0 0 0 0 0 0 0 0 0 0 0 0 0 0 0 0 0 0 0 0 0 0 0 0 0 0 0 0 0 0 0 0 0 0 0 0 0 0 0 0 0 0 0 0 0 0 0 0 0 0 0 0 0 0 0 0 0 0 0 0 0 0 0 0 0 0 data 35 0x10007 0x10 0x30 0x0 0x50002 0x0 0xc0005 0x0 0x0 0x2490443be00 0x10 0x0 0x0 0x110004 0x0 0x0 0x24907c24860 0x10 0x0 0x0 0x150007 0x10 0x30 0x0 0x1a0002 0x0 0x0 0x0 0x0 0x0 0x0 0x0 0x9 0x1 0xffffffffffffffff oops 2 9 java/util/EnumMap 16 org/jetbrains/kotlin/resolve/jvm/JvmPrimitiveType methods 0
ciMethodData org/jetbrains/kotlin/resolve/jvm/JvmPrimitiveType getDesc ()Ljava/lang/String; 1 75 orig 80 0 0 0 0 0 0 0 0 0 0 0 0 0 0 0 0 0 0 0 0 0 0 0 0 0 0 0 0 0 0 0 0 0 0 0 0 0 0 0 0 0 0 0 0 0 0 0 0 0 0 0 0 0 0 0 0 0 0 0 0 0 0 0 0 0 0 0 0 0 0 0 0 0 0 0 0 0 0 0 0 data 15 0x50007 0x18 0x30 0x0 0xa0002 0x0 0x0 0x0 0x0 0x0 0x0 0x0 0x9 0x1 0x0 oops 0 methods 0
ciMethodData org/jetbrains/kotlin/codegen/signature/AsmTypeFactory createObjectType (Ljava/lang/String;)Ljava/lang/Object; 2 1817 orig 80 0 0 0 0 0 0 0 0 0 0 0 0 0 0 0 0 0 0 0 0 0 0 0 0 0 0 0 0 0 0 0 0 0 0 0 0 0 0 0 0 0 0 0 0 0 0 0 0 0 0 0 0 0 0 0 0 0 0 0 0 0 0 0 0 0 0 0 0 0 0 0 0 0 0 0 0 0 0 0 0 data 17 0x20005 0x626 0x0 0x0 0x0 0x0 0x0 0x0 0x0 0x0 0x0 0x0 0x0 0x9 0x2 0x0 0x0 oops 0 methods 0
ciMethodData org/jetbrains/kotlin/codegen/signature/AsmTypeFactory createObjectType (Ljava/lang/String;)Lorg/jetbrains/org/objectweb/asm/Type; 2 1817 orig 80 0 0 0 0 0 0 0 0 0 0 0 0 0 0 0 0 0 0 0 0 0 0 0 0 0 0 0 0 0 0 0 0 0 0 0 0 0 0 0 0 0 0 0 0 0 0 0 0 0 0 0 0 0 0 0 0 0 0 0 0 0 0 0 0 0 0 0 0 0 0 0 0 0 0 0 0 0 0 0 0 data 16 0x30002 0x626 0x70002 0x626 0xd0002 0x626 0x0 0x0 0x0 0x0 0x0 0x0 0x9 0x2 0x0 0x0 oops 0 methods 0
ciMethodData org/jetbrains/kotlin/builtins/PrimitiveType$Companion getByShortArrayName (Ljava/lang/String;)Lorg/jetbrains/kotlin/builtins/PrimitiveType; 2 1961 orig 80 0 0 0 0 0 0 0 0 0 0 0 0 0 0 0 0 0 0 0 0 0 0 0 0 0 0 0 0 0 0 0 0 0 0 0 0 0 0 0 0 0 0 0 0 0 0 0 0 0 0 0 0 0 0 0 0 0 0 0 0 0 0 0 0 0 0 0 0 0 0 0 0 0 0 0 0 0 0 0 0 data 172 0x30002 0x615 0x90005 0x615 0x0 0x0 0x0 0x0 0x0 0xc0008 0x12 0x605 0x4c8 0x0 0x3b0 0x0 0x2d0 0x0 0x110 0x0 0x260 0x0 0x340 0x10 0x1f0 0x0 0x180 0x0 0xa0 0x5b0005 0x0 0x0 0x0 0x0 0x0 0x0 0x5e0007 0x0 0x3c0 0x0 0x610003 0x0 0x3d0 0x670005 0x0 0x0 0x0 0x0 0x0 0x0 0x6a0007 0x0 0x2d8 0x0 0x6d0003 0x0 0x360 0x730005 0x0 0x0 0x0 0x0 0x0 0x0 0x760007 0x0 0x2c8 0x0 0x790003 0x0 0x2f0 0x7f0005 0x10 0x0 0x0 0x0 0x0 0x0 0x820007 0x10 0x240 0x0 0x850003 0x0 0x280 0x8b0005 0x0 0x0 0x0 0x0 0x0 0x0 0x8e0007 0x0 0x1a0 0x0 0x910003 0x0 0x210 0x970005 0x0 0x0 0x0 0x0 0x0 0x0 0x9a0007 0x0 0x148 0x0 0x9d0003 0x0 0x1a0 0xa30005 0x0 0x0 0x0 0x0 0x0 0x0 0xa60007 0x0 0x138 0x0 0xa90003 0x0 0x130 0xaf0005 0x0 0x0 0x0 0x0 0x0 0x0 0xb20007 0x0 0xe0 0x0 0xb80003 0x0 0xc0 0xbe0003 0x0 0xa8 0xc40003 0x0 0x90 0xca0003 0x0 0x78 0xd00003 0x10 0x60 0xd60003 0x0 0x48 0xdc0003 0x0 0x30 0xe20003 0x0 0x18 0x0 0x0 0x0 0x0 0x0 0x0 0x9 0x2 0x0 0x0 oops 0 methods 0
ciMethodData org/jetbrains/kotlin/backend/jvm/JvmIrTypeSystemContext isNullableType (Lorg/jetbrains/kotlin/types/model/KotlinTypeMarker;)Z 2 1722 orig 80 0 0 0 0 0 0 0 0 0 0 0 0 0 0 0 0 0 0 0 0 0 0 0 0 0 0 0 0 0 0 0 0 0 0 0 0 0 0 0 0 0 0 0 0 0 0 0 0 0 0 0 0 0 0 0 0 0 0 0 0 0 0 0 0 0 0 0 0 0 0 0 0 0 0 0 0 0 0 0 0 data 12 0x20002 0x4bb 0x0 0x0 0x0 0x0 0x0 0x0 0x9 0x2 0x0 0x0 oops 0 methods 0
ciMethodData org/jetbrains/kotlin/ir/types/IrTypeSystemContext$DefaultImpls isNullableType (Lorg/jetbrains/kotlin/ir/types/IrTypeSystemContext;Lorg/jetbrains/kotlin/types/model/KotlinTypeMarker;)Z 2 1722 orig 80 0 0 0 0 0 0 0 0 0 0 0 0 0 0 0 0 0 0 0 0 0 0 0 0 0 0 0 0 0 0 0 0 0 0 0 0 0 0 0 0 0 0 0 0 0 0 0 0 0 0 0 0 0 0 0 0 0 0 0 0 0 0 0 0 0 0 0 0 0 0 0 0 0 0 0 0 0 0 0 0 data 39 0x30002 0x4bb 0x70004 0x0 0x0 0x249065189f0 0x4bb 0x0 0x0 0xa0007 0x0 0xa0 0x4bb 0xe0004 0x0 0x0 0x249065189f0 0x4bb 0x0 0x0 0x110002 0x4bb 0x140007 0x4b2 0x38 0x9 0x180003 0x9 0x18 0x0 0x0 0x0 0x0 0x0 0x0 0x9 0x2 0x0 0x0 oops 2 5 org/jetbrains/kotlin/ir/types/impl/IrSimpleTypeImpl 16 org/jetbrains/kotlin/ir/types/impl/IrSimpleTypeImpl methods 0
ciMethodData org/jetbrains/kotlin/backend/jvm/mapping/IrTypeCheckerContextForTypeMapping getClassFqNameUnsafe (Lorg/jetbrains/kotlin/types/model/TypeConstructorMarker;)Lorg/jetbrains/kotlin/name/FqNameUnsafe; 2 2192 orig 80 0 0 0 0 0 0 0 0 0 0 0 0 0 0 0 0 0 0 0 0 0 0 0 0 0 0 0 0 0 0 0 0 0 0 0 0 0 0 0 0 0 0 0 0 0 0 0 0 0 0 0 0 0 0 0 0 0 0 0 0 0 0 0 0 0 0 0 0 0 0 0 0 0 0 0 0 0 0 0 0 data 19 0x40002 0x691 0xc0005 0x0 0x0 0x249057f5be0 0x691 0x0 0x0 0x0 0x0 0x0 0x0 0x0 0x0 0x9 0x2 0x0 0x0 oops 1 5 org/jetbrains/kotlin/backend/jvm/JvmIrTypeSystemContext methods 0
ciMethodData org/jetbrains/kotlin/backend/jvm/JvmIrTypeSystemContext getClassFqNameUnsafe (Lorg/jetbrains/kotlin/types/model/TypeConstructorMarker;)Lorg/jetbrains/kotlin/name/FqNameUnsafe; 2 2192 orig 80 0 0 0 0 0 0 0 0 0 0 0 0 0 0 0 0 0 0 0 0 0 0 0 0 0 0 0 0 0 0 0 0 0 0 0 0 0 0 0 0 0 0 0 0 0 0 0 0 0 0 0 0 0 0 0 0 0 0 0 0 0 0 0 0 0 0 0 0 0 0 0 0 0 0 0 0 0 0 0 0 data 12 0x20002 0x691 0x0 0x0 0x0 0x0 0x0 0x0 0x9 0x2 0x0 0x0 oops 0 methods 0
ciMethodData org/jetbrains/kotlin/ir/types/IrTypeSystemContext$DefaultImpls getClassFqNameUnsafe (Lorg/jetbrains/kotlin/ir/types/IrTypeSystemContext;Lorg/jetbrains/kotlin/types/model/TypeConstructorMarker;)Lorg/jetbrains/kotlin/name/FqNameUnsafe; 2 2192 orig 80 0 0 0 0 0 0 0 0 0 0 0 0 0 0 0 0 0 0 0 0 0 0 0 0 0 0 0 0 0 0 0 0 0 0 0 0 0 0 0 0 0 0 0 0 0 0 0 0 0 0 0 0 0 0 0 0 0 0 0 0 0 0 0 0 0 0 0 0 0 0 0 0 0 0 0 0 0 0 0 0 data 49 0x30002 0x691 0x70004 0x0 0x0 0x2490651c770 0x691 0x0 0x0 0xa0005 0x0 0x0 0x2490651c770 0x691 0x0 0x0 0xf0004 0x0 0x0 0x249063e0a10 0x5b5 0x249063e0ac0 0xdc 0x120002 0x691 0x160007 0x0 0x70 0x691 0x190005 0x691 0x0 0x0 0x0 0x0 0x0 0x1c0003 0x691 0x18 0x0 0x0 0x0 0x0 0x0 0x0 0x9 0x2 0x0 0x0 oops 4 5 org/jetbrains/kotlin/ir/symbols/impl/IrClassSymbolImpl 12 org/jetbrains/kotlin/ir/symbols/impl/IrClassSymbolImpl 19 org/jetbrains/kotlin/fir/lazy/Fir2IrLazyClass 21 org/jetbrains/kotlin/ir/declarations/impl/IrClassImpl methods 0
ciMethodData org/jetbrains/kotlin/backend/jvm/mapping/IrTypeCheckerContextForTypeMapping hasAnnotation (Lorg/jetbrains/kotlin/types/model/KotlinTypeMarker;Lorg/jetbrains/kotlin/name/FqName;)Z 2 1619 orig 80 0 0 0 0 0 0 0 0 0 0 0 0 0 0 0 0 0 0 0 0 0 0 0 0 0 0 0 0 0 0 0 0 0 0 0 0 0 0 0 0 0 0 0 0 0 0 0 0 0 0 0 0 0 0 0 0 0 0 0 0 0 0 0 0 0 0 0 0 0 0 0 0 0 0 0 0 0 0 0 0 data 22 0x40002 0x454 0xb0002 0x454 0x140005 0x0 0x0 0x249057f5be0 0x454 0x0 0x0 0x0 0x0 0x0 0x0 0x0 0x0 0x9 0x3 0x0 0x0 0x0 oops 1 7 org/jetbrains/kotlin/backend/jvm/JvmIrTypeSystemContext methods 0
ciMethodData org/jetbrains/kotlin/backend/jvm/JvmIrTypeSystemContext hasAnnotation (Lorg/jetbrains/kotlin/types/model/KotlinTypeMarker;Lorg/jetbrains/kotlin/name/FqName;)Z 2 1978 orig 80 0 0 0 0 0 0 0 0 0 0 0 0 0 0 0 0 0 0 0 0 0 0 0 0 0 0 0 0 0 0 0 0 0 0 0 0 0 0 0 0 0 0 0 0 0 0 0 0 0 0 0 0 0 0 0 0 0 0 0 0 0 0 0 0 0 0 0 0 0 0 0 0 0 0 0 0 0 0 0 0 data 13 0x30002 0x5bb 0x0 0x0 0x0 0x0 0x0 0x0 0x9 0x3 0x0 0x0 0x0 oops 0 methods 0
ciMethodData org/jetbrains/kotlin/ir/types/IrTypeSystemContext$DefaultImpls hasAnnotation (Lorg/jetbrains/kotlin/ir/types/IrTypeSystemContext;Lorg/jetbrains/kotlin/types/model/KotlinTypeMarker;Lorg/jetbrains/kotlin/name/FqName;)Z 2 1978 orig 80 0 0 0 0 0 0 0 0 0 0 0 0 0 0 0 0 0 0 0 0 0 0 0 0 0 0 0 0 0 0 0 0 0 0 0 0 0 0 0 0 0 0 0 0 0 0 0 0 0 0 0 0 0 0 0 0 0 0 0 0 0 0 0 0 0 0 0 0 0 0 0 0 0 0 0 0 0 0 0 0 data 24 0x30002 0x5bb 0xa0002 0x5bb 0xe0004 0x0 0x0 0x249065189f0 0x5bb 0x0 0x0 0x120002 0x5bb 0x0 0x0 0x0 0x0 0x0 0x0 0x9 0x3 0x0 0x0 0x0 oops 1 7 org/jetbrains/kotlin/ir/types/impl/IrSimpleTypeImpl methods 0
ciMethodData org/jetbrains/kotlin/backend/jvm/JvmIrTypeSystemContext typeConstructor (Lorg/jetbrains/kotlin/types/model/SimpleTypeMarker;)Lorg/jetbrains/kotlin/types/model/TypeConstructorMarker; 2 6678 orig 80 0 0 0 0 0 0 0 0 0 0 0 0 0 0 0 0 0 0 0 0 0 0 0 0 0 0 0 0 0 0 0 0 0 0 0 0 0 0 0 0 0 0 0 0 0 0 0 0 0 0 0 0 0 0 0 0 0 0 0 0 0 0 0 0 0 0 0 0 0 0 0 0 0 0 0 0 0 0 0 0 data 12 0x20002 0x1817 0x0 0x0 0x0 0x0 0x0 0x0 0x9 0x2 0x0 0x0 oops 0 methods 0
ciMethodData org/jetbrains/kotlin/codegen/AsmUtil boxPrimitiveType (Lorg/jetbrains/org/objectweb/asm/Type;)Lorg/jetbrains/org/objectweb/asm/Type; 1 157 orig 80 0 0 0 0 0 0 0 0 0 0 0 0 0 0 0 0 0 0 0 0 0 0 0 0 0 0 0 0 0 0 0 0 0 0 0 0 0 0 0 0 0 0 0 0 0 0 0 0 0 0 0 0 0 0 0 0 0 0 0 0 0 0 0 0 0 0 0 0 0 0 0 0 0 0 0 0 0 0 0 0 data 54 0x10007 0x7f 0x30 0x0 0x60002 0x0 0xd0005 0x7f 0x0 0x0 0x0 0x0 0x0 0x100002 0x7f 0x130005 0x0 0x0 0x249044383c0 0x7f 0x0 0x0 0x160104 0x0 0x0 0x24907c24860 0x11 0x0 0x0 0x1b0007 0x6e 0x80 0x11 0x1f0005 0x11 0x0 0x0 0x0 0x0 0x0 0x220002 0x11 0x250003 0x11 0x18 0x0 0x0 0x0 0x0 0x0 0x0 0x9 0x1 0x0 oops 2 18 org/jetbrains/kotlin/com/google/common/collect/RegularImmutableMap 25 org/jetbrains/kotlin/resolve/jvm/JvmPrimitiveType methods 0
ciMethod org/jetbrains/kotlin/types/TypeUtils isNullableType (Lorg/jetbrains/kotlin/types/KotlinType;)Z 16 0 8 0 -1
ciMethod org/jetbrains/kotlin/load/kotlin/JvmTypeFactoryImpl createPrimitiveType (Lorg/jetbrains/kotlin/builtins/PrimitiveType;)Lorg/jetbrains/kotlin/load/kotlin/JvmType; 16 0 8 0 0
ciMethod org/jetbrains/kotlin/load/kotlin/JvmTypeFactoryImpl createObjectType (Ljava/lang/String;)Lorg/jetbrains/kotlin/load/kotlin/JvmType$Object; 32 0 16 0 0
ciMethod org/jetbrains/kotlin/load/kotlin/JvmTypeFactoryImpl createPrimitiveType (Lorg/jetbrains/kotlin/builtins/PrimitiveType;)Ljava/lang/Object; 16 0 8 0 0
ciMethod org/jetbrains/kotlin/load/kotlin/JvmTypeFactoryImpl createObjectType (Ljava/lang/String;)Ljava/lang/Object; 32 0 16 0 0
ciMethod org/jetbrains/kotlin/types/checker/SimpleClassicTypeSystemContext asSimpleType (Lorg/jetbrains/kotlin/types/model/KotlinTypeMarker;)Lorg/jetbrains/kotlin/types/model/SimpleTypeMarker; 56 0 28 0 0
ciMethod org/jetbrains/kotlin/types/checker/SimpleClassicTypeSystemContext typeConstructor (Lorg/jetbrains/kotlin/types/model/SimpleTypeMarker;)Lorg/jetbrains/kotlin/types/model/TypeConstructorMarker; 56 0 28 0 0
ciMethod org/jetbrains/kotlin/types/checker/SimpleClassicTypeSystemContext isClassTypeConstructor (Lorg/jetbrains/kotlin/types/model/TypeConstructorMarker;)Z 56 0 28 0 0
ciMethod org/jetbrains/kotlin/types/checker/SimpleClassicTypeSystemContext isNullableType (Lorg/jetbrains/kotlin/types/model/KotlinTypeMarker;)Z 16 0 8 0 0
ciMethod org/jetbrains/kotlin/types/checker/SimpleClassicTypeSystemContext hasAnnotation (Lorg/jetbrains/kotlin/types/model/KotlinTypeMarker;Lorg/jetbrains/kotlin/name/FqName;)Z 16 0 8 0 0
ciMethod org/jetbrains/kotlin/types/checker/SimpleClassicTypeSystemContext getPrimitiveType (Lorg/jetbrains/kotlin/types/model/TypeConstructorMarker;)Lorg/jetbrains/kotlin/builtins/PrimitiveType; 48 0 24 0 0
ciMethod org/jetbrains/kotlin/types/checker/SimpleClassicTypeSystemContext getPrimitiveArrayType (Lorg/jetbrains/kotlin/types/model/TypeConstructorMarker;)Lorg/jetbrains/kotlin/builtins/PrimitiveType; 32 0 16 0 0
ciMethod org/jetbrains/kotlin/types/checker/SimpleClassicTypeSystemContext isUnderKotlinPackage (Lorg/jetbrains/kotlin/types/model/TypeConstructorMarker;)Z 32 0 16 0 0
ciMethod org/jetbrains/kotlin/types/checker/SimpleClassicTypeSystemContext getClassFqNameUnsafe (Lorg/jetbrains/kotlin/types/model/TypeConstructorMarker;)Lorg/jetbrains/kotlin/name/FqNameUnsafe; 32 0 16 0 0
ciMethod org/jetbrains/kotlin/types/checker/ClassicTypeSystemContext$DefaultImpls asSimpleType (Lorg/jetbrains/kotlin/types/checker/ClassicTypeSystemContext;Lorg/jetbrains/kotlin/types/model/KotlinTypeMarker;)Lorg/jetbrains/kotlin/types/model/SimpleTypeMarker; 56 0 28 0 0
ciMethod org/jetbrains/kotlin/types/checker/ClassicTypeSystemContext$DefaultImpls typeConstructor (Lorg/jetbrains/kotlin/types/checker/ClassicTypeSystemContext;Lorg/jetbrains/kotlin/types/model/SimpleTypeMarker;)Lorg/jetbrains/kotlin/types/model/TypeConstructorMarker; 56 0 28 0 0
ciMethod org/jetbrains/kotlin/types/checker/ClassicTypeSystemContext$DefaultImpls isClassTypeConstructor (Lorg/jetbrains/kotlin/types/checker/ClassicTypeSystemContext;Lorg/jetbrains/kotlin/types/model/TypeConstructorMarker;)Z 56 0 28 0 0
ciMethod org/jetbrains/kotlin/types/checker/ClassicTypeSystemContext$DefaultImpls isNullableType (Lorg/jetbrains/kotlin/types/checker/ClassicTypeSystemContext;Lorg/jetbrains/kotlin/types/model/KotlinTypeMarker;)Z 16 0 8 0 0
ciMethod org/jetbrains/kotlin/types/checker/ClassicTypeSystemContext$DefaultImpls hasAnnotation (Lorg/jetbrains/kotlin/types/checker/ClassicTypeSystemContext;Lorg/jetbrains/kotlin/types/model/KotlinTypeMarker;Lorg/jetbrains/kotlin/name/FqName;)Z 16 0 8 0 -1
ciMethod org/jetbrains/kotlin/types/checker/ClassicTypeSystemContext$DefaultImpls getPrimitiveType (Lorg/jetbrains/kotlin/types/checker/ClassicTypeSystemContext;Lorg/jetbrains/kotlin/types/model/TypeConstructorMarker;)Lorg/jetbrains/kotlin/builtins/PrimitiveType; 48 0 24 0 0
ciMethod org/jetbrains/kotlin/types/checker/ClassicTypeSystemContext$DefaultImpls getPrimitiveArrayType (Lorg/jetbrains/kotlin/types/checker/ClassicTypeSystemContext;Lorg/jetbrains/kotlin/types/model/TypeConstructorMarker;)Lorg/jetbrains/kotlin/builtins/PrimitiveType; 32 0 16 0 0
ciMethod org/jetbrains/kotlin/types/checker/ClassicTypeSystemContext$DefaultImpls isUnderKotlinPackage (Lorg/jetbrains/kotlin/types/checker/ClassicTypeSystemContext;Lorg/jetbrains/kotlin/types/model/TypeConstructorMarker;)Z 32 0 16 0 0
ciMethod org/jetbrains/kotlin/types/checker/ClassicTypeSystemContext$DefaultImpls getClassFqNameUnsafe (Lorg/jetbrains/kotlin/types/checker/ClassicTypeSystemContext;Lorg/jetbrains/kotlin/types/model/TypeConstructorMarker;)Lorg/jetbrains/kotlin/name/FqNameUnsafe; 32 0 16 0 0
ciMethod org/jetbrains/kotlin/load/kotlin/JvmType$Object <init> (Ljava/lang/String;)V 32 0 16 0 -1
ciMethod org/jetbrains/kotlin/load/kotlin/JvmType <init> ()V 48 0 24 0 -1
ciMethod org/jetbrains/kotlin/load/kotlin/JvmType <init> (Lkotlin/jvm/internal/DefaultConstructorMarker;)V 48 0 24 0 -1
ciMethod org/jetbrains/kotlin/load/kotlin/JvmType$Companion getBOOLEAN$descriptors_jvm ()Lorg/jetbrains/kotlin/load/kotlin/JvmType$Primitive; 16 0 8 0 -1
ciMethod org/jetbrains/kotlin/load/kotlin/JvmType$Companion getCHAR$descriptors_jvm ()Lorg/jetbrains/kotlin/load/kotlin/JvmType$Primitive; 0 0 1 0 -1
ciMethod org/jetbrains/kotlin/load/kotlin/JvmType$Companion getBYTE$descriptors_jvm ()Lorg/jetbrains/kotlin/load/kotlin/JvmType$Primitive; 0 0 1 0 -1
ciMethod org/jetbrains/kotlin/load/kotlin/JvmType$Companion getSHORT$descriptors_jvm ()Lorg/jetbrains/kotlin/load/kotlin/JvmType$Primitive; 0 0 1 0 -1
ciMethod org/jetbrains/kotlin/load/kotlin/JvmType$Companion getINT$descriptors_jvm ()Lorg/jetbrains/kotlin/load/kotlin/JvmType$Primitive; 0 0 1 0 -1
ciMethod org/jetbrains/kotlin/load/kotlin/JvmType$Companion getFLOAT$descriptors_jvm ()Lorg/jetbrains/kotlin/load/kotlin/JvmType$Primitive; 0 0 1 0 -1
ciMethod org/jetbrains/kotlin/load/kotlin/JvmType$Companion getLONG$descriptors_jvm ()Lorg/jetbrains/kotlin/load/kotlin/JvmType$Primitive; 0 0 1 0 -1
ciMethod org/jetbrains/kotlin/load/kotlin/JvmType$Companion getDOUBLE$descriptors_jvm ()Lorg/jetbrains/kotlin/load/kotlin/JvmType$Primitive; 0 0 1 0 -1
ciInstanceKlass java/lang/Cloneable 1 1 7 100 1 100 1 1 1
instanceKlass org/jetbrains/kotlin/fir/deserialization/ProtoEnumFlagsUtilsKt$WhenMappings
instanceKlass org/jetbrains/kotlin/fir/deserialization/ProtoEnumFlagsUtilsKt
instanceKlass org/jetbrains/kotlin/descriptors/impl/ModuleAwareClassDescriptorKt
instanceKlass org/jetbrains/kotlin/types/TypeConstructorSubstitution$Companion
instanceKlass org/jetbrains/kotlin/types/TypeSubstitution$Companion
instanceKlass org/jetbrains/kotlin/types/TypeSubstitution
instanceKlass org/jetbrains/kotlin/types/checker/KotlinTypeRefinerKt
instanceKlass org/jetbrains/kotlin/types/TypeProjectionBase
instanceKlass org/jetbrains/kotlin/codegen/signature/BothSignatureWriter$1
instanceKlass org/jetbrains/kotlin/types/UtilsKt
instanceKlass org/jetbrains/kotlin/types/checker/ClassicTypeSystemContextKt$WhenMappings
instanceKlass org/jetbrains/kotlin/types/checker/ClassicTypeSystemContextKt
instanceKlass org/jetbrains/kotlin/backend/jvm/mapping/PossiblyInnerIrType
instanceKlass org/jetbrains/kotlin/backend/jvm/codegen/SwitchGenerator$Switch
instanceKlass org/jetbrains/kotlin/backend/jvm/codegen/SwitchGenerator$ValueToLabel
instanceKlass org/jetbrains/kotlin/types/typeUtil/TypeUtilsKt
instanceKlass org/jetbrains/kotlin/resolve/scopes/AbstractScopeAdapter
instanceKlass org/jetbrains/kotlin/descriptors/SupertypeLoopChecker$EMPTY
instanceKlass org/jetbrains/kotlin/load/kotlin/MethodSignatureBuildingUtilsKt
instanceKlass org/jetbrains/kotlin/descriptors/annotations/Annotations$DefaultImpls
instanceKlass org/jetbrains/kotlin/types/TypeAttribute
instanceKlass org/jetbrains/kotlin/types/AnnotationsTypeAttributeKt
instanceKlass org/jetbrains/kotlin/types/IntersectionTypeConstructor
instanceKlass org/jetbrains/kotlin/types/checker/NewTypeVariableConstructor
instanceKlass org/jetbrains/kotlin/types/CustomTypeParameter
instanceKlass org/jetbrains/kotlin/types/SpecialTypesKt
instanceKlass org/jetbrains/kotlin/types/SubtypingRepresentatives
instanceKlass org/jetbrains/kotlin/types/FlexibleTypesKt
instanceKlass org/jetbrains/kotlin/load/kotlin/JvmTypeFactoryImpl$WhenMappings
instanceKlass org/jetbrains/kotlin/load/kotlin/JvmType$Companion
instanceKlass org/jetbrains/kotlin/load/kotlin/JvmType
instanceKlass org/jetbrains/kotlin/types/checker/ClassicTypeSystemContext$DefaultImpls
instanceKlass org/jetbrains/kotlin/types/checker/SimpleClassicTypeSystemContext
instanceKlass org/jetbrains/kotlin/builtins/FunctionTypesKt
instanceKlass org/jetbrains/kotlin/utils/FunctionsKt$ALWAYS_NULL$1
instanceKlass org/jetbrains/kotlin/utils/FunctionsKt
instanceKlass org/jetbrains/kotlin/load/kotlin/DescriptorBasedTypeSignatureMappingKt
instanceKlass org/jetbrains/kotlin/load/kotlin/TypeMappingConfigurationImpl
instanceKlass org/jetbrains/kotlin/load/kotlin/JvmTypeFactoryImpl
instanceKlass org/jetbrains/kotlin/load/kotlin/MethodSignatureMappingKt
instanceKlass org/jetbrains/kotlin/codegen/optimization/boxing/BoxedBasicValueKt
instanceKlass org/jetbrains/kotlin/codegen/optimization/boxing/BoxedValueDescriptor
instanceKlass org/jetbrains/kotlin/codegen/optimization/boxing/RedundantBoxedValuesCollection
instanceKlass org/jetbrains/kotlin/codegen/optimization/boxing/RedundantBoxingInterpreter$Companion
instanceKlass org/jetbrains/kotlin/fir/serialization/constant/FirToConstantValueTransformerKt
instanceKlass org/jetbrains/kotlin/fir/declarations/comparators/FirMemberDeclarationComparator$TypeAndNameComparator
instanceKlass org/jetbrains/kotlin/codegen/optimization/temporaryVals/TemporaryVal
instanceKlass org/jetbrains/kotlin/codegen/optimization/nullCheck/NullabilityValuesKt
instanceKlass org/jetbrains/kotlin/codegen/optimization/nullCheck/NotNullBasicValue$Companion
instanceKlass org/jetbrains/kotlin/codegen/optimization/nullCheck/RedundantNullCheckMethodTransformer$TransformerPass$NullabilityAssumptions
instanceKlass org/jetbrains/kotlin/codegen/optimization/nullCheck/RedundantNullCheckMethodTransformer$TransformerPass$NullabilityAssumptionsBuilder
instanceKlass org/jetbrains/kotlin/codegen/NumberCompare$Companion
instanceKlass org/jetbrains/kotlin/codegen/intrinsics/TypeIntrinsics
instanceKlass org/jetbrains/kotlin/backend/jvm/codegen/ExpressionCodegen$WhenMappings
instanceKlass org/jetbrains/kotlin/types/TypeSubstitutionKt
instanceKlass org/jetbrains/kotlin/descriptors/TypeParameterDescriptor
instanceKlass org/jetbrains/kotlin/descriptors/FieldDescriptor
instanceKlass org/jetbrains/kotlin/descriptors/PropertySetterDescriptor
instanceKlass org/jetbrains/kotlin/types/error/ErrorPropertyDescriptor
instanceKlass org/jetbrains/kotlin/types/error/ErrorTypeConstructor
instanceKlass org/jetbrains/kotlin/types/error/ErrorScope
instanceKlass org/jetbrains/kotlin/descriptors/FunctionDescriptor$CopyBuilder
instanceKlass org/jetbrains/kotlin/types/AbstractTypeConstructor$Supertypes
instanceKlass org/jetbrains/kotlin/descriptors/SupertypeLoopChecker
instanceKlass org/jetbrains/kotlin/descriptors/ReceiverParameterDescriptor
instanceKlass org/jetbrains/kotlin/descriptors/impl/AbstractClassDescriptor$3
instanceKlass org/jetbrains/kotlin/descriptors/impl/AbstractClassDescriptor$2
instanceKlass org/jetbrains/kotlin/descriptors/impl/AbstractClassDescriptor$1
instanceKlass java/util/Formattable
instanceKlass java/util/Formatter$Flags
instanceKlass java/util/Formatter$FormatSpecifier
instanceKlass java/util/Formatter$Conversion
instanceKlass java/util/Formatter$FixedString
instanceKlass java/util/Formatter$FormatString
instanceKlass java/util/Formatter
instanceKlass org/jetbrains/kotlin/descriptors/impl/ModuleAwareClassDescriptor$Companion
instanceKlass org/jetbrains/kotlin/descriptors/impl/ModuleAwareClassDescriptor
instanceKlass org/jetbrains/kotlin/types/error/ErrorModuleDescriptor
instanceKlass org/jetbrains/kotlin/types/error/ErrorUtils
instanceKlass org/jetbrains/kotlin/types/TypeProjection
instanceKlass org/jetbrains/kotlin/types/TypeUtils
instanceKlass org/jetbrains/kotlin/types/KotlinTypeFactory$EMPTY_REFINED_TYPE_FACTORY$1
instanceKlass org/jetbrains/kotlin/types/KotlinTypeFactory
instanceKlass org/jetbrains/kotlin/codegen/ObjectCompare$Companion
instanceKlass org/jetbrains/kotlin/codegen/BranchedValue$Companion
instanceKlass org/jetbrains/annotations/Nullable
instanceKlass org/jetbrains/kotlin/codegen/StringConcatGenerator$WhenMappings
instanceKlass org/jetbrains/kotlin/codegen/StringConcatGenerator$Item$Companion
instanceKlass org/jetbrains/kotlin/codegen/StringConcatGenerator$Item
instanceKlass org/jetbrains/kotlin/com/google/common/collect/Sets
instanceKlass org/jetbrains/kotlin/codegen/StringConcatGenerator$Companion
instanceKlass org/jetbrains/kotlin/codegen/StringConcatGenerator
instanceKlass org/jetbrains/kotlin/backend/jvm/codegen/IrCallGenerator$DefaultCallGenerator
instanceKlass org/jetbrains/kotlin/backend/jvm/codegen/IrCallGenerator
instanceKlass org/jetbrains/kotlin/backend/jvm/mapping/IrCallableMethod
instanceKlass org/jetbrains/kotlin/load/java/SpecialBuiltinMembers
instanceKlass org/jetbrains/kotlin/backend/jvm/codegen/VariableInfo
instanceKlass org/jetbrains/kotlin/codegen/optimization/temporaryVals/TemporaryValsAnalyzer$analyze$$inlined$sortedBy$1
instanceKlass org/jetbrains/kotlin/codegen/optimization/temporaryVals/TemporaryValsAnalyzer$StoredValue
instanceKlass org/jetbrains/kotlin/codegen/optimization/temporaryVals/TemporaryValsAnalyzer$StoreData
instanceKlass org/jetbrains/kotlin/codegen/optimization/ConstantConditionEliminationMethodTransformer$IConstValue$Companion
instanceKlass org/jetbrains/kotlin/codegen/optimization/ConstantConditionEliminationMethodTransformer$ConstantConditionsOptimization
instanceKlass org/jetbrains/kotlin/codegen/state/StaticTypeMapperForOldBackend$staticTypeMappingConfiguration$1
instanceKlass org/jetbrains/kotlin/backend/jvm/intrinsics/IntrinsicFunction$Companion
instanceKlass org/jetbrains/kotlin/backend/jvm/intrinsics/IntrinsicFunction
instanceKlass org/jetbrains/kotlin/backend/jvm/codegen/SwitchGenerator$CallToLabel
instanceKlass org/jetbrains/kotlin/backend/jvm/codegen/SwitchGenerator$ExpressionToLabel
instanceKlass org/jetbrains/kotlin/backend/common/IrWhenUtils
instanceKlass org/jetbrains/kotlin/backend/jvm/codegen/SwitchGenerator
instanceKlass org/jetbrains/org/objectweb/asm/Edge
instanceKlass org/jetbrains/kotlin/backend/jvm/codegen/FunctionCodegenKt
instanceKlass org/jetbrains/kotlin/fir/declarations/comparators/FirMemberDeclarationComparator
instanceKlass org/jetbrains/kotlin/fir/serialization/FirElementSerializer$computeNestedClassifiersForClass$lambda$35$$inlined$sortedBy$1
instanceKlass org/jetbrains/kotlin/backend/jvm/codegen/IrCodegenUtilsKt$WhenMappings
instanceKlass org/jetbrains/kotlin/backend/jvm/codegen/ClassCodegen$generateInnerAndOuterClasses$$inlined$sortedBy$1
instanceKlass org/jetbrains/kotlin/fir/serialization/FirMetadataSerializerPluginKt
instanceKlass org/jetbrains/kotlin/fir/serialization/FirElementSerializer$memberDeclarations$$inlined$collectDeclarations$2
instanceKlass org/jetbrains/kotlin/fir/serialization/FirElementSerializer$memberDeclarations$$inlined$collectDeclarations$1
instanceKlass org/jetbrains/kotlin/fir/serialization/SerializationUtilKt
instanceKlass org/jetbrains/kotlin/fir/declarations/comparators/FirCallableDeclarationComparator
instanceKlass org/jetbrains/kotlin/fir/serialization/FirElementSerializer$constructors$$inlined$collectDeclarations$2
instanceKlass org/jetbrains/kotlin/fir/serialization/FirElementSerializer$constructors$$inlined$collectDeclarations$1
instanceKlass org/jetbrains/kotlin/fir/resolve/providers/FirProviderUtilsKt
instanceKlass org/jetbrains/kotlin/codegen/WriteAnnotationUtilKt
instanceKlass org/jetbrains/kotlin/ir/declarations/MetadataSource$Script
instanceKlass org/jetbrains/kotlin/backend/jvm/JvmBackendExtension$Default
instanceKlass org/jetbrains/kotlin/codegen/inline/ReifiedTypeInliner$Companion
instanceKlass org/jetbrains/kotlin/codegen/inline/ReifiedTypeInliner
instanceKlass java/util/Vector$Itr
instanceKlass org/jetbrains/annotations/NotNull
instanceKlass org/jetbrains/kotlin/backend/jvm/codegen/AnnotationCodegenKt
instanceKlass org/jetbrains/kotlin/codegen/DescriptorAsmUtil
instanceKlass org/jetbrains/kotlin/load/kotlin/TypeMappingModeExtensionsKt
instanceKlass org/jetbrains/kotlin/types/TypeMappingUtil
instanceKlass org/jetbrains/kotlin/codegen/state/TypeMappingUtil
instanceKlass org/jetbrains/kotlin/codegen/optimization/fixStack/StackTransformationUtilsKt
instanceKlass org/jetbrains/kotlin/codegen/optimization/common/StrictBasicValue$Companion
instanceKlass org/jetbrains/org/objectweb/asm/tree/analysis/BasicValue
instanceKlass org/jetbrains/kotlin/backend/jvm/codegen/FunctionCodegen$WhenMappings
instanceKlass org/jetbrains/kotlin/util/slicedMap/OpenAddressLinearProbingHashTableKt
instanceKlass org/jetbrains/kotlin/util/slicedMap/OpenAddressLinearProbingHashTable$Companion
instanceKlass org/jetbrains/kotlin/fir/serialization/FirProvidedDeclarationsForMetadataServiceKt
instanceKlass org/jetbrains/kotlin/fir/serialization/FirContractSerializer
instanceKlass org/jetbrains/kotlin/metadata/serialization/MutableTable
instanceKlass org/jetbrains/kotlin/metadata/serialization/Interner
instanceKlass org/jetbrains/kotlin/fir/serialization/FirElementSerializer$Companion
instanceKlass org/jetbrains/kotlin/fir/serialization/FirElementSerializer
instanceKlass org/jetbrains/kotlin/fir/backend/jvm/FirMetadataSerializer
instanceKlass org/jetbrains/kotlin/codegen/serialization/JvmSignatureSerializer
instanceKlass org/jetbrains/kotlin/fir/serialization/FirAnnotationSerializer
instanceKlass org/jetbrains/kotlin/fir/serialization/FirAdditionalMetadataProvider
instanceKlass org/jetbrains/kotlin/fir/backend/ConstValueProviderImpl$Companion
instanceKlass org/jetbrains/kotlin/fir/serialization/constant/ConstValueProvider
instanceKlass org/jetbrains/kotlin/metadata/jvm/serialization/JvmStringTable
instanceKlass org/jetbrains/kotlin/fir/serialization/FirElementAwareStringTable
instanceKlass org/jetbrains/kotlin/metadata/serialization/StringTable
instanceKlass org/jetbrains/kotlin/fir/backend/jvm/FirJvmSerializerExtension$Companion
instanceKlass org/jetbrains/kotlin/fir/serialization/FirSerializerExtension
instanceKlass org/jetbrains/kotlin/fir/backend/jvm/FirMetadataSerializerKt
instanceKlass org/jetbrains/kotlin/codegen/optimization/RedundantNopsCleanupMethodTransformerKt
instanceKlass org/jetbrains/kotlin/codegen/inline/MethodInlinerUtilKt
instanceKlass org/jetbrains/kotlin/codegen/optimization/common/InstructionLivenessAnalyzer
instanceKlass org/jetbrains/org/objectweb/asm/tree/analysis/SmallSet$IteratorImpl
instanceKlass org/jetbrains/org/objectweb/asm/tree/analysis/SourceValue
instanceKlass org/jetbrains/org/objectweb/asm/tree/analysis/Frame
instanceKlass org/jetbrains/org/objectweb/asm/tree/analysis/Value
instanceKlass org/jetbrains/org/objectweb/asm/tree/analysis/Interpreter
instanceKlass org/jetbrains/org/objectweb/asm/Opcodes
instanceKlass org/jetbrains/kotlin/codegen/optimization/boxing/PopBackwardPropagationTransformer$Transformer
instanceKlass org/jetbrains/kotlin/codegen/optimization/boxing/PopBackwardPropagationTransformerKt
instanceKlass org/jetbrains/kotlin/codegen/optimization/common/FastAnalyzer$Companion
instanceKlass org/jetbrains/kotlin/codegen/optimization/common/FastAnalyzer
instanceKlass org/jetbrains/kotlin/codegen/optimization/temporaryVals/TemporaryVariablesEliminationTransformer$ControlFlowGraph
instanceKlass org/jetbrains/kotlin/codegen/CodegenUtilKt
instanceKlass org/jetbrains/kotlin/codegen/optimization/boxing/BoxingInterpreterKt
instanceKlass org/jetbrains/kotlin/codegen/optimization/nullCheck/RedundantNullCheckMethodTransformer$TransformerPass
instanceKlass org/jetbrains/kotlin/codegen/optimization/CapturedVarsOptimizationMethodTransformer$Transformer
instanceKlass org/jetbrains/kotlin/codegen/coroutines/UninitializedStoresProcessor
instanceKlass org/jetbrains/kotlin/codegen/pseudoInsns/PseudoInsnsKt
instanceKlass org/jetbrains/kotlin/codegen/optimization/fixStack/AnalyzeTryCatchBlocksKt
instanceKlass org/jetbrains/kotlin/codegen/optimization/fixStack/FixStackContext
instanceKlass org/jetbrains/kotlin/codegen/optimization/LabelNormalizationMethodTransformerKt
instanceKlass org/jetbrains/kotlin/codegen/optimization/LabelNormalizationMethodTransformer$TransformerForMethod
instanceKlass org/jetbrains/kotlin/codegen/inline/InplaceArgumentsMethodTransformer$MethodContext
instanceKlass org/jetbrains/kotlin/codegen/inline/FieldSignature
instanceKlass org/jetbrains/kotlin/codegen/inline/InlineArgumentsInPlaceKt
instanceKlass org/jetbrains/kotlin/codegen/inline/SourcePosition
instanceKlass org/jetbrains/kotlin/it/unimi/dsi/fastutil/ints/Int2IntMap$FastEntrySet
instanceKlass org/jetbrains/kotlin/it/unimi/dsi/fastutil/ints/AbstractInt2IntFunction
instanceKlass org/jetbrains/kotlin/it/unimi/dsi/fastutil/ints/Int2IntMap
instanceKlass org/jetbrains/kotlin/it/unimi/dsi/fastutil/ints/Int2IntFunction
instanceKlass org/jetbrains/kotlin/codegen/inline/SourceMapCopier
instanceKlass org/jetbrains/kotlin/codegen/optimization/temporaryVals/TemporaryValsAnalyzer
instanceKlass org/jetbrains/kotlin/codegen/optimization/transformer/MethodTransformer
instanceKlass org/jetbrains/org/objectweb/asm/Frame
instanceKlass org/jetbrains/kotlin/codegen/optimization/OptimizationMethodVisitor$Companion
instanceKlass org/jetbrains/kotlin/backend/jvm/codegen/PromisedValue
instanceKlass org/jetbrains/kotlin/backend/jvm/codegen/PromisedValueKt
instanceKlass org/jetbrains/kotlin/backend/jvm/codegen/BlockInfo
instanceKlass org/jetbrains/kotlin/codegen/inline/MaxStackFrameSizeAndLocalsCalculator$ControlFlowEdge
instanceKlass org/jetbrains/kotlin/backend/jvm/codegen/LineNumberMapper
instanceKlass org/jetbrains/kotlin/codegen/inline/NameGenerator
instanceKlass org/jetbrains/kotlin/codegen/inline/InlineScopesGenerator
instanceKlass org/jetbrains/kotlin/backend/jvm/codegen/ExpressionCodegen$Companion
instanceKlass org/jetbrains/kotlin/backend/jvm/codegen/ExpressionCodegen
instanceKlass org/jetbrains/kotlin/codegen/BaseExpressionCodegen
instanceKlass kotlin/collections/builders/ListBuilder$BuilderSubList$Itr
instanceKlass org/jetbrains/kotlin/codegen/FrameMapBase
instanceKlass org/jetbrains/kotlin/codegen/Asm7UtilKt
instanceKlass org/jetbrains/kotlin/backend/jvm/codegen/TypeAnnotationPosition
instanceKlass org/jetbrains/kotlin/backend/jvm/codegen/AnnotationCodegen$Companion
instanceKlass org/jetbrains/kotlin/backend/jvm/codegen/AnnotationCodegen
instanceKlass org/jetbrains/kotlin/codegen/inline/MaxStackFrameSizeAndLocalsCalculator$LabelWrapper
instanceKlass org/jetbrains/kotlin/utils/SmartIdentityTable$Companion
instanceKlass org/jetbrains/kotlin/utils/SmartIdentityTable
instanceKlass org/jetbrains/kotlin/resolve/annotations/ThrowUtilKt
instanceKlass org/jetbrains/kotlin/backend/jvm/codegen/FunctionCodegen$Companion
instanceKlass org/jetbrains/kotlin/backend/jvm/codegen/FunctionCodegen
instanceKlass org/jetbrains/kotlin/backend/jvm/codegen/CoroutineCodegenKt
instanceKlass org/jetbrains/kotlin/backend/jvm/codegen/ClassCodegenKt$WhenMappings
instanceKlass org/jetbrains/kotlin/backend/jvm/codegen/ClassCodegenKt
instanceKlass org/jetbrains/kotlin/resolve/source/PsiSourceElement
instanceKlass org/jetbrains/kotlin/resolve/jvm/checkers/JvmSimpleNameBacktickChecker
instanceKlass org/jetbrains/kotlin/resolve/jvm/jvmSignature/JvmClassSignature
instanceKlass org/jetbrains/org/objectweb/asm/signature/SignatureVisitor
instanceKlass org/jetbrains/kotlin/codegen/ClassFileFactory$OutAndSourceFileList
instanceKlass org/jetbrains/org/objectweb/asm/ByteVector
instanceKlass org/jetbrains/org/objectweb/asm/Symbol
instanceKlass org/jetbrains/org/objectweb/asm/SymbolTable
instanceKlass org/jetbrains/org/objectweb/asm/ModuleVisitor
instanceKlass org/jetbrains/kotlin/codegen/AbstractClassBuilder
instanceKlass org/jetbrains/kotlin/resolve/jvm/diagnostics/JvmDeclarationOrigin$Companion
instanceKlass org/jetbrains/kotlin/ir/PsiSourceManager
instanceKlass org/jetbrains/kotlin/backend/jvm/extensions/JvmIrDeclarationOriginKt
instanceKlass org/jetbrains/kotlin/resolve/jvm/diagnostics/RawSignature
instanceKlass org/jetbrains/kotlin/backend/jvm/codegen/JvmMethodSignatureClashDetector$Companion
instanceKlass org/jetbrains/kotlin/ir/linkage/SignatureClashDetector
instanceKlass org/jetbrains/kotlin/codegen/inline/ReifiedTypeParametersUsages
instanceKlass org/jetbrains/kotlin/codegen/SourceInfo$Companion
instanceKlass org/jetbrains/kotlin/codegen/SourceInfo
instanceKlass org/jetbrains/kotlin/codegen/inline/SourceMapper$Companion
instanceKlass org/jetbrains/kotlin/codegen/inline/SourceMapper
instanceKlass org/jetbrains/kotlin/ir/SourceRangeInfo
instanceKlass org/jetbrains/kotlin/ir/LineAndColumn
instanceKlass org/jetbrains/kotlin/backend/jvm/mapping/IrTypeMappingKt
instanceKlass org/jetbrains/kotlin/backend/jvm/codegen/IrCodegenUtilsKt
instanceKlass org/jetbrains/kotlin/backend/jvm/metadata/MetadataSerializer
instanceKlass org/jetbrains/kotlin/backend/jvm/codegen/ClassCodegen$Companion
instanceKlass org/jetbrains/kotlin/backend/jvm/codegen/ClassCodegen
instanceKlass org/jetbrains/kotlin/backend/jvm/MultifileFacadeFileEntry
instanceKlass org/jetbrains/kotlin/backend/jvm/JvmIrCodegenFactory$JvmIrCodegenInput
instanceKlass org/jetbrains/kotlin/codegen/CodegenFactory$CodegenInput
instanceKlass org/jetbrains/kotlin/backend/jvm/lower/UpdateConstantFacadePropertyReferences
instanceKlass org/jetbrains/kotlin/backend/jvm/lower/UpdateFunctionCallSites
instanceKlass org/jetbrains/kotlin/backend/jvm/lower/GenerateMultifileFacadesKt
instanceKlass org/jetbrains/kotlin/backend/jvm/lower/MappedEnumWhenLowering$EnumMappingClass
instanceKlass org/jetbrains/kotlin/fir/DelegatedWrapperData
instanceKlass org/jetbrains/kotlin/backend/common/lower/InnerClassesLoweringKt
instanceKlass org/jetbrains/kotlin/backend/common/lower/loops/HeaderProcessorKt
instanceKlass org/jetbrains/kotlin/backend/common/lower/loops/LoopReplacement
instanceKlass org/jetbrains/kotlin/backend/common/lower/loops/NumericForLoopHeader$WhenMappings
instanceKlass org/jetbrains/kotlin/backend/common/lower/loops/RangeLoopTransformer$LoopVariableInfo
instanceKlass org/jetbrains/kotlin/backend/common/lower/loops/RangeLoopTransformer$FindInitializerCallVisitor
instanceKlass org/jetbrains/kotlin/backend/common/lower/loops/JavaLikeCounterLoopBuilder
instanceKlass org/jetbrains/kotlin/backend/common/lower/loops/NumericForLoopHeader
instanceKlass org/jetbrains/kotlin/backend/common/lower/loops/ForLoopHeader
instanceKlass java/util/concurrent/locks/AbstractQueuedSynchronizer$Node
instanceKlass org/jetbrains/kotlin/backend/common/lower/loops/UtilsKt
instanceKlass org/jetbrains/kotlin/backend/common/lower/Transformer$WhenMappings
instanceKlass org/jetbrains/kotlin/backend/common/lower/loops/HeaderInfo
instanceKlass org/jetbrains/kotlin/backend/common/lower/loops/ProgressionType$Companion
instanceKlass org/jetbrains/kotlin/backend/common/lower/loops/ProgressionType
instanceKlass org/jetbrains/kotlin/ir/util/IrElementConstructorIndicator
instanceKlass org/jetbrains/org/objectweb/asm/tree/InsnList$InsnListIterator
instanceKlass org/jetbrains/kotlin/codegen/optimization/nullCheck/RedundantNullCheckMethodTransformerKt
instanceKlass org/jetbrains/kotlin/codegen/inline/SMAPAndMethodNode
instanceKlass org/jetbrains/kotlin/codegen/inline/SMAP$special$$inlined$sortedBy$1
instanceKlass org/jetbrains/kotlin/codegen/inline/RangeMapping
instanceKlass org/jetbrains/kotlin/codegen/inline/FileMapping
instanceKlass org/jetbrains/kotlin/codegen/optimization/common/InsnSequence$iterator$1
instanceKlass org/jetbrains/kotlin/codegen/optimization/common/InsnSequence
instanceKlass org/jetbrains/kotlin/codegen/optimization/common/UtilKt
instanceKlass org/jetbrains/kotlin/codegen/inline/SMAP$Companion
instanceKlass org/jetbrains/kotlin/codegen/inline/SMAP
instanceKlass org/jetbrains/org/objectweb/asm/tree/LocalVariableNode
instanceKlass org/jetbrains/org/objectweb/asm/tree/InsnList
instanceKlass org/jetbrains/org/objectweb/asm/tree/Util
instanceKlass org/jetbrains/org/objectweb/asm/tree/AbstractInsnNode
instanceKlass org/jetbrains/kotlin/codegen/inline/InlineCodegenUtilsKt
instanceKlass org/jetbrains/kotlin/codegen/inline/MethodId
instanceKlass org/jetbrains/kotlin/codegen/inline/SourceCompilerForInlineKt
instanceKlass org/jetbrains/kotlin/ir/overrides/IrUnimplementedOverridesStrategy$DefaultImpls
instanceKlass org/jetbrains/kotlin/resolve/jvm/annotations/JvmAnnotationUtilKt
instanceKlass org/jetbrains/kotlin/backend/jvm/lower/FunctionReferenceLowering$FunctionReferenceBuilder
instanceKlass org/jetbrains/kotlin/backend/common/lower/inline/SyntheticAccessorGenerator$FieldKey
instanceKlass org/jetbrains/kotlin/codegen/InlineClassesCodegenUtilKt
instanceKlass java/util/Base64$Encoder
instanceKlass java/util/Base64
instanceKlass java/lang/constant/DynamicConstantDesc
instanceKlass java/lang/constant/DirectMethodHandleDesc$1
instanceKlass java/lang/constant/DirectMethodHandleDescImpl$1
instanceKlass java/lang/constant/DirectMethodHandleDescImpl
instanceKlass java/lang/constant/DirectMethodHandleDesc
instanceKlass java/lang/constant/MethodHandleDesc$1
instanceKlass java/lang/constant/MethodHandleDesc
instanceKlass java/lang/constant/MethodTypeDescImpl
instanceKlass java/lang/constant/MethodTypeDesc
instanceKlass java/lang/constant/ReferenceClassDescImpl
instanceKlass java/lang/constant/ConstantUtils
instanceKlass java/lang/constant/ClassDesc
instanceKlass java/lang/constant/ConstantDescs
instanceKlass java/lang/invoke/VarHandle$2
instanceKlass java/lang/invoke/VarHandle$TypesAndInvokers
instanceKlass java/lang/invoke/VarHandleByteArrayBase
instanceKlass sun/security/provider/ByteArrayAccess$LE
instanceKlass sun/security/provider/ByteArrayAccess
instanceKlass sun/security/util/MessageDigestSpi2
instanceKlass sun/security/jca/GetInstance$Instance
instanceKlass jdk/internal/event/Event
instanceKlass sun/security/util/SecurityProviderConstants
instanceKlass java/security/Provider$UString
instanceKlass java/security/Provider$Service
instanceKlass sun/security/provider/NativePRNG$NonBlocking
instanceKlass sun/security/provider/NativePRNG$Blocking
instanceKlass sun/security/provider/NativePRNG
instanceKlass sun/security/provider/SunEntries$1
instanceKlass sun/security/provider/SunEntries
instanceKlass sun/security/util/SecurityConstants
instanceKlass sun/security/jca/ProviderList$2
instanceKlass javax/security/auth/login/Configuration$Parameters
instanceKlass java/security/Policy$Parameters
instanceKlass java/security/cert/CertStoreParameters
instanceKlass java/security/SecureRandomParameters
instanceKlass java/security/Provider$EngineDescription
instanceKlass java/security/Provider$ServiceKey
instanceKlass sun/security/jca/ProviderConfig
instanceKlass sun/security/jca/ProviderList
instanceKlass sun/security/jca/Providers
instanceKlass sun/security/jca/GetInstance
instanceKlass java/security/MessageDigestSpi
instanceKlass org/jetbrains/kotlin/backend/jvm/lower/InterfaceLowering$WhenMappings
instanceKlass org/jetbrains/kotlin/backend/jvm/lower/StaticInitializersLowering$lower$$inlined$sortBy$1
instanceKlass org/jetbrains/kotlin/backend/jvm/lower/EnumClassLowering$EnumClassTransformer$EnumClassDeclarationsTransformer$WhenMappings
instanceKlass org/jetbrains/kotlin/resolve/ArrayFqNames
instanceKlass org/jetbrains/kotlin/backend/jvm/ir/IrArrayElement
instanceKlass org/jetbrains/kotlin/backend/jvm/ir/IrArrayBuilder
instanceKlass kotlin/sequences/IndexingSequence$iterator$1
instanceKlass kotlin/sequences/IndexingSequence
instanceKlass org/jetbrains/kotlin/backend/jvm/lower/EnumClassLowering$EnumClassTransformer
instanceKlass org/jetbrains/kotlin/backend/jvm/lower/BridgeLowering$Bridge
instanceKlass org/jetbrains/kotlin/backend/common/lower/LocalDeclarationsLowering$PotentiallyUnusedField
instanceKlass org/jetbrains/kotlin/backend/jvm/lower/JvmLocalDeclarationsLoweringKt
instanceKlass org/jetbrains/kotlin/ir/linkage/partial/PartialLinkageUtilsKt
instanceKlass org/jetbrains/kotlin/backend/common/lower/LowerUtilsKt$delegationKind$1
instanceKlass org/jetbrains/kotlin/backend/jvm/lower/SuspendLambdaLoweringKt$capturesCrossinline$$inlined$hasChild$1
instanceKlass org/jetbrains/kotlin/backend/jvm/lower/SuspendLambdaLoweringKt
instanceKlass org/jetbrains/kotlin/backend/jvm/lower/ParameterInfo
instanceKlass org/jetbrains/kotlin/codegen/coroutines/CoroutineTransformerMethodVisitorKt
instanceKlass org/jetbrains/kotlin/backend/jvm/lower/SuspendLambdaLowering$generateContinuationClassForLambda$2$1
instanceKlass org/jetbrains/kotlin/backend/jvm/lower/indy/MetafactoryArgumentsResult
instanceKlass org/jetbrains/kotlin/backend/jvm/lower/indy/LambdaMetafactoryArgumentsBuilder$SignatureAdaptationConstraints
instanceKlass org/jetbrains/kotlin/ir/overrides/IrUnimplementedOverridesStrategy$ProcessAsFakeOverrides
instanceKlass org/jetbrains/kotlin/backend/jvm/lower/indy/LambdaMetafactoryArgumentsBuilder
instanceKlass org/jetbrains/kotlin/backend/common/lower/LocalDeclarationsLoweringKt
instanceKlass org/jetbrains/kotlin/types/ExpandedTypeUtilsKt
instanceKlass org/jetbrains/kotlin/backend/jvm/lower/AddContinuationLowering$addContinuationObjectAndContinuationParameterToSuspendFunctions$1$isCapturingCrossinline$1
instanceKlass org/jetbrains/kotlin/backend/jvm/lower/TailCallOptimizationLoweringKt
instanceKlass org/jetbrains/kotlin/backend/jvm/lower/TailCallOptimizationData
instanceKlass org/jetbrains/kotlin/backend/jvm/lower/SafeCallInfo
instanceKlass org/jetbrains/kotlin/backend/jvm/lower/ElvisInfo
instanceKlass org/jetbrains/kotlin/backend/jvm/ir/IrInlineScopeResolver$CallSite
instanceKlass kotlin/sequences/TakeWhileSequence$iterator$1
instanceKlass kotlin/sequences/TakeWhileSequence
instanceKlass org/jetbrains/kotlin/backend/common/lower/Closure
instanceKlass org/jetbrains/kotlin/backend/common/lower/ClosureAnnotator$ClosureBuilder
instanceKlass org/jetbrains/kotlin/backend/common/lower/ClosureAnnotator$ClosureCollectorVisitor
instanceKlass org/jetbrains/kotlin/backend/common/lower/ClosureAnnotator
instanceKlass org/jetbrains/kotlin/ir/util/IrTypeParameterRemapper
instanceKlass org/jetbrains/kotlin/backend/common/lower/LocalDeclarationsLowering$LocalContext
instanceKlass org/jetbrains/kotlin/backend/common/lower/LocalDeclarationsLowering$OwnerForLoweredDeclaration
instanceKlass org/jetbrains/kotlin/backend/common/lower/LocalDeclarationsLowering$ScopeWithCounter
instanceKlass org/jetbrains/kotlin/backend/common/lower/LoweredStatementOrigins
instanceKlass org/jetbrains/kotlin/backend/common/lower/LoweredDeclarationOrigins
instanceKlass org/jetbrains/kotlin/ir/inline/InlineCallableReferenceToLambdaKt
instanceKlass org/jetbrains/kotlin/ir/util/IrInlineUtilsKt
instanceKlass org/jetbrains/kotlin/ir/util/SymbolRenamer
instanceKlass org/jetbrains/kotlin/load/kotlin/TypeMappingMode$WhenMappings
instanceKlass org/jetbrains/kotlin/types/AbstractTypeMapper$WhenMappings
instanceKlass org/jetbrains/kotlin/resolve/jvm/jvmSignature/JvmMethodParameterSignature
instanceKlass org/jetbrains/kotlin/backend/jvm/lower/BridgeLoweringKt
instanceKlass org/jetbrains/kotlin/ir/builders/IrElementBuilderKt
instanceKlass org/jetbrains/kotlin/backend/jvm/lower/RenameFieldsLowering$lower$$inlined$sortBy$1
instanceKlass org/jetbrains/kotlin/ir/util/VariableNameData
instanceKlass org/jetbrains/kotlin/ir/util/RenderIrElementVisitor
instanceKlass org/jetbrains/kotlin/ir/util/DumpIrTreeOptions
instanceKlass org/jetbrains/kotlin/ir/util/RenderIrElementKt
instanceKlass org/jetbrains/kotlin/backend/jvm/lower/TypeOperatorLowering$WhenMappings
instanceKlass org/jetbrains/kotlin/ir/builders/IrBuilderKt
instanceKlass org/jetbrains/kotlin/backend/jvm/lower/SyntheticAccessorLoweringKt
instanceKlass org/jetbrains/kotlin/descriptors/CallableMemberDescriptor$CopyBuilder
instanceKlass org/jetbrains/kotlin/serialization/deserialization/descriptors/DescriptorWithContainerSource
instanceKlass org/jetbrains/kotlin/descriptors/PropertyGetterDescriptor
instanceKlass org/jetbrains/kotlin/resolve/jvm/jvmSignature/JvmMethodSignature
instanceKlass org/jetbrains/org/objectweb/asm/commons/Method
instanceKlass org/jetbrains/kotlin/codegen/JvmCodegenUtil
instanceKlass org/jetbrains/kotlin/resolve/jvm/JdkClassesKt
instanceKlass org/jetbrains/kotlin/resolve/jvm/AsmTypes$1
instanceKlass org/jetbrains/kotlin/load/kotlin/TypeSignatureMappingKt
instanceKlass org/jetbrains/kotlin/types/AbstractTypeMapper
instanceKlass org/jetbrains/kotlin/load/kotlin/TypeMappingMode$Companion
instanceKlass org/jetbrains/kotlin/load/kotlin/TypeMappingMode
instanceKlass org/jetbrains/kotlin/codegen/signature/AsmTypeFactory
instanceKlass org/jetbrains/kotlin/load/kotlin/JvmTypeFactory
instanceKlass org/jetbrains/kotlin/load/kotlin/JvmDescriptorTypeWriter
instanceKlass org/jetbrains/kotlin/backend/common/ir/IrInlineUtilsKt
instanceKlass org/jetbrains/kotlin/backend/common/lower/InitializersLoweringKt
instanceKlass org/jetbrains/kotlin/backend/jvm/lower/AddContinuationLoweringKt
instanceKlass org/jetbrains/kotlin/ir/expressions/impl/IrConstImpl$Companion$WhenMappings
instanceKlass org/jetbrains/kotlin/backend/jvm/MemoizedMultiFieldValueClassReplacements$RemappedParameter
instanceKlass org/jetbrains/kotlin/backend/jvm/JvmLoweredStatementOrigin
instanceKlass org/jetbrains/kotlin/resolve/inline/InlineOnlyKt
instanceKlass org/jetbrains/kotlin/backend/common/lower/DefaultArgumentStubGeneratorKt
instanceKlass org/jetbrains/kotlin/backend/jvm/ir/JvmIrBuilderKt
instanceKlass org/jetbrains/kotlin/backend/common/lower/FlattenStringConcatenationLowering$Companion$collectStringConcatenationArguments$1
instanceKlass org/jetbrains/kotlin/codegen/state/InfoForMangling
instanceKlass org/jetbrains/kotlin/backend/jvm/lower/VarargLoweringKt
instanceKlass org/jetbrains/kotlin/backend/jvm/MfvcNodeKt
instanceKlass org/jetbrains/kotlin/backend/jvm/lower/JvmIrLowerUtilsKt
instanceKlass org/jetbrains/kotlin/resolve/jvm/checkers/PolymorphicSignatureCallChecker
instanceKlass org/jetbrains/kotlin/backend/jvm/MultifileFacadesKt
instanceKlass org/jetbrains/kotlin/backend/jvm/ir/JvmIrCoroutineUtilsKt
instanceKlass org/jetbrains/kotlin/backend/jvm/lower/TypeOperatorLowering$ClassContext
instanceKlass org/jetbrains/org/objectweb/asm/Handle
instanceKlass org/jetbrains/kotlin/backend/jvm/lower/RecordEnclosingMethodsLowering$lower$1
instanceKlass org/jetbrains/kotlin/backend/jvm/lower/JvmOptimizationLowering$Transformer
instanceKlass org/jetbrains/kotlin/backend/jvm/lower/JvmOptimizationLowering$Companion
instanceKlass org/jetbrains/kotlin/backend/jvm/lower/JvmSafeCallChainFoldingLoweringKt
instanceKlass org/jetbrains/kotlin/backend/jvm/lower/ToArrayLoweringKt
instanceKlass org/jetbrains/kotlin/backend/jvm/lower/JvmArgumentNullabilityAssertionsLowering$Companion
instanceKlass org/jetbrains/kotlin/backend/common/lower/inline/SyntheticAccessorGenerator$FunctionKey
instanceKlass org/jetbrains/kotlin/resolve/jvm/AsmTypes
instanceKlass org/jetbrains/kotlin/backend/jvm/intrinsics/MonitorInstruction$Companion
instanceKlass org/jetbrains/kotlin/backend/jvm/intrinsics/IrIntrinsicMethods$Key
instanceKlass org/jetbrains/kotlin/backend/jvm/intrinsics/IntrinsicMethod$Companion
instanceKlass org/jetbrains/kotlin/backend/jvm/intrinsics/IntrinsicMethod
instanceKlass org/jetbrains/kotlin/backend/jvm/intrinsics/IrIntrinsicMethods$Companion
instanceKlass org/jetbrains/kotlin/backend/jvm/JvmIrAttributesKt
instanceKlass org/jetbrains/kotlin/backend/jvm/ir/IrInlineReferenceLocatorKt
instanceKlass org/jetbrains/kotlin/backend/jvm/lower/SyntheticAccessorLowering$Companion
instanceKlass org/jetbrains/kotlin/ir/util/NullDescriptorsRemapper
instanceKlass org/jetbrains/kotlin/ir/util/DescriptorsRemapper
instanceKlass org/jetbrains/kotlin/ir/util/DeepCopySymbolRemapper
instanceKlass org/jetbrains/kotlin/backend/common/lower/InitializersLowering$lower$1
instanceKlass org/jetbrains/kotlin/backend/jvm/lower/UniqueLoopLabelsLowering$lower$1
instanceKlass org/jetbrains/kotlin/ir/util/DeclarationParentsVisitor
instanceKlass org/jetbrains/kotlin/ir/util/PatchDeclarationParentsKt
instanceKlass org/jetbrains/kotlin/backend/jvm/lower/StaticInitializersLowering$Companion
instanceKlass org/jetbrains/kotlin/backend/common/lower/LowerUtilsKt
instanceKlass org/jetbrains/kotlin/builtins/CompanionObjectMappingUtilsKt
instanceKlass org/jetbrains/kotlin/backend/jvm/lower/EnumExternalEntriesLowering$EntriesMappingState
instanceKlass org/jetbrains/kotlin/backend/jvm/lower/TailCallOptimizationLowering$lower$1
instanceKlass org/jetbrains/kotlin/backend/jvm/lower/InheritedDefaultMethodsOnClassesLoweringKt
instanceKlass org/jetbrains/kotlin/backend/common/DeclarationTransformer$Visitor
instanceKlass org/jetbrains/kotlin/backend/common/lower/DefaultArgumentFunctionFactory
instanceKlass org/jetbrains/kotlin/backend/jvm/lower/JvmStringConcatenationLoweringKt
instanceKlass org/jetbrains/kotlin/backend/common/lower/FlattenStringConcatenationLowering$Companion
instanceKlass org/jetbrains/kotlin/backend/common/lower/LocalDeclarationsLowering$LocalDeclarationsTransformer$collectLocalDeclarations$Data
instanceKlass org/jetbrains/kotlin/backend/common/lower/LocalDeclarationsLowering$LocalDeclarationsTransformer$collectLocalDeclarations$1
instanceKlass org/jetbrains/kotlin/backend/common/lower/LocalDeclarationsLowering$LocalDeclarationsTransformer
instanceKlass org/jetbrains/kotlin/backend/common/lower/VisibilityPolicy$Companion$DEFAULT$1
instanceKlass org/jetbrains/kotlin/backend/common/lower/VisibilityPolicy$Companion
instanceKlass org/jetbrains/kotlin/backend/jvm/lower/JvmVisibilityPolicy
instanceKlass org/jetbrains/kotlin/backend/common/lower/VisibilityPolicy
instanceKlass org/jetbrains/kotlin/backend/common/lower/LocalDeclarationsLowering$Companion
instanceKlass org/jetbrains/kotlin/backend/common/lower/SharedVariablesLowering$SharedVariablesTransformer$collectSharedVariables$1
instanceKlass org/jetbrains/kotlin/backend/common/lower/SharedVariablesLowering$SharedVariablesTransformer
instanceKlass org/jetbrains/kotlin/backend/jvm/lower/MappedEnumWhenLowering$EnumMappingState
instanceKlass org/jetbrains/kotlin/backend/common/lower/TailrecLowering$lower$1
instanceKlass org/jetbrains/kotlin/codegen/state/InlineClassManglingUtilsKt
instanceKlass org/jetbrains/kotlin/backend/jvm/InlineClassAbi
instanceKlass org/jetbrains/kotlin/backend/jvm/ir/JvmIrTypeUtilsKt
instanceKlass org/jetbrains/kotlin/ir/IrElementsKt
instanceKlass org/jetbrains/kotlin/backend/jvm/InlineClassAbiKt
instanceKlass org/jetbrains/kotlin/backend/jvm/lower/JvmMultiFieldValueClassLowering$ValueDeclarationRemapper
instanceKlass org/jetbrains/kotlin/backend/jvm/lower/JvmMultiFieldValueClassLowering$Companion
instanceKlass org/jetbrains/kotlin/backend/jvm/caches/CollectionStubComputer$LazyStubsForCollectionClass
instanceKlass org/jetbrains/kotlin/backend/jvm/caches/StubsForCollectionClass
instanceKlass org/jetbrains/kotlin/backend/common/lower/loops/HeaderProcessor
instanceKlass org/jetbrains/kotlin/backend/common/lower/loops/handlers/DefaultSequenceHandler
instanceKlass org/jetbrains/kotlin/backend/common/lower/loops/handlers/DefaultIterableHandler
instanceKlass org/jetbrains/kotlin/backend/common/lower/loops/handlers/IndexedGetIterationHandler
instanceKlass org/jetbrains/kotlin/backend/common/lower/loops/handlers/WithIndexHandler
instanceKlass org/jetbrains/kotlin/backend/common/lower/loops/RangeLoopTransformer$Companion
instanceKlass org/jetbrains/kotlin/backend/common/lower/loops/handlers/DefaultProgressionHandler
instanceKlass org/jetbrains/kotlin/backend/common/lower/loops/handlers/ReversedHandler
instanceKlass org/jetbrains/kotlin/backend/common/lower/ComparableRangeToHandler
instanceKlass org/jetbrains/kotlin/backend/common/lower/FloatingPointRangeToHandler
instanceKlass org/jetbrains/kotlin/backend/common/lower/loops/handlers/StepHandler
instanceKlass org/jetbrains/kotlin/backend/common/lower/loops/handlers/RangeToHandler
instanceKlass org/jetbrains/kotlin/backend/common/lower/loops/handlers/DownToHandler
instanceKlass org/jetbrains/kotlin/backend/common/lower/loops/handlers/RangeUntilHandler
instanceKlass org/jetbrains/kotlin/backend/common/lower/loops/handlers/UntilHandler
instanceKlass org/jetbrains/kotlin/backend/common/lower/loops/handlers/IndicesHandler
instanceKlass org/jetbrains/kotlin/backend/common/lower/loops/HeaderInfoHandler
instanceKlass org/jetbrains/kotlin/backend/common/lower/loops/HeaderInfoBuilder
instanceKlass org/jetbrains/kotlin/backend/jvm/lower/JvmPropertiesLowering$Companion
instanceKlass org/jetbrains/kotlin/backend/common/lower/ArrayConstructorTransformer$Companion
instanceKlass org/jetbrains/kotlin/backend/jvm/lower/PropertyReferenceLowering$ClassData
instanceKlass org/jetbrains/kotlin/backend/jvm/lower/PropertyReferenceLowering$Companion
instanceKlass org/jetbrains/kotlin/backend/jvm/lower/FunctionReferenceLowering$Companion
instanceKlass org/jetbrains/kotlin/backend/jvm/ir/JvmIrInlineUtilsKt
instanceKlass org/jetbrains/kotlin/backend/common/lower/InventNamesForLocalClasses$NameInventorData
instanceKlass org/jetbrains/kotlin/backend/common/lower/InventNamesForLocalClasses$NameInventor
instanceKlass org/jetbrains/kotlin/backend/jvm/lower/PolymorphicSignatureLowering$Data$Companion
instanceKlass org/jetbrains/kotlin/backend/jvm/lower/PolymorphicSignatureLowering$Data
instanceKlass org/jetbrains/kotlin/backend/common/lower/AnnotationImplementationTransformerKt
instanceKlass org/jetbrains/kotlin/backend/jvm/lower/JvmAnnotationImplementationTransformer$AnnotationPropertyImplementor
instanceKlass org/jetbrains/kotlin/backend/common/lower/ProvisionalFunctionExpressionLoweringContext
instanceKlass org/jetbrains/kotlin/backend/common/BodyLoweringVisitor
instanceKlass org/jetbrains/kotlin/backend/common/ClassLoweringVisitor
instanceKlass org/jetbrains/kotlin/backend/common/LowerKt
instanceKlass org/jetbrains/kotlin/ir/IrAttribute$Flag
instanceKlass org/jetbrains/kotlin/ir/IrAttribute$Flag$Delegate
instanceKlass org/jetbrains/kotlin/ir/inline/InlineFunctionResolver
instanceKlass org/jetbrains/kotlin/resolve/annotations/AnnotationUtilKt
instanceKlass org/jetbrains/kotlin/backend/jvm/lower/JvmStaticAnnotationLoweringKt
instanceKlass org/jetbrains/kotlin/load/kotlin/PackagePartClassUtils
instanceKlass org/jetbrains/kotlin/fileClasses/JvmSimpleFileClassInfo
instanceKlass org/jetbrains/kotlin/fileClasses/JvmFileClassInfo
instanceKlass org/jetbrains/kotlin/backend/jvm/lower/FileClassLoweringKt
instanceKlass org/jetbrains/kotlin/ir/declarations/DescriptorMetadataSource
instanceKlass org/jetbrains/kotlin/utils/SortUtilsKt$topologicalSort$1
instanceKlass org/jetbrains/kotlin/utils/SortUtilsKt
instanceKlass org/jetbrains/kotlin/ir/interpreter/builtins/IrBuiltInsMapGeneratedKt
instanceKlass org/jetbrains/kotlin/ir/interpreter/DefaultCallInterceptor$Signature
instanceKlass org/jetbrains/kotlin/ir/interpreter/DefaultCallInterceptor$Arg
instanceKlass org/jetbrains/kotlin/ir/interpreter/proxy/ProxyKt
instanceKlass org/jetbrains/kotlin/ir/interpreter/CustomInstruction
instanceKlass org/jetbrains/kotlin/builtins/UnsignedTypes
instanceKlass org/jetbrains/kotlin/ir/interpreter/preprocessor/IrInterpreterPreprocessor$DefaultImpls
instanceKlass org/jetbrains/kotlin/ir/interpreter/preprocessor/IrInterpreterPreprocessorData
instanceKlass org/jetbrains/kotlin/ir/interpreter/preprocessor/IrInterpreterConstGetterPreprocessor
instanceKlass org/jetbrains/kotlin/ir/interpreter/preprocessor/IrInterpreterKCallableNamePreprocessor$Companion
instanceKlass org/jetbrains/kotlin/ir/interpreter/preprocessor/IrInterpreterKCallableNamePreprocessor
instanceKlass org/jetbrains/kotlin/ir/interpreter/preprocessor/IrInterpreterPreprocessor
instanceKlass org/jetbrains/kotlin/platform/WasmPlatformKt
instanceKlass org/jetbrains/kotlin/backend/common/IrValidatorKt
instanceKlass org/jetbrains/kotlin/backend/common/IrValidationContext
instanceKlass org/jetbrains/kotlin/backend/common/UtilsKt
instanceKlass org/jetbrains/kotlin/backend/common/ScopeWithIr
instanceKlass org/jetbrains/kotlin/ir/visitors/IrElementTransformerVoidKt
instanceKlass org/jetbrains/kotlin/backend/jvm/lower/FragmentSharedVariablesLowering$Companion
instanceKlass org/jetbrains/kotlin/backend/jvm/lower/ExternalPackageParentPatcherLowering$Visitor
instanceKlass org/jetbrains/kotlin/backend/common/phaser/DumperVerifierKt$WhenMappings
instanceKlass org/jetbrains/kotlin/backend/common/phaser/CompilerPhaseKt
instanceKlass org/jetbrains/kotlin/backend/jvm/ir/JvmIrUtilsKt
instanceKlass org/jetbrains/kotlin/ir/util/ExternalDependenciesGenerator
instanceKlass org/jetbrains/kotlin/backend/jvm/EnumEntriesIntrinsicMappingsCache
instanceKlass org/jetbrains/kotlin/backend/jvm/IntrinsicMarker
instanceKlass org/jetbrains/kotlin/backend/jvm/intrinsics/IrIntrinsicMethods
instanceKlass org/jetbrains/kotlin/codegen/state/GenerationState$MultiFieldValueClassUnboxInfo
instanceKlass org/jetbrains/kotlin/backend/jvm/NameableMfvcNode
instanceKlass org/jetbrains/kotlin/backend/jvm/MfvcNodeWithSubnodes
instanceKlass org/jetbrains/kotlin/backend/jvm/MfvcNode
instanceKlass org/jetbrains/kotlin/backend/jvm/MemoizedValueClassAbstractReplacements
instanceKlass org/jetbrains/kotlin/backend/common/lower/BuiltInWithDifferentJvmName
instanceKlass org/jetbrains/kotlin/backend/common/lower/SpecialMethodWithDefaultInfo
instanceKlass org/jetbrains/kotlin/backend/common/lower/SpecialBridgeMethods$SpecialMethodDescription
instanceKlass org/jetbrains/kotlin/backend/common/lower/SpecialBridgeMethods
instanceKlass org/jetbrains/kotlin/backend/jvm/caches/BridgeLoweringCache
instanceKlass org/jetbrains/kotlin/backend/jvm/caches/CollectionStubComputer
instanceKlass org/jetbrains/kotlin/types/ClassifierBasedTypeConstructor
instanceKlass org/jetbrains/kotlin/types/TypeConstructor
instanceKlass org/jetbrains/kotlin/ir/descriptors/IrBasedDeclarationDescriptor
instanceKlass org/jetbrains/kotlin/ir/descriptors/IrBasedDescriptorsKt
instanceKlass org/jetbrains/kotlin/codegen/JvmBackendClassResolverKt
instanceKlass org/jetbrains/kotlin/backend/jvm/JvmSharedVariablesManager$RefProvider
instanceKlass org/jetbrains/kotlin/backend/jvm/JvmSharedVariablesManager
instanceKlass org/jetbrains/kotlin/backend/common/ir/SharedVariablesManager
instanceKlass org/jetbrains/kotlin/ir/util/SetDeclarationsParentVisitor
instanceKlass org/jetbrains/kotlin/backend/jvm/JvmSymbols$JavaAnnotations
instanceKlass org/jetbrains/kotlin/backend/common/descriptors/DescriptorUtilsKt
instanceKlass org/jetbrains/kotlin/backend/common/ir/IrUtilsKt
instanceKlass org/jetbrains/kotlin/backend/jvm/JvmLoweredDeclarationOrigin
instanceKlass org/jetbrains/kotlin/backend/jvm/JvmSymbols$SerializedLambdaClass
instanceKlass org/jetbrains/kotlin/backend/jvm/JvmReflectSymbols
instanceKlass org/jetbrains/kotlin/backend/jvm/JvmSymbols$PropertyReferenceKey
instanceKlass org/jetbrains/kotlin/backend/jvm/JvmSymbolsKt
instanceKlass org/jetbrains/kotlin/backend/common/lower/LocalDeclarationsLowering$LocalScopeWithCounterMap
instanceKlass org/jetbrains/kotlin/backend/common/ir/Ir
instanceKlass org/jetbrains/kotlin/backend/common/Mapping$DeclarationMapping
instanceKlass org/jetbrains/kotlin/ir/IrAttribute
instanceKlass org/jetbrains/kotlin/ir/IrAttribute$Delegate
instanceKlass org/jetbrains/kotlin/ir/IrAttributeKt
instanceKlass org/jetbrains/kotlin/backend/common/Mapping$AttributeBasedMappingDelegate
instanceKlass org/jetbrains/kotlin/backend/common/Mapping
instanceKlass org/jetbrains/kotlin/backend/common/lower/inline/SyntheticAccessorGenerator
instanceKlass org/jetbrains/kotlin/backend/jvm/JvmCachedDeclarations
instanceKlass org/jetbrains/kotlin/backend/jvm/JvmInnerClassesSupport
instanceKlass org/jetbrains/kotlin/backend/common/lower/InnerClassesSupport
instanceKlass org/jetbrains/kotlin/backend/jvm/mapping/MethodSignatureMapper$Companion
instanceKlass org/jetbrains/kotlin/backend/jvm/mapping/MethodSignatureMapper
instanceKlass org/jetbrains/kotlin/backend/jvm/mapping/IrTypeCheckerContextForTypeMapping
instanceKlass org/jetbrains/kotlin/types/TypeSystemCommonBackendContextForTypeMapping
instanceKlass org/jetbrains/kotlin/types/TypeMappingContext
instanceKlass org/jetbrains/kotlin/backend/jvm/JvmIrCodegenFactory$JvmIrBackendInput
instanceKlass org/jetbrains/kotlin/codegen/CodegenFactory$BackendInput
instanceKlass org/jetbrains/kotlin/fir/backend/jvm/FirJvmBackendExtension
instanceKlass org/jetbrains/kotlin/backend/jvm/JvmBackendExtension
instanceKlass org/jetbrains/kotlin/codegen/PackagePartRegistry
instanceKlass java/util/Collections$SynchronizedMap
instanceKlass org/jetbrains/kotlin/codegen/MultifileClassCodegen
instanceKlass org/jetbrains/kotlin/backend/common/output/OutputFile
instanceKlass org/jetbrains/kotlin/codegen/PackageCodegen
instanceKlass org/jetbrains/kotlin/codegen/ClassFileFactory
instanceKlass org/jetbrains/kotlin/backend/common/output/OutputFileCollection
instanceKlass org/jetbrains/kotlin/backend/jvm/extensions/ClassBuilderExtensionAdapter
instanceKlass org/jetbrains/kotlin/codegen/DelegatingClassBuilder
instanceKlass org/jetbrains/kotlin/codegen/DelegatingClassBuilderFactory
instanceKlass org/jetbrains/kotlin/resolve/calls/components/ClassicTypeSystemContextForCS
instanceKlass org/jetbrains/kotlin/types/model/TypeSystemInferenceExtensionContextDelegate
instanceKlass org/jetbrains/kotlin/types/checker/ClassicTypeSystemContext
instanceKlass org/jetbrains/kotlin/resolve/calls/components/BuiltInsProvider
instanceKlass org/jetbrains/kotlin/resolve/jvm/diagnostics/JvmDeclarationOrigin
instanceKlass org/jetbrains/kotlin/codegen/state/GenerationState$multiFieldValueClassUnboxInfo$1
instanceKlass org/jetbrains/kotlin/util/slicedMap/Slices$2
instanceKlass org/jetbrains/kotlin/util/slicedMap/Slices$1
instanceKlass org/jetbrains/kotlin/util/slicedMap/RewritePolicy
instanceKlass org/jetbrains/kotlin/util/slicedMap/Slices
instanceKlass org/jetbrains/kotlin/codegen/serialization/JvmSerializationBindings
instanceKlass org/jetbrains/kotlin/codegen/StackValue
instanceKlass org/jetbrains/kotlin/codegen/OwnerKind$Companion
instanceKlass org/jetbrains/kotlin/codegen/context/RootContext$FakeDescriptor
instanceKlass org/jetbrains/kotlin/descriptors/PropertyDescriptor
instanceKlass org/jetbrains/kotlin/descriptors/VariableDescriptorWithAccessors
instanceKlass org/jetbrains/kotlin/descriptors/ClassConstructorDescriptor
instanceKlass org/jetbrains/kotlin/codegen/AccessorForCallableDescriptor
instanceKlass org/jetbrains/kotlin/codegen/context/LocalLookup
instanceKlass org/jetbrains/kotlin/codegen/context/CodegenContext
instanceKlass org/jetbrains/kotlin/codegen/state/GenerationState$ForScript
instanceKlass org/jetbrains/kotlin/codegen/JvmRuntimeTypes
instanceKlass org/jetbrains/kotlin/codegen/when/MappingClassesForWhenByEnumCodegen
instanceKlass org/jetbrains/kotlin/codegen/when/MappingsClassesForWhenByEnum
instanceKlass org/jetbrains/kotlin/codegen/inline/GlobalInlineContext
instanceKlass org/jetbrains/kotlin/codegen/SamWrapperClasses
instanceKlass org/jetbrains/kotlin/codegen/AsmUtil
instanceKlass org/jetbrains/kotlin/codegen/intrinsics/HashCode$Companion
instanceKlass org/jetbrains/kotlin/com/google/common/collect/PeekingIterator
instanceKlass org/jetbrains/kotlin/com/google/common/collect/Iterators
instanceKlass org/jetbrains/kotlin/codegen/intrinsics/MonitorInstruction$Companion
instanceKlass org/jetbrains/kotlin/codegen/intrinsics/IntrinsicsMap$Key
instanceKlass org/jetbrains/kotlin/codegen/intrinsics/IntrinsicsMap
instanceKlass org/jetbrains/kotlin/codegen/intrinsics/IteratorNext$Companion
instanceKlass org/jetbrains/kotlin/codegen/intrinsics/IntrinsicMethod
instanceKlass org/jetbrains/kotlin/codegen/intrinsics/IntrinsicMethods
instanceKlass org/jetbrains/kotlin/codegen/state/KotlinTypeMapper$typeMappingConfiguration$1
instanceKlass org/jetbrains/kotlin/load/kotlin/TypeMappingConfiguration
instanceKlass org/jetbrains/kotlin/resolve/InlineClassDescriptorResolver
instanceKlass org/jetbrains/kotlin/codegen/state/KotlinTypeMapper$Companion
instanceKlass org/jetbrains/kotlin/codegen/state/KotlinTypeMapperBase
instanceKlass org/jetbrains/kotlin/descriptors/SimpleFunctionDescriptor
instanceKlass org/jetbrains/kotlin/idea/MainFunctionDetector$Companion
instanceKlass org/jetbrains/kotlin/idea/MainFunctionDetector
instanceKlass org/jetbrains/kotlin/codegen/ClassBuilderMode
instanceKlass org/jetbrains/kotlin/codegen/state/LazyJvmDiagnostics
instanceKlass org/jetbrains/kotlin/resolve/DelegatingBindingTrace$MyBindingContext
instanceKlass org/jetbrains/kotlin/resolve/DelegatingBindingTrace
instanceKlass org/jetbrains/kotlin/resolve/SinceKotlinAccessibility
instanceKlass org/jetbrains/kotlin/resolve/deprecation/DeprecationResolver$DeprecationInfo
instanceKlass org/jetbrains/kotlin/load/java/components/JavaDeprecationSettings
instanceKlass org/jetbrains/kotlin/resolve/deprecation/DeprecationSettings
instanceKlass org/jetbrains/kotlin/resolve/deprecation/DeprecationResolver$Companion
instanceKlass org/jetbrains/kotlin/resolve/deprecation/DeprecationResolver
instanceKlass org/jetbrains/kotlin/com/intellij/util/containers/hash/EqualityPolicy$2
instanceKlass org/jetbrains/kotlin/com/intellij/util/containers/hash/EqualityPolicy$1
instanceKlass org/jetbrains/kotlin/codegen/inline/InlineCache
instanceKlass org/jetbrains/kotlin/config/JvmClosureGenerationScheme$Companion
instanceKlass org/jetbrains/kotlin/config/JvmStringConcat$Companion
instanceKlass org/jetbrains/kotlin/codegen/state/JvmBackendConfig
instanceKlass org/jetbrains/kotlin/fir/backend/jvm/FirJvmBackendClassResolver
instanceKlass org/jetbrains/kotlin/codegen/JvmBackendClassResolverForModuleWithDependencies
instanceKlass org/jetbrains/kotlin/codegen/JvmBackendClassResolver
instanceKlass org/jetbrains/kotlin/codegen/state/GenerationStateKt$GenerationStateEventCallback$1
instanceKlass org/jetbrains/kotlin/codegen/state/GenerationStateKt
instanceKlass org/jetbrains/kotlin/codegen/state/GenerationState
instanceKlass org/jetbrains/kotlin/codegen/state/GenerationStateEventCallback$Companion
instanceKlass org/jetbrains/kotlin/codegen/state/GenerationStateEventCallback
instanceKlass org/jetbrains/kotlin/codegen/state/GenerationState$GenerateClassFilter$Companion
instanceKlass org/jetbrains/kotlin/codegen/state/GenerationState$GenerateClassFilter
instanceKlass org/jetbrains/kotlin/codegen/ClassBuilderFactories$2
instanceKlass org/jetbrains/kotlin/codegen/ClassBuilder
instanceKlass org/jetbrains/kotlin/codegen/ClassBuilderFactories$TestClassBuilderFactory
instanceKlass org/jetbrains/kotlin/codegen/ClassBuilderFactories$1
instanceKlass org/jetbrains/kotlin/codegen/ClassBuilderFactory
instanceKlass org/jetbrains/kotlin/codegen/ClassBuilderFactories
instanceKlass org/jetbrains/kotlin/codegen/state/GenerationState$Builder
instanceKlass org/jetbrains/kotlin/resolve/diagnostics/KotlinSuppressCache$Companion
instanceKlass org/jetbrains/kotlin/resolve/diagnostics/Diagnostics$Companion$EMPTY$1
instanceKlass org/jetbrains/kotlin/resolve/diagnostics/Diagnostics$Companion
instanceKlass org/jetbrains/kotlin/resolve/diagnostics/MutableDiagnosticsWithSuppression
instanceKlass org/jetbrains/kotlin/resolve/diagnostics/Diagnostics
instanceKlass org/jetbrains/kotlin/diagnostics/GenericDiagnostics
instanceKlass org/jetbrains/kotlin/util/slicedMap/WritableSlice
instanceKlass org/jetbrains/kotlin/resolve/BindingTraceContext$1
instanceKlass org/jetbrains/kotlin/resolve/CleanableBindingContext
instanceKlass org/jetbrains/kotlin/util/slicedMap/SlicedMapImpl
instanceKlass org/jetbrains/kotlin/resolve/BindingTraceFilter$Companion
instanceKlass org/jetbrains/kotlin/resolve/BindingTraceFilter
instanceKlass org/jetbrains/kotlin/diagnostics/DiagnosticSink$2
instanceKlass org/jetbrains/kotlin/diagnostics/DiagnosticSink$1
instanceKlass org/jetbrains/kotlin/resolve/BindingContext
instanceKlass org/jetbrains/kotlin/util/slicedMap/MutableSlicedMap
instanceKlass org/jetbrains/kotlin/util/slicedMap/SlicedMap
instanceKlass org/jetbrains/kotlin/util/slicedMap/ReadOnlySlice
instanceKlass org/jetbrains/kotlin/resolve/BindingTraceContext
instanceKlass org/jetbrains/kotlin/backend/jvm/JvmIrCodegenFactory$IdeCodegenSettings
instanceKlass org/jetbrains/kotlin/psi2ir/generators/GeneratorExtensions$SamConversion
instanceKlass org/jetbrains/kotlin/ir/util/StubGeneratorExtensions$Companion
instanceKlass org/jetbrains/kotlin/ir/util/StubGeneratorExtensions
instanceKlass org/jetbrains/kotlin/codegen/CodegenFactory$Companion
instanceKlass org/jetbrains/kotlin/backend/jvm/JvmIrCodegenFactory
instanceKlass org/jetbrains/kotlin/codegen/CodegenFactory
instanceKlass org/jetbrains/kotlin/cli/jvm/compiler/pipeline/ModuleCompilerIrBackendInput
instanceKlass org/jetbrains/kotlin/cli/common/IRMeasurement
instanceKlass org/jetbrains/kotlin/fir/pipeline/Fir2IrActualizedResult
instanceKlass org/jetbrains/kotlin/backend/common/actualizer/SpecialFakeOverrideSymbolsResolver$cacheFakeOverridesOfAllClasses$visitor$1
instanceKlass org/jetbrains/kotlin/constant/KClassValue$Value
instanceKlass org/jetbrains/kotlin/com/intellij/psi/util/ConstantExpressionUtil
instanceKlass org/jetbrains/kotlin/com/intellij/codeInsight/FileModificationService
instanceKlass org/jetbrains/kotlin/com/intellij/psi/util/PsiLiteralUtil
instanceKlass org/jetbrains/kotlin/com/intellij/psi/impl/source/PsiFieldImpl$OurConstValueComputer
instanceKlass org/jetbrains/kotlin/ir/interpreter/IrTreeBuildUtilsKt$WhenMappings
instanceKlass org/jetbrains/kotlin/ir/util/IrUtilsKt$WhenMappings
instanceKlass org/jetbrains/kotlin/ir/interpreter/intrinsics/IntrinsicBase
instanceKlass org/jetbrains/kotlin/ir/interpreter/intrinsics/IntrinsicEvaluator
instanceKlass org/jetbrains/kotlin/ir/interpreter/UtilsKt$WhenMappings
instanceKlass org/jetbrains/kotlin/ir/interpreter/proxy/reflection/ReflectionProxy
instanceKlass org/jetbrains/kotlin/ir/interpreter/proxy/Proxy
instanceKlass org/jetbrains/kotlin/ir/interpreter/stack/Variable
instanceKlass org/jetbrains/kotlin/ir/interpreter/state/reflection/ReflectionState
instanceKlass org/jetbrains/kotlin/ir/interpreter/state/StateKt
instanceKlass org/jetbrains/kotlin/ir/interpreter/state/Wrapper$Companion
instanceKlass org/jetbrains/kotlin/ir/interpreter/state/Wrapper
instanceKlass org/jetbrains/kotlin/ir/interpreter/checker/IrInterpreterChecker$DefaultImpls
instanceKlass org/jetbrains/kotlin/ir/interpreter/transformer/IrConstTransformer$reportInlinedJavaConst$1
instanceKlass org/jetbrains/kotlin/platform/JsPlatformKt
instanceKlass org/jetbrains/kotlin/ir/interpreter/state/Primitive$Companion
instanceKlass org/jetbrains/kotlin/ir/interpreter/state/Primitive
instanceKlass org/jetbrains/kotlin/ir/interpreter/SimpleInstruction
instanceKlass org/jetbrains/kotlin/ir/interpreter/InstructionsUnfolderKt
instanceKlass org/jetbrains/kotlin/ir/interpreter/CompoundInstruction
instanceKlass org/jetbrains/kotlin/ir/interpreter/Instruction
instanceKlass org/jetbrains/kotlin/ir/interpreter/InstructionKt
instanceKlass org/jetbrains/kotlin/ir/interpreter/stack/DataStack
instanceKlass org/jetbrains/kotlin/ir/interpreter/stack/SubFrame
instanceKlass org/jetbrains/kotlin/ir/interpreter/stack/Frame$Companion
instanceKlass org/jetbrains/kotlin/ir/interpreter/stack/Frame
instanceKlass org/jetbrains/kotlin/ir/interpreter/checker/IrInterpreterCheckerData
instanceKlass org/jetbrains/kotlin/ir/visitors/IrTypeTransformer$DefaultImpls
instanceKlass org/jetbrains/kotlin/constant/AnnotationValue$Value
instanceKlass org/jetbrains/kotlin/constant/AnnotationValue$Companion
instanceKlass org/jetbrains/kotlin/constant/ConstantValue
instanceKlass org/jetbrains/kotlin/ir/interpreter/IrTreeBuildUtilsKt
instanceKlass org/jetbrains/kotlin/ir/visitors/IrElementVisitor$DefaultImpls
instanceKlass org/jetbrains/kotlin/ir/interpreter/UtilsKt
instanceKlass org/jetbrains/kotlin/ir/util/TransformKt
instanceKlass org/jetbrains/kotlin/ir/visitors/IrElementTransformer$DefaultImpls
instanceKlass org/jetbrains/kotlin/ir/interpreter/transformer/IrConstTransformer$Data
instanceKlass org/jetbrains/kotlin/ir/visitors/IrTypeTransformer
instanceKlass org/jetbrains/kotlin/name/JsStandardClassIdsKt
instanceKlass org/jetbrains/kotlin/name/JsStandardClassIds
instanceKlass org/jetbrains/kotlin/name/JsStandardClassIds$Callables
instanceKlass org/jetbrains/kotlin/ir/interpreter/transformer/IrConstTransformer
instanceKlass org/jetbrains/kotlin/ir/interpreter/checker/IrInterpreterCommonChecker
instanceKlass org/jetbrains/kotlin/ir/interpreter/checker/IrInterpreterChecker
instanceKlass org/jetbrains/kotlin/ir/interpreter/transformer/IrConstTransformerKt
instanceKlass org/jetbrains/kotlin/diagnostics/AbstractKotlinSuppressCache$Companion
instanceKlass org/jetbrains/kotlin/diagnostics/AbstractKotlinSuppressCache
instanceKlass org/jetbrains/kotlin/ir/IrDiagnosticReporter
instanceKlass org/jetbrains/kotlin/ir/interpreter/checker/EvaluationMode
instanceKlass org/jetbrains/kotlin/ir/interpreter/DefaultCallInterceptor
instanceKlass org/jetbrains/kotlin/ir/interpreter/CallInterceptor
instanceKlass org/jetbrains/kotlin/ir/interpreter/state/Common
instanceKlass org/jetbrains/kotlin/ir/interpreter/state/StateWithClosure
instanceKlass org/jetbrains/kotlin/ir/interpreter/stack/CallStack
instanceKlass org/jetbrains/kotlin/ir/interpreter/IrInterpreterEnvironment
instanceKlass org/jetbrains/kotlin/ir/interpreter/state/Complex
instanceKlass org/jetbrains/kotlin/ir/interpreter/state/State
instanceKlass org/jetbrains/kotlin/ir/interpreter/IrInterpreter
instanceKlass org/jetbrains/kotlin/ir/interpreter/IrInterpreterConfiguration
instanceKlass org/jetbrains/kotlin/backend/common/actualizer/IrActualizerUtilsKt
instanceKlass kotlin/sequences/SequenceScope
instanceKlass kotlin/sequences/SequencesKt__SequenceBuilderKt$sequence$$inlined$Sequence$1
instanceKlass org/jetbrains/kotlin/backend/common/actualizer/SpecialFakeOverrideSymbolsResolverVisitor
instanceKlass org/jetbrains/kotlin/fir/backend/Fir2IrPluginContext$Companion
instanceKlass org/jetbrains/kotlin/fir/backend/Fir2IrPluginContext
instanceKlass org/jetbrains/kotlin/backend/common/extensions/IrPluginContext
instanceKlass org/jetbrains/kotlin/backend/jvm/ir/IrJvmFlexibleTypeImpl
instanceKlass org/jetbrains/kotlin/backend/jvm/ir/IrJvmFlexibleType
instanceKlass org/jetbrains/kotlin/fir/deserialization/FirEnumEntryDeserializerAccessUtilKt
instanceKlass org/jetbrains/kotlin/fir/backend/generators/Fir2IrLazyFakeOverrideGenerator$computeFakeOverrideKeys$$inlined$computeFakeOverrideKeysImpl$4
instanceKlass org/jetbrains/kotlin/fir/backend/generators/Fir2IrLazyFakeOverrideGenerator$computeFakeOverrideKeys$$inlined$computeFakeOverrideKeysImpl$3
instanceKlass org/jetbrains/kotlin/utils/MemoryOptimizedCollectionUtilKt
instanceKlass org/jetbrains/kotlin/ir/types/IrTypesKt$WhenMappings
instanceKlass org/jetbrains/kotlin/backend/jvm/ir/IrJvmFlexibleTypeKt
instanceKlass org/jetbrains/kotlin/ir/types/impl/IrCapturedType$Constructor
instanceKlass org/jetbrains/kotlin/ir/types/IrTypeSystemContext$DefaultImpls
instanceKlass org/jetbrains/kotlin/ir/overrides/IrOverrideChecker$WhenMappings
instanceKlass org/jetbrains/kotlin/resolve/OverridingUtil$OverrideCompatibilityInfo
instanceKlass org/jetbrains/kotlin/ir/types/IrTypeCheckerStateKt
instanceKlass org/jetbrains/kotlin/ir/types/IrTypeSystemContextWithAdditionalAxioms
instanceKlass org/jetbrains/kotlin/ir/overrides/MemberWithOriginal
instanceKlass org/jetbrains/kotlin/ir/util/ReferencedSymbolRemapper$DefaultImpls
instanceKlass org/jetbrains/kotlin/ir/util/SymbolRemapper$DefaultImpls
instanceKlass org/jetbrains/kotlin/ir/util/DeepCopyTypeRemapper
instanceKlass org/jetbrains/kotlin/ir/util/SymbolRemapper$Companion
instanceKlass org/jetbrains/kotlin/fir/backend/generators/Fir2IrLazyFakeOverrideGenerator$computeFakeOverrideKeysImpl$1$compatibleType$1
instanceKlass org/jetbrains/kotlin/ir/overrides/IrFakeOverrideBuilder$WhenMappings
instanceKlass org/jetbrains/kotlin/ir/overrides/IrFakeOverrideBuilder$FakeOverride
instanceKlass org/jetbrains/kotlin/ir/overrides/IrUnimplementedOverridesStrategy$Customization$Companion
instanceKlass org/jetbrains/kotlin/ir/overrides/IrUnimplementedOverridesStrategy$Customization
instanceKlass org/jetbrains/kotlin/ir/overrides/CopyIrTreeWithSymbolsForFakeOverrides$FakeOverrideTypeRemapper
instanceKlass org/jetbrains/kotlin/ir/util/TypeRemapper
instanceKlass org/jetbrains/kotlin/ir/overrides/FakeOverrideCopier
instanceKlass org/jetbrains/kotlin/ir/overrides/CopyIrTreeWithSymbolsForFakeOverrides$Companion
instanceKlass org/jetbrains/kotlin/ir/overrides/CopyIrTreeWithSymbolsForFakeOverrides
instanceKlass org/jetbrains/kotlin/ir/types/IrTypeSystemContextKt
instanceKlass org/jetbrains/kotlin/ir/overrides/FakeOverrideBuilderStrategyKt
instanceKlass org/jetbrains/kotlin/ir/declarations/MetadataSource$CodeFragment
instanceKlass org/jetbrains/kotlin/ir/visitors/IrElementVisitorVoid$DefaultImpls
instanceKlass org/jetbrains/kotlin/ir/visitors/IrVisitorsKt
instanceKlass org/jetbrains/kotlin/fir/pipeline/Fir2IrPipeline$buildForAll$ClassVisitor
instanceKlass org/jetbrains/kotlin/backend/common/actualizer/IrExpectActualMap
instanceKlass org/jetbrains/kotlin/ir/util/SymbolRemapper$Empty
instanceKlass org/jetbrains/kotlin/ir/util/SymbolRemapper
instanceKlass org/jetbrains/kotlin/ir/util/ReferencedSymbolRemapper
instanceKlass org/jetbrains/kotlin/ir/util/DeclaredSymbolRemapper
instanceKlass org/jetbrains/kotlin/ir/overrides/IrOverrideChecker
instanceKlass org/jetbrains/kotlin/backend/jvm/overrides/IrJavaIncompatibilityRulesOverridabilityCondition
instanceKlass org/jetbrains/kotlin/ir/overrides/IrExternalOverridabilityCondition
instanceKlass org/jetbrains/kotlin/platform/jvm/JvmPlatformKt
instanceKlass org/jetbrains/kotlin/ir/overrides/FakeOverrideBuilderStrategy
instanceKlass org/jetbrains/kotlin/ir/overrides/IrFakeOverrideBuilder
instanceKlass org/jetbrains/kotlin/fir/backend/Fir2IrDelegatedMembersGenerationStrategy
instanceKlass org/jetbrains/kotlin/ir/overrides/IrUnimplementedOverridesStrategy
instanceKlass org/jetbrains/kotlin/ir/types/IrTypeUtilsKt$WhenMappings
instanceKlass org/jetbrains/kotlin/fir/lazy/Fir2IrLazyClass$declarations_delegate$lambda$10$$inlined$processClassifiersByName$1
instanceKlass org/jetbrains/kotlin/fir/backend/generators/Fir2IrDataClassGeneratedMemberBodyGenerator$MyDataClassMethodsGenerator$irDataClassMembersGenerator$1$Fir2IrHashCodeFunctionInfo
instanceKlass org/jetbrains/kotlin/ir/util/DataClassMembersGenerator$HashCodeFunctionInfo
instanceKlass org/jetbrains/kotlin/ir/types/IrTypeUtilsKt
instanceKlass org/jetbrains/kotlin/ir/builders/ExpressionHelpersKt
instanceKlass org/jetbrains/kotlin/ir/util/SymbolTableSlice$Scoped$SliceScope
instanceKlass org/jetbrains/kotlin/ir/builders/IrGeneratorContext$DefaultImpls
instanceKlass org/jetbrains/kotlin/ir/builders/IrBuilder
instanceKlass org/jetbrains/kotlin/ir/builders/IrGeneratorWithScope
instanceKlass org/jetbrains/kotlin/ir/builders/IrGenerator
instanceKlass kotlin/sequences/TakeSequence$iterator$1
instanceKlass kotlin/sequences/TakeSequence
instanceKlass org/jetbrains/kotlin/ir/util/DataClassMembersGenerator
instanceKlass org/jetbrains/kotlin/ir/builders/IrGeneratorContextBase
instanceKlass org/jetbrains/kotlin/ir/builders/IrGeneratorContext
instanceKlass org/jetbrains/kotlin/ir/builders/IrGeneratorContextInterface
instanceKlass org/jetbrains/kotlin/fir/backend/generators/Fir2IrDataClassGeneratedMemberBodyGenerator$MyDataClassMethodsGenerator
instanceKlass org/jetbrains/kotlin/fir/backend/generators/Fir2IrDataClassGeneratedMemberBodyGenerator
instanceKlass org/jetbrains/kotlin/fir/pipeline/Fir2IrPipeline$Fir2IrConversionResult
instanceKlass org/jetbrains/kotlin/backend/jvm/JvmIrTypeSystemContext
instanceKlass org/jetbrains/kotlin/ir/types/IrTypeSystemContext
instanceKlass org/jetbrains/kotlin/ir/util/ReferenceSymbolTableExtension
instanceKlass org/jetbrains/kotlin/ir/declarations/lazy/IrLazySymbolTable
instanceKlass org/jetbrains/kotlin/ir/util/SymbolTableSlice
instanceKlass org/jetbrains/kotlin/ir/util/SymbolTableKt
instanceKlass org/jetbrains/kotlin/ir/util/NameProvider$DEFAULT
instanceKlass org/jetbrains/kotlin/ir/util/NameProvider
instanceKlass org/jetbrains/kotlin/ir/util/SymbolTable
instanceKlass org/jetbrains/kotlin/ir/util/ReferenceSymbolTable
instanceKlass org/jetbrains/kotlin/fir/scopes/FirScopeProviderKt
instanceKlass org/jetbrains/kotlin/ir/declarations/IrPackageFragmentsKt
instanceKlass org/jetbrains/kotlin/types/CommonFlexibleTypeBoundsChecker
instanceKlass org/jetbrains/kotlin/ir/expressions/IrStatementOrigin$COMPONENT_N$Companion
instanceKlass org/jetbrains/kotlin/ir/expressions/IrStatementOrigin$COMPONENT_N
instanceKlass org/jetbrains/kotlin/fir/backend/utils/InjectedValue
instanceKlass org/jetbrains/kotlin/load/java/JavaDescriptorVisibilities
instanceKlass org/jetbrains/kotlin/fir/backend/Fir2IrVisitorKt
instanceKlass org/jetbrains/kotlin/fir/backend/PrimitiveConeNumericComparisonInfo
instanceKlass org/jetbrains/kotlin/fir/StandardTypes
instanceKlass org/jetbrains/kotlin/ir/symbols/impl/IrFakeOverrideSymbolBase
instanceKlass org/jetbrains/kotlin/ir/expressions/impl/IrEnumConstructorCallImpl$Companion
instanceKlass org/jetbrains/kotlin/ir/types/impl/IrTypeProjectionImpl
instanceKlass org/jetbrains/kotlin/ir/types/impl/IrStarProjectionImpl
instanceKlass org/jetbrains/kotlin/ir/types/IrStarProjection
instanceKlass org/jetbrains/kotlin/ir/types/IrTypeAbbreviation
instanceKlass org/jetbrains/kotlin/ir/expressions/impl/IrFunctionReferenceImpl$Companion
instanceKlass org/jetbrains/kotlin/ir/util/IrTypeUtilsKt
instanceKlass org/jetbrains/kotlin/ir/expressions/impl/IrIfThenElseImplKt
instanceKlass org/jetbrains/kotlin/fir/backend/Fir2IrVisitor$WhenMappings
instanceKlass org/jetbrains/kotlin/ir/builders/PrimitivesKt
instanceKlass org/jetbrains/kotlin/fir/backend/PrimitiveComparisonKt
instanceKlass org/jetbrains/kotlin/fir/backend/generators/OperatorExpressionGenerator$WhenMappings
instanceKlass org/jetbrains/kotlin/ir/expressions/impl/IrCallImpl$Companion
instanceKlass org/jetbrains/kotlin/ir/declarations/lazy/IrLazyFunctionBase
instanceKlass org/jetbrains/kotlin/fir/backend/generators/Fir2IrLazyDeclarationsGeneratorKt
instanceKlass org/jetbrains/kotlin/fir/backend/Fir2IrDeclarationStorage$FakeOverrideIdentifier$Companion
instanceKlass org/jetbrains/kotlin/fir/backend/Fir2IrDeclarationStorage$FakeOverrideIdentifier
instanceKlass org/jetbrains/kotlin/ir/declarations/impl/BuildersKt
instanceKlass org/jetbrains/kotlin/ir/symbols/IrVariableSymbol
instanceKlass org/jetbrains/kotlin/ir/declarations/MetadataSource$File
instanceKlass org/jetbrains/kotlin/ir/types/IdSignatureValues
instanceKlass org/jetbrains/kotlin/ir/util/IdSignature
instanceKlass org/jetbrains/kotlin/ir/types/IrTypePredicatesKt
instanceKlass org/jetbrains/kotlin/ir/expressions/IrExpressionsKt
instanceKlass org/jetbrains/kotlin/ir/symbols/IrLocalDelegatedPropertySymbol
instanceKlass org/jetbrains/kotlin/fir/backend/MappedLazyVar
instanceKlass org/jetbrains/kotlin/fir/backend/Fir2IrSymbolsMappingForLazyClassesKt
instanceKlass org/jetbrains/kotlin/utils/exceptions/ExceptionAttachmentBuilder
instanceKlass org/jetbrains/kotlin/fir/backend/utils/SymbolConversionUtilsKt$WhenMappings
instanceKlass org/jetbrains/kotlin/ir/symbols/FqNameEqualityChecker
instanceKlass org/jetbrains/kotlin/ir/symbols/IrClassifierEqualityChecker
instanceKlass org/jetbrains/kotlin/ir/expressions/impl/IrDelegatingConstructorCallImpl$Companion
instanceKlass org/jetbrains/kotlin/ir/expressions/IrStatementContainer
instanceKlass org/jetbrains/kotlin/ir/symbols/IrScriptSymbol
instanceKlass org/jetbrains/kotlin/ir/builders/Scope
instanceKlass org/jetbrains/kotlin/fir/backend/generators/Fir2IrClassifiersGenerator$LocalIrClassInfo
instanceKlass org/jetbrains/kotlin/name/NameUtils
instanceKlass org/jetbrains/kotlin/fir/backend/generators/Fir2IrCallableDeclarationsGenerator$createIrProperty$1$1$1$1$2
instanceKlass org/jetbrains/kotlin/ir/symbols/IrEnumEntrySymbol
instanceKlass org/jetbrains/kotlin/mpp/EnumEntrySymbolMarker
instanceKlass org/jetbrains/kotlin/ir/expressions/impl/IrConstImpl$Companion
instanceKlass org/jetbrains/kotlin/ir/expressions/IrConstKind
instanceKlass org/jetbrains/kotlin/fir/backend/utils/ConstantUtilsKt
instanceKlass org/jetbrains/kotlin/fir/backend/Fir2IrCommonMemberStorage$DataValueClassGeneratedMembersInfo
instanceKlass org/jetbrains/kotlin/fir/backend/utils/ScopeUtilsKt
instanceKlass org/jetbrains/kotlin/fir/backend/generators/Fir2IrDataClassMembersGenerator$MyDataClassMethodsGenerator
instanceKlass org/jetbrains/kotlin/ir/declarations/IrDeclarationsKt
instanceKlass org/jetbrains/kotlin/fir/backend/Fir2IrDeclarationStorage$DataClassGeneratedFunctionsStorage
instanceKlass org/jetbrains/kotlin/fir/backend/generators/Fir2IrCallableDeclarationsGenerator$createIrProperty$1$1$1$1$1$1
instanceKlass org/jetbrains/kotlin/ir/symbols/IrAnonymousInitializerSymbol
instanceKlass org/jetbrains/kotlin/ir/declarations/MetadataSource$Property
instanceKlass org/jetbrains/kotlin/fir/backend/PropertySymbols
instanceKlass org/jetbrains/kotlin/ir/symbols/IrFieldSymbol
instanceKlass org/jetbrains/kotlin/mpp/FieldSymbolMarker
instanceKlass org/jetbrains/kotlin/fir/backend/Fir2IrExtensions$Default
instanceKlass org/jetbrains/kotlin/ir/symbols/IrPropertySymbol
instanceKlass org/jetbrains/kotlin/ir/declarations/IrFactoryHelpersKt
instanceKlass org/jetbrains/kotlin/ir/expressions/impl/BuildersKt
instanceKlass org/jetbrains/kotlin/ir/util/IrFakeOverrideUtilsKt
instanceKlass org/jetbrains/kotlin/ir/util/AdditionalIrUtilsKt
instanceKlass org/jetbrains/kotlin/fir/backend/Fir2IrDeclarationStorageKt
instanceKlass org/jetbrains/kotlin/fir/backend/Fir2IrConverter$syntheticPropertiesLast$$inlined$sortedBy$1
instanceKlass org/jetbrains/kotlin/fir/backend/Fir2IrScopeCache
instanceKlass org/jetbrains/kotlin/ir/declarations/MetadataSource$Function
instanceKlass org/jetbrains/kotlin/ir/util/EmptyArraysForMemberAccessKt
instanceKlass org/jetbrains/kotlin/ir/expressions/impl/IrConstructorCallImpl$Companion
instanceKlass org/jetbrains/kotlin/fir/backend/utils/SymbolConversionUtilsKt
instanceKlass org/jetbrains/kotlin/ir/types/impl/IrSimpleTypeBuilder
instanceKlass org/jetbrains/kotlin/ir/types/impl/IrSimpleTypeImplKt
instanceKlass org/jetbrains/kotlin/fir/backend/utils/VariousUtilsKt
instanceKlass org/jetbrains/kotlin/ir/declarations/lazy/SynchronizedLazyVar
instanceKlass org/jetbrains/kotlin/ir/declarations/lazy/LazyUtilKt
instanceKlass org/jetbrains/kotlin/fir/backend/Fir2IrDeclarationStorage$ExternalPackageFragments
instanceKlass org/jetbrains/kotlin/fir/backend/Fir2IrTypeConverterKt
instanceKlass org/jetbrains/kotlin/ir/util/DeserializableClass
instanceKlass org/jetbrains/kotlin/ir/declarations/lazy/IrMaybeDeserializedClass
instanceKlass org/jetbrains/kotlin/fir/lazy/Fir2IrTypeParametersContainer
instanceKlass org/jetbrains/kotlin/fir/lazy/AbstractFir2IrLazyDeclaration
instanceKlass org/jetbrains/kotlin/ir/declarations/lazy/IrLazyDeclarationBase
instanceKlass org/jetbrains/kotlin/fir/backend/FirMetadataSource
instanceKlass org/jetbrains/kotlin/ir/declarations/MetadataSource$Class
instanceKlass org/jetbrains/kotlin/ir/declarations/MetadataSource
instanceKlass org/jetbrains/kotlin/fir/backend/generators/Fir2IrCallableDeclarationsGeneratorKt
instanceKlass org/jetbrains/kotlin/ir/expressions/IrStatementOriginImpl$Companion
instanceKlass org/jetbrains/kotlin/ir/expressions/IrStatementOriginImpl
instanceKlass org/jetbrains/kotlin/ir/expressions/IrStatementOrigin$Companion
instanceKlass org/jetbrains/kotlin/ir/expressions/IrStatementOrigin
instanceKlass org/jetbrains/kotlin/fir/backend/utils/OriginUtilsKt
instanceKlass org/jetbrains/kotlin/diagnostics/LightTreePositioningStrategyKt
instanceKlass org/jetbrains/kotlin/fir/backend/utils/OffsetUtilsKt
instanceKlass org/jetbrains/kotlin/fir/backend/generators/Fir2IrClassifiersGenerator$WhenMappings
instanceKlass org/jetbrains/kotlin/ir/symbols/IrFileSymbol
instanceKlass org/jetbrains/kotlin/ir/declarations/impl/IrFileImplKt
instanceKlass org/jetbrains/kotlin/fir/descriptors/FirPackageFragmentDescriptor
instanceKlass org/jetbrains/kotlin/fir/descriptors/FirPackageViewDescriptor
instanceKlass org/jetbrains/kotlin/ir/AbstractIrFileEntry
instanceKlass org/jetbrains/kotlin/ir/IrFileEntry
instanceKlass org/jetbrains/kotlin/fir/backend/utils/IrElementsCreationUtilsKt
instanceKlass org/jetbrains/kotlin/fir/backend/Fir2IrComponentsStorage$manglers$1
instanceKlass org/jetbrains/kotlin/fir/backend/Fir2IrComponents$Manglers
instanceKlass org/jetbrains/kotlin/backend/common/extensions/IrGeneratedDeclarationsRegistrar
instanceKlass org/jetbrains/kotlin/fir/backend/Fir2IrSymbolsMappingForLazyClasses
instanceKlass org/jetbrains/kotlin/fir/backend/generators/Fir2IrLazyFakeOverrideGenerator
instanceKlass org/jetbrains/kotlin/fir/backend/generators/AdapterGenerator
instanceKlass org/jetbrains/kotlin/fir/backend/generators/CallAndReferenceGenerator
instanceKlass org/jetbrains/kotlin/fir/backend/generators/AnnotationGenerator
instanceKlass org/jetbrains/kotlin/fir/backend/generators/OperatorExpressionGenerator
instanceKlass org/jetbrains/kotlin/fir/backend/generators/ClassMemberGenerator
instanceKlass org/jetbrains/kotlin/fir/backend/Fir2IrImplicitCastInserter$Companion
instanceKlass org/jetbrains/kotlin/fir/backend/Fir2IrTypeConverter
instanceKlass org/jetbrains/kotlin/fir/backend/Fir2IrBuiltinSymbolsContainer
instanceKlass org/jetbrains/kotlin/fir/backend/generators/Fir2IrDataClassMembersGenerator
instanceKlass org/jetbrains/kotlin/fir/backend/generators/Fir2IrLazyDeclarationsGenerator
instanceKlass org/jetbrains/kotlin/fir/backend/generators/Fir2IrClassifiersGenerator
instanceKlass org/jetbrains/kotlin/fir/backend/generators/Fir2IrCallableDeclarationsGenerator$Companion
instanceKlass org/jetbrains/kotlin/fir/backend/generators/Fir2IrCallableDeclarationsGenerator
instanceKlass org/jetbrains/kotlin/utils/ThreadLocalDelegate
instanceKlass org/jetbrains/kotlin/utils/ThreadLocalKt
instanceKlass org/jetbrains/kotlin/fir/backend/Fir2IrLocalCallableStorage
instanceKlass org/jetbrains/kotlin/fir/backend/Fir2IrDeclarationStorage$PropertyCacheStorage
instanceKlass org/jetbrains/kotlin/fir/backend/Fir2IrDeclarationStorage$Companion
instanceKlass org/jetbrains/kotlin/fir/backend/Fir2IrDeclarationStorage
instanceKlass org/jetbrains/kotlin/fir/backend/Fir2IrLocalClassStorage
instanceKlass org/jetbrains/kotlin/fir/backend/Fir2IrClassifierStorage
instanceKlass org/jetbrains/kotlin/ir/expressions/IrVarargElement
instanceKlass org/jetbrains/kotlin/ir/declarations/IrOverridableDeclaration
instanceKlass org/jetbrains/kotlin/ir/declarations/IrOverridableMember
instanceKlass org/jetbrains/kotlin/fir/backend/Fir2IrConverter$Companion
instanceKlass org/jetbrains/kotlin/fir/backend/Fir2IrConverter
instanceKlass org/jetbrains/kotlin/fir/backend/Fir2IrConversionScope
instanceKlass org/jetbrains/kotlin/fir/descriptors/FirModuleDescriptor$Companion
instanceKlass org/jetbrains/kotlin/fir/descriptors/FirModuleDescriptor
instanceKlass org/jetbrains/kotlin/fir/backend/Fir2IrComponentsStorage
instanceKlass org/jetbrains/kotlin/fir/backend/Fir2IrComponents
instanceKlass org/jetbrains/kotlin/ir/symbols/IrSimpleFunctionSymbol
instanceKlass org/jetbrains/kotlin/fir/backend/Fir2IrSyntheticIrBuiltinsSymbolsContainer
instanceKlass org/jetbrains/kotlin/ir/IrLock
instanceKlass org/jetbrains/kotlin/fir/backend/Fir2IrCommonMemberStorage
instanceKlass org/jetbrains/kotlin/fir/pipeline/Fir2IrPipeline
instanceKlass org/jetbrains/kotlin/fir/backend/jvm/FirJvmBuiltinProviderActualDeclarationExtractor$Companion
instanceKlass org/jetbrains/kotlin/backend/common/actualizer/IrExtraActualDeclarationExtractor
instanceKlass org/jetbrains/kotlin/backend/jvm/JvmIrSpecialAnnotationSymbolProvider$AnnotationInfo
instanceKlass org/jetbrains/kotlin/backend/common/IrSpecialAnnotationsProvider
instanceKlass org/jetbrains/kotlin/descriptors/impl/ModuleDependenciesImpl
instanceKlass org/jetbrains/kotlin/descriptors/impl/ModuleDependencies
instanceKlass org/jetbrains/kotlin/descriptors/TypeAliasDescriptor
instanceKlass org/jetbrains/kotlin/protobuf/SmallSortedMap$EntryIterator
instanceKlass org/jetbrains/kotlin/protobuf/GeneratedMessageLite$ExtendableMessage$ExtensionWriter
instanceKlass org/jetbrains/kotlin/serialization/deserialization/descriptors/DeserializedMemberScope$OptimizedImplementation
instanceKlass org/jetbrains/kotlin/serialization/deserialization/descriptors/DeserializedMemberScope$Implementation
instanceKlass org/jetbrains/kotlin/serialization/deserialization/MemberDeserializer
instanceKlass org/jetbrains/kotlin/serialization/deserialization/TypeDeserializer
instanceKlass org/jetbrains/kotlin/serialization/deserialization/DeserializationContext
instanceKlass org/jetbrains/kotlin/resolve/DescriptorUtils
instanceKlass org/jetbrains/kotlin/resolve/descriptorUtil/DescriptorUtilsKt
instanceKlass org/jetbrains/kotlin/resolve/scopes/MemberScopeImpl
instanceKlass org/jetbrains/kotlin/resolve/scopes/MemberScope
instanceKlass org/jetbrains/kotlin/resolve/scopes/ResolutionScope
instanceKlass org/jetbrains/kotlin/serialization/deserialization/ClassDeserializer$ClassKey
instanceKlass org/jetbrains/kotlin/serialization/deserialization/ClassDeserializer$Companion
instanceKlass org/jetbrains/kotlin/serialization/deserialization/ClassDeserializer
instanceKlass org/jetbrains/kotlin/serialization/deserialization/EnumEntriesDeserializationSupport$Default
instanceKlass org/jetbrains/kotlin/serialization/deserialization/EnumEntriesDeserializationSupport
instanceKlass org/jetbrains/kotlin/resolve/OverridingUtil$1
instanceKlass org/jetbrains/kotlin/load/java/JavaIncompatibilityRulesOverridabilityCondition$Companion
instanceKlass org/jetbrains/kotlin/load/java/JavaIncompatibilityRulesOverridabilityCondition
instanceKlass org/jetbrains/kotlin/load/java/ErasedOverridabilityCondition
instanceKlass org/jetbrains/kotlin/load/java/FieldOverridabilityCondition
instanceKlass org/jetbrains/kotlin/resolve/ExternalOverridabilityCondition
instanceKlass org/jetbrains/kotlin/types/checker/KotlinTypeChecker$TypeConstructorEquality
instanceKlass org/jetbrains/kotlin/descriptors/PropertyAccessorDescriptor
instanceKlass org/jetbrains/kotlin/descriptors/VariableAccessorDescriptor
instanceKlass org/jetbrains/kotlin/resolve/OverridingUtil
instanceKlass org/jetbrains/kotlin/types/checker/NewKotlinTypeCheckerImpl
instanceKlass org/jetbrains/kotlin/types/checker/NewKotlinTypeChecker$Companion
instanceKlass org/jetbrains/kotlin/types/checker/NewKotlinTypeChecker
instanceKlass org/jetbrains/kotlin/types/checker/KotlinTypeChecker
instanceKlass org/jetbrains/kotlin/storage/LockBasedStorageManager$CacheWithNullableValuesBasedOnMemoizedFunction$1
instanceKlass org/jetbrains/kotlin/resolve/sam/SamConversionResolverImpl
instanceKlass org/jetbrains/kotlin/resolve/sam/SamConversionResolver
instanceKlass org/jetbrains/kotlin/serialization/deserialization/ContractDeserializer$Companion$DEFAULT$1
instanceKlass org/jetbrains/kotlin/serialization/deserialization/ContractDeserializer$Companion
instanceKlass org/jetbrains/kotlin/serialization/deserialization/ContractDeserializer
instanceKlass org/jetbrains/kotlin/serialization/deserialization/FlexibleTypeDeserializer$ThrowException
instanceKlass org/jetbrains/kotlin/serialization/deserialization/FlexibleTypeDeserializer
instanceKlass org/jetbrains/kotlin/incremental/components/LookupTracker$DO_NOTHING
instanceKlass org/jetbrains/kotlin/incremental/components/LookupTracker
instanceKlass org/jetbrains/kotlin/serialization/deserialization/ErrorReporter$1
instanceKlass org/jetbrains/kotlin/serialization/deserialization/ErrorReporter
instanceKlass org/jetbrains/kotlin/serialization/deserialization/LocalClassifierTypeSettings$Default
instanceKlass org/jetbrains/kotlin/serialization/deserialization/LocalClassifierTypeSettings
instanceKlass org/jetbrains/kotlin/resolve/constants/ConstantValue
instanceKlass org/jetbrains/kotlin/serialization/deserialization/AnnotationDeserializer
instanceKlass org/jetbrains/kotlin/serialization/deserialization/AbstractAnnotationLoader
instanceKlass org/jetbrains/kotlin/serialization/deserialization/AnnotationAndConstantLoader
instanceKlass org/jetbrains/kotlin/serialization/deserialization/AnnotationLoader
instanceKlass org/jetbrains/kotlin/serialization/deserialization/DeserializedClassDataFinder
instanceKlass org/jetbrains/kotlin/serialization/deserialization/DeserializationConfiguration$Default
instanceKlass org/jetbrains/kotlin/serialization/deserialization/DeserializationComponents
instanceKlass org/jetbrains/kotlin/descriptors/ClassDescriptor
instanceKlass org/jetbrains/kotlin/descriptors/ClassifierDescriptorWithTypeParameters
instanceKlass org/jetbrains/kotlin/descriptors/NotFoundClasses$ClassRequest
instanceKlass org/jetbrains/kotlin/descriptors/NotFoundClasses
instanceKlass org/jetbrains/kotlin/descriptors/PackageFragmentProviderImpl
instanceKlass org/jetbrains/kotlin/renderer/KeywordStringsGenerated
instanceKlass org/jetbrains/kotlin/renderer/RenderingUtilsKt
instanceKlass org/jetbrains/kotlin/descriptors/ModuleDescriptor$DefaultImpls
instanceKlass org/jetbrains/kotlin/renderer/DescriptorRendererImpl$RenderDeclarationDescriptorVisitor
instanceKlass org/jetbrains/kotlin/descriptors/DeclarationDescriptorVisitor
instanceKlass org/jetbrains/kotlin/renderer/ClassifierNamePolicy$FULLY_QUALIFIED
instanceKlass org/jetbrains/kotlin/renderer/ClassifierNamePolicy$SHORT
instanceKlass org/jetbrains/kotlin/renderer/ExcludedTypeAnnotations
instanceKlass org/jetbrains/kotlin/renderer/DescriptorRenderer$ValueParametersHandler$DEFAULT
instanceKlass org/jetbrains/kotlin/renderer/DescriptorRenderer$ValueParametersHandler
instanceKlass org/jetbrains/kotlin/descriptors/ValueParameterDescriptor
instanceKlass org/jetbrains/kotlin/descriptors/ParameterDescriptor
instanceKlass org/jetbrains/kotlin/renderer/DescriptorRendererModifier$Companion
instanceKlass kotlin/properties/ObservableProperty
instanceKlass org/jetbrains/kotlin/renderer/ClassifierNamePolicy$SOURCE_CODE_QUALIFIED
instanceKlass org/jetbrains/kotlin/renderer/ClassifierNamePolicy
instanceKlass org/jetbrains/kotlin/renderer/DescriptorRendererOptionsImpl
instanceKlass org/jetbrains/kotlin/renderer/DescriptorRendererOptions
instanceKlass org/jetbrains/kotlin/renderer/DescriptorRenderer$Companion
instanceKlass org/jetbrains/kotlin/renderer/DescriptorRenderer
instanceKlass org/jetbrains/kotlin/metadata/builtins/ReadPackageFragmentKt
instanceKlass org/jetbrains/kotlin/serialization/deserialization/builtins/BuiltInsPackageFragmentImpl$Companion
instanceKlass org/jetbrains/kotlin/builtins/BuiltInsPackageFragment
instanceKlass org/jetbrains/kotlin/descriptors/PackageFragmentDescriptor
instanceKlass org/jetbrains/kotlin/descriptors/ClassOrPackageFragmentDescriptor
instanceKlass org/jetbrains/kotlin/descriptors/deserialization/AdditionalClassPartsProvider$None
instanceKlass org/jetbrains/kotlin/descriptors/deserialization/PlatformDependentDeclarationFilter$NoPlatformDependent
instanceKlass org/jetbrains/kotlin/builtins/functions/BuiltInFictitiousFunctionClassFactory
instanceKlass org/jetbrains/kotlin/descriptors/deserialization/ClassDescriptorFactory
instanceKlass org/jetbrains/kotlin/serialization/deserialization/builtins/BuiltInsResourceLoader
instanceKlass org/jetbrains/kotlin/serialization/deserialization/builtins/BuiltInsLoaderImpl
instanceKlass org/jetbrains/kotlin/builtins/BuiltInsLoader$Companion
instanceKlass org/jetbrains/kotlin/builtins/BuiltInsLoader
instanceKlass org/jetbrains/kotlin/descriptors/impl/CompositePackageFragmentProvider
instanceKlass org/jetbrains/kotlin/descriptors/PackageFragmentProviderOptimized
instanceKlass org/jetbrains/kotlin/descriptors/PackageFragmentProvider
instanceKlass org/jetbrains/kotlin/descriptors/PackageViewDescriptor
instanceKlass org/jetbrains/kotlin/descriptors/impl/PackageViewDescriptorFactory$Default
instanceKlass org/jetbrains/kotlin/descriptors/ModuleCapability
instanceKlass org/jetbrains/kotlin/descriptors/impl/PackageViewDescriptorFactory$Companion
instanceKlass org/jetbrains/kotlin/descriptors/impl/PackageViewDescriptorFactory
instanceKlass org/jetbrains/kotlin/descriptors/annotations/Annotations$Companion$EMPTY$1
instanceKlass org/jetbrains/kotlin/descriptors/annotations/Annotations$Companion
instanceKlass org/jetbrains/kotlin/descriptors/annotations/Annotations
instanceKlass org/jetbrains/kotlin/descriptors/annotations/AnnotatedImpl
instanceKlass org/jetbrains/kotlin/builtins/KotlinBuiltIns$3
instanceKlass org/jetbrains/kotlin/builtins/KotlinBuiltIns$2
instanceKlass org/jetbrains/kotlin/storage/LockBasedStorageManager$LockBasedLazyValue
instanceKlass org/jetbrains/kotlin/builtins/KotlinBuiltIns$1
instanceKlass org/jetbrains/kotlin/builtins/DefaultBuiltIns$Companion
instanceKlass org/jetbrains/kotlin/descriptors/deserialization/PlatformDependentDeclarationFilter
instanceKlass org/jetbrains/kotlin/incremental/components/LookupLocation
instanceKlass org/jetbrains/kotlin/descriptors/deserialization/AdditionalClassPartsProvider
instanceKlass org/jetbrains/kotlin/builtins/KotlinBuiltIns
instanceKlass org/jetbrains/kotlin/fir/backend/Fir2IrVisibilityConverter
instanceKlass org/jetbrains/kotlin/backend/common/serialization/mangle/AbstractKotlinMangler
instanceKlass org/jetbrains/kotlin/ir/util/KotlinMangler$IrMangler
instanceKlass org/jetbrains/kotlin/ir/util/KotlinMangler
instanceKlass org/jetbrains/kotlin/constant/EvaluatedConstTracker$Companion
instanceKlass org/jetbrains/kotlin/constant/EvaluatedConstTracker
instanceKlass org/jetbrains/kotlin/fir/backend/Fir2IrConfiguration$Companion
instanceKlass org/jetbrains/kotlin/fir/backend/Fir2IrConfiguration
instanceKlass org/jetbrains/kotlin/ir/declarations/IrReturnTarget
instanceKlass org/jetbrains/kotlin/ir/declarations/IrMemberWithContainerSource
instanceKlass org/jetbrains/kotlin/ir/symbols/IrConstructorSymbol
instanceKlass org/jetbrains/kotlin/ir/symbols/IrFunctionSymbol
instanceKlass org/jetbrains/kotlin/ir/symbols/IrReturnTargetSymbol
instanceKlass org/jetbrains/kotlin/ir/declarations/IrValueDeclaration
instanceKlass org/jetbrains/kotlin/ir/symbols/IrValueParameterSymbol
instanceKlass org/jetbrains/kotlin/ir/symbols/IrValueSymbol
instanceKlass org/jetbrains/kotlin/ir/symbols/IrTypeParameterSymbol
instanceKlass org/jetbrains/kotlin/ir/types/IrType
instanceKlass org/jetbrains/kotlin/ir/types/IrTypeProjection
instanceKlass org/jetbrains/kotlin/ir/types/IrTypeArgument
instanceKlass org/jetbrains/kotlin/ir/types/SimpleTypeNullability$Companion
instanceKlass org/jetbrains/kotlin/ir/types/IrTypesKt
instanceKlass org/jetbrains/kotlin/ir/declarations/IrTypeParametersContainer
instanceKlass org/jetbrains/kotlin/ir/declarations/IrPossiblyExternalDeclaration
instanceKlass org/jetbrains/kotlin/ir/declarations/IrDeclarationWithName
instanceKlass org/jetbrains/kotlin/ir/declarations/IrDeclarationWithVisibility
instanceKlass org/jetbrains/kotlin/ir/declarations/IrDeclaration
instanceKlass org/jetbrains/kotlin/ir/IrStatement
instanceKlass org/jetbrains/kotlin/ir/declarations/IrAttributeContainer
instanceKlass org/jetbrains/kotlin/ir/symbols/IrSymbolKt
instanceKlass org/jetbrains/kotlin/ir/symbols/impl/IrSymbolBase
instanceKlass org/jetbrains/kotlin/ir/symbols/IrClassSymbol
instanceKlass org/jetbrains/kotlin/ir/symbols/IrClassifierSymbol
instanceKlass org/jetbrains/kotlin/ir/builders/declarations/DeclarationBuildersKt
instanceKlass java/util/ServiceLoader$ProviderImpl
instanceKlass java/util/ServiceLoader$Provider
instanceKlass java/util/ServiceLoader$1
instanceKlass org/jetbrains/kotlin/cli/common/ModuleVisibilityHelperImpl
instanceKlass jdk/internal/loader/URLClassPath$1
instanceKlass java/lang/CompoundEnumeration
instanceKlass jdk/internal/loader/BuiltinClassLoader$1
instanceKlass java/util/Collections$EmptyEnumeration
instanceKlass java/util/ServiceLoader$3
instanceKlass java/util/ServiceLoader$2
instanceKlass java/util/ServiceLoader$LazyClassPathLookupIterator
instanceKlass java/util/Spliterators$1Adapter
instanceKlass java/util/ServiceLoader$ModuleServicesLookupIterator
instanceKlass java/util/ServiceLoader
instanceKlass org/jetbrains/kotlin/descriptors/DescriptorVisibilities$12
instanceKlass org/jetbrains/kotlin/descriptors/DescriptorVisibilities$11
instanceKlass org/jetbrains/kotlin/descriptors/DescriptorVisibilities$10
instanceKlass org/jetbrains/kotlin/util/ModuleVisibilityHelper
instanceKlass org/jetbrains/kotlin/descriptors/DescriptorVisibility
instanceKlass org/jetbrains/kotlin/descriptors/DescriptorVisibilities
instanceKlass org/jetbrains/kotlin/ir/declarations/IrDeclarationOriginImpl$Synthetic
instanceKlass org/jetbrains/kotlin/ir/declarations/IrDeclarationOrigin$Companion
instanceKlass org/jetbrains/kotlin/ir/builders/IrElementBuilder
instanceKlass org/jetbrains/kotlin/ir/util/IrUtilsKt
instanceKlass org/jetbrains/kotlin/backend/jvm/JvmSymbols$Companion
instanceKlass org/jetbrains/kotlin/backend/common/ir/Symbols$Companion
instanceKlass org/jetbrains/kotlin/backend/common/ir/BuiltinSymbolsBase
instanceKlass org/jetbrains/kotlin/ir/declarations/IrDeclarationOriginImpl$Companion
instanceKlass kotlin/properties/PropertyDelegateProvider
instanceKlass org/jetbrains/kotlin/ir/declarations/IrDeclarationOriginImpl
instanceKlass org/jetbrains/kotlin/ir/declarations/IrDeclarationOrigin
instanceKlass org/jetbrains/kotlin/ir/IrBuiltIns$Companion
instanceKlass org/jetbrains/kotlin/ir/IrBuiltIns
instanceKlass org/jetbrains/kotlin/ir/symbols/impl/DescriptorlessExternalPackageFragmentSymbol
instanceKlass org/jetbrains/kotlin/ir/symbols/IrExternalPackageFragmentSymbol
instanceKlass org/jetbrains/kotlin/ir/symbols/IrPackageFragmentSymbol
instanceKlass org/jetbrains/kotlin/ir/symbols/IrBindableSymbol
instanceKlass org/jetbrains/kotlin/ir/symbols/IrSymbol
instanceKlass org/jetbrains/kotlin/ir/declarations/impl/IrExternalPackageFragmentImpl$Companion
instanceKlass org/jetbrains/kotlin/ir/declarations/StageController
instanceKlass org/jetbrains/kotlin/ir/declarations/IrFactory
instanceKlass org/jetbrains/kotlin/backend/jvm/CachedFieldsForObjectInstances
instanceKlass org/jetbrains/kotlin/backend/jvm/JvmIrDeserializerImpl
instanceKlass org/jetbrains/kotlin/backend/jvm/JvmIrDeserializer
instanceKlass org/jetbrains/kotlin/fir/backend/jvm/JvmFir2IrExtensions
instanceKlass org/jetbrains/kotlin/fir/backend/Fir2IrExtensions
instanceKlass org/jetbrains/kotlin/backend/jvm/JvmGeneratorExtensions
instanceKlass org/jetbrains/kotlin/cli/jvm/compiler/pipeline/ModuleCompilerEnvironment
instanceKlass org/jetbrains/kotlin/cli/common/messages/CompilerMessageSourceLocation
instanceKlass org/jetbrains/kotlin/fir/pipeline/FirResult
instanceKlass org/jetbrains/kotlin/cli/common/CodeAnalysisMeasurement
instanceKlass org/jetbrains/kotlin/cli/common/PerformanceMeasurement
instanceKlass org/jetbrains/kotlin/fir/declarations/FirTypeSpecificityComparatorProviderKt
instanceKlass org/jetbrains/kotlin/resolve/calls/results/OverloadabilitySpecificityCallbacks
instanceKlass org/jetbrains/kotlin/fir/declarations/FirDeclarationOverloadabilityHelperKt
instanceKlass org/jetbrains/kotlin/fir/analysis/jvm/checkers/declaration/FirOverrideJavaNullabilityWarningCheckerKt
instanceKlass org/jetbrains/kotlin/fir/analysis/FirOverridesBackwardCompatibilityHelperKt
instanceKlass org/jetbrains/kotlin/fir/analysis/checkers/declaration/FirOverrideChecker$checkVisibility$$inlined$sortedBy$1
instanceKlass org/jetbrains/kotlin/fir/analysis/jvm/checkers/expression/FirFieldAccessShadowedByInvisibleKotlinPropertyKt
instanceKlass org/jetbrains/kotlin/fir/analysis/checkers/declaration/FirMultipleDefaultsInheritedFromSupertypesChecker$checkFunction$$inlined$processOverriddenFunctions$1
instanceKlass org/jetbrains/kotlin/fir/analysis/checkers/FirHelpersKt$processOverriddenFunctions$1
instanceKlass org/jetbrains/kotlin/fir/analysis/checkers/FirConflictsHelpersKt$collectClassMembers$$inlined$processClassifiersByName$1
instanceKlass org/jetbrains/kotlin/diagnostics/impl/DeduplicatingDiagnosticReporterKt
instanceKlass org/jetbrains/kotlin/fir/analysis/checkers/declaration/FirNotImplementedOverrideChecker$WhenMappings
instanceKlass org/jetbrains/kotlin/fir/scopes/impl/FirDelegatedMemberScopeKt
instanceKlass org/jetbrains/kotlin/fir/scopes/FirContainingNamesAwareScopeKt
instanceKlass org/jetbrains/kotlin/fir/analysis/checkers/DeclarationBuckets
instanceKlass org/jetbrains/kotlin/fir/pipeline/ConvertToIrKt
instanceKlass org/jetbrains/kotlin/fir/pipeline/ModuleCompilerAnalyzedOutput
instanceKlass org/jetbrains/kotlin/fir/analysis/checkers/FirSinceKotlinAccessibility
instanceKlass org/jetbrains/kotlin/fir/analysis/checkers/FirSinceKotlinValue
instanceKlass org/jetbrains/kotlin/fir/analysis/checkers/FirSinceKotlinHelpersKt
instanceKlass org/jetbrains/kotlin/fir/analysis/checkers/FirRedeclarationPresenter
instanceKlass org/jetbrains/kotlin/fir/analysis/checkers/FirDeclarationCollector
instanceKlass org/jetbrains/kotlin/fir/types/TypeUnificationKt
instanceKlass org/jetbrains/kotlin/fir/analysis/checkers/FirCastDiagnosticsHelpersKt$WhenMappings
instanceKlass org/jetbrains/kotlin/fir/analysis/checkers/FirCastDiagnosticsHelpersKt
instanceKlass org/jetbrains/kotlin/fir/analysis/checkers/expression/FirCastOperatorsChecker$WhenMappings
instanceKlass org/jetbrains/kotlin/fir/analysis/checkers/declaration/FirObjectConstructorChecker$Data
instanceKlass org/jetbrains/kotlin/fir/scopes/impl/ImportedFromObjectOrStaticData
instanceKlass org/jetbrains/kotlin/fir/analysis/checkers/FirPrimaryConstructorSuperTypeCheckerPlatformComponentKt
instanceKlass org/jetbrains/kotlin/fir/analysis/checkers/context/CheckerContext$WhenMappings
instanceKlass org/jetbrains/kotlin/diagnostics/KtDiagnostic
instanceKlass org/jetbrains/kotlin/diagnostics/DiagnosticWithParameters2Marker
instanceKlass org/jetbrains/kotlin/diagnostics/KtLightDiagnostic
instanceKlass org/jetbrains/kotlin/diagnostics/KtDiagnosticReportHelpersKt
instanceKlass org/jetbrains/kotlin/fir/analysis/checkers/expression/FirDeprecationChecker$WhenMappings
instanceKlass org/jetbrains/kotlin/fir/analysis/checkers/expression/FirAnnotationExpressionChecker$WhenMappings
instanceKlass org/jetbrains/kotlin/fir/analysis/checkers/declaration/FirConstPropertyChecker$WhenMappings
instanceKlass org/jetbrains/kotlin/fir/analysis/checkers/extended/FirAnonymousUnusedParamChecker$LambdaBodyContext
instanceKlass org/jetbrains/kotlin/fir/analysis/checkers/extended/FirAnonymousUnusedParamCheckerKt
instanceKlass org/jetbrains/kotlin/fir/java/FirJvmTargetProviderKt
instanceKlass org/jetbrains/kotlin/fir/analysis/checkers/type/FirProjectionRelationChecker$TypeArgumentData
instanceKlass org/jetbrains/kotlin/types/Variance$WhenMappings
instanceKlass org/jetbrains/kotlin/types/EnrichedProjectionKind$Companion$WhenMappings
instanceKlass org/jetbrains/kotlin/types/EnrichedProjectionKind$Companion
instanceKlass org/jetbrains/kotlin/fir/analysis/checkers/declaration/FirClassVarianceChecker$WhenMappings
instanceKlass org/jetbrains/kotlin/fir/analysis/checkers/declaration/FirNonExpansiveInheritanceRestrictionCheckerKt
instanceKlass org/jetbrains/kotlin/fir/analysis/checkers/declaration/FirNonExpansiveInheritanceRestrictionChecker$Graph
instanceKlass org/jetbrains/kotlin/fir/scopes/impl/FirNestedClassifierScopeKt
instanceKlass org/jetbrains/kotlin/fir/analysis/checkers/expression/ReferenceUtilsKt
instanceKlass org/jetbrains/kotlin/fir/scopes/FirPlatformClassMapperKt
instanceKlass org/jetbrains/kotlin/fir/analysis/checkers/TypeInfo
instanceKlass org/jetbrains/kotlin/fir/PrimitivesKt
instanceKlass org/jetbrains/kotlin/fir/TypeUtilsKt
instanceKlass org/jetbrains/kotlin/fir/analysis/checkers/expression/FirEqualityCompatibilityChecker$WhenMappings
instanceKlass org/jetbrains/kotlin/fir/analysis/checkers/ArgumentInfo
instanceKlass org/jetbrains/kotlin/fir/analysis/checkers/FirTypeCompatibilityHelpersKt
instanceKlass org/jetbrains/kotlin/kotlinx/collections/immutable/implementations/persistentOrderedMap/PersistentOrderedMapValuesIterator
instanceKlass org/jetbrains/kotlin/contracts/description/EventOccurrencesRange$WhenMappings
instanceKlass org/jetbrains/kotlin/fir/analysis/checkers/FirTypeRefSource
instanceKlass org/jetbrains/kotlin/fir/analysis/FirSourceUtilsKt
instanceKlass org/jetbrains/kotlin/fir/analysis/checkers/declaration/FirMemberPropertiesCheckerKt
instanceKlass org/jetbrains/kotlin/fir/analysis/cfa/util/EventCollectingControlFlowGraphVisitorKt
instanceKlass org/jetbrains/kotlin/contracts/description/MarkedEventOccurrencesRange
instanceKlass org/jetbrains/kotlin/kotlinx/collections/immutable/implementations/persistentOrderedMap/PersistentOrderedMapKeysIterator
instanceKlass org/jetbrains/kotlin/kotlinx/collections/immutable/implementations/persistentOrderedMap/PersistentOrderedMapLinksIterator
instanceKlass org/jetbrains/kotlin/kotlinx/collections/immutable/implementations/persistentOrderedMap/PersistentOrderedMapEntriesIterator
instanceKlass org/jetbrains/kotlin/fir/analysis/cfa/util/PathAwareControlFlowGraphVisitorKt
instanceKlass org/jetbrains/kotlin/fir/analysis/cfa/util/CfgTraverserKt
instanceKlass org/jetbrains/kotlin/fir/resolve/dfa/cfg/ControlFlowGraphVisitor
instanceKlass org/jetbrains/kotlin/fir/analysis/cfa/VariableInitializationCheckProcessorKt$WhenMappings
instanceKlass org/jetbrains/kotlin/fir/analysis/cfa/VariableInitializationCheckProcessorKt
instanceKlass org/jetbrains/kotlin/fir/analysis/cfa/VariableInitializationCheckProcessor
instanceKlass org/jetbrains/kotlin/fir/analysis/cfa/util/VariableInitializationInfoData
instanceKlass org/jetbrains/kotlin/fir/analysis/cfa/FirPropertyInitializationAnalyzerKt
instanceKlass org/jetbrains/kotlin/fir/analysis/checkers/SourceHelpersKt
instanceKlass org/jetbrains/kotlin/fir/resolve/diagnostics/ConeCallToDeprecatedOverrideOfHidden
instanceKlass org/jetbrains/kotlin/fir/analysis/checkers/expression/FirMissingDependencyClassProxy$MissingTypeOrigin
instanceKlass org/jetbrains/kotlin/fir/analysis/checkers/expression/FirDataClassCopyUsageWillBecomeInaccessibleCheckerKt
instanceKlass org/jetbrains/kotlin/fir/analysis/checkers/FirConflictsHelpersKt
instanceKlass org/jetbrains/kotlin/fir/modules/FirJavaModuleResolverProviderKt
instanceKlass org/jetbrains/kotlin/resolve/checkers/OptInNames
instanceKlass org/jetbrains/kotlin/fir/analysis/jvm/checkers/expression/FirExpressionJavaNullabilityWarningCheckersKt
instanceKlass org/jetbrains/kotlin/fir/analysis/diagnostics/jvm/FirJvmErrors
instanceKlass org/jetbrains/kotlin/fir/analysis/checkers/declaration/NiceContractSyntaxCheckerKt
instanceKlass org/jetbrains/kotlin/fir/analysis/checkers/ModifiersCompatibilityUtilsKt$WhenMappings
instanceKlass org/jetbrains/kotlin/fir/analysis/checkers/ModifiersCompatibilityUtilsKt
instanceKlass org/jetbrains/kotlin/fir/analysis/checkers/FirOptionalExpectationHelpersKt
instanceKlass org/jetbrains/kotlin/fir/analysis/checkers/expression/FirOptInUsageBaseChecker
instanceKlass org/jetbrains/kotlin/resolve/AnnotationTargetLists$TargetListBuilder
instanceKlass org/jetbrains/kotlin/resolve/AnnotationTargetLists
instanceKlass org/jetbrains/kotlin/fir/analysis/checkers/declaration/FirConstructorAllowedChecker$WhenMappings
instanceKlass org/jetbrains/kotlin/fir/declarations/ImplicitReceivers
instanceKlass org/jetbrains/kotlin/fir/analysis/jvm/FirJvmNamesChecker
instanceKlass org/jetbrains/kotlin/fir/types/FirMissingDependencyStorageKt
instanceKlass org/jetbrains/kotlin/fir/analysis/checkers/FirMissingDependencySupertypeUtilsKt
instanceKlass org/jetbrains/kotlin/fir/analysis/checkers/declaration/FirExposedVisibilityDeclarationChecker$WhenMappings
instanceKlass org/jetbrains/kotlin/fir/analysis/checkers/FirUpperBoundViolatedHelpersKt
instanceKlass org/jetbrains/kotlin/fir/analysis/checkers/LightTreeSourceNavigator
instanceKlass org/jetbrains/kotlin/fir/analysis/checkers/SourceNavigator$Companion
instanceKlass org/jetbrains/kotlin/fir/analysis/checkers/SourceNavigator
instanceKlass org/jetbrains/kotlin/resolve/ModifierCheckerHelpersKt$or$1
instanceKlass org/jetbrains/kotlin/resolve/ModifierCheckerHelpersKt$ifSupported$1
instanceKlass org/jetbrains/kotlin/resolve/ModifierCheckerHelpersKt$always$1
instanceKlass org/jetbrains/kotlin/resolve/TargetAllowedPredicate
instanceKlass org/jetbrains/kotlin/resolve/ModifierCheckerHelpersKt
instanceKlass org/jetbrains/kotlin/serialization/deserialization/IncompatibleVersionErrorData
instanceKlass org/jetbrains/kotlin/fir/analysis/diagnostics/FirErrorsDefaultMessagesKt
instanceKlass org/jetbrains/kotlin/resolve/multiplatform/ExpectActualAnnotationsIncompatibilityType
instanceKlass org/jetbrains/kotlin/fir/analysis/diagnostics/FirExpectActualAnnotationIncompatibilityDiagnosticRenderers
instanceKlass org/jetbrains/kotlin/fir/analysis/diagnostics/FirIncompatibleExpectedActualClassScopesRenderer$Companion
instanceKlass org/jetbrains/kotlin/fir/analysis/diagnostics/FirIncompatibleExpectedActualClassScopesRenderer
instanceKlass org/jetbrains/kotlin/fir/analysis/diagnostics/FirPlatformIncompatibilityDiagnosticRenderer$Companion
instanceKlass org/jetbrains/kotlin/fir/analysis/diagnostics/FirPlatformIncompatibilityDiagnosticRenderer
instanceKlass org/jetbrains/kotlin/diagnostics/rendering/RenderingContext$Key
instanceKlass org/jetbrains/kotlin/diagnostics/rendering/DiagnosticParameterRendererKt$ContextDependentRenderer$1
instanceKlass org/jetbrains/kotlin/diagnostics/rendering/RenderingContext
instanceKlass org/jetbrains/kotlin/fir/analysis/diagnostics/FirDiagnosticRenderers$CALLABLES_FQ_NAMES$1
instanceKlass org/jetbrains/kotlin/fir/analysis/diagnostics/MultiplatformDiagnosticRenderingMode
instanceKlass org/jetbrains/kotlin/fir/analysis/diagnostics/FirDiagnosticRenderers$SYMBOLS_ON_NEWLINE_WITH_INDENT$1
instanceKlass org/jetbrains/kotlin/fir/analysis/diagnostics/FirDiagnosticRenderers
instanceKlass org/jetbrains/kotlin/diagnostics/rendering/CommonRenderers
instanceKlass org/jetbrains/kotlin/diagnostics/rendering/LanguageFeatureMessageRenderer
instanceKlass org/jetbrains/kotlin/diagnostics/KtDiagnosticFactoryToRendererMap
instanceKlass org/jetbrains/kotlin/diagnostics/rendering/BaseDiagnosticRendererFactory
instanceKlass org/jetbrains/kotlin/diagnostics/rendering/RootDiagnosticRendererFactory
instanceKlass org/jetbrains/kotlin/diagnostics/rendering/DiagnosticRendererFactory
instanceKlass org/jetbrains/kotlin/diagnostics/KtDiagnosticFactoryForDeprecation
instanceKlass org/jetbrains/kotlin/diagnostics/SimpleKtDiagnosticRenderer
instanceKlass java/text/Format
instanceKlass org/jetbrains/kotlin/diagnostics/rendering/DiagnosticParameterRendererKt$Renderer$1
instanceKlass org/jetbrains/kotlin/diagnostics/rendering/ContextIndependentParameterRenderer
instanceKlass org/jetbrains/kotlin/diagnostics/rendering/DiagnosticParameterRenderer
instanceKlass org/jetbrains/kotlin/diagnostics/rendering/DiagnosticParameterRendererKt
instanceKlass org/jetbrains/kotlin/diagnostics/KtDiagnosticRenderers
instanceKlass org/jetbrains/kotlin/diagnostics/AbstractKtDiagnosticWithParametersRenderer
instanceKlass org/jetbrains/kotlin/diagnostics/KtDiagnosticRenderer
instanceKlass org/jetbrains/kotlin/diagnostics/PsiPositioningStrategies
instanceKlass org/jetbrains/kotlin/diagnostics/PositioningStrategy
instanceKlass org/jetbrains/kotlin/diagnostics/PositioningStrategies
instanceKlass org/jetbrains/kotlin/diagnostics/LightTreePositioningStrategiesKt
instanceKlass org/jetbrains/kotlin/diagnostics/LightTreePositioningStrategy
instanceKlass org/jetbrains/kotlin/diagnostics/LightTreePositioningStrategies
instanceKlass org/jetbrains/kotlin/diagnostics/AbstractSourceElementPositioningStrategy
instanceKlass org/jetbrains/kotlin/diagnostics/SourceElementPositioningStrategies
instanceKlass org/jetbrains/kotlin/diagnostics/AbstractKtDiagnosticFactory
instanceKlass org/jetbrains/kotlin/fir/analysis/diagnostics/FirErrors
instanceKlass org/jetbrains/kotlin/descriptors/annotations/KotlinTarget$Companion$WhenMappings
instanceKlass org/jetbrains/kotlin/resolve/AnnotationTargetList
instanceKlass org/jetbrains/kotlin/fir/analysis/checkers/FirModifier
instanceKlass org/jetbrains/kotlin/fir/analysis/checkers/FirModifierList
instanceKlass org/jetbrains/kotlin/fir/analysis/checkers/FirKeywordUtilsKt
instanceKlass org/jetbrains/kotlin/fir/analysis/checkers/declaration/FirEnumCompanionInEnumConstructorCallChecker$WhenMappings
instanceKlass org/jetbrains/kotlin/fir/java/JavaSymbolProviderKt
instanceKlass org/jetbrains/kotlin/resolve/InlineClassesUtilsKt
instanceKlass org/jetbrains/kotlin/fir/analysis/checkers/declaration/DeclarationUtilsKt
instanceKlass org/jetbrains/kotlin/fir/java/JvmDefaultModeContainerKt
instanceKlass org/jetbrains/kotlin/fir/analysis/checkers/FirAnnotationHelpersKt
instanceKlass org/jetbrains/kotlin/fir/analysis/checkers/FirUnderscoreHelpersKt
instanceKlass org/jetbrains/kotlin/fir/analysis/checkers/declaration/FirTopLevelPropertiesCheckerKt
instanceKlass org/jetbrains/kotlin/fir/analysis/checkers/context/CheckerContext
instanceKlass org/jetbrains/kotlin/fir/analysis/collectors/components/ControlFlowAnalysisDiagnosticComponent$WhenMappings
instanceKlass org/jetbrains/kotlin/fir/analysis/collectors/components/TypeCheckersDiagnosticComponent$WhenMappings
instanceKlass org/jetbrains/kotlin/fir/analysis/collectors/components/ExpressionCheckersDiagnosticComponent$WhenMappings
instanceKlass org/jetbrains/kotlin/fir/analysis/collectors/components/DeclarationCheckersDiagnosticComponent$WhenMappings
instanceKlass org/jetbrains/kotlin/fir/analysis/collectors/DiagnosticCollectorComponents
instanceKlass org/jetbrains/kotlin/fir/analysis/collectors/AbstractDiagnosticCollector$Companion
instanceKlass org/jetbrains/kotlin/fir/analysis/collectors/AbstractDiagnosticCollector
instanceKlass org/jetbrains/kotlin/fir/analysis/collectors/components/DiagnosticComponentsFactory
instanceKlass org/jetbrains/kotlin/resolve/calls/inference/components/ConstraintInjector$TypeCheckerStateForConstraintInjector$WhenMappings
instanceKlass org/jetbrains/kotlin/fir/resolve/inference/FirCallCompleterKt
instanceKlass org/jetbrains/kotlin/fir/declarations/FirDeclarationDataRegistry$AttributeDataAccessor
instanceKlass org/jetbrains/kotlin/fir/scopes/CallableCopyTypeCalculatorKt
instanceKlass org/jetbrains/kotlin/fir/scopes/impl/FirTypeIntersectionScopeContext$WhenMappings
instanceKlass org/jetbrains/kotlin/fir/scopes/FirTypeScopeKt$getDirectOverriddenProperties$$inlined$processDirectlyOverriddenProperties$1
instanceKlass org/jetbrains/kotlin/name/CallableIdKt
instanceKlass org/jetbrains/kotlin/util/ArrayMapImpl$Entry
instanceKlass org/jetbrains/kotlin/fir/expressions/FirOperationNameConventions
instanceKlass org/jetbrains/kotlin/fir/resolve/transformers/body/resolve/FirExpressionsResolveTransformer$GeneratorOfPlusAssignCalls$Companion
instanceKlass org/jetbrains/kotlin/fir/resolve/transformers/body/resolve/FirExpressionsResolveTransformer$GeneratorOfPlusAssignCalls
instanceKlass org/jetbrains/kotlin/com/intellij/psi/impl/cache/TypeAnnotationContainer$TypeAnnotationEntry
instanceKlass org/jetbrains/org/objectweb/asm/TypePath
instanceKlass org/jetbrains/kotlin/fir/expressions/builder/FirDesugaredAssignmentValueReferenceExpressionBuilder
instanceKlass org/jetbrains/kotlin/fir/scopes/FirOverrideService$MemberWithBaseScopeAndReturnType
instanceKlass org/jetbrains/kotlin/fir/scopes/impl/ConvertibleIntegerOperators
instanceKlass org/jetbrains/kotlin/fir/resolve/dfa/cfg/UncaughtExceptionPath
instanceKlass org/jetbrains/kotlin/resolve/jvm/KotlinJavaPsiFacade$3
instanceKlass org/jetbrains/kotlin/fir/declarations/DeprecationUtilsKt$WhenMappings
instanceKlass org/jetbrains/kotlin/fir/scopes/FirTypeScopeKt$anyOverriddenOf$$inlined$anyOverriddenOf$1
instanceKlass org/jetbrains/kotlin/fir/java/declarations/FirJavaMethodKt$buildJavaMethodCopy$1
instanceKlass org/jetbrains/kotlin/fir/java/scopes/BuiltinMethodsWithDifferentJvmName
instanceKlass kotlin/jvm/internal/FloatCompanionObject
instanceKlass java/lang/Short$ShortCache
instanceKlass kotlin/jvm/internal/ShortCompanionObject
instanceKlass kotlin/jvm/internal/ByteCompanionObject
instanceKlass java/lang/Byte$ByteCache
instanceKlass org/jetbrains/kotlin/fir/resolve/transformers/WhenOnSealedClassExhaustivenessChecker$ConditionChecker$WhenMappings
instanceKlass org/jetbrains/kotlin/fir/resolve/transformers/WhenOnSealedClassExhaustivenessChecker$Flags
instanceKlass org/jetbrains/kotlin/fir/resolve/transformers/body/resolve/FirExpressionsResolveTransformer$WhenMappings
instanceKlass jdk/internal/math/FDBigInteger
instanceKlass org/jetbrains/kotlin/com/intellij/psi/PsiClassObjectAccessExpression
instanceKlass org/jetbrains/kotlin/com/intellij/psi/PsiPrefixExpression
instanceKlass org/jetbrains/kotlin/com/intellij/psi/impl/source/DummyHolder$DummyHolderTreeLock
instanceKlass java/lang/Character$Subset
instanceKlass org/jetbrains/kotlin/com/intellij/codeInsight/AnnotationTargetUtil
instanceKlass org/jetbrains/kotlin/com/intellij/psi/impl/source/resolve/SymbolCollectingProcessor$ResultWithContext
instanceKlass org/jetbrains/kotlin/com/intellij/psi/impl/source/PsiJavaFileBaseImpl$MyResolveCacheProcessor
instanceKlass org/jetbrains/kotlin/fir/declarations/builder/FirErrorFunctionBuilder
instanceKlass org/jetbrains/kotlin/fir/resolve/calls/candidate/ErrorCandidateUtilsKt
instanceKlass org/jetbrains/kotlin/fir/resolve/diagnostics/ConeUnresolvedNameError
instanceKlass org/jetbrains/kotlin/fir/resolve/diagnostics/ConeUnresolvedError
instanceKlass org/jetbrains/kotlin/fir/expressions/builder/FirImplicitInvokeCallBuilder
instanceKlass org/jetbrains/kotlin/fir/resolve/calls/tower/FirInvokeResolveTowerExtensionKt
instanceKlass org/jetbrains/kotlin/fir/resolve/dfa/FirDataFlowAnalyzer$WhenMappings
instanceKlass org/jetbrains/kotlin/fir/expressions/builder/FirSamConversionExpressionBuilder
instanceKlass org/jetbrains/kotlin/resolve/checkers/EmptyIntersectionTypeChecker
instanceKlass org/jetbrains/kotlin/fir/resolve/SAMInfo
instanceKlass org/jetbrains/kotlin/types/AbstractTypeApproximator$ApproximationResult
instanceKlass org/jetbrains/kotlin/fir/types/ConeInferenceContext$WhenMappings
instanceKlass org/jetbrains/kotlin/resolve/calls/inference/components/ConstraintIncorporatorKt
instanceKlass org/jetbrains/kotlin/resolve/calls/inference/components/ConstraintIncorporator$WhenMappings
instanceKlass org/jetbrains/kotlin/fir/analysis/checkers/FirHelpersKt
instanceKlass org/jetbrains/kotlin/fir/java/SyntheticPropertiesCacheKey
instanceKlass kotlin/jvm/internal/DoubleCompanionObject
instanceKlass org/jetbrains/kotlin/fir/types/ConeRawType$Companion
instanceKlass org/jetbrains/kotlin/fir/diagnostics/ConeRecursiveTypeParameterDuringErasureError
instanceKlass org/jetbrains/kotlin/contracts/description/KtIsInstancePredicate
instanceKlass org/jetbrains/kotlin/contracts/description/KtLogicalNot
instanceKlass org/jetbrains/kotlin/fir/resolve/dfa/ContractsKt
instanceKlass org/jetbrains/kotlin/contracts/description/KtConstantReference
instanceKlass org/jetbrains/kotlin/fir/contracts/description/ConeContractConstantValues
instanceKlass org/jetbrains/kotlin/fir/deserialization/FirContractDeserializer$WhenMappings
instanceKlass org/jetbrains/kotlin/contracts/description/KtIsNullPredicate
instanceKlass org/jetbrains/kotlin/contracts/description/KtBooleanExpression
instanceKlass kotlin/jvm/internal/CharCompanionObject
instanceKlass org/jetbrains/kotlin/fir/declarations/FirDeprecationInfo
instanceKlass org/jetbrains/kotlin/resolve/calls/inference/model/ConstraintStorageKt$WhenMappings
instanceKlass org/jetbrains/kotlin/resolve/calls/inference/model/ConstraintStorageKt
instanceKlass org/jetbrains/kotlin/fir/scopes/impl/FirFakeOverrideGenerator$Maybe
instanceKlass org/jetbrains/kotlin/fir/declarations/EnumValueArgumentInfo
instanceKlass org/jetbrains/kotlin/metadata/ProtoBuf$1
instanceKlass org/jetbrains/kotlin/com/intellij/psi/javadoc/PsiInlineDocTag
instanceKlass org/jetbrains/kotlin/com/intellij/psi/PsiUnaryExpression
instanceKlass org/jetbrains/kotlin/com/intellij/psi/PsiPolyadicExpression
instanceKlass org/jetbrains/kotlin/com/intellij/psi/PsiForeachStatementBase
instanceKlass org/jetbrains/kotlin/com/intellij/psi/PsiLoopStatement
instanceKlass org/jetbrains/kotlin/com/intellij/util/containers/ObjectIntHashMap
instanceKlass org/jetbrains/kotlin/com/intellij/util/containers/ObjectIntMap
instanceKlass org/jetbrains/kotlin/com/intellij/psi/util/TypeConversionUtil
instanceKlass org/jetbrains/kotlin/util/ConstUtils
instanceKlass org/jetbrains/kotlin/com/intellij/psi/impl/source/PsiClassReferenceType$DelegatingClassResolveResult
instanceKlass org/jetbrains/kotlin/com/intellij/psi/PsiDeconstructionPattern
instanceKlass org/jetbrains/kotlin/com/intellij/psi/PsiPrimaryPattern
instanceKlass org/jetbrains/kotlin/com/intellij/psi/ServerPageFile
instanceKlass org/jetbrains/kotlin/com/intellij/psi/FileResolveScopeProvider
instanceKlass org/jetbrains/kotlin/com/intellij/psi/PsiPattern
instanceKlass org/jetbrains/kotlin/com/intellij/psi/impl/source/resolve/JavaResolveUtil
instanceKlass org/jetbrains/kotlin/com/intellij/notebook/editor/BackedVirtualFile
instanceKlass org/jetbrains/kotlin/com/intellij/psi/search/PsiSearchScopeUtil
instanceKlass org/jetbrains/kotlin/com/intellij/psi/impl/compiled/SignatureParsing$TypeParameterDeclaration
instanceKlass org/jetbrains/kotlin/com/intellij/psi/impl/cache/TypeInfo$1
instanceKlass org/jetbrains/kotlin/com/intellij/psi/impl/cache/TypeAnnotationContainer$Collector
instanceKlass org/jetbrains/kotlin/com/intellij/codeInsight/completion/scope/JavaCompletionHints
instanceKlass org/jetbrains/kotlin/com/intellij/psi/scope/DelegatingScopeProcessor
instanceKlass org/jetbrains/kotlin/com/intellij/util/containers/SequenceIterator
instanceKlass org/jetbrains/kotlin/com/intellij/psi/PsiImportStaticStatement
instanceKlass org/jetbrains/kotlin/com/intellij/psi/PsiImportStatement
instanceKlass org/jetbrains/kotlin/com/intellij/psi/util/PsiSuperMethodUtil
instanceKlass org/jetbrains/kotlin/com/intellij/util/containers/TreeTraversal$2$1WrappedTree
instanceKlass org/jetbrains/kotlin/com/intellij/util/containers/TreeTraversal$TraversalArgs
instanceKlass org/jetbrains/kotlin/com/intellij/util/containers/TreeTraversal$2
instanceKlass org/jetbrains/kotlin/com/intellij/psi/impl/PsiClassImplUtil$MemberCache
instanceKlass org/jetbrains/kotlin/com/intellij/psi/impl/ScopedClassHierarchy$1
instanceKlass org/jetbrains/kotlin/com/intellij/psi/impl/ScopedClassHierarchy
instanceKlass org/jetbrains/kotlin/com/intellij/psi/impl/PsiClassImplUtil$1
instanceKlass org/jetbrains/kotlin/com/intellij/psi/scope/PsiScopeProcessor$Event$1
instanceKlass org/jetbrains/kotlin/com/intellij/psi/scope/JavaScopeProcessorEvent
instanceKlass org/jetbrains/kotlin/com/intellij/psi/ResolveState
instanceKlass org/jetbrains/kotlin/com/intellij/psi/scope/util/PsiScopesUtil
instanceKlass org/jetbrains/kotlin/com/intellij/psi/JavaResolveResult$1
instanceKlass org/jetbrains/kotlin/com/intellij/psi/impl/source/resolve/ClassResolverProcessor
instanceKlass org/jetbrains/kotlin/com/intellij/psi/impl/source/PsiJavaCodeReferenceElementImpl$1
instanceKlass org/jetbrains/kotlin/com/intellij/psi/PsiTypeCodeFragment
instanceKlass org/jetbrains/kotlin/com/intellij/psi/JavaCodeFragment
instanceKlass org/jetbrains/kotlin/com/intellij/psi/PsiCodeFragment
instanceKlass org/jetbrains/kotlin/com/intellij/psi/impl/source/PsiJavaCodeReferenceElementImpl$OurGenericsResolver
instanceKlass java/util/RegularEnumSet$EnumSetIterator
instanceKlass org/jetbrains/kotlin/com/intellij/psi/PsiExpressionList
instanceKlass org/jetbrains/kotlin/com/intellij/psi/impl/source/tree/java/PsiReferenceExpressionImpl$TypeEvaluator
instanceKlass org/jetbrains/kotlin/com/intellij/util/NullableFunction
instanceKlass org/jetbrains/kotlin/com/intellij/psi/impl/source/tree/java/PsiMethodCallExpressionImpl$TypeEvaluator
instanceKlass org/jetbrains/kotlin/com/intellij/psi/PsiMethodCallExpression
instanceKlass org/jetbrains/kotlin/com/intellij/psi/PsiCallExpression
instanceKlass org/jetbrains/kotlin/com/intellij/psi/javadoc/PsiDocTag
instanceKlass org/jetbrains/kotlin/com/intellij/lang/java/parser/BasicOldExpressionParser$1
instanceKlass org/jetbrains/kotlin/fir/java/scopes/JavaClassUseSiteMemberScope$doesOverrideRenamedBuiltins$$inlined$collectMembersGroupedByScope$1
instanceKlass org/jetbrains/kotlin/fir/java/scopes/JavaClassUseSiteMemberScope$collectProperties$$inlined$collectIntersectionResultsForCallables$1
instanceKlass org/jetbrains/kotlin/fir/references/builder/FirResolvedCallableReferenceBuilder
instanceKlass org/jetbrains/kotlin/resolve/calls/model/LambdaWithTypeVariableAsExpectedTypeMarker
instanceKlass org/jetbrains/kotlin/fir/resolve/calls/stages/EagerResolveOfCallableReferences$WhenMappings
instanceKlass org/jetbrains/kotlin/fir/resolve/calls/CallableReferenceConversionStrategy
instanceKlass org/jetbrains/kotlin/fir/resolve/calls/InputOutputTypes
instanceKlass org/jetbrains/kotlin/fir/resolve/calls/PostponedAtomsKt
instanceKlass org/jetbrains/kotlin/fir/resolve/calls/stages/CheckCallableReferenceExpectedTypeKt
instanceKlass org/jetbrains/kotlin/fir/resolve/DoubleColonLHS
instanceKlass org/jetbrains/kotlin/fir/types/impl/FirImplicitBuiltinTypeRefKt
instanceKlass org/jetbrains/kotlin/fir/resolve/calls/tower/MemberScopeTowerLevel$MemberFromSmartcastScope
instanceKlass org/jetbrains/kotlin/fir/resolve/dfa/cfg/ControlFlowGraphBuilder$WhenMappings
instanceKlass org/jetbrains/kotlin/fir/resolve/dfa/DfaVariablesKt
instanceKlass org/jetbrains/kotlin/utils/SmartSet$SingletonIterator
instanceKlass org/jetbrains/kotlin/fir/contracts/builder/FirEffectDeclarationBuilder
instanceKlass org/jetbrains/kotlin/fir/contracts/ContractUtilsKt
instanceKlass org/jetbrains/kotlin/fir/contracts/builder/FirResolvedContractDescriptionBuilder
instanceKlass org/jetbrains/kotlin/contracts/description/KtEffectDeclaration
instanceKlass org/jetbrains/kotlin/contracts/description/EventOccurrencesRange$Companion
instanceKlass org/jetbrains/kotlin/contracts/description/KtValueParameterReference
instanceKlass org/jetbrains/kotlin/contracts/description/KtContractDescriptionValue
instanceKlass org/jetbrains/kotlin/contracts/description/KtContractDescriptionElement
instanceKlass org/jetbrains/kotlin/serialization/deserialization/ProtoBufContractDeserializer$WhenMappings
instanceKlass org/jetbrains/kotlin/fir/resolve/dfa/FirLocalVariableAssignmentAnalyzer$Companion$Fork
instanceKlass org/jetbrains/kotlin/fir/resolve/inference/CalculatorForNestedCall$FixationDirectionForVariable
instanceKlass org/jetbrains/kotlin/fir/resolve/inference/CalculatorForNestedCall$WhenMappings
instanceKlass org/jetbrains/kotlin/fir/resolve/inference/CalculatorForNestedCall
instanceKlass org/jetbrains/kotlin/fir/resolve/calls/SuperCallsKt
instanceKlass org/jetbrains/kotlin/utils/SmartList$1
instanceKlass org/jetbrains/kotlin/resolve/calls/inference/components/ResultTypeResolver$sinkIntegerLiteralTypes$1$containsILT$1
instanceKlass org/jetbrains/kotlin/fir/expressions/builder/FirSmartCastExpressionBuilder
instanceKlass org/jetbrains/kotlin/types/AbstractFlexibilityChecker
instanceKlass org/jetbrains/kotlin/fir/types/ConeIntegerLiteralIntersector
instanceKlass org/jetbrains/kotlin/diagnostics/WhenMissingCase
instanceKlass org/jetbrains/kotlin/fir/expressions/ExhaustivenessStatus$NotExhaustive$Companion
instanceKlass org/jetbrains/kotlin/fir/resolve/dfa/Operation$WhenMappings
instanceKlass org/jetbrains/kotlin/fir/resolve/dfa/Implication
instanceKlass org/jetbrains/kotlin/fir/types/ConeTypeIntersector
instanceKlass org/jetbrains/kotlin/kotlinx/collections/immutable/implementations/persistentOrderedSet/PersistentOrderedSetIterator
instanceKlass org/jetbrains/kotlin/kotlinx/collections/immutable/implementations/immutableMap/MapEntry
instanceKlass org/jetbrains/kotlin/fir/expressions/ExhaustivenessStatusKt
instanceKlass org/jetbrains/kotlin/fir/FirEnumWhenTrackerComponent
instanceKlass org/jetbrains/kotlin/fir/FirEnumWhenTrackerComponentKt
instanceKlass org/jetbrains/kotlin/fir/expressions/ExhaustivenessStatus
instanceKlass org/jetbrains/kotlin/kotlinx/collections/immutable/implementations/immutableMap/PersistentHashMapBuilderEntriesIterator
instanceKlass org/jetbrains/kotlin/fir/resolve/dfa/LogicSystemKt
instanceKlass org/jetbrains/kotlin/fir/resolve/dfa/FirLocalVariableAssignmentAnalyzer$Companion$Assignment
instanceKlass org/jetbrains/kotlin/fir/resolve/dfa/FirLocalVariableAssignmentAnalyzer$Companion$MiniFlow$Companion
instanceKlass org/jetbrains/kotlin/fir/resolve/dfa/FirLocalVariableAssignmentAnalyzer$Companion$MiniFlow
instanceKlass org/jetbrains/kotlin/fir/resolve/dfa/FirLocalVariableAssignmentAnalyzer$Companion$MiniCfgBuilder$MiniCfgData
instanceKlass org/jetbrains/kotlin/fir/java/scopes/JavaScopeUtilsKt$firstOverriddenCallable$1
instanceKlass org/jetbrains/kotlin/fir/java/scopes/BuiltinMethodsWithSpecialGenericSignature
instanceKlass org/jetbrains/kotlin/fir/java/scopes/JavaScopeUtilsKt
instanceKlass org/jetbrains/kotlin/fir/java/scopes/JavaClassUseSiteMemberScope$shouldBeVisibleAsOverrideOfBuiltInWithErasedValueParameters$$inlined$collectIntersectionResultsForCallables$1
instanceKlass org/jetbrains/kotlin/name/StandardClassIds$Collections
instanceKlass org/jetbrains/kotlin/fir/types/ConeFlexibleTypeBoundsChecker
instanceKlass org/jetbrains/kotlin/fir/resolve/calls/SyntheticsKt
instanceKlass org/jetbrains/kotlin/fir/declarations/synthetic/FirSyntheticPropertyBuilderKt
instanceKlass org/jetbrains/kotlin/fir/declarations/synthetic/FirSyntheticPropertyBuilder
instanceKlass org/jetbrains/kotlin/fir/resolve/calls/FirSyntheticPropertiesScope$GetterCompatibilityResult
instanceKlass org/jetbrains/kotlin/fir/caches/FirCacheWithPostComputeKt
instanceKlass org/jetbrains/kotlin/fir/resolve/calls/FirSyntheticPropertiesScope$WhenMappings
instanceKlass org/jetbrains/kotlin/fir/java/deserialization/AnnotationsLoader$AnnotationsLoaderVisitorImpl$visitAnnotation$1
instanceKlass org/jetbrains/kotlin/fir/resolve/ImplicitReceiverStackKt
instanceKlass org/jetbrains/kotlin/fir/expressions/builder/FirVarargArgumentsExpressionBuilder
instanceKlass org/jetbrains/kotlin/fir/java/JavaTypeConversionKt$WhenMappings
instanceKlass java/util/EnumMap$EntryIterator$Entry
instanceKlass java/util/EnumMap$EnumMapIterator
instanceKlass org/jetbrains/kotlin/fir/expressions/impl/FirAnnotationArgumentMappingImplKt
instanceKlass org/jetbrains/kotlin/fir/ScopeUtilsKt
instanceKlass org/jetbrains/kotlin/fir/FirEvaluatorResult
instanceKlass org/jetbrains/kotlin/fir/expressions/FirExpressionEvaluatorKt
instanceKlass org/jetbrains/kotlin/fir/expressions/FirConstCheckVisitor$Companion
instanceKlass java/security/CodeSigner
instanceKlass org/jetbrains/kotlin/fir/expressions/FirConstChecksKt
instanceKlass org/jetbrains/kotlin/fir/expressions/FirExpressionEvaluator
instanceKlass org/jetbrains/kotlin/com/intellij/psi/infos/CandidateInfo
instanceKlass org/jetbrains/kotlin/com/intellij/psi/PsiDeclarationStatement
instanceKlass org/jetbrains/kotlin/it/unimi/dsi/fastutil/objects/Object2IntOpenHashMap$MapIterator
instanceKlass org/jetbrains/kotlin/com/intellij/psi/impl/cache/ModifierFlags
instanceKlass java/util/Collections$SynchronizedCollection
instanceKlass org/jetbrains/kotlin/com/intellij/util/IdempotenceChecker
instanceKlass org/jetbrains/kotlin/com/intellij/psi/impl/compiled/ClsJavaCodeReferenceElementImpl$Resolver
instanceKlass org/jetbrains/kotlin/com/intellij/psi/PsiNameHelper
instanceKlass org/jetbrains/kotlin/com/intellij/psi/impl/cache/TypeAnnotationContainer
instanceKlass org/jetbrains/kotlin/com/intellij/openapi/roots/ProjectRootModificationTracker
instanceKlass org/jetbrains/kotlin/com/intellij/openapi/application/BaseActionRunnable
instanceKlass org/jetbrains/kotlin/com/intellij/openapi/application/ReadActionProcessor
instanceKlass org/jetbrains/kotlin/com/intellij/util/CollectionQuery
instanceKlass org/jetbrains/kotlin/com/intellij/util/CommonProcessors$CollectProcessor
instanceKlass org/jetbrains/kotlin/com/intellij/util/Processors
instanceKlass org/jetbrains/kotlin/com/intellij/psi/impl/file/PsiPackageImpl$PackageAnnotationValueProvider
instanceKlass org/jetbrains/kotlin/kotlinx/collections/immutable/internal/DeltaCounter
instanceKlass org/jetbrains/kotlin/kotlinx/collections/immutable/implementations/immutableMap/TrieNodeBaseIterator
instanceKlass org/jetbrains/kotlin/kotlinx/collections/immutable/implementations/immutableMap/PersistentHashMapBaseIterator
instanceKlass org/jetbrains/kotlin/fir/resolve/inference/ReturnArgumentsAnalysisResult
instanceKlass org/jetbrains/kotlin/fir/resolve/dfa/cfg/FirAnonymousFunctionReturnExpressionInfo
instanceKlass org/jetbrains/kotlin/resolve/calls/results/FlatSignatureKt
instanceKlass org/jetbrains/kotlin/fir/resolve/calls/overloads/ConeSimpleConstraintSystemImpl
instanceKlass org/jetbrains/kotlin/resolve/calls/results/SimpleConstraintSystem
instanceKlass org/jetbrains/kotlin/resolve/calls/results/FlatSignature$Companion
instanceKlass org/jetbrains/kotlin/resolve/calls/results/FlatSignature
instanceKlass org/jetbrains/kotlin/resolve/calls/results/TypeWithConversion
instanceKlass org/jetbrains/kotlin/fir/resolve/calls/overloads/ConeOverloadConflictResolver$DiscriminationFlags
instanceKlass org/jetbrains/kotlin/fir/scopes/impl/FirOverrideUtilsKt
instanceKlass org/jetbrains/kotlin/fir/resolve/calls/jvm/ConeEquivalentCallConflictResolver$filterOutEquivalentCalls$$inlined$sortedBy$1
instanceKlass org/jetbrains/kotlin/resolve/calls/inference/model/ConstraintSystemError
instanceKlass org/jetbrains/kotlin/resolve/calls/inference/model/NewConstraintMismatch
instanceKlass org/jetbrains/kotlin/fir/declarations/ExpectActualAttributesKt
instanceKlass org/jetbrains/kotlin/fir/resolve/FirDefaultParametersResolverKt
instanceKlass org/jetbrains/kotlin/fir/extensions/FirTypeAttributeExtensionKt
instanceKlass org/jetbrains/kotlin/fir/types/CompilerConeAttributes$ContextFunctionTypeParams$Companion
instanceKlass org/jetbrains/kotlin/fir/resolve/FirSamResolver$SamConversionInfo
instanceKlass org/jetbrains/kotlin/contracts/description/EventOccurrencesRangeKt
instanceKlass org/jetbrains/kotlin/resolve/calls/model/PostponedCallableReferenceMarker
instanceKlass org/jetbrains/kotlin/resolve/calls/model/PostponedAtomWithRevisableExpectedType
instanceKlass org/jetbrains/kotlin/fir/resolve/TypeAttributeUtilsKt
instanceKlass org/jetbrains/kotlin/fir/types/InferenceUtilsKt
instanceKlass org/jetbrains/kotlin/fir/resolve/inference/InferenceUtilsKt
instanceKlass org/jetbrains/kotlin/builtins/functions/FunctionTypeKindExtractor$KindWithArity
instanceKlass org/jetbrains/kotlin/fir/scopes/FirCompositeScope$processComposite$1
instanceKlass org/jetbrains/kotlin/fir/resolve/dfa/cfg/ControlFlowGraphBuilder$exitClass$$inlined$sortedBy$1
instanceKlass org/jetbrains/kotlin/fir/resolve/dfa/FirControlFlowGraphReferenceImplKt
instanceKlass org/jetbrains/kotlin/fir/scopes/FirPlatformDeclarationFilter
instanceKlass org/jetbrains/kotlin/fir/scopes/jvm/FirJvmPlatformDeclarationFilter
instanceKlass org/jetbrains/kotlin/fir/symbols/impl/UtilsKt
instanceKlass org/jetbrains/kotlin/fir/resolve/dfa/UtilKt$WhenMappings
instanceKlass org/jetbrains/kotlin/fir/scopes/impl/TypeAliasConstructorsSubstitutingScopeKt
instanceKlass org/jetbrains/kotlin/fir/resolve/calls/FirCallResolver$WhenMappings
instanceKlass org/jetbrains/kotlin/fir/resolve/transformers/body/resolve/FirDeclarationsResolveTransformer$transformAnonymousObject$lambda$57$lambda$56$$inlined$withAnonymousObject$1
instanceKlass org/jetbrains/kotlin/fir/resolve/transformers/contracts/FirAbstractContractResolveTransformerDispatcher$FirDeclarationsContractResolveTransformer$transformAnonymousObject$$inlined$withAnonymousObject$1
instanceKlass org/jetbrains/kotlin/fir/resolve/transformers/contracts/FirContractResolveTransformerAdapterKt
instanceKlass org/jetbrains/kotlin/fir/resolve/transformers/body/resolve/FirImplicitBodyResolveKt
instanceKlass org/jetbrains/kotlin/fir/resolve/transformers/FirStatusResolveTransformerKt
instanceKlass org/jetbrains/kotlin/fir/resolve/transformers/FirTypeResolveTransformerKt
instanceKlass org/jetbrains/kotlin/fir/resolve/transformers/plugin/FirCompanionGenerationProcessorKt
instanceKlass org/jetbrains/kotlin/fir/resolve/transformers/plugin/FirCompilerRequiredAnnotationsResolveTransformerKt
instanceKlass org/jetbrains/kotlin/fir/resolve/transformers/body/resolve/LocalClassesNavigationInfo
instanceKlass org/jetbrains/kotlin/fir/resolve/transformers/body/resolve/LocalClassesNavigationKt
instanceKlass org/jetbrains/kotlin/fir/resolve/transformers/body/resolve/LocalClassesResolutionKt
instanceKlass org/jetbrains/kotlin/fir/types/ConeIntegerLiteralTypeExtensions
instanceKlass kotlin/ranges/LongRange$Companion
instanceKlass kotlin/ranges/LongProgression$Companion
instanceKlass kotlin/ranges/LongProgression
instanceKlass org/jetbrains/kotlin/fir/types/ConeIntegerLiteralConstantTypeImpl$Companion
instanceKlass org/jetbrains/kotlin/fir/types/ConeIntegerLiteralType$Companion
instanceKlass org/jetbrains/kotlin/fir/resolve/dfa/DataFlowInfo
instanceKlass org/jetbrains/kotlin/fir/resolve/dfa/cfg/Edge$Companion$WhenMappings
instanceKlass org/jetbrains/kotlin/fir/resolve/dfa/cfg/EdgeKind$WhenMappings
instanceKlass org/jetbrains/kotlin/kotlinx/collections/immutable/PersistentSet$Builder
instanceKlass org/jetbrains/kotlin/fir/resolve/dfa/ModelKt
instanceKlass org/jetbrains/kotlin/resolve/calls/NewCommonSuperTypeCalculator
instanceKlass org/jetbrains/kotlin/resolve/calls/inference/components/ResultTypeResolver$sinkIntegerLiteralTypes$$inlined$sortedBy$1
instanceKlass org/jetbrains/kotlin/fir/visitors/TransformData
instanceKlass org/jetbrains/kotlin/fir/resolve/dfa/FirLocalVariableAssignmentAnalyzer$Companion$VariableAssignments
instanceKlass org/jetbrains/kotlin/types/AbstractTypeChecker$WhenMappings
instanceKlass org/jetbrains/kotlin/fir/resolve/calls/stages/ReceiverDescription
instanceKlass org/jetbrains/kotlin/fir/resolve/SupertypeUtilsKt$WhenMappings
instanceKlass org/jetbrains/kotlin/fir/expressions/ReferenceUtilsKt
instanceKlass org/jetbrains/kotlin/fir/resolve/calls/tower/TowerLevelsKt
instanceKlass org/jetbrains/kotlin/fir/extensions/FirExpressionResolutionExtensionKt
instanceKlass org/jetbrains/kotlin/fir/resolve/transformers/body/resolve/FirExpressionsResolveTransformerKt
instanceKlass org/jetbrains/kotlin/fir/references/FirReferenceUtilsKt
instanceKlass org/jetbrains/kotlin/fir/declarations/FirResolvePhaseKt$WhenMappings
instanceKlass org/jetbrains/kotlin/fir/declarations/FirResolvePhaseKt
instanceKlass org/jetbrains/kotlin/fir/resolve/transformers/ExpectedArgumentType
instanceKlass org/jetbrains/kotlin/fir/resolve/transformers/FirCallCompletionResultsWriterTransformer$ResultingArgumentsMapping
instanceKlass org/jetbrains/kotlin/types/AbstractTypeApproximator$WhenMappings
instanceKlass org/jetbrains/kotlin/fir/types/ConeTypeContext$WhenMappings
instanceKlass org/jetbrains/kotlin/types/model/TypeSystemContextKt$WhenMappings
instanceKlass org/jetbrains/kotlin/types/model/TypeSystemContextKt
instanceKlass org/jetbrains/kotlin/fir/types/ConeIntegerLiteralTypeImplKt
instanceKlass org/jetbrains/kotlin/fir/symbols/FirBasedSymbolKt
instanceKlass org/jetbrains/kotlin/resolve/calls/inference/model/MutableVariableWithConstraints$WhenMappings
instanceKlass org/jetbrains/kotlin/resolve/calls/inference/components/VariableFixationFinder$VariableForFixation
instanceKlass org/jetbrains/kotlin/resolve/calls/inference/components/VariableFixationFinder$WhenMappings
instanceKlass org/jetbrains/kotlin/resolve/calls/inference/components/TypeVariableDependencyInformationProvider
instanceKlass org/jetbrains/kotlin/fir/resolve/calls/ConePostponedResolvedAtom
instanceKlass org/jetbrains/kotlin/resolve/calls/model/PostponedResolvedAtomMarker
instanceKlass org/jetbrains/kotlin/fir/resolve/inference/ConstraintSystemCompleter$PostponedAtomAnalyzer
instanceKlass org/jetbrains/kotlin/fir/resolve/inference/FirCallCompleter$WhenMappings
instanceKlass org/jetbrains/kotlin/fir/resolve/inference/PostponedArgumentsAnalyzer
instanceKlass org/jetbrains/kotlin/fir/resolve/inference/FirCallCompleter$LambdaAnalyzerImpl
instanceKlass org/jetbrains/kotlin/fir/resolve/inference/LambdaAnalyzer
instanceKlass org/jetbrains/kotlin/fir/resolve/inference/CompletionModeCalculatorKt
instanceKlass org/jetbrains/kotlin/fir/resolve/substitution/NoSubstitutor
instanceKlass org/jetbrains/kotlin/fir/types/FirCorrespondingSupertypesCacheKt
instanceKlass org/jetbrains/kotlin/types/TypeCheckerState$SupertypesPolicy
instanceKlass org/jetbrains/kotlin/types/AbstractNullabilityChecker
instanceKlass org/jetbrains/kotlin/resolve/calls/inference/ConstraintSystemBuilderKt$WhenMappings
instanceKlass org/jetbrains/kotlin/resolve/calls/inference/ConstraintSystemTransaction
instanceKlass org/jetbrains/kotlin/resolve/calls/inference/ConstraintSystemBuilderKt
instanceKlass org/jetbrains/kotlin/fir/resolve/inference/ConstraintSystemCompleterKt
instanceKlass org/jetbrains/kotlin/fir/resolve/calls/stages/ArgumentCheckingProcessor$ArgumentContext
instanceKlass org/jetbrains/kotlin/fir/resolve/calls/stages/ArgumentCheckingProcessor
instanceKlass org/jetbrains/kotlin/fir/resolve/calls/ArgumentUtilsKt
instanceKlass org/jetbrains/kotlin/fir/resolve/calls/stages/CheckArgumentsKt
instanceKlass org/jetbrains/kotlin/resolve/calls/inference/components/VariableFixationFinderKt
instanceKlass org/jetbrains/kotlin/resolve/calls/inference/InferenceUtilsKt
instanceKlass org/jetbrains/kotlin/types/model/MarkerExtensionsKt
instanceKlass org/jetbrains/kotlin/resolve/calls/inference/model/Constraint
instanceKlass org/jetbrains/kotlin/resolve/calls/inference/components/ConstraintContext
instanceKlass org/jetbrains/kotlin/fir/types/ConeStubTypeConstructor
instanceKlass org/jetbrains/kotlin/resolve/calls/inference/components/ConstraintIncorporator$Context
instanceKlass org/jetbrains/kotlin/resolve/calls/inference/model/InitialConstraint
instanceKlass org/jetbrains/kotlin/types/model/TypeSystemContextHelpersKt
instanceKlass org/jetbrains/kotlin/resolve/calls/inference/model/ConstraintPosition
instanceKlass org/jetbrains/kotlin/resolve/calls/inference/model/OnlyInputTypeConstraintPosition
instanceKlass org/jetbrains/kotlin/resolve/calls/inference/model/MutableVariableWithConstraints
instanceKlass org/jetbrains/kotlin/resolve/calls/inference/model/VariableWithConstraints
instanceKlass org/jetbrains/kotlin/fir/types/ConeTypeVariable
instanceKlass org/jetbrains/kotlin/types/model/TypeVariableMarker
instanceKlass org/jetbrains/kotlin/fir/resolve/calls/stages/CreateFreshTypeVariableSubstitutorStageKt
instanceKlass org/jetbrains/kotlin/fir/resolve/calls/ResolvedCallArgument
instanceKlass org/jetbrains/kotlin/fir/resolve/calls/stages/FirCallArgumentsProcessor
instanceKlass org/jetbrains/kotlin/fir/resolve/calls/stages/ArgumentMapping
instanceKlass org/jetbrains/kotlin/fir/resolve/calls/stages/FirArgumentsToParametersMapperKt
instanceKlass org/jetbrains/kotlin/fir/scopes/impl/FirIntegerConstantOperatorScopeKt
instanceKlass org/jetbrains/kotlin/fir/resolve/calls/ConstructorProcessingKt$WhenMappings
instanceKlass org/jetbrains/kotlin/fir/resolve/calls/SymbolWithSubstitutor
instanceKlass org/jetbrains/kotlin/fir/resolve/calls/tower/FirInvokeResolveTowerExtension$enqueueInvokeReceiverTask$invokeReceiverProcessor$1
instanceKlass org/jetbrains/kotlin/fir/resolve/transformers/FirCallCompletionResultsWriterTransformerKt
instanceKlass org/jetbrains/kotlin/fir/resolve/calls/QualifierReceiver
instanceKlass org/jetbrains/kotlin/fir/resolve/calls/QualifierReceiverKt
instanceKlass org/jetbrains/kotlin/fir/resolve/dfa/UtilKt
instanceKlass org/jetbrains/kotlin/fir/resolve/dfa/DataFlowVariable
instanceKlass org/jetbrains/kotlin/fir/resolve/calls/ConstructorProcessingKt$getSingleVisibleClassifier$$inlined$processClassifiersByName$1
instanceKlass org/jetbrains/kotlin/fir/resolve/calls/ConstructorProcessingKt
instanceKlass org/jetbrains/kotlin/fir/resolve/QualifiedNameResolutionKt
instanceKlass org/jetbrains/kotlin/fir/resolve/calls/ResolutionDiagnosticKt
instanceKlass org/jetbrains/kotlin/fir/resolve/calls/candidate/CandidateFactoryKt
instanceKlass org/jetbrains/kotlin/fir/resolve/inference/FirDelegatedPropertyInferenceSessionKt
instanceKlass org/jetbrains/kotlin/fir/resolve/calls/stages/TypeArgumentMapping
instanceKlass org/jetbrains/kotlin/fir/resolve/calls/stages/CheckExplicitReceiverConsistency$WhenMappings
instanceKlass org/jetbrains/kotlin/fir/resolve/calls/VisibilityUtilsKt
instanceKlass org/jetbrains/kotlin/fir/resolve/calls/stages/ResolutionStageRunner$processCandidate$2
instanceKlass org/jetbrains/kotlin/fir/resolve/calls/candidate/CheckerSink
instanceKlass org/jetbrains/kotlin/fir/resolve/calls/ResolutionDiagnostic
instanceKlass org/jetbrains/kotlin/fir/resolve/calls/candidate/CandidateFactory$WhenMappings
instanceKlass org/jetbrains/kotlin/fir/resolve/calls/tower/ScopeTowerLevel$processObjectsByName$$inlined$processClassifiersByName$1
instanceKlass org/jetbrains/kotlin/fir/resolve/ResolveUtilsKt
instanceKlass org/jetbrains/kotlin/fir/expressions/builder/FirResolvedQualifierBuilder
instanceKlass org/jetbrains/kotlin/fir/expressions/builder/FirAbstractResolvedQualifierBuilder
instanceKlass kotlin/coroutines/jvm/internal/Boxing
instanceKlass org/jetbrains/kotlin/fir/resolve/calls/FirSyntheticNamesProviderKt
instanceKlass org/jetbrains/kotlin/resolve/descriptorUtil/AnnotationsForResolveKt
instanceKlass org/jetbrains/kotlin/fir/resolve/calls/stages/ResolutionStagesKt
instanceKlass org/jetbrains/kotlin/fir/resolve/calls/FirSyntheticPropertiesScope$Companion
instanceKlass org/jetbrains/kotlin/fir/resolve/calls/tower/TowerScopeLevelProcessor
instanceKlass org/jetbrains/kotlin/fir/resolve/calls/tower/TowerScopeLevel$TowerScopeLevelProcessor
instanceKlass org/jetbrains/kotlin/fir/resolve/calls/tower/TowerScopeLevel
instanceKlass org/jetbrains/kotlin/resolve/calls/tower/CandidateApplicabilityKt
instanceKlass org/jetbrains/kotlin/fir/resolve/calls/tower/TowerResolveManager$SuspendedResolverTask
instanceKlass org/jetbrains/kotlin/fir/resolve/calls/tower/TowerResolveManager$enqueueResolverTask$continuation$1
instanceKlass org/jetbrains/kotlin/fir/resolve/calls/tower/TowerLevelHandler
instanceKlass org/jetbrains/kotlin/fir/resolve/calls/tower/TowerDataElementsForName
instanceKlass org/jetbrains/kotlin/fir/resolve/calls/tower/FirBaseTowerResolveTask
instanceKlass org/jetbrains/kotlin/fir/resolve/calls/tower/FirInvokeResolveTowerExtension
instanceKlass org/jetbrains/kotlin/fir/resolve/calls/tower/CandidateFactoriesAndCollectors
instanceKlass org/jetbrains/kotlin/resolve/calls/inference/model/MutableConstraintStorage
instanceKlass org/jetbrains/kotlin/resolve/calls/inference/model/ConstraintStorage
instanceKlass org/jetbrains/kotlin/resolve/calls/inference/components/ConstraintSystemCompletionContext
instanceKlass org/jetbrains/kotlin/resolve/calls/inference/components/VariableFixationFinder$Context
instanceKlass org/jetbrains/kotlin/resolve/calls/inference/components/ResultTypeResolver$Context
instanceKlass org/jetbrains/kotlin/resolve/calls/inference/components/ConstraintInjector$Context
instanceKlass org/jetbrains/kotlin/resolve/calls/inference/NewConstraintSystem
instanceKlass org/jetbrains/kotlin/resolve/calls/inference/ConstraintSystemBuilder
instanceKlass org/jetbrains/kotlin/resolve/calls/inference/ConstraintSystemOperation
instanceKlass org/jetbrains/kotlin/resolve/calls/components/PostponedArgumentsAnalyzerContext
instanceKlass org/jetbrains/kotlin/fir/resolve/calls/candidate/CandidateFactory$Companion
instanceKlass org/jetbrains/kotlin/fir/resolve/calls/candidate/CandidateFactory
instanceKlass org/jetbrains/kotlin/fir/resolve/calls/AbstractCallInfo
instanceKlass org/jetbrains/kotlin/fir/resolve/calls/stages/ResolutionStage
instanceKlass org/jetbrains/kotlin/fir/resolve/calls/candidate/CallKind
instanceKlass org/jetbrains/kotlin/fir/resolve/calls/FirCallResolver$ResolutionResult
instanceKlass org/jetbrains/kotlin/fir/resolve/BodyResolveComponentsKt
instanceKlass org/jetbrains/kotlin/fir/resolve/transformers/InvocationKindTransformerKt
instanceKlass org/jetbrains/kotlin/fir/resolve/dfa/cfg/ControlFlowGraphKt
instanceKlass org/jetbrains/kotlin/util/EmptyArrayMap$iterator$1
instanceKlass org/jetbrains/kotlin/types/TypeApproximatorConfiguration
instanceKlass org/jetbrains/kotlin/fir/resolve/transformers/body/resolve/DeclarationApproximationUtilsKt
instanceKlass org/jetbrains/kotlin/fir/resolve/dfa/cfg/PostponedPath
instanceKlass org/jetbrains/kotlin/fir/resolve/dfa/cfg/CFGNodeKt
instanceKlass org/jetbrains/kotlin/fir/resolve/dfa/cfg/Edge$Companion
instanceKlass org/jetbrains/kotlin/fir/resolve/dfa/cfg/Edge
instanceKlass org/jetbrains/kotlin/fir/resolve/dfa/cfg/NormalPath
instanceKlass org/jetbrains/kotlin/fir/resolve/dfa/cfg/EdgeLabel
instanceKlass org/jetbrains/kotlin/fir/resolve/dfa/cfg/EdgeKind$Companion
instanceKlass org/jetbrains/kotlin/fir/resolve/transformers/body/resolve/BodyResolveUtilsKt
instanceKlass org/jetbrains/kotlin/fir/resolve/ResolutionModeKt
instanceKlass org/jetbrains/kotlin/fir/resolve/dfa/Identifier
instanceKlass org/jetbrains/kotlin/kotlinx/collections/immutable/internal/MutabilityOwnership
instanceKlass org/jetbrains/kotlin/kotlinx/collections/immutable/PersistentMap$Builder
instanceKlass org/jetbrains/kotlin/fir/resolve/dfa/FlowKt
instanceKlass org/jetbrains/kotlin/fir/resolve/dfa/Flow
instanceKlass org/jetbrains/kotlin/fir/resolve/dfa/FlowPath
instanceKlass org/jetbrains/kotlin/fir/resolve/dfa/cfg/GraphExitNodeMarker
instanceKlass org/jetbrains/kotlin/fir/resolve/dfa/cfg/CFGNode$Companion
instanceKlass org/jetbrains/kotlin/fir/resolve/dfa/cfg/ControlFlowGraphNodeBuilderKt
instanceKlass org/jetbrains/kotlin/fir/resolve/transformers/body/resolve/ImplicitBodyResolveComputationStatus
instanceKlass org/jetbrains/kotlin/utils/DFS$VisitedWithSet
instanceKlass org/jetbrains/kotlin/utils/DFS$Visited
instanceKlass org/jetbrains/kotlin/utils/DFS
instanceKlass org/jetbrains/kotlin/utils/DFS$AbstractNodeHandler
instanceKlass org/jetbrains/kotlin/utils/DFS$NodeHandler
instanceKlass org/jetbrains/kotlin/utils/DFS$Neighbors
instanceKlass org/jetbrains/kotlin/fir/util/PersistentMultimap
instanceKlass org/jetbrains/kotlin/kotlinx/collections/immutable/implementations/persistentOrderedSet/Links
instanceKlass org/jetbrains/kotlin/kotlinx/collections/immutable/implementations/persistentOrderedSet/PersistentOrderedSet$Companion
instanceKlass org/jetbrains/kotlin/kotlinx/collections/immutable/implementations/persistentOrderedMap/LinkedValue
instanceKlass org/jetbrains/kotlin/fir/declarations/TowerElementsForClass
instanceKlass org/jetbrains/kotlin/fir/resolve/calls/FirReceiversKt
instanceKlass org/jetbrains/kotlin/fir/resolve/calls/ReceiverValue
instanceKlass org/jetbrains/kotlin/fir/resolve/ResolutionMode$Companion
instanceKlass org/jetbrains/kotlin/fir/resolve/ResolutionMode
instanceKlass org/jetbrains/kotlin/load/java/structure/JavaTypesKt
instanceKlass org/jetbrains/kotlin/fir/declarations/FirDeclarationOriginKt
instanceKlass org/jetbrains/kotlin/fir/scopes/impl/FirClassSubstitutionScope$SubstitutedData
instanceKlass org/jetbrains/kotlin/fir/scopes/impl/FirFakeOverrideGenerator
instanceKlass org/jetbrains/kotlin/util/OneElementArrayMap$iterator$1
instanceKlass org/jetbrains/kotlin/fir/types/CompilerConeAttributesKt
instanceKlass org/jetbrains/kotlin/types/model/CapturedTypeMarker
instanceKlass org/jetbrains/kotlin/types/model/StubTypeMarker
instanceKlass org/jetbrains/kotlin/types/AbstractStrictEqualityTypeChecker
instanceKlass org/jetbrains/kotlin/fir/java/enhancement/JavaTypeUtilsKt$WhenMappings
instanceKlass org/jetbrains/kotlin/fir/scopes/impl/FirSubstitutionOverrideStorage$SubstitutionOverrideCache
instanceKlass org/jetbrains/kotlin/fir/scopes/impl/FirClassSubstitutionScopeKt
instanceKlass org/jetbrains/kotlin/fir/types/ConeTypeVariableTypeConstructor
instanceKlass org/jetbrains/kotlin/types/model/TypeVariableTypeConstructorMarker
instanceKlass org/jetbrains/kotlin/fir/types/ConeCapturedTypeConstructor
instanceKlass org/jetbrains/kotlin/types/model/CapturedTypeConstructorMarker
instanceKlass org/jetbrains/kotlin/fir/scopes/impl/FirEnumEntriesSupportKt
instanceKlass org/jetbrains/kotlin/types/AbstractTypeRefiner
instanceKlass org/jetbrains/kotlin/types/AbstractTypePreparator
instanceKlass org/jetbrains/kotlin/types/AbstractTypeChecker
instanceKlass org/jetbrains/kotlin/fir/resolve/transformers/PhaseUtilsKt
instanceKlass org/jetbrains/kotlin/fir/resolve/transformers/DesignationState$Companion
instanceKlass org/jetbrains/kotlin/fir/resolve/transformers/DesignationState
instanceKlass org/jetbrains/kotlin/fir/declarations/CheckResult
instanceKlass org/jetbrains/kotlin/fir/declarations/Checks$Returns
instanceKlass org/jetbrains/kotlin/fir/declarations/Checks$ValueParametersCount
instanceKlass org/jetbrains/kotlin/fir/declarations/Checks
instanceKlass org/jetbrains/kotlin/fir/declarations/Check
instanceKlass org/jetbrains/kotlin/fir/declarations/OperatorFunctionChecks
instanceKlass org/jetbrains/kotlin/fir/java/enhancement/FirSignatureEnhancement$TypeInSignature
instanceKlass org/jetbrains/kotlin/fir/scopes/FirTypeScopeKt$getDirectOverriddenFunctions$$inlined$processDirectlyOverriddenFunctions$1
instanceKlass org/jetbrains/kotlin/fir/scopes/FirTypeScopeKt
instanceKlass org/jetbrains/kotlin/load/java/typeEnhancement/PredefinedFunctionEnhancementInfo
instanceKlass org/jetbrains/kotlin/load/java/typeEnhancement/SignatureEnhancementBuilder$ClassEnhancementBuilder$FunctionEnhancementBuilder
instanceKlass org/jetbrains/kotlin/load/java/typeEnhancement/SignatureEnhancementBuilder$ClassEnhancementBuilder
instanceKlass org/jetbrains/kotlin/load/java/typeEnhancement/SignatureEnhancementBuilder
instanceKlass org/jetbrains/kotlin/load/java/typeEnhancement/PredefinedEnhancementInfoKt
instanceKlass org/jetbrains/kotlin/load/kotlin/SignatureBuildingComponentsKt
instanceKlass org/jetbrains/kotlin/fir/scopes/jvm/SignatureUtilsKt
instanceKlass org/jetbrains/kotlin/fir/symbols/impl/FirIntersectionCallableSymbol
instanceKlass org/jetbrains/kotlin/fir/java/scopes/JavaClassUseSiteMemberScope$collectFunctions$$inlined$collectMembersGroupedByScope$1
instanceKlass org/jetbrains/kotlin/load/java/BuiltinSpecialPropertiesKt
instanceKlass org/jetbrains/kotlin/load/java/BuiltinSpecialProperties
instanceKlass org/jetbrains/kotlin/load/java/PropertiesConventionUtilKt
instanceKlass org/jetbrains/kotlin/resolve/DataClassResolver
instanceKlass org/jetbrains/kotlin/fir/scopes/ProcessorAction$WhenMappings
instanceKlass org/jetbrains/kotlin/fir/scopes/impl/AbstractFirOverrideScopeKt
instanceKlass org/jetbrains/kotlin/descriptors/Visibilities
instanceKlass org/jetbrains/kotlin/fir/scopes/impl/FirAbstractOverrideCheckerKt
instanceKlass org/jetbrains/kotlin/fir/scopes/MemberWithBaseScope
instanceKlass org/jetbrains/kotlin/fir/scopes/impl/FirTypeIntersectionScopeContext$ResultOfIntersection
instanceKlass org/jetbrains/kotlin/fir/scopes/impl/FirSynthesizedStorage$SynthesizedCache
instanceKlass org/jetbrains/kotlin/fir/scopes/impl/FirClassAnySynthesizedMemberScopeKt
instanceKlass org/jetbrains/kotlin/fir/scopes/impl/FirClassAnySynthesizedMemberScope$Companion
instanceKlass org/jetbrains/kotlin/fir/resolve/transformers/FirStatusResolverKt
instanceKlass org/jetbrains/kotlin/fir/scopes/impl/FirTypeIntersectionScopeContext$collectMembersGroupedByScope$1$1
instanceKlass org/jetbrains/kotlin/fir/scopes/impl/FirGeneratedClassDeclaredMemberScope$Companion
instanceKlass org/jetbrains/kotlin/fir/types/AbbreviatedTypeAttributeKt
instanceKlass org/jetbrains/kotlin/fir/resolve/TypeExpansionUtilsKt$createParametersSubstitutor$1$WhenMappings
instanceKlass org/jetbrains/kotlin/fir/types/ConeTypesKt
instanceKlass org/jetbrains/kotlin/fir/declarations/builder/FirTypeAliasBuilder
instanceKlass org/jetbrains/kotlin/com/intellij/psi/SyntheticElement
instanceKlass org/jetbrains/kotlin/com/intellij/psi/util/JavaPsiRecordUtil
instanceKlass org/jetbrains/kotlin/com/intellij/psi/PsiClassLevelDeclarationStatement
instanceKlass org/jetbrains/kotlin/com/intellij/psi/search/PsiElementProcessor$CollectElements
instanceKlass org/jetbrains/kotlin/com/intellij/psi/search/PsiElementProcessor$FindElement
instanceKlass org/jetbrains/kotlin/com/intellij/psi/search/PsiElementProcessor
instanceKlass org/jetbrains/kotlin/com/intellij/psi/util/PsiTreeUtil
instanceKlass org/jetbrains/kotlin/com/intellij/psi/impl/source/tree/JavaSharedImplUtil$FilteringTypeAnnotationProvider
instanceKlass org/jetbrains/kotlin/com/intellij/util/PairFunction
instanceKlass org/jetbrains/kotlin/com/intellij/psi/impl/source/PsiTypeElementImpl$1
instanceKlass org/jetbrains/kotlin/com/intellij/util/containers/SingletonIteratorBase
instanceKlass org/jetbrains/kotlin/com/intellij/util/containers/TreeTraversal$P$1
instanceKlass org/jetbrains/kotlin/com/intellij/util/containers/TreeTraversal$P
instanceKlass org/jetbrains/kotlin/com/intellij/util/Functions$2
instanceKlass org/jetbrains/kotlin/com/intellij/util/Functions$1
instanceKlass org/jetbrains/kotlin/com/intellij/util/Functions
instanceKlass org/jetbrains/kotlin/com/intellij/util/containers/FilteredTraverserBase$Cond
instanceKlass org/jetbrains/kotlin/com/intellij/util/NotNullizer
instanceKlass org/jetbrains/kotlin/com/intellij/util/containers/TreeTraversal$TraversalInterceptor
instanceKlass org/jetbrains/kotlin/com/intellij/util/containers/TreeTraversal$GuidedIt$Guide
instanceKlass org/jetbrains/kotlin/com/intellij/util/containers/FilteredTraverserBase$Meta
instanceKlass org/jetbrains/kotlin/com/intellij/util/containers/JBIterator$2
instanceKlass org/jetbrains/kotlin/com/intellij/util/Function$Mono
instanceKlass org/jetbrains/kotlin/com/intellij/util/containers/JBIterator$Op
instanceKlass org/jetbrains/kotlin/com/intellij/util/containers/JBIterator
instanceKlass org/jetbrains/kotlin/com/intellij/util/containers/JBIterable$Stateful
instanceKlass org/jetbrains/kotlin/com/intellij/util/containers/JBIterable
instanceKlass org/jetbrains/kotlin/com/intellij/psi/SyntaxTraverser$ApiEx$1
instanceKlass org/jetbrains/kotlin/com/intellij/psi/SyntaxTraverser$Api$3
instanceKlass org/jetbrains/kotlin/com/intellij/psi/SyntaxTraverser$Api$2
instanceKlass org/jetbrains/kotlin/com/intellij/psi/SyntaxTraverser$Api$1
instanceKlass org/jetbrains/kotlin/com/intellij/psi/SyntaxTraverser$Api
instanceKlass org/jetbrains/kotlin/com/intellij/util/containers/TreeTraversal
instanceKlass org/jetbrains/kotlin/com/intellij/util/containers/FilteredTraverserBase
instanceKlass org/jetbrains/kotlin/com/intellij/psi/impl/source/tree/JavaSharedImplUtil
instanceKlass org/jetbrains/kotlin/com/intellij/psi/impl/source/resolve/JavaResolveCache$ConstValueComputer
instanceKlass org/jetbrains/kotlin/asJava/KtLightClassMarker
instanceKlass org/jetbrains/kotlin/load/java/structure/impl/source/JavaElementTypeSource
instanceKlass org/jetbrains/kotlin/load/java/structure/impl/JavaClassifierTypeImpl$ResolutionResult
instanceKlass org/jetbrains/kotlin/load/java/structure/impl/JavaClassifierTypeImpl$Companion
instanceKlass org/jetbrains/kotlin/com/intellij/psi/PsiTypeVisitor
instanceKlass org/jetbrains/kotlin/load/java/structure/impl/JavaTypeImpl
instanceKlass org/jetbrains/kotlin/com/intellij/psi/PsiClassType$ClassResolveResult$1
instanceKlass org/jetbrains/kotlin/com/intellij/psi/impl/source/PsiImmediateClassType$1
instanceKlass org/jetbrains/kotlin/com/intellij/psi/EmptySubstitutor$Holder
instanceKlass org/jetbrains/kotlin/com/intellij/psi/EmptySubstitutor
instanceKlass org/jetbrains/kotlin/com/intellij/psi/javadoc/PsiDocComment
instanceKlass org/jetbrains/kotlin/com/intellij/psi/PsiDocCommentBase
instanceKlass org/jetbrains/kotlin/com/intellij/psi/stubs/StubSpine
instanceKlass org/jetbrains/kotlin/com/intellij/psi/stubs/MaterialStubList$1
instanceKlass org/jetbrains/kotlin/com/intellij/psi/impl/compiled/SignatureParsing
instanceKlass org/jetbrains/kotlin/com/intellij/psi/impl/compiled/SignatureParsing$CharIterator
instanceKlass java/util/AbstractList$SubList$1
instanceKlass org/jetbrains/kotlin/com/intellij/psi/stubs/Hash
instanceKlass org/jetbrains/kotlin/com/intellij/psi/stubs/StrippedIntOpenHashMap
instanceKlass org/jetbrains/kotlin/com/intellij/psi/stubs/StubList$2
instanceKlass org/jetbrains/kotlin/com/intellij/util/containers/ConcurrentIntObjectHashMap$CollectionView
instanceKlass org/jetbrains/kotlin/com/intellij/util/containers/ConcurrentIntObjectHashMap$CounterCell
instanceKlass org/jetbrains/kotlin/com/intellij/util/containers/ConcurrentIntObjectHashMap$Node
instanceKlass org/jetbrains/kotlin/com/intellij/util/containers/IntObjectMap$Entry
instanceKlass org/jetbrains/kotlin/com/intellij/util/containers/ConcurrentIntObjectHashMap
instanceKlass org/jetbrains/kotlin/com/intellij/util/Consumer
instanceKlass org/jetbrains/kotlin/com/intellij/psi/impl/compiled/StubBuildingVisitor$MethodInfo
instanceKlass org/jetbrains/kotlin/com/intellij/psi/impl/compiled/SignatureParsing$TypeParametersDeclaration
instanceKlass org/jetbrains/kotlin/com/intellij/psi/impl/compiled/StubBuildingVisitor$ClassInfo
instanceKlass java/util/stream/ForEachOps$ForEachOp
instanceKlass java/util/stream/TerminalSink
instanceKlass java/util/stream/ForEachOps
instanceKlass java/util/AbstractMap$SimpleImmutableEntry
instanceKlass org/jetbrains/kotlin/one/util/streamex/StreamContext
instanceKlass java/util/stream/DoubleStream
instanceKlass java/util/stream/LongStream
instanceKlass java/util/stream/IntStream
instanceKlass org/jetbrains/kotlin/one/util/streamex/Internals$CloneableSpliterator
instanceKlass org/jetbrains/kotlin/one/util/streamex/BaseStreamEx
instanceKlass org/jetbrains/kotlin/it/unimi/dsi/fastutil/objects/Object2IntMap$FastEntrySet
instanceKlass org/jetbrains/kotlin/it/unimi/dsi/fastutil/objects/AbstractObject2IntFunction
instanceKlass org/jetbrains/kotlin/it/unimi/dsi/fastutil/objects/Object2IntMap
instanceKlass org/jetbrains/kotlin/it/unimi/dsi/fastutil/objects/Object2IntFunction
instanceKlass java/util/function/ToIntFunction
instanceKlass org/jetbrains/kotlin/com/intellij/psi/impl/compiled/FirstPassData$ClassEntry
instanceKlass org/jetbrains/kotlin/com/intellij/psi/impl/compiled/FirstPassData
instanceKlass org/jetbrains/org/objectweb/asm/RecordComponentVisitor
instanceKlass org/jetbrains/kotlin/com/intellij/psi/impl/compiled/SignatureParsing$TypeInfoProvider
instanceKlass org/jetbrains/kotlin/com/intellij/psi/PsiEnumConstant
instanceKlass org/jetbrains/kotlin/com/intellij/psi/PsiConstructorCall
instanceKlass org/jetbrains/kotlin/com/intellij/psi/PsiCall
instanceKlass org/jetbrains/kotlin/com/intellij/lang/jvm/JvmEnumField
instanceKlass org/jetbrains/kotlin/com/intellij/psi/impl/compiled/ClsModifierListOwner
instanceKlass org/jetbrains/kotlin/com/intellij/psi/impl/PsiVariableEx
instanceKlass org/jetbrains/kotlin/com/intellij/util/containers/UnsignedShortArrayList
instanceKlass org/jetbrains/kotlin/com/intellij/psi/stubs/MostlyUShortIntList
instanceKlass org/jetbrains/kotlin/com/intellij/psi/stubs/StubList$TempState
instanceKlass org/jetbrains/kotlin/com/intellij/psi/impl/java/stubs/StubPsiFactory
instanceKlass org/jetbrains/kotlin/com/intellij/psi/PsiArrayInitializerMemberValue
instanceKlass org/jetbrains/kotlin/com/intellij/psi/impl/compiled/ClsParsingUtil
instanceKlass org/jetbrains/kotlin/com/intellij/psi/stubs/StubBuilderType
instanceKlass org/jetbrains/kotlin/com/intellij/psi/stubs/StubTreeBuilder
instanceKlass org/jetbrains/kotlin/com/intellij/openapi/util/NotNullComputable
instanceKlass org/jetbrains/kotlin/com/intellij/util/indexing/PsiDependentFileContent
instanceKlass org/jetbrains/kotlin/com/intellij/util/indexing/FileContent
instanceKlass org/jetbrains/kotlin/com/intellij/util/indexing/IndexedFile
instanceKlass org/jetbrains/kotlin/com/intellij/psi/impl/compiled/ClsFileImpl$1
instanceKlass org/jetbrains/kotlin/com/intellij/psi/impl/compiled/InnerClassSourceStrategy
instanceKlass org/jetbrains/kotlin/com/intellij/psi/PsiCompiledFile
instanceKlass org/jetbrains/kotlin/com/intellij/psi/PsiClassOwnerEx
instanceKlass org/jetbrains/kotlin/com/intellij/openapi/extensions/impl/ExtensionPointImpl$1
instanceKlass org/jetbrains/kotlin/com/intellij/psi/impl/source/tree/RecursiveTreeElementWalkingVisitor$ASTTreeGuide
instanceKlass org/jetbrains/kotlin/com/intellij/util/WalkingState
instanceKlass org/jetbrains/kotlin/com/intellij/util/WalkingState$TreeGuide
instanceKlass org/jetbrains/kotlin/com/intellij/psi/impl/source/tree/JavaSourceUtil
instanceKlass org/jetbrains/kotlin/com/intellij/psi/impl/source/tree/ChildRole
instanceKlass org/jetbrains/kotlin/com/intellij/psi/impl/source/ClassReferencePointer$1
instanceKlass org/jetbrains/kotlin/com/intellij/psi/PsiClassType$ClassResolveResult
instanceKlass org/jetbrains/kotlin/com/intellij/lang/jvm/types/JvmTypeResolveResult
instanceKlass org/jetbrains/kotlin/com/intellij/psi/PsiAnonymousClass
instanceKlass org/jetbrains/kotlin/com/intellij/psi/impl/PsiClassImplUtil$ClassIconRequest
instanceKlass org/jetbrains/kotlin/com/intellij/psi/impl/PsiClassImplUtil
instanceKlass org/jetbrains/kotlin/com/intellij/util/containers/EmptyIterator
instanceKlass org/jetbrains/kotlin/com/intellij/util/containers/ContainerUtilRt
instanceKlass org/jetbrains/kotlin/com/intellij/util/CachedValueLeakChecker
instanceKlass org/jetbrains/kotlin/com/intellij/psi/util/CachedValuesManager$1
instanceKlass java/util/ComparableTimSort
instanceKlass org/jetbrains/kotlin/com/intellij/psi/impl/source/PsiModifierListImpl$ModifierCache
instanceKlass org/jetbrains/kotlin/com/intellij/psi/PsiCompiledElement
instanceKlass org/jetbrains/kotlin/load/java/structure/impl/JavaPsiUtilsKt
instanceKlass org/jetbrains/kotlin/com/intellij/psi/util/CachedValueProfiler$Overhead
instanceKlass org/jetbrains/kotlin/com/intellij/psi/util/CachedValueProfiler$ThreadContext
instanceKlass org/jetbrains/kotlin/com/intellij/psi/util/CachedValueProfiler$GlobalContext
instanceKlass org/jetbrains/kotlin/com/intellij/psi/util/CachedValueProfiler$EventPlace
instanceKlass org/jetbrains/kotlin/com/intellij/psi/util/CachedValueProfiler
instanceKlass org/jetbrains/kotlin/com/intellij/openapi/util/RecursionManager$StackFrame
instanceKlass org/jetbrains/kotlin/com/intellij/openapi/util/RecursionManager$MyKey
instanceKlass org/jetbrains/kotlin/com/intellij/util/CachedValueBase$Data
instanceKlass org/jetbrains/kotlin/com/intellij/codeInsight/AnnotationCacheOwnerNormalizer
instanceKlass org/jetbrains/kotlin/com/intellij/psi/util/CachedValueProvider$Result
instanceKlass org/jetbrains/kotlin/com/intellij/psi/util/ParameterizedCachedValueProvider
instanceKlass org/jetbrains/kotlin/com/intellij/codeInsight/AnnotationUtil
instanceKlass org/jetbrains/kotlin/com/intellij/psi/stub/JavaStubImplUtil
instanceKlass org/jetbrains/kotlin/KtPsiSourceElement$Companion
instanceKlass org/jetbrains/kotlin/com/intellij/psi/impl/PsiImplUtil
instanceKlass org/jetbrains/kotlin/load/java/structure/impl/JavaElementCollectionFromPsiArrayUtil
instanceKlass org/jetbrains/kotlin/load/java/structure/impl/JavaElementUtil
instanceKlass org/jetbrains/kotlin/com/intellij/openapi/project/ProjectCoreUtil
instanceKlass org/jetbrains/kotlin/load/java/structure/impl/JavaClassImpl$Companion
instanceKlass org/jetbrains/kotlin/load/java/structure/impl/JavaModifierListOwnerImpl
instanceKlass org/jetbrains/kotlin/load/java/structure/impl/JavaAnnotationOwnerImpl
instanceKlass org/jetbrains/kotlin/com/intellij/psi/impl/source/SourceTreeToPsiMap
instanceKlass org/jetbrains/kotlin/com/intellij/psi/impl/source/ClassInnerStuffCache
instanceKlass org/jetbrains/kotlin/com/intellij/psi/impl/source/PsiExtensibleClass
instanceKlass org/jetbrains/kotlin/com/intellij/concurrency/ThreadContext
instanceKlass org/jetbrains/kotlin/com/intellij/openapi/progress/WrappedProgressIndicator
instanceKlass org/jetbrains/kotlin/com/intellij/openapi/progress/impl/NonCancelableIndicator
instanceKlass org/jetbrains/kotlin/com/intellij/openapi/progress/StandardProgressIndicator
instanceKlass org/jetbrains/kotlin/com/intellij/openapi/progress/Cancellation
instanceKlass org/jetbrains/kotlin/com/intellij/openapi/util/ThrowableComputable
instanceKlass org/jetbrains/kotlin/com/intellij/psi/PsiCodeBlock
instanceKlass org/jetbrains/kotlin/com/intellij/psi/PsiModifiableCodeBlock
instanceKlass org/jetbrains/kotlin/com/intellij/lang/jvm/types/JvmArrayType
instanceKlass org/jetbrains/kotlin/com/intellij/psi/impl/source/ClassReferencePointer
instanceKlass org/jetbrains/kotlin/com/intellij/psi/PsiReferenceParameterList
instanceKlass org/jetbrains/kotlin/com/intellij/patterns/ElementPattern
instanceKlass org/jetbrains/kotlin/com/intellij/psi/impl/source/resolve/ResolveCache$PolyVariantContextResolver
instanceKlass org/jetbrains/kotlin/com/intellij/psi/filters/ElementFilter
instanceKlass org/jetbrains/kotlin/com/intellij/psi/impl/source/SourceJavaCodeReference
instanceKlass org/jetbrains/kotlin/com/intellij/psi/PsiAnnotatedJavaCodeReferenceElement
instanceKlass org/jetbrains/kotlin/com/intellij/psi/PsiPackageStatement
instanceKlass org/jetbrains/kotlin/com/intellij/psi/tree/ILeafElementType
instanceKlass org/jetbrains/kotlin/com/intellij/psi/tree/ICustomParsingType
instanceKlass org/jetbrains/kotlin/com/intellij/psi/impl/source/BasicJavaAstTreeUtil
instanceKlass org/jetbrains/kotlin/com/intellij/util/BitUtil
instanceKlass org/jetbrains/kotlin/com/intellij/lang/java/parser/DeclarationParser$1
instanceKlass org/jetbrains/kotlin/com/intellij/lang/PsiBuilderUtil
instanceKlass org/jetbrains/kotlin/com/intellij/lang/java/parser/BasicReferenceParser$TypeInfo
instanceKlass org/jetbrains/kotlin/com/intellij/lang/java/parser/BasicPrattExpressionParser$ParserData
instanceKlass org/jetbrains/kotlin/com/intellij/lang/java/parser/BasicPrattExpressionParser$ConditionalExprParser
instanceKlass org/jetbrains/kotlin/com/intellij/lang/java/parser/BasicPrattExpressionParser$InstanceofParser
instanceKlass org/jetbrains/kotlin/com/intellij/lang/java/parser/BasicPrattExpressionParser$PolyExprParser
instanceKlass org/jetbrains/kotlin/com/intellij/lang/java/parser/BasicPrattExpressionParser$AssignmentParser
instanceKlass org/jetbrains/kotlin/com/intellij/lang/java/parser/BasicPrattExpressionParser$InfixParser
instanceKlass org/jetbrains/kotlin/com/intellij/lang/java/parser/BasicOldExpressionParser
instanceKlass org/jetbrains/kotlin/com/intellij/lang/java/parser/BasicPrattExpressionParser
instanceKlass org/jetbrains/kotlin/com/intellij/psi/impl/source/AbstractBasicJavaElementTypeFactory$JavaElementTypeContainer
instanceKlass org/jetbrains/kotlin/com/intellij/psi/impl/source/tree/JavaElementTypeFactory$SingletonHelper
instanceKlass org/jetbrains/kotlin/com/intellij/lang/java/parser/BasicFileParser
instanceKlass org/jetbrains/kotlin/com/intellij/lang/java/parser/BasicReferenceParser
instanceKlass org/jetbrains/kotlin/com/intellij/lang/java/parser/BasicModuleParser
instanceKlass org/jetbrains/kotlin/com/intellij/lang/java/parser/BasicStatementParser
instanceKlass org/jetbrains/kotlin/com/intellij/lang/java/parser/BasicExpressionParser
instanceKlass org/jetbrains/kotlin/com/intellij/lang/java/parser/BasicDeclarationParser
instanceKlass org/jetbrains/kotlin/com/intellij/lang/java/parser/BasicPatternParser
instanceKlass org/jetbrains/kotlin/com/intellij/psi/impl/source/AbstractBasicJavaElementTypeFactory
instanceKlass org/jetbrains/kotlin/com/intellij/psi/impl/source/resolve/FileContextUtil
instanceKlass org/jetbrains/kotlin/com/intellij/psi/text/BlockSupport
instanceKlass org/jetbrains/kotlin/com/intellij/psi/impl/source/tree/SharedImplUtil
instanceKlass org/jetbrains/kotlin/com/intellij/util/text/ImmutableText$InnerLeaf
instanceKlass org/jetbrains/kotlin/com/intellij/util/text/ImmutableText$CompositeNode
instanceKlass org/jetbrains/kotlin/com/intellij/lang/java/parser/BasicJavaParserUtil
instanceKlass org/jetbrains/kotlin/com/intellij/psi/impl/source/WhiteSpaceAndCommentSetHolder$TrailingWhitespacesAndCommentsBinder
instanceKlass org/jetbrains/kotlin/com/intellij/psi/impl/source/WhiteSpaceAndCommentSetHolder$PrecedingWhitespacesAndCommentsBinder
instanceKlass org/jetbrains/kotlin/com/intellij/psi/impl/source/WhiteSpaceAndCommentSetHolder
instanceKlass java/util/stream/Sink$ChainedReference
instanceKlass java/util/stream/Nodes$ArrayNode
instanceKlass java/util/stream/Node$Builder
instanceKlass java/util/stream/Node$OfDouble
instanceKlass java/util/stream/Node$OfLong
instanceKlass java/util/stream/Node$OfInt
instanceKlass java/util/stream/Node$OfPrimitive
instanceKlass java/util/stream/Nodes$EmptyNode
instanceKlass java/util/stream/Node
instanceKlass java/util/stream/Nodes
instanceKlass java/util/Spliterators$ArraySpliterator
instanceKlass org/jetbrains/kotlin/com/intellij/psi/impl/source/BasicElementTypes
instanceKlass org/jetbrains/kotlin/com/intellij/psi/impl/DebugUtil
instanceKlass org/jetbrains/kotlin/com/intellij/util/ThrowableRunnable
instanceKlass org/jetbrains/kotlin/com/intellij/psi/impl/source/tree/TreeUtil
instanceKlass org/jetbrains/kotlin/com/intellij/psi/impl/source/BasicJavaElementType$FrontBackTypeTextElementType$1
instanceKlass org/jetbrains/kotlin/com/intellij/lang/java/parser/JavaParserUtil
instanceKlass org/jetbrains/kotlin/com/intellij/lang/jvm/types/JvmWildcardType
instanceKlass org/jetbrains/kotlin/com/intellij/psi/JavaResolveResult
instanceKlass org/jetbrains/kotlin/com/intellij/psi/impl/java/stubs/PsiImportStatementStub
instanceKlass org/jetbrains/kotlin/com/intellij/psi/impl/java/stubs/PsiClassReferenceListStub
instanceKlass org/jetbrains/kotlin/com/intellij/psi/PsiReferenceList
instanceKlass org/jetbrains/kotlin/com/intellij/psi/impl/java/stubs/PsiFieldStub
instanceKlass org/jetbrains/kotlin/com/intellij/psi/impl/java/stubs/PsiMethodStub
instanceKlass org/jetbrains/kotlin/com/intellij/psi/impl/cache/TypeInfo
instanceKlass org/jetbrains/kotlin/com/intellij/psi/impl/java/stubs/PsiClassStub
instanceKlass org/jetbrains/kotlin/com/intellij/psi/impl/java/stubs/PsiPackageAccessibilityStatementStub
instanceKlass org/jetbrains/kotlin/com/intellij/psi/PsiPackageAccessibilityStatement
instanceKlass org/jetbrains/kotlin/com/intellij/psi/PsiRecordHeader
instanceKlass org/jetbrains/kotlin/com/intellij/psi/impl/java/stubs/PsiRecordHeaderStub
instanceKlass org/jetbrains/kotlin/com/intellij/psi/impl/java/stubs/PsiRecordComponentStub
instanceKlass org/jetbrains/kotlin/com/intellij/psi/impl/java/stubs/PsiMemberStub
instanceKlass org/jetbrains/kotlin/com/intellij/psi/PsiRecordComponent
instanceKlass org/jetbrains/kotlin/com/intellij/psi/impl/java/stubs/PsiProvidesStatementStub
instanceKlass org/jetbrains/kotlin/com/intellij/psi/PsiProvidesStatement
instanceKlass org/jetbrains/kotlin/com/intellij/psi/impl/java/stubs/PsiUsesStatementStub
instanceKlass org/jetbrains/kotlin/com/intellij/psi/PsiUsesStatement
instanceKlass org/jetbrains/kotlin/com/intellij/psi/impl/java/stubs/PsiRequiresStatementStub
instanceKlass org/jetbrains/kotlin/com/intellij/psi/PsiRequiresStatement
instanceKlass org/jetbrains/kotlin/com/intellij/psi/PsiStatement
instanceKlass org/jetbrains/kotlin/com/intellij/psi/impl/java/stubs/PsiJavaModuleStub
instanceKlass org/jetbrains/kotlin/com/intellij/psi/PsiJavaModule
instanceKlass org/jetbrains/kotlin/com/intellij/psi/PsiImportList
instanceKlass org/jetbrains/kotlin/com/intellij/psi/impl/java/stubs/PsiImportListStub
instanceKlass org/jetbrains/kotlin/com/intellij/psi/PsiClassInitializer
instanceKlass org/jetbrains/kotlin/com/intellij/psi/impl/java/stubs/PsiClassInitializerStub
instanceKlass org/jetbrains/kotlin/com/intellij/psi/PsiTypeParameterList
instanceKlass org/jetbrains/kotlin/com/intellij/psi/impl/java/stubs/PsiTypeParameterListStub
instanceKlass org/jetbrains/kotlin/com/intellij/psi/impl/java/stubs/PsiTypeParameterStub
instanceKlass org/jetbrains/kotlin/com/intellij/psi/PsiTypeParameter
instanceKlass org/jetbrains/kotlin/com/intellij/lang/jvm/JvmTypeParameter
instanceKlass org/jetbrains/kotlin/com/intellij/psi/impl/java/stubs/PsiParameterStub
instanceKlass org/jetbrains/kotlin/com/intellij/psi/PsiParameterList
instanceKlass org/jetbrains/kotlin/com/intellij/psi/impl/java/stubs/PsiParameterListStub
instanceKlass org/jetbrains/kotlin/com/intellij/psi/PsiMethodReferenceExpression
instanceKlass org/jetbrains/kotlin/com/intellij/psi/PsiLambdaExpression
instanceKlass org/jetbrains/kotlin/com/intellij/psi/PsiFunctionalExpression
instanceKlass org/jetbrains/kotlin/com/intellij/psi/PsiLiteralExpression
instanceKlass org/jetbrains/kotlin/com/intellij/psi/PsiLiteral
instanceKlass org/jetbrains/kotlin/com/intellij/psi/impl/java/stubs/PsiNameValuePairStub
instanceKlass org/jetbrains/kotlin/com/intellij/psi/PsiNameValuePair
instanceKlass org/jetbrains/kotlin/com/intellij/lang/jvm/annotation/JvmAnnotationAttribute
instanceKlass org/jetbrains/kotlin/com/intellij/psi/PsiAnnotationParameterList
instanceKlass org/jetbrains/kotlin/com/intellij/psi/impl/java/stubs/PsiAnnotationParameterListStub
instanceKlass org/jetbrains/kotlin/com/intellij/psi/impl/java/stubs/PsiAnnotationStub
instanceKlass org/jetbrains/kotlin/com/intellij/psi/impl/source/BasicJavaElementType
instanceKlass org/jetbrains/kotlin/com/intellij/psi/impl/java/stubs/PsiModifierListStub
instanceKlass org/jetbrains/kotlin/com/intellij/psi/impl/java/stubs/JavaStubElementTypes
instanceKlass org/jetbrains/kotlin/com/intellij/psi/impl/source/Constants
instanceKlass org/jetbrains/kotlin/com/intellij/lang/LighterAST
instanceKlass org/jetbrains/kotlin/com/intellij/injected/editor/DocumentWindow
instanceKlass org/jetbrains/kotlin/com/intellij/openapi/editor/impl/FrozenDocument
instanceKlass org/jetbrains/kotlin/com/intellij/util/text/ByteArrayCharSequence
instanceKlass org/jetbrains/kotlin/com/intellij/openapi/editor/impl/DocumentImpl$1
instanceKlass java/beans/PropertyChangeListener
instanceKlass java/beans/ChangeListenerMap
instanceKlass java/beans/PropertyChangeSupport
instanceKlass org/jetbrains/kotlin/it/unimi/dsi/fastutil/longs/LongSet
instanceKlass org/jetbrains/kotlin/it/unimi/dsi/fastutil/longs/LongCollection
instanceKlass org/jetbrains/kotlin/it/unimi/dsi/fastutil/longs/LongIterable
instanceKlass org/jetbrains/kotlin/com/intellij/openapi/editor/impl/RedBlackTree$Node
instanceKlass org/jetbrains/kotlin/com/intellij/openapi/editor/ex/PrioritizedDocumentListener$1
instanceKlass org/jetbrains/kotlin/com/intellij/openapi/editor/ex/PrioritizedDocumentListener
instanceKlass org/jetbrains/kotlin/com/intellij/openapi/editor/ex/DocumentEx$1
instanceKlass org/jetbrains/kotlin/com/intellij/util/keyFMap/ArrayBackedFMap
instanceKlass org/jetbrains/kotlin/com/intellij/openapi/fileEditor/impl/LoadTextUtil$ConvertResult
instanceKlass sun/nio/cs/ThreadLocalCoders$Cache
instanceKlass sun/nio/cs/ThreadLocalCoders
instanceKlass org/jetbrains/kotlin/com/intellij/openapi/fileEditor/impl/LoadTextUtil$DetectResult
instanceKlass org/jetbrains/kotlin/com/intellij/openapi/fileEditor/impl/LoadTextUtil
instanceKlass org/jetbrains/kotlin/com/intellij/openapi/application/AccessToken
instanceKlass org/jetbrains/kotlin/com/intellij/openapi/project/ProjectLocatorKt
instanceKlass org/jetbrains/kotlin/com/intellij/openapi/project/ProjectLocator$Companion
instanceKlass org/jetbrains/kotlin/com/intellij/openapi/project/ProjectLocator
instanceKlass org/jetbrains/kotlin/com/intellij/util/AstLoadingFilter
instanceKlass org/jetbrains/kotlin/com/intellij/util/indexing/IndexingDataKeys
instanceKlass org/jetbrains/kotlin/com/intellij/openapi/util/Getter
instanceKlass org/jetbrains/kotlin/com/intellij/util/CachedValueBase
instanceKlass org/jetbrains/kotlin/com/intellij/psi/impl/source/PsiJavaFileBaseImpl$MyCacheBuilder
instanceKlass org/jetbrains/kotlin/com/intellij/psi/impl/source/FileTrees
instanceKlass org/jetbrains/kotlin/com/intellij/psi/stubs/EmptyStubSerializer
instanceKlass org/jetbrains/kotlin/com/intellij/psi/scope/PsiScopeProcessor$Event
instanceKlass org/jetbrains/kotlin/com/intellij/psi/impl/source/StubbedSpine
instanceKlass org/jetbrains/kotlin/com/intellij/psi/PsiJavaFile
instanceKlass org/jetbrains/kotlin/com/intellij/psi/AbstractBasicJavaFile
instanceKlass org/jetbrains/kotlin/com/intellij/openapi/vfs/local/CoreLocalVirtualFile$IncompleteDirectoryAttributes
instanceKlass org/jetbrains/kotlin/com/intellij/psi/AbstractFileViewProvider$VirtualFileContent
instanceKlass org/jetbrains/kotlin/com/intellij/psi/PsiLock
instanceKlass org/jetbrains/kotlin/com/intellij/psi/PsiLargeBinaryFile
instanceKlass org/jetbrains/kotlin/com/intellij/psi/PsiLargeFile
instanceKlass org/jetbrains/kotlin/com/intellij/psi/PsiBinaryFile
instanceKlass org/jetbrains/kotlin/com/intellij/psi/AbstractFileViewProvider$Content
instanceKlass org/jetbrains/kotlin/com/intellij/injected/editor/VirtualFileWindow
instanceKlass org/jetbrains/kotlin/descriptors/ValueClassRepresentation
instanceKlass kotlin/jvm/internal/LongCompanionObject
instanceKlass org/jetbrains/kotlin/resolve/constants/ClassLiteralValue
instanceKlass kotlin/jvm/internal/BooleanCompanionObject
instanceKlass org/jetbrains/kotlin/fir/resolve/transformers/FirTypeResolveTransformer$WhenMappings
instanceKlass org/jetbrains/kotlin/load/java/structure/JavaClassObjectAnnotationArgument
instanceKlass kotlin/jvm/internal/StringCompanionObject
instanceKlass org/jetbrains/kotlin/fir/resolve/transformers/TransformUtilsKt
instanceKlass org/jetbrains/kotlin/fir/declarations/DeprecationsKt
instanceKlass kotlin/InitializedLazyImpl
instanceKlass org/jetbrains/kotlin/fir/declarations/SealedClassInheritorsKt$setSealedClassInheritors$$inlined$sortedBy$1
instanceKlass org/jetbrains/kotlin/fir/declarations/SealedClassInheritorsKt
instanceKlass kotlin/jvm/internal/IntCompanionObject
instanceKlass org/jetbrains/kotlin/fir/expressions/builder/FirClassReferenceExpressionBuilder
instanceKlass org/jetbrains/kotlin/fir/scopes/jvm/JvmMappedScope$FirMappedSymbolStorage$MappedSymbolsCache
instanceKlass org/jetbrains/kotlin/fir/scopes/jvm/JvmMappedScopeKt
instanceKlass org/jetbrains/kotlin/fir/scopes/jvm/JvmMappedScope$Companion
instanceKlass org/jetbrains/kotlin/fir/java/FirSyntheticPropertiesStorage$cacheByOwner$1$1
instanceKlass org/jetbrains/kotlin/fir/java/FirSyntheticPropertiesStorageKt
instanceKlass org/jetbrains/kotlin/fir/scopes/impl/FirIntersectionOverrideStorage$cacheByScope$1$1
instanceKlass org/jetbrains/kotlin/fir/scopes/impl/FirTypeIntersectionScopeContextKt
instanceKlass org/jetbrains/kotlin/fir/scopes/FirOverrideServiceKt
instanceKlass org/jetbrains/kotlin/fir/scopes/impl/FirTypeIntersectionScopeContext
instanceKlass org/jetbrains/kotlin/fir/scopes/PlatformSpecificOverridabilityRulesKt
instanceKlass org/jetbrains/kotlin/fir/scopes/FirIntersectionScopeOverrideChecker
instanceKlass org/jetbrains/kotlin/fir/java/JavaScopeProviderKt
instanceKlass org/jetbrains/kotlin/fir/resolve/scopes/JvmMappedScopesKt
instanceKlass org/jetbrains/kotlin/fir/scopes/FirKotlinScopeProviderKt
instanceKlass org/jetbrains/kotlin/fir/deserialization/AbstractAnnotationDeserializer$WhenMappings
instanceKlass org/jetbrains/kotlin/fir/scopes/FirScopeKt$processClassifiersByName$1
instanceKlass org/jetbrains/kotlin/fir/scopes/FirScopeKt
instanceKlass org/jetbrains/kotlin/fir/resolve/substitution/SubstitutorsKt
instanceKlass org/jetbrains/kotlin/fir/java/enhancement/EnhancedTypeForWarningAttributeKt
instanceKlass org/jetbrains/kotlin/fir/types/ErrorTypeConstructor
instanceKlass kotlin/jvm/internal/Ref$IntRef
instanceKlass org/jetbrains/kotlin/fir/java/enhancement/FirSignatureEnhancement$enhanceTypeParameterBoundsAfterFirstRound$$inlined$replaceEnhancedBounds$2
instanceKlass org/jetbrains/kotlin/fir/java/enhancement/FirSignatureEnhancement$enhanceTypeParameterBoundsAfterFirstRound$$inlined$replaceEnhancedBounds$1
instanceKlass org/jetbrains/kotlin/fir/scopes/impl/FirNestedClassifierScopeWithSubstitutionKt
instanceKlass org/jetbrains/kotlin/load/java/typeEnhancement/NullabilityQualifierWithMigrationStatus
instanceKlass org/jetbrains/kotlin/load/java/JavaDefaultQualifiers
instanceKlass org/jetbrains/kotlin/load/java/JvmAnnotationNamesKt
instanceKlass org/jetbrains/kotlin/load/java/JavaDefaultQualifiersKt
instanceKlass org/jetbrains/kotlin/fir/java/AnnotationData
instanceKlass java/util/ArrayList$SubList$1
instanceKlass javaslang/control/Option$None
instanceKlass org/jetbrains/kotlin/load/java/structure/JavaAnnotationAsAnnotationArgument
instanceKlass org/jetbrains/kotlin/fir/expressions/builder/FirEnumEntryDeserializedAccessExpressionBuilder
instanceKlass org/jetbrains/kotlin/load/java/structure/JavaEnumValueAnnotationArgument
instanceKlass org/jetbrains/kotlin/fir/deserialization/FirConstDeserializerKt
instanceKlass org/jetbrains/kotlin/fir/java/deserialization/FirJvmConstDeserializer$loadConstant$2
instanceKlass org/jetbrains/kotlin/fir/types/ConeBuiltinTypeUtilsKt
instanceKlass org/jetbrains/kotlin/name/StandardClassIds$Annotations$ParameterNames
instanceKlass org/jetbrains/kotlin/fir/expressions/builder/FirArrayLiteralBuilder
instanceKlass org/jetbrains/kotlin/fir/java/deserialization/AnnotationsLoader$AnnotationsLoaderVisitorImpl$visitArray$1
instanceKlass org/jetbrains/kotlin/metadata/jvm/deserialization/JvmMemberSignature
instanceKlass org/jetbrains/kotlin/metadata/jvm/deserialization/ClassMapperLite
instanceKlass org/jetbrains/kotlin/load/java/structure/JavaArrayAnnotationArgument
instanceKlass org/jetbrains/org/objectweb/asm/TypeReference
instanceKlass kotlin/jvm/internal/EnumCompanionObject
instanceKlass org/jetbrains/kotlin/fir/expressions/builder/FirExpressionStubBuilder
instanceKlass org/jetbrains/kotlin/fir/types/ConeTypeUtilsKt$WhenMappings
instanceKlass org/jetbrains/kotlin/fir/deserialization/FirTypeDeserializer$WhenMappings
instanceKlass org/jetbrains/kotlin/fir/java/declarations/FirJavaTypeParameterBuilder
instanceKlass org/jetbrains/kotlin/load/java/structure/impl/classFiles/PlainJavaAnnotationArgument
instanceKlass org/jetbrains/kotlin/load/java/structure/JavaLiteralAnnotationArgument
instanceKlass org/jetbrains/kotlin/load/java/structure/impl/classFiles/BinaryJavaTypeParameter
instanceKlass org/jetbrains/kotlin/load/java/structure/JavaTypeParameter
instanceKlass org/jetbrains/kotlin/fir/declarations/builder/FirFieldBuilder
instanceKlass org/jetbrains/kotlin/load/java/structure/impl/classFiles/BinaryJavaField
instanceKlass org/jetbrains/kotlin/load/java/structure/JavaField
instanceKlass org/jetbrains/kotlin/load/java/structure/impl/classFiles/BinaryJavaClass$WhenMappings
instanceKlass org/jetbrains/kotlin/load/java/typeEnhancement/TypeComponentPositionKt
instanceKlass org/jetbrains/kotlin/load/java/typeEnhancement/TypeEnhancementInfo
instanceKlass org/jetbrains/kotlin/load/java/typeEnhancement/TypeEnhancementUtilsKt
instanceKlass org/jetbrains/kotlin/load/java/typeEnhancement/JavaTypeQualifiers$Companion
instanceKlass org/jetbrains/kotlin/load/java/typeEnhancement/JavaTypeQualifiers
instanceKlass org/jetbrains/kotlin/load/java/typeEnhancement/AbstractSignatureParts$TypeAndDefaultQualifiers
instanceKlass org/jetbrains/kotlin/fir/types/ConeTypeProjectionKt
instanceKlass org/jetbrains/kotlin/fir/java/enhancement/JavaTypeUtilsKt
instanceKlass org/jetbrains/kotlin/load/java/structure/JavaWildcardType
instanceKlass org/jetbrains/kotlin/load/java/structure/JavaArrayType
instanceKlass org/jetbrains/kotlin/load/java/typeEnhancement/AbstractSignatureParts
instanceKlass org/jetbrains/kotlin/load/java/FakePureImplementationsProvider
instanceKlass org/jetbrains/kotlin/fir/java/enhancement/FirEnhancedSymbolsStorage$FunctionEnhancementContext
instanceKlass org/jetbrains/kotlin/fir/java/enhancement/FirEnhancedSymbolsStorage$EnhancementSymbolsCache
instanceKlass org/jetbrains/kotlin/fir/java/enhancement/SignatureEnhancementKt
instanceKlass org/jetbrains/kotlin/load/java/JavaTypeQualifiersByElementType
instanceKlass org/jetbrains/kotlin/fir/java/enhancement/FirAnnotationTypeQualifierResolverKt
instanceKlass org/jetbrains/kotlin/fir/java/enhancement/FirSignatureEnhancement
instanceKlass org/jetbrains/kotlin/fir/java/JavaBinarySourceElement
instanceKlass org/jetbrains/kotlin/fir/declarations/builder/FirConstructorBuilder
instanceKlass org/jetbrains/kotlin/fir/java/declarations/FirJavaValueParameterBuilder
instanceKlass org/jetbrains/kotlin/descriptors/annotations/KotlinTarget$Companion
instanceKlass org/jetbrains/kotlin/fir/java/JavaAnnotationsMappingKt
instanceKlass org/jetbrains/kotlin/fir/java/declarations/UtilsKt
instanceKlass org/jetbrains/kotlin/fir/java/declarations/FirJavaMethodBuilder
instanceKlass org/jetbrains/kotlin/load/java/structure/JavaLoadingKt
instanceKlass org/jetbrains/kotlin/fir/types/jvm/FirJavaTypeRefBuilder
instanceKlass org/jetbrains/kotlin/fir/java/JavaTypeConversionKt
instanceKlass org/jetbrains/kotlin/descriptors/EffectiveVisibility$WhenMappings
instanceKlass org/jetbrains/kotlin/it/unimi/dsi/fastutil/objects/Object2ObjectOpenHashMap$MapIterator
instanceKlass org/jetbrains/kotlin/fir/java/FirJavaFacade$ValueParametersForAnnotationConstructor
instanceKlass org/jetbrains/kotlin/fir/java/JavaUtilsKt
instanceKlass org/jetbrains/kotlin/load/java/structure/JavaAnnotationArgument
instanceKlass org/jetbrains/kotlin/load/java/structure/impl/classFiles/BinaryJavaAnnotation$Companion
instanceKlass org/jetbrains/kotlin/load/java/structure/impl/classFiles/BinaryJavaAnnotation
instanceKlass org/jetbrains/kotlin/load/java/structure/JavaAnnotation
instanceKlass org/jetbrains/kotlin/load/java/structure/impl/classFiles/BinaryJavaValueParameter
instanceKlass org/jetbrains/kotlin/load/java/structure/JavaValueParameter
instanceKlass org/jetbrains/kotlin/load/java/structure/JavaMethod
instanceKlass org/jetbrains/kotlin/load/java/structure/JavaConstructor
instanceKlass org/jetbrains/kotlin/load/java/structure/impl/classFiles/BinaryJavaMethodBase$Companion$MethodInfo
instanceKlass org/jetbrains/kotlin/load/java/structure/JavaPrimitiveType
instanceKlass java/text/StringCharacterIterator
instanceKlass java/text/CharacterIterator
instanceKlass org/jetbrains/kotlin/load/java/structure/impl/classFiles/BinaryJavaMethodBase$Companion
instanceKlass org/jetbrains/kotlin/load/java/structure/impl/classFiles/BinaryJavaMethodBase
instanceKlass org/jetbrains/kotlin/load/java/structure/JavaMember
instanceKlass javaslang/control/Option$Some
instanceKlass javaslang/control/Option
instanceKlass org/jetbrains/kotlin/util/javaslang/JavaslangAdaptersKt
instanceKlass org/jetbrains/kotlin/load/java/structure/impl/classFiles/ClassifierResolutionContext$InnerClassInfo
instanceKlass org/jetbrains/kotlin/load/java/structure/impl/classFiles/CommonMixinsKt
instanceKlass org/jetbrains/kotlin/load/java/structure/impl/classFiles/ClassifierResolutionContext$Result
instanceKlass org/jetbrains/kotlin/load/java/structure/impl/classFiles/JavaPlainType
instanceKlass org/jetbrains/kotlin/load/java/structure/JavaClassifierType
instanceKlass org/jetbrains/kotlin/load/java/structure/JavaType
instanceKlass org/jetbrains/kotlin/load/java/structure/ListBasedJavaAnnotationOwner
instanceKlass org/jetbrains/kotlin/load/java/structure/impl/classFiles/BinaryJavaModifierListOwner
instanceKlass org/jetbrains/kotlin/load/java/structure/impl/VirtualFileBoundJavaClass
instanceKlass org/jetbrains/kotlin/load/java/structure/MutableJavaAnnotationOwner
instanceKlass javaslang/collection/HashArrayMappedTrieModule$AbstractNode
instanceKlass javaslang/collection/HashArrayMappedTrie
instanceKlass javaslang/collection/Set
instanceKlass javaslang/collection/Seq
instanceKlass javaslang/collection/Iterator
instanceKlass javaslang/collection/HashMap
instanceKlass javaslang/collection/Map
instanceKlass javaslang/collection/Traversable
instanceKlass javaslang/collection/Foldable
instanceKlass javaslang/Value
instanceKlass javaslang/Function1
instanceKlass javaslang/\u03bb
instanceKlass org/jetbrains/kotlin/load/java/structure/impl/classFiles/ClassifierResolutionContext
instanceKlass org/jetbrains/kotlin/fir/declarations/FirAnnotationUtilsKt
instanceKlass org/jetbrains/kotlin/fir/resolve/FirTypeResolutionResult
instanceKlass org/jetbrains/kotlin/fir/types/FunctionalTypeUtilsKt
instanceKlass org/jetbrains/kotlin/fir/resolve/providers/impl/FirTypeResolverImpl$TypeResolutionResult
instanceKlass org/jetbrains/kotlin/fir/resolve/calls/AbstractCandidate
instanceKlass org/jetbrains/kotlin/fir/declarations/DeprecationsPerUseSite
instanceKlass org/jetbrains/kotlin/resolve/deprecation/CommonDeprecationUtilsKt$WhenMappings
instanceKlass org/jetbrains/kotlin/resolve/deprecation/CommonDeprecationUtilsKt
instanceKlass org/jetbrains/kotlin/fir/java/deserialization/JvmClassFileBasedSymbolProvider$loadAnnotationsFromClassFile$1
instanceKlass org/jetbrains/kotlin/metadata/jvm/deserialization/JvmFlags
instanceKlass org/jetbrains/kotlin/fir/declarations/DeprecationsProviderImpl$special$$inlined$createCache$1
instanceKlass org/jetbrains/kotlin/fir/declarations/DeprecationInfoProvider
instanceKlass org/jetbrains/kotlin/fir/expressions/builder/FirAnnotationArgumentMappingBuilder
instanceKlass org/jetbrains/kotlin/fir/expressions/builder/FirAnnotationBuilder
instanceKlass org/jetbrains/kotlin/fir/java/deserialization/AnnotationsLoader$AnnotationsLoaderVisitorImpl
instanceKlass org/jetbrains/kotlin/SpecialJvmAnnotations
instanceKlass org/jetbrains/kotlin/fir/java/deserialization/JvmBinaryAnnotationDeserializerKt$loadMemberAnnotations$1$MemberAnnotationVisitor
instanceKlass org/jetbrains/kotlin/load/kotlin/KotlinJvmBinaryClass$MethodAnnotationVisitor
instanceKlass org/jetbrains/org/objectweb/asm/MethodVisitor
instanceKlass org/jetbrains/org/objectweb/asm/FieldVisitor
instanceKlass org/jetbrains/kotlin/fir/java/deserialization/JvmBinaryAnnotationDeserializerKt$loadMemberAnnotations$1
instanceKlass org/jetbrains/kotlin/load/kotlin/KotlinJvmBinaryClass$MemberVisitor
instanceKlass org/jetbrains/kotlin/fir/java/deserialization/JvmBinaryAnnotationDeserializerKt
instanceKlass org/jetbrains/kotlin/load/kotlin/MemberSignature$Companion
instanceKlass org/jetbrains/kotlin/load/kotlin/MemberSignature
instanceKlass org/jetbrains/kotlin/fir/java/deserialization/JvmBinaryAnnotationDeserializer$WhenMappings
instanceKlass org/jetbrains/kotlin/load/kotlin/AbstractBinaryClassAnnotationLoaderKt
instanceKlass org/jetbrains/kotlin/metadata/deserialization/VersionRequirement$Companion$WhenMappings
instanceKlass org/jetbrains/kotlin/metadata/deserialization/VersionRequirement$Version$Companion
instanceKlass org/jetbrains/kotlin/metadata/deserialization/VersionRequirement$Version
instanceKlass org/jetbrains/kotlin/load/kotlin/KotlinJvmBinarySourceElement
instanceKlass org/jetbrains/kotlin/fir/deserialization/AbstractFirDeserializedSymbolProvider$ClassMetadataFindResult
instanceKlass org/jetbrains/kotlin/cli/jvm/compiler/KotlinCliJavaFileManagerImpl$WhenMappings
instanceKlass org/jetbrains/kotlin/load/java/JavaClassFinder$Request
instanceKlass org/jetbrains/kotlin/fir/resolve/FirQualifierResolverKt
instanceKlass org/jetbrains/kotlin/fir/resolve/transformers/PlatformSupertypeUpdaterKt
instanceKlass org/jetbrains/kotlin/fir/resolve/DeclarationUtilsKt
instanceKlass org/jetbrains/kotlin/fir/scopes/ScopesKt
instanceKlass org/jetbrains/kotlin/utils/SmartList$SingletonIteratorBase
instanceKlass org/jetbrains/kotlin/fir/resolve/substitution/ConeSubstitutorByMap$Companion
instanceKlass org/jetbrains/kotlin/util/WeakPairKt
instanceKlass org/jetbrains/kotlin/fir/resolve/TypeExpansionUtilsKt
instanceKlass org/jetbrains/kotlin/utils/SmartSet$Companion
instanceKlass org/jetbrains/kotlin/fir/resolve/SupertypeUtilsKt
instanceKlass org/jetbrains/kotlin/fir/extensions/DeclarationGenerationContext
instanceKlass org/jetbrains/kotlin/fir/scopes/impl/FirGeneratedScopesKt
instanceKlass org/jetbrains/kotlin/fir/scopes/impl/FirGeneratedClassNestedClassifierScope$Companion
instanceKlass org/jetbrains/kotlin/fir/declarations/utils/FirDeclarationUtilKt
instanceKlass org/jetbrains/kotlin/fir/scopes/impl/FirDeclaredMemberScopeProviderKt
instanceKlass org/jetbrains/kotlin/util/WeakPair
instanceKlass org/jetbrains/kotlin/fir/declarations/FirValueClassRepresentationKt
instanceKlass org/jetbrains/kotlin/fir/declarations/ValueClassesUtilsKt
instanceKlass org/jetbrains/kotlin/serialization/deserialization/ValueClassUtilKt
instanceKlass org/jetbrains/kotlin/builtins/CompanionObjectMapping
instanceKlass org/jetbrains/kotlin/builtins/jvm/JavaToKotlinClassMap$PlatformMutabilityMapping
instanceKlass org/jetbrains/kotlin/builtins/jvm/JavaToKotlinClassMap
instanceKlass org/jetbrains/kotlin/builtins/jvm/JvmBuiltInsSignatures
instanceKlass org/jetbrains/kotlin/metadata/SerializationPluginMetadataExtensions
instanceKlass org/jetbrains/kotlin/fir/resolve/transformers/PublishedApiEffectiveVisibilityKt
instanceKlass org/jetbrains/kotlin/fir/types/CustomAnnotationTypeAttributeKt
instanceKlass org/jetbrains/kotlin/metadata/deserialization/ProtoTypeTableUtilKt
instanceKlass org/jetbrains/kotlin/fir/deserialization/FirDeserializationUtilsKt
instanceKlass org/jetbrains/kotlin/metadata/deserialization/VersionRequirement$Companion
instanceKlass org/jetbrains/kotlin/metadata/deserialization/VersionRequirement
instanceKlass org/jetbrains/kotlin/fir/resolve/ScopeUtilsKt
instanceKlass org/jetbrains/kotlin/serialization/deserialization/ProtoEnumFlags$WhenMappings
instanceKlass org/jetbrains/kotlin/serialization/deserialization/ProtoEnumFlags
instanceKlass org/jetbrains/kotlin/metadata/ProtoBuf$MemberKind$1
instanceKlass org/jetbrains/kotlin/metadata/ProtoBuf$Class$Kind$1
instanceKlass org/jetbrains/kotlin/metadata/ProtoBuf$Modality$1
instanceKlass org/jetbrains/kotlin/metadata/ProtoBuf$Visibility$1
instanceKlass org/jetbrains/kotlin/metadata/deserialization/Flags$FlagField
instanceKlass org/jetbrains/kotlin/metadata/deserialization/Flags
instanceKlass org/jetbrains/kotlin/fir/deserialization/ClassDeserializationKt
instanceKlass org/jetbrains/kotlin/fir/deserialization/FirTypeDeserializer$FlexibleTypeFactory$Default
instanceKlass org/jetbrains/kotlin/fir/resolve/providers/FirSymbolNamesProviderKt
instanceKlass org/jetbrains/kotlin/serialization/deserialization/ClassData
instanceKlass kotlin/collections/builders/SetBuilder$Companion
instanceKlass org/jetbrains/kotlin/metadata/ProtoBuf$TypeAliasOrBuilder
instanceKlass org/jetbrains/kotlin/metadata/ProtoBuf$Effect$InvocationKind$1
instanceKlass org/jetbrains/kotlin/metadata/ProtoBuf$Expression$ConstantValue$1
instanceKlass org/jetbrains/kotlin/metadata/ProtoBuf$ExpressionOrBuilder
instanceKlass org/jetbrains/kotlin/metadata/ProtoBuf$Effect$EffectType$1
instanceKlass org/jetbrains/kotlin/metadata/ProtoBuf$EffectOrBuilder
instanceKlass org/jetbrains/kotlin/metadata/ProtoBuf$VersionRequirement$VersionKind$1
instanceKlass org/jetbrains/kotlin/metadata/ProtoBuf$VersionRequirement$Level$1
instanceKlass org/jetbrains/kotlin/metadata/ProtoBuf$VersionRequirementOrBuilder
instanceKlass org/jetbrains/kotlin/load/kotlin/FileBasedKotlinClass$OuterAndInnerName
instanceKlass org/jetbrains/kotlin/serialization/deserialization/ProtoBufContractDeserializer
instanceKlass org/jetbrains/kotlin/fir/deserialization/FirTypeDeserializer
instanceKlass org/jetbrains/kotlin/metadata/deserialization/VersionRequirementTable$Companion
instanceKlass org/jetbrains/kotlin/metadata/deserialization/VersionRequirementTable
instanceKlass org/jetbrains/kotlin/metadata/deserialization/TypeTable
instanceKlass org/jetbrains/kotlin/fir/deserialization/FirConstDeserializer
instanceKlass org/jetbrains/kotlin/fir/java/deserialization/JvmClassFileBasedSymbolProvider$JavaAwareFlexibleTypeFactory
instanceKlass org/jetbrains/kotlin/fir/deserialization/FirTypeDeserializer$FlexibleTypeFactory
instanceKlass org/jetbrains/kotlin/fir/java/deserialization/MemberAnnotations
instanceKlass org/jetbrains/kotlin/fir/deserialization/FirDeserializationContext$Companion
instanceKlass org/jetbrains/kotlin/fir/deserialization/PackagePartsCacheData
instanceKlass org/jetbrains/kotlin/metadata/jvm/deserialization/JvmNameResolverBase$WhenMappings
instanceKlass org/jetbrains/kotlin/metadata/deserialization/ProtoBufUtilKt
instanceKlass org/jetbrains/kotlin/load/kotlin/JvmPackagePartSource
instanceKlass org/jetbrains/kotlin/serialization/deserialization/descriptors/DeserializedContainerSource
instanceKlass org/jetbrains/kotlin/load/kotlin/FacadeClassSource
instanceKlass org/jetbrains/kotlin/metadata/jvm/deserialization/JvmNameResolverKt
instanceKlass org/jetbrains/kotlin/metadata/jvm/JvmProtoBuf$StringTableTypes$Record$Operation$1
instanceKlass org/jetbrains/kotlin/metadata/jvm/JvmProtoBuf$StringTableTypes$RecordOrBuilder
instanceKlass org/jetbrains/kotlin/metadata/jvm/JvmProtoBuf$StringTableTypesOrBuilder
instanceKlass kotlin/collections/IndexedValue
instanceKlass kotlin/collections/IndexingIterator
instanceKlass kotlin/collections/IndexingIterable
instanceKlass org/jetbrains/kotlin/metadata/jvm/deserialization/JvmNameResolverBase$Companion
instanceKlass org/jetbrains/kotlin/metadata/jvm/deserialization/JvmNameResolverBase
instanceKlass org/jetbrains/kotlin/metadata/jvm/deserialization/UtfEncodingKt
instanceKlass org/jetbrains/kotlin/metadata/jvm/deserialization/BitEncoding
instanceKlass org/jetbrains/kotlin/metadata/jvm/JvmProtoBuf$JvmFieldSignatureOrBuilder
instanceKlass org/jetbrains/kotlin/metadata/jvm/JvmProtoBuf$JvmPropertySignatureOrBuilder
instanceKlass org/jetbrains/kotlin/metadata/jvm/JvmProtoBuf$JvmMethodSignatureOrBuilder
instanceKlass org/jetbrains/kotlin/metadata/jvm/JvmProtoBuf
instanceKlass org/jetbrains/kotlin/metadata/jvm/deserialization/JvmProtoBufUtil
instanceKlass org/jetbrains/kotlin/load/kotlin/KotlinClassFinderKt
instanceKlass org/jetbrains/kotlin/load/kotlin/header/ReadKotlinClassHeaderAnnotationVisitor$CollectStringArrayAnnotationVisitor
instanceKlass org/jetbrains/org/objectweb/asm/Type
instanceKlass org/jetbrains/kotlin/load/kotlin/KotlinJvmBinaryClass$AnnotationArrayArgumentVisitor
instanceKlass org/jetbrains/kotlin/load/kotlin/header/ReadKotlinClassHeaderAnnotationVisitor$KotlinMetadataArgumentVisitor
instanceKlass java/lang/Override
instanceKlass java/lang/Deprecated
instanceKlass org/jetbrains/kotlin/load/java/JvmAnnotationNames
instanceKlass org/jetbrains/kotlin/descriptors/SourceElement$1
instanceKlass org/jetbrains/org/objectweb/asm/Context
instanceKlass org/jetbrains/org/objectweb/asm/Attribute
instanceKlass org/jetbrains/org/objectweb/asm/Label
instanceKlass org/jetbrains/org/objectweb/asm/ClassReader
instanceKlass org/jetbrains/kotlin/load/kotlin/header/KotlinClassHeader$Kind$Companion
instanceKlass org/jetbrains/kotlin/load/kotlin/KotlinJvmBinaryClass$AnnotationArgumentVisitor
instanceKlass org/jetbrains/kotlin/load/kotlin/header/ReadKotlinClassHeaderAnnotationVisitor
instanceKlass org/jetbrains/kotlin/load/kotlin/KotlinJvmBinaryClass$AnnotationVisitor
instanceKlass org/jetbrains/kotlin/load/kotlin/FileBasedKotlinClass$InnerClassesInfo
instanceKlass org/jetbrains/kotlin/load/kotlin/header/KotlinClassHeader
instanceKlass org/jetbrains/kotlin/load/kotlin/VirtualFileKotlinClass$Factory
instanceKlass org/jetbrains/org/objectweb/asm/AnnotationVisitor
instanceKlass org/jetbrains/org/objectweb/asm/ClassVisitor
instanceKlass org/jetbrains/kotlin/load/kotlin/FileBasedKotlinClass
instanceKlass org/jetbrains/kotlin/load/kotlin/KotlinJvmBinaryClass
instanceKlass org/jetbrains/kotlin/load/kotlin/KotlinClassFinder$Result
instanceKlass org/jetbrains/kotlin/com/intellij/openapi/util/Computable
instanceKlass org/jetbrains/kotlin/load/kotlin/KotlinBinaryClassCache$RequestCache
instanceKlass org/jetbrains/kotlin/cli/jvm/index/JvmDependenciesIndexImpl$SearchResult
instanceKlass org/jetbrains/kotlin/resolve/jvm/JvmClassName
instanceKlass org/jetbrains/kotlin/fir/java/deserialization/ProviderUtilsKt
instanceKlass org/jetbrains/kotlin/it/unimi/dsi/fastutil/objects/ObjectOpenHashSet$SetIterator
instanceKlass org/jetbrains/kotlin/fir/resolve/LookupTagUtilsKt
instanceKlass org/jetbrains/kotlin/fir/resolve/dfa/cfg/ControlFlowGraphBuilderKt
instanceKlass org/jetbrains/kotlin/fir/resolve/transformers/FirSupertypesResolutionKt
instanceKlass org/jetbrains/kotlin/fir/resolve/transformers/SupertypeComputationStatus
instanceKlass org/jetbrains/kotlin/fir/resolve/transformers/ScopeClassDeclaration
instanceKlass org/jetbrains/kotlin/fir/resolve/CallableIdUtilsKt
instanceKlass org/jetbrains/kotlin/fir/declarations/DeprecationAnnotationInfoPerUseSiteStorage
instanceKlass org/jetbrains/kotlin/fir/declarations/FirAnnotationsPlatformSpecificSupportComponentKt
instanceKlass org/jetbrains/kotlin/fir/declarations/DeprecationAnnotationInfoPerUseSiteStorageBuilder
instanceKlass org/jetbrains/kotlin/fir/declarations/FirVersionRequirementsTableKeyKt
instanceKlass org/jetbrains/kotlin/fir/scopes/impl/FirAbstractImportingScopeKt
instanceKlass org/jetbrains/kotlin/fir/declarations/DeclarationUtilsKt
instanceKlass org/jetbrains/kotlin/fir/declarations/DeprecationUtilsKt
instanceKlass org/jetbrains/kotlin/com/google/common/collect/LinkedHashMultimap$ValueSet$1
instanceKlass org/jetbrains/kotlin/com/google/common/collect/AbstractMapBasedMultimap$WrappedCollection$WrappedIterator
instanceKlass org/jetbrains/kotlin/fir/declarations/FirTowerDataElement
instanceKlass org/jetbrains/kotlin/fir/declarations/ImplicitReceiverUtilsKt
instanceKlass org/jetbrains/kotlin/fir/scopes/impl/FirPackageMemberScopeKt
instanceKlass org/jetbrains/kotlin/fir/scopes/DefaultSimpleImportKey
instanceKlass org/jetbrains/kotlin/fir/scopes/FirDefaultImportProviderHolderKt
instanceKlass org/jetbrains/kotlin/fir/scopes/impl/DefaultStarImportingScopeMarker
instanceKlass org/jetbrains/kotlin/fir/scopes/DefaultStarImportKey
instanceKlass org/jetbrains/kotlin/fir/FirImportTrackerComponent
instanceKlass org/jetbrains/kotlin/fir/FirImportTrackerComponentKt
instanceKlass org/jetbrains/kotlin/fir/resolve/ScopeSessionKey
instanceKlass org/jetbrains/kotlin/fir/scopes/ImportingScopesKt
instanceKlass org/jetbrains/kotlin/fir/extensions/FirPredicateBasedProviderKt
instanceKlass org/jetbrains/kotlin/fir/resolve/transformers/plugin/CompilerRequiredAnnotationsComputationSession
instanceKlass org/jetbrains/kotlin/fir/caches/NullableMap$NullValue
instanceKlass org/jetbrains/kotlin/fir/declarations/builder/FirResolvedImportBuilder
instanceKlass org/jetbrains/kotlin/fir/resolve/transformers/PackageAndClass
instanceKlass org/jetbrains/kotlin/load/java/structure/JavaElementsKt
instanceKlass org/jetbrains/kotlin/load/java/structure/impl/source/JavaElementPsiSource
instanceKlass org/jetbrains/kotlin/load/java/structure/impl/JavaElementImpl
instanceKlass org/jetbrains/kotlin/load/java/structure/impl/source/JavaSourceFactoryOwner
instanceKlass org/jetbrains/kotlin/load/java/structure/MapBasedJavaAnnotationOwner
instanceKlass org/jetbrains/kotlin/load/java/structure/JavaPackage
instanceKlass org/jetbrains/kotlin/load/java/structure/impl/source/JavaElementSourceFactory$Companion
instanceKlass org/jetbrains/kotlin/cli/jvm/compiler/KotlinCliJavaFileManagerImplKt
instanceKlass org/jetbrains/kotlin/resolve/jvm/KotlinJavaPsiFacade$PackageCache
instanceKlass org/jetbrains/kotlin/com/intellij/psi/tree/ParentAwareTokenSet
instanceKlass org/jetbrains/kotlin/com/intellij/psi/impl/source/BasicJavaDocElementType
instanceKlass org/jetbrains/kotlin/com/intellij/lang/java/parser/BasicJavaParser
instanceKlass org/jetbrains/kotlin/com/intellij/psi/tree/ParentProviderElementType
instanceKlass org/jetbrains/kotlin/com/intellij/psi/impl/source/AbstractBasicJavaDocElementTypeFactory$JavaDocElementTypeContainer
instanceKlass org/jetbrains/kotlin/com/intellij/psi/impl/source/tree/JavaDocElementTypeFactory$SingletonHelper
instanceKlass org/jetbrains/kotlin/com/intellij/lang/java/lexer/_JavaLexer
instanceKlass org/jetbrains/kotlin/com/intellij/psi/impl/source/AbstractBasicJavaDocElementTypeFactory
instanceKlass org/jetbrains/kotlin/com/intellij/psi/impl/source/tree/ElementType
instanceKlass org/jetbrains/kotlin/com/intellij/psi/impl/source/tree/JavaElementType
instanceKlass org/jetbrains/kotlin/com/intellij/psi/impl/source/tree/JavaDocElementType
instanceKlass org/jetbrains/kotlin/com/intellij/psi/JavaTokenType
instanceKlass org/jetbrains/kotlin/com/intellij/psi/JavaDocTokenType
instanceKlass org/jetbrains/kotlin/cli/jvm/index/SingleJavaFileRootsIndex$JavaSourceClassIdReader$Companion
instanceKlass org/jetbrains/kotlin/cli/jvm/index/SingleJavaFileRootsIndex$JavaSourceClassIdReader
instanceKlass org/jetbrains/kotlin/cli/jvm/index/JvmDependenciesIndexImpl$FindClassRequest
instanceKlass org/jetbrains/kotlin/cli/jvm/index/JvmDependenciesIndexImpl$WhenMappings
instanceKlass org/jetbrains/kotlin/com/intellij/util/containers/IntArrayList
instanceKlass org/jetbrains/kotlin/cli/jvm/index/JvmDependenciesIndexImpl$TraverseRequest
instanceKlass org/jetbrains/kotlin/cli/jvm/index/JvmDependenciesIndexImpl$SearchRequest
instanceKlass org/jetbrains/kotlin/com/intellij/psi/util/PsiUtilCore$NullPsiElement
instanceKlass org/jetbrains/kotlin/com/intellij/psi/util/PsiUtilCore
instanceKlass org/jetbrains/kotlin/resolve/jvm/KotlinSafeClassFinder
instanceKlass org/jetbrains/kotlin/resolve/jvm/KotlinJavaPsiFacade$CliFinder
instanceKlass org/jetbrains/kotlin/fir/resolve/transformers/ImportUtilsKt
instanceKlass org/jetbrains/kotlin/fir/FirLookupTrackerComponent
instanceKlass org/jetbrains/kotlin/fir/FirLookupTrackerComponentKt
instanceKlass org/jetbrains/kotlin/fir/visitors/FirTransformerUtilKt
instanceKlass org/jetbrains/kotlin/fir/symbols/FirLazyDeclarationResolverKt
instanceKlass org/jetbrains/kotlin/fir/scopes/CallableCopyTypeCalculator
instanceKlass org/jetbrains/kotlin/fir/resolve/transformers/body/resolve/ImplicitBodyResolveComputationSession
instanceKlass org/jetbrains/kotlin/fir/extensions/FirFunctionCallRefinementExtensionKt
instanceKlass org/jetbrains/kotlin/fir/extensions/FirAssignExpressionAltererExtensionKt
instanceKlass org/jetbrains/kotlin/fir/resolve/transformers/body/resolve/FirArrayOfCallTransformer$Companion
instanceKlass org/jetbrains/kotlin/fir/resolve/transformers/WhenExhaustivenessChecker
instanceKlass org/jetbrains/kotlin/fir/resolve/transformers/FirWhenExhaustivenessTransformer$Companion
instanceKlass org/jetbrains/kotlin/fir/resolve/calls/ResolutionContext
instanceKlass org/jetbrains/kotlin/fir/resolve/transformers/IntegerLiteralAndOperatorApproximationTransformer$Companion
instanceKlass org/jetbrains/kotlin/fir/resolve/FirSamConversionTransformerExtensionKt
instanceKlass org/jetbrains/kotlin/fir/resolve/SamResolutionKt
instanceKlass org/jetbrains/kotlin/fir/resolve/FirOuterClassManager
instanceKlass org/jetbrains/kotlin/fir/resolve/FirDoubleColonExpressionResolver
instanceKlass org/jetbrains/kotlin/fir/resolve/transformers/FirSyntheticCallGenerator$special$$inlined$createCache$1
instanceKlass org/jetbrains/kotlin/fir/CopyUtilsKt
instanceKlass org/jetbrains/kotlin/fir/types/ConeDefinitelyNotNullType$Companion
instanceKlass org/jetbrains/kotlin/types/model/DefinitelyNotNullTypeMarker
instanceKlass org/jetbrains/kotlin/types/model/IntersectionTypeConstructorMarker
instanceKlass org/jetbrains/kotlin/fir/types/ConeTypeUtilsKt
instanceKlass org/jetbrains/kotlin/fir/types/ArrayUtilsKt
instanceKlass org/jetbrains/kotlin/fir/symbols/SyntheticSymbol
instanceKlass org/jetbrains/kotlin/fir/symbols/SyntheticCallableId
instanceKlass org/jetbrains/kotlin/fir/resolve/transformers/FirSyntheticCallGenerator
instanceKlass org/jetbrains/kotlin/fir/resolve/dfa/Statement
instanceKlass org/jetbrains/kotlin/fir/resolve/dfa/LogicSystem
instanceKlass org/jetbrains/kotlin/fir/FirVisibilityCheckerKt
instanceKlass org/jetbrains/kotlin/fir/resolve/dfa/FirDataFlowAnalyzer$Companion
instanceKlass org/jetbrains/kotlin/fir/resolve/dfa/FirDataFlowAnalyzer
instanceKlass org/jetbrains/kotlin/fir/resolve/inference/ConstraintSystemCompleter$Companion
instanceKlass org/jetbrains/kotlin/fir/resolve/inference/ConstraintSystemCompleter
instanceKlass org/jetbrains/kotlin/fir/resolve/inference/FirCallCompleter
instanceKlass org/jetbrains/kotlin/fir/resolve/calls/overloads/ConeOverloadConflictResolver$SpecificityComparisonWithNumerics$1
instanceKlass org/jetbrains/kotlin/resolve/calls/results/SpecificityComparisonCallbacks
instanceKlass org/jetbrains/kotlin/fir/resolve/calls/overloads/ConeCallConflictResolver
instanceKlass org/jetbrains/kotlin/fir/resolve/inference/InferenceComponentsKt
instanceKlass org/jetbrains/kotlin/fir/resolve/calls/overloads/ConeCallConflictResolverKt
instanceKlass org/jetbrains/kotlin/fir/resolve/calls/overloads/FirOverloadByLambdaReturnTypeResolver
instanceKlass org/jetbrains/kotlin/fir/resolve/calls/tower/TowerResolveManager
instanceKlass org/jetbrains/kotlin/fir/resolve/calls/tower/TowerGroupKind$Companion
instanceKlass org/jetbrains/kotlin/fir/resolve/calls/tower/TowerGroupKind
instanceKlass org/jetbrains/kotlin/fir/resolve/calls/tower/TowerGroup$Companion
instanceKlass org/jetbrains/kotlin/fir/resolve/calls/tower/TowerGroup
instanceKlass org/jetbrains/kotlin/fir/resolve/calls/candidate/CandidateCollector
instanceKlass org/jetbrains/kotlin/fir/resolve/calls/tower/FirTowerResolver
instanceKlass org/jetbrains/kotlin/fir/resolve/calls/FirCallResolver
instanceKlass org/jetbrains/kotlin/fir/resolve/calls/stages/ResolutionStageRunner
instanceKlass org/jetbrains/kotlin/fir/resolve/BodyResolveComponents
instanceKlass org/jetbrains/kotlin/fir/resolve/SessionHolder
instanceKlass org/jetbrains/kotlin/fir/resolve/inference/FirInferenceSession$Companion
instanceKlass org/jetbrains/kotlin/fir/resolve/inference/FirInferenceSession
instanceKlass org/jetbrains/kotlin/fir/resolve/FirSpecialTowerDataContexts
instanceKlass org/jetbrains/kotlin/kotlinx/collections/immutable/internal/EndOfChain
instanceKlass org/jetbrains/kotlin/kotlinx/collections/immutable/implementations/persistentOrderedMap/PersistentOrderedMap$Companion
instanceKlass org/jetbrains/kotlin/fir/util/PersistentSetMultimap
instanceKlass org/jetbrains/kotlin/fir/resolve/ImplicitReceiverStack
instanceKlass org/jetbrains/kotlin/fir/declarations/FirTowerDataContext
instanceKlass org/jetbrains/kotlin/fir/resolve/FirRegularTowerDataContexts$Companion
instanceKlass org/jetbrains/kotlin/fir/resolve/FirRegularTowerDataContexts
instanceKlass org/jetbrains/kotlin/fir/resolve/dfa/VariableStorage
instanceKlass org/jetbrains/kotlin/fir/resolve/dfa/FirLocalVariableAssignmentAnalyzer$Companion
instanceKlass org/jetbrains/kotlin/fir/resolve/dfa/FirLocalVariableAssignmentAnalyzer
instanceKlass org/jetbrains/kotlin/fir/resolve/dfa/cfg/ControlFlowGraphBuilder$PostponedLambdas
instanceKlass org/jetbrains/kotlin/fir/util/BaseMultimap
instanceKlass org/jetbrains/kotlin/fir/util/MutableMultimap
instanceKlass org/jetbrains/kotlin/fir/util/Multimap
instanceKlass org/jetbrains/kotlin/fir/util/MultimapKt
instanceKlass org/jetbrains/kotlin/fir/resolve/dfa/Stack
instanceKlass org/jetbrains/kotlin/fir/resolve/dfa/StackKt
instanceKlass org/jetbrains/kotlin/fir/resolve/dfa/cfg/ControlFlowGraph
instanceKlass org/jetbrains/kotlin/fir/resolve/dfa/cfg/ExitNodeMarker
instanceKlass org/jetbrains/kotlin/fir/resolve/dfa/cfg/GraphEnterNodeMarker
instanceKlass org/jetbrains/kotlin/fir/resolve/dfa/cfg/EnterNodeMarker
instanceKlass org/jetbrains/kotlin/fir/resolve/dfa/cfg/CFGNode
instanceKlass org/jetbrains/kotlin/fir/resolve/dfa/cfg/ControlFlowGraphBuilder
instanceKlass org/jetbrains/kotlin/fir/resolve/dfa/DataFlowAnalyzerContext
instanceKlass org/jetbrains/kotlin/fir/resolve/transformers/body/resolve/BodyResolveContext
instanceKlass org/jetbrains/kotlin/fir/resolve/transformers/ReturnTypeCalculatorForFullBodyResolve$Companion
instanceKlass org/jetbrains/kotlin/fir/resolve/transformers/ReturnTypeCalculator
instanceKlass org/jetbrains/kotlin/resolve/calls/mpp/ExpectActualMatchingContext$Companion
instanceKlass org/jetbrains/kotlin/fir/resolve/transformers/mpp/FirExpectActualMatchingContextImpl
instanceKlass org/jetbrains/kotlin/fir/FirExpectActualMatchingContext
instanceKlass org/jetbrains/kotlin/resolve/calls/mpp/ExpectActualMatchingContext
instanceKlass org/jetbrains/kotlin/fir/FirExpectActualMatchingContextKt
instanceKlass org/jetbrains/kotlin/fir/resolve/transformers/FirStatusResolver$Companion
instanceKlass org/jetbrains/kotlin/fir/resolve/transformers/FirStatusResolver
instanceKlass kotlin/collections/MutableMapWithDefaultImpl
instanceKlass kotlin/collections/MutableMapWithDefault
instanceKlass org/jetbrains/kotlin/fir/resolve/transformers/StatusComputationSession
instanceKlass org/jetbrains/kotlin/fir/resolve/FirTypeResolverKt
instanceKlass org/jetbrains/kotlin/kotlinx/collections/immutable/PersistentList$Builder
instanceKlass org/jetbrains/kotlin/kotlinx/collections/immutable/PersistentCollection$Builder
instanceKlass kotlin/collections/ArrayDeque$Companion
instanceKlass org/jetbrains/kotlin/fir/extensions/FirSupertypeGenerationExtensionKt
instanceKlass org/jetbrains/kotlin/fir/resolve/SupertypeSupplier
instanceKlass org/jetbrains/kotlin/fir/resolve/transformers/SupertypeComputationSession
instanceKlass org/jetbrains/kotlin/fir/extensions/FirSwitchableExtensionDeclarationsSymbolProviderKt
instanceKlass org/jetbrains/kotlin/fir/resolve/transformers/FirResolveProcessor
instanceKlass org/jetbrains/kotlin/fir/resolve/transformers/FirTotalResolveProcessorKt$WhenMappings
instanceKlass org/jetbrains/kotlin/fir/resolve/transformers/FirTotalResolveProcessorKt
instanceKlass org/jetbrains/kotlin/fir/resolve/ScopeSession
instanceKlass org/jetbrains/kotlin/fir/resolve/transformers/FirTotalResolveProcessor
instanceKlass org/jetbrains/kotlin/fir/pipeline/AnalyseKt
instanceKlass org/jetbrains/kotlin/fir/expressions/builder/FirComponentCallBuilder
instanceKlass org/jetbrains/kotlin/fir/builder/DestructuringKt
instanceKlass org/jetbrains/kotlin/fir/lightTree/fir/DestructuringDeclarationKt
instanceKlass org/jetbrains/kotlin/fir/lightTree/fir/DestructuringDeclaration
instanceKlass org/jetbrains/kotlin/fir/lightTree/fir/DestructuringEntry$Companion
instanceKlass org/jetbrains/kotlin/fir/builder/DestructuringContext
instanceKlass org/jetbrains/kotlin/fir/lightTree/fir/DestructuringEntry
instanceKlass org/jetbrains/kotlin/fir/expressions/builder/FirAugmentedAssignmentBuilder
instanceKlass org/jetbrains/kotlin/fir/UtilsKt$WhenMappings
instanceKlass org/jetbrains/kotlin/parsing/BindFirstShebangWithWhitespaceOnly
instanceKlass org/jetbrains/kotlin/fir/declarations/builder/FirAnonymousInitializerBuilder
instanceKlass org/jetbrains/kotlin/fir/types/builder/FirFunctionTypeRefBuilder
instanceKlass org/jetbrains/kotlin/fir/builder/FirFunctionTypeParameterBuilder
instanceKlass org/jetbrains/kotlin/fir/expressions/builder/FirIncrementDecrementExpressionBuilder
instanceKlass org/jetbrains/kotlin/fir/expressions/builder/FirBreakExpressionBuilder
instanceKlass org/jetbrains/kotlin/fir/expressions/builder/FirLoopJumpBuilder
instanceKlass org/jetbrains/kotlin/fir/expressions/builder/FirWhileLoopBuilder
instanceKlass org/jetbrains/kotlin/fir/expressions/builder/FirLoopBuilder
instanceKlass org/jetbrains/kotlin/fir/FirGenerationKt
instanceKlass org/jetbrains/kotlin/fir/expressions/builder/FirComparisonExpressionBuilder
instanceKlass org/jetbrains/kotlin/fir/expressions/builder/FirAnonymousObjectExpressionBuilder
instanceKlass kotlin/text/MatchNamedGroupCollection
instanceKlass kotlin/text/MatchGroupCollection
instanceKlass kotlin/text/MatcherMatchResult
instanceKlass java/util/regex/Pattern$1
instanceKlass kotlin/text/RegexKt
instanceKlass kotlin/text/MatchResult
instanceKlass org/jetbrains/kotlin/fir/lightTree/converter/LightTreeRawFirExpressionBuilder$WhenConditionConvertedResults
instanceKlass org/jetbrains/kotlin/fir/expressions/builder/FirTypeOperatorCallBuilder
instanceKlass org/jetbrains/kotlin/fir/references/builder/FirDelegateFieldReferenceBuilder
instanceKlass org/jetbrains/kotlin/fir/expressions/builder/FirWrappedDelegateExpressionBuilder
instanceKlass org/jetbrains/kotlin/fir/EnumClassUtilsKt
instanceKlass org/jetbrains/kotlin/fir/declarations/builder/FirEnumEntryBuilder
instanceKlass org/jetbrains/kotlin/parsing/KotlinParsing$4
instanceKlass org/jetbrains/kotlin/fir/expressions/builder/FirCatchBuilder
instanceKlass org/jetbrains/kotlin/fir/expressions/builder/FirTryExpressionBuilder
instanceKlass kotlin/collections/ReversedList$listIterator$1
instanceKlass org/jetbrains/kotlin/fir/expressions/builder/FirUnitExpressionBuilder
instanceKlass org/jetbrains/kotlin/fir/expressions/builder/FirCallableReferenceAccessBuilder
instanceKlass org/jetbrains/kotlin/fir/expressions/builder/FirCheckNotNullCallBuilder
instanceKlass org/jetbrains/kotlin/fir/expressions/builder/FirBinaryLogicExpressionBuilder
instanceKlass org/jetbrains/kotlin/fir/expressions/builder/FirSafeCallExpressionBuilder
instanceKlass org/jetbrains/kotlin/fir/expressions/builder/FirCheckedSafeCallSubjectBuilder
instanceKlass org/jetbrains/kotlin/fir/lightTree/fir/WhenEntry
instanceKlass org/jetbrains/kotlin/fir/expressions/builder/FirWhenSubjectExpressionBuilder
instanceKlass org/jetbrains/kotlin/fir/expressions/builder/FirEmptyExpressionBlockBuilderKt
instanceKlass org/jetbrains/kotlin/fir/FirExpressionRef
instanceKlass org/jetbrains/kotlin/fir/expressions/builder/FirAnonymousFunctionExpressionBuilder
instanceKlass org/jetbrains/kotlin/fir/builder/FirLabelBuilder
instanceKlass org/jetbrains/kotlin/fir/declarations/builder/FirAnonymousFunctionBuilder
instanceKlass org/jetbrains/kotlin/fir/expressions/builder/FirElvisExpressionBuilder
instanceKlass org/jetbrains/kotlin/fir/declarations/builder/FirReceiverParameterBuilder
instanceKlass org/jetbrains/kotlin/parsing/BindAll
instanceKlass org/jetbrains/kotlin/parsing/AllCommentsBinder
instanceKlass org/jetbrains/kotlin/parsing/KotlinWhitespaceAndCommentsBindersKt
instanceKlass org/jetbrains/kotlin/fir/expressions/builder/FirNamedArgumentExpressionBuilder
instanceKlass org/jetbrains/kotlin/fir/types/builder/FirTypeProjectionWithVarianceBuilder
instanceKlass org/jetbrains/kotlin/fir/declarations/builder/FirConstructedClassTypeParameterRefBuilder
instanceKlass org/jetbrains/kotlin/fir/declarations/FirTypeParameterRef
instanceKlass org/jetbrains/kotlin/types/model/TypeParameterMarker
instanceKlass org/jetbrains/kotlin/mpp/TypeParameterSymbolMarker
instanceKlass org/jetbrains/kotlin/fir/declarations/builder/FirTypeParameterBuilder
instanceKlass org/jetbrains/kotlin/parsing/DoNotBindAnything
instanceKlass org/jetbrains/kotlin/fir/lightTree/fir/DelegatedConstructorWrapper
instanceKlass org/jetbrains/kotlin/fir/expressions/builder/FirThrowExpressionBuilder
instanceKlass org/jetbrains/kotlin/fir/builder/CharacterWithDiagnostic
instanceKlass org/jetbrains/kotlin/fir/expressions/builder/FirEqualityOperatorCallBuilder
instanceKlass org/jetbrains/kotlin/fir/expressions/builder/FirElseIfTrueConditionBuilder
instanceKlass org/jetbrains/kotlin/fir/expressions/builder/FirRegularWhenBranchBuilder
instanceKlass org/jetbrains/kotlin/fir/expressions/builder/FirAbstractWhenBranchBuilder
instanceKlass org/jetbrains/kotlin/fir/expressions/builder/FirVariableAssignmentBuilder
instanceKlass org/jetbrains/kotlin/fir/expressions/FirOperation$Companion
instanceKlass org/jetbrains/kotlin/com/google/common/math/IntMath$1
instanceKlass org/jetbrains/kotlin/com/google/common/math/MathPreconditions
instanceKlass org/jetbrains/kotlin/com/google/common/math/IntMath
instanceKlass org/jetbrains/kotlin/com/google/common/collect/ImmutableSet$SetBuilderImpl
instanceKlass org/jetbrains/kotlin/types/expressions/OperatorConventions
instanceKlass org/jetbrains/kotlin/fir/lightTree/converter/LightTreeRawFirExpressionBuilder$IfNodeComponents
instanceKlass org/jetbrains/kotlin/fir/expressions/builder/FirWhenExpressionBuilder
instanceKlass org/jetbrains/kotlin/fir/expressions/FirArgumentUtilKt
instanceKlass org/jetbrains/kotlin/fir/expressions/builder/FirGetClassCallBuilder
instanceKlass org/jetbrains/kotlin/fir/references/builder/FirResolvedNamedReferenceBuilder
instanceKlass org/jetbrains/kotlin/fir/references/builder/FirImplicitThisReferenceBuilder
instanceKlass org/jetbrains/kotlin/fir/builder/AbstractRawFirBuilder$DataClassMembersGenerator
instanceKlass org/jetbrains/kotlin/fir/diagnostics/ConeContractShouldBeFirstStatement
instanceKlass org/jetbrains/kotlin/utils/addToStdlib/AddToStdlibKt
instanceKlass kotlin/collections/ReversedListReadOnly$listIterator$1
instanceKlass org/jetbrains/kotlin/util/LightTreeUtilsKt
instanceKlass org/jetbrains/kotlin/fir/expressions/builder/FirBlockBuilder
instanceKlass org/jetbrains/kotlin/fir/references/builder/FirExplicitThisReferenceBuilder
instanceKlass org/jetbrains/kotlin/fir/expressions/builder/FirThisReceiverExpressionBuilder
instanceKlass org/jetbrains/kotlin/fir/expressions/builder/FirStringConcatenationCallBuilder
instanceKlass org/jetbrains/kotlin/fir/declarations/builder/FirPropertyAccessorBuilder
instanceKlass org/jetbrains/kotlin/fir/declarations/builder/FirDefaultSetterValueParameterBuilder
instanceKlass org/jetbrains/kotlin/fir/declarations/builder/FirAnonymousObjectBuilder
instanceKlass org/jetbrains/kotlin/fir/declarations/utils/DeclarationAttributesKt
instanceKlass org/jetbrains/kotlin/fir/declarations/impl/FirDefaultPropertyAccessor$Companion
instanceKlass org/jetbrains/kotlin/fir/builder/AbstractRawFirBuilderKt
instanceKlass org/jetbrains/kotlin/fir/references/builder/FirPropertyFromParameterResolvedNamedReferenceBuilder
instanceKlass org/jetbrains/kotlin/fir/declarations/builder/FirPropertyBuilder
instanceKlass org/jetbrains/kotlin/fir/declarations/builder/FirVariableBuilder
instanceKlass org/jetbrains/kotlin/fir/declarations/builder/FirValueParameterBuilder
instanceKlass org/jetbrains/kotlin/fir/lightTree/fir/ValueParameter
instanceKlass org/jetbrains/kotlin/mpp/ValueParameterSymbolMarker
instanceKlass org/jetbrains/kotlin/fir/expressions/builder/FirConstExpressionBuilderKt
instanceKlass org/jetbrains/kotlin/fir/expressions/FirExpressionUtilKt
instanceKlass org/jetbrains/kotlin/fir/diagnostics/ConeSimpleDiagnostic
instanceKlass org/jetbrains/kotlin/fir/diagnostics/ConeDiagnostic
instanceKlass org/jetbrains/kotlin/types/ConstantValueKind
instanceKlass org/jetbrains/kotlin/utils/NumberWithRadix
instanceKlass org/jetbrains/kotlin/utils/NumbersKt
instanceKlass org/jetbrains/kotlin/com/intellij/openapi/util/text/CharFilter
instanceKlass org/jetbrains/kotlin/com/intellij/util/text/LiteralFormatUtil
instanceKlass org/jetbrains/kotlin/parsing/ParseUtilsKt
instanceKlass org/jetbrains/kotlin/fir/lightTree/converter/LightTreeRawFirDeclarationBuilder$DelegationSpecifiers
instanceKlass org/jetbrains/kotlin/parsing/KotlinParsing$PropertyComponentKind$Collector
instanceKlass org/jetbrains/kotlin/parsing/PrecedingDocCommentsBinder
instanceKlass org/jetbrains/kotlin/lexer/_JetLexer$State
instanceKlass org/jetbrains/kotlin/fir/resolve/providers/impl/FirProviderImplKt$sam$java_util_function_BiFunction$0
instanceKlass org/jetbrains/kotlin/fir/resolve/providers/impl/FirProviderImpl$FirRecorder$registerCallable$1
instanceKlass org/jetbrains/kotlin/fir/FirNameConflictsTrackerComponentKt
instanceKlass org/jetbrains/kotlin/fir/resolve/providers/impl/FirProviderImpl$FirRecorderData
instanceKlass org/jetbrains/kotlin/fir/declarations/builder/FirFileBuilder
instanceKlass org/jetbrains/kotlin/fir/declarations/DelegateFieldsMapKt
instanceKlass org/jetbrains/kotlin/fir/expressions/builder/FirReturnExpressionBuilder
instanceKlass org/jetbrains/kotlin/fir/expressions/builder/FirPropertyAccessExpressionBuilder
instanceKlass org/jetbrains/kotlin/fir/expressions/builder/FirFunctionCallBuilder
instanceKlass org/jetbrains/kotlin/fir/builder/CalleeAndReceiver
instanceKlass org/jetbrains/kotlin/fir/FirAbstractTarget
instanceKlass org/jetbrains/kotlin/fir/FirTarget
instanceKlass org/jetbrains/kotlin/ElementTypeUtils
instanceKlass org/jetbrains/kotlin/fir/expressions/builder/FirAnnotationCallBuilder
instanceKlass org/jetbrains/kotlin/fir/expressions/builder/FirExpressionBuilder
instanceKlass org/jetbrains/kotlin/fir/references/builder/FirSimpleNamedReferenceBuilder
instanceKlass org/jetbrains/kotlin/fir/types/builder/FirUserTypeRefBuilder
instanceKlass org/jetbrains/kotlin/fir/types/impl/FirQualifierPartImpl
instanceKlass org/jetbrains/kotlin/fir/types/FirQualifierPart
instanceKlass org/jetbrains/kotlin/fir/types/impl/FirTypeArgumentListImpl
instanceKlass org/jetbrains/kotlin/fir/types/FirTypeArgumentList
instanceKlass org/jetbrains/kotlin/fir/declarations/utils/FirDeclarationBuildingUtilsKt
instanceKlass org/jetbrains/kotlin/fir/lightTree/fir/PrimaryConstructor
instanceKlass org/jetbrains/kotlin/fir/declarations/FirDeclarationDataRegistry$DeclarationDataAccessor
instanceKlass org/jetbrains/kotlin/fir/declarations/FirDeclarationDataKey
instanceKlass org/jetbrains/kotlin/fir/ClassMembersKt
instanceKlass org/jetbrains/kotlin/fir/declarations/builder/FirPrimaryConstructorBuilder
instanceKlass org/jetbrains/kotlin/fir/declarations/builder/FirAbstractConstructorBuilder
instanceKlass org/jetbrains/kotlin/fir/expressions/builder/FirArgumentListBuilder
instanceKlass org/jetbrains/kotlin/KtSourceElementKt
instanceKlass org/jetbrains/kotlin/fir/references/builder/FirExplicitSuperReferenceBuilder
instanceKlass org/jetbrains/kotlin/fir/UtilsKt
instanceKlass org/jetbrains/kotlin/fir/expressions/builder/FirDelegatedConstructorCallBuilder
instanceKlass org/jetbrains/kotlin/fir/builder/ConversionUtilsKt
instanceKlass org/jetbrains/kotlin/fir/lightTree/fir/ClassWrapper
instanceKlass org/jetbrains/kotlin/fir/builder/Context$StatusFirTypeParameterSymbolList
instanceKlass org/jetbrains/kotlin/psi/KtPsiUtil
instanceKlass org/jetbrains/kotlin/fir/lightTree/fir/modifier/ModifierFlag$Companion
instanceKlass org/jetbrains/kotlin/fir/lightTree/fir/modifier/Modifier
instanceKlass kotlin/properties/NotNullVar
instanceKlass kotlin/properties/ReadWriteProperty
instanceKlass kotlin/properties/Delegates
instanceKlass kotlin/reflect/KMutableProperty$Setter
instanceKlass org/jetbrains/kotlin/fir/declarations/builder/FirImportBuilder
instanceKlass org/jetbrains/kotlin/fir/builder/FirPackageDirectiveBuilder
instanceKlass org/jetbrains/kotlin/fir/lightTree/converter/ConverterUtilKt
instanceKlass org/jetbrains/kotlin/fir/expressions/builder/FirAbstractFunctionCallBuilder
instanceKlass org/jetbrains/kotlin/fir/expressions/builder/FirQualifiedAccessExpressionBuilder
instanceKlass org/jetbrains/kotlin/fir/expressions/builder/FirCallBuilder
instanceKlass org/jetbrains/kotlin/fir/builder/Context
instanceKlass org/jetbrains/kotlin/fir/builder/AbstractRawFirBuilder
instanceKlass org/jetbrains/kotlin/com/intellij/psi/tree/ILightLazyParseableElementType
instanceKlass org/jetbrains/kotlin/com/intellij/openapi/util/Ref
instanceKlass org/jetbrains/kotlin/com/intellij/lang/impl/PsiBuilderImpl$MyTreeStructure$2
instanceKlass org/jetbrains/kotlin/com/intellij/lang/impl/PsiBuilderImpl$MyTreeStructure$1
instanceKlass org/jetbrains/kotlin/com/intellij/util/containers/LimitedPool
instanceKlass org/jetbrains/kotlin/com/intellij/lang/LighterASTTokenNode
instanceKlass org/jetbrains/kotlin/com/intellij/lang/LighterLazyParseableNode
instanceKlass org/jetbrains/kotlin/com/intellij/lang/impl/PsiBuilderImpl$Token
instanceKlass org/jetbrains/kotlin/com/intellij/util/containers/LimitedPool$ObjectFactory
instanceKlass org/jetbrains/kotlin/com/intellij/lang/impl/PsiBuilderImpl$MyTreeStructure
instanceKlass org/jetbrains/kotlin/com/intellij/util/text/CharSequenceSubSequence
instanceKlass org/jetbrains/kotlin/com/intellij/lang/WhitespacesAndCommentsBinder$RecursiveBinder
instanceKlass org/jetbrains/kotlin/com/intellij/lang/impl/PsiBuilderImpl$RelativeTokenTextView
instanceKlass org/jetbrains/kotlin/parsing/PrecedingCommentsBinder
instanceKlass org/jetbrains/kotlin/parsing/AbstractKotlinParsing$OptionalMarker
instanceKlass org/jetbrains/kotlin/parsing/KotlinParsing$ModifierDetector
instanceKlass org/jetbrains/kotlin/com/intellij/lang/WhitespacesBinders$2
instanceKlass org/jetbrains/kotlin/com/intellij/lang/WhitespacesBinders$1
instanceKlass org/jetbrains/kotlin/com/intellij/lang/WhitespacesBinders
instanceKlass org/jetbrains/kotlin/parsing/TrailingCommentsBinder
instanceKlass java/util/function/IntUnaryOperator
instanceKlass org/jetbrains/kotlin/it/unimi/dsi/fastutil/Arrays
instanceKlass org/jetbrains/kotlin/com/google/common/collect/Hashing
instanceKlass org/jetbrains/kotlin/com/google/common/collect/ImmutableCollection$Builder
instanceKlass org/jetbrains/kotlin/com/google/common/collect/ImmutableMap$Builder
instanceKlass org/jetbrains/kotlin/parsing/AbstractTokenStreamPredicate
instanceKlass org/jetbrains/kotlin/parsing/TokenStreamPredicate
instanceKlass org/jetbrains/kotlin/parsing/AbstractTokenStreamPattern
instanceKlass org/jetbrains/kotlin/parsing/TokenStreamPattern
instanceKlass org/jetbrains/kotlin/parsing/Consumer
instanceKlass org/jetbrains/kotlin/com/intellij/lang/WhitespacesAndCommentsBinder
instanceKlass org/jetbrains/kotlin/parsing/AbstractKotlinParsing
instanceKlass org/jetbrains/kotlin/com/intellij/lang/impl/PsiBuilderAdapter
instanceKlass org/jetbrains/kotlin/parsing/SemanticWhitespaceAwarePsiBuilder
instanceKlass org/jetbrains/kotlin/parsing/KotlinLightParser
instanceKlass org/jetbrains/kotlin/com/intellij/lang/impl/TokenSequence$Builder
instanceKlass org/jetbrains/kotlin/com/intellij/lang/impl/TokenSequence
instanceKlass org/jetbrains/kotlin/com/intellij/lexer/TokenList
instanceKlass java/util/BitSet
instanceKlass org/jetbrains/kotlin/it/unimi/dsi/fastutil/ints/IntArrays$ArrayHashStrategy
instanceKlass org/jetbrains/kotlin/it/unimi/dsi/fastutil/ints/IntArrays$Segment
instanceKlass org/jetbrains/kotlin/it/unimi/dsi/fastutil/ints/IntArrays
instanceKlass org/jetbrains/kotlin/it/unimi/dsi/fastutil/ints/IntListIterator
instanceKlass org/jetbrains/kotlin/it/unimi/dsi/fastutil/ints/IntBidirectionalIterator
instanceKlass org/jetbrains/kotlin/it/unimi/dsi/fastutil/ints/IntSpliterator
instanceKlass org/jetbrains/kotlin/it/unimi/dsi/fastutil/ints/IntIterator
instanceKlass java/util/PrimitiveIterator$OfInt
instanceKlass java/util/PrimitiveIterator
instanceKlass java/util/function/IntConsumer
instanceKlass org/jetbrains/kotlin/it/unimi/dsi/fastutil/ints/IntStack
instanceKlass org/jetbrains/kotlin/it/unimi/dsi/fastutil/objects/ObjectArrays$ArrayHashStrategy
instanceKlass org/jetbrains/kotlin/it/unimi/dsi/fastutil/objects/ObjectArrays
instanceKlass org/jetbrains/kotlin/it/unimi/dsi/fastutil/objects/ObjectListIterator
instanceKlass org/jetbrains/kotlin/it/unimi/dsi/fastutil/objects/ObjectBidirectionalIterator
instanceKlass org/jetbrains/kotlin/it/unimi/dsi/fastutil/BidirectionalIterator
instanceKlass org/jetbrains/kotlin/it/unimi/dsi/fastutil/objects/ObjectList
instanceKlass org/jetbrains/kotlin/it/unimi/dsi/fastutil/Stack
instanceKlass org/jetbrains/kotlin/com/intellij/lang/WhitespacesAndCommentsBinder$TokenTextGetter
instanceKlass org/jetbrains/kotlin/com/intellij/lang/PsiBuilder$Marker
instanceKlass org/jetbrains/kotlin/com/intellij/lang/impl/PsiBuilderImpl$ProductionMarker
instanceKlass org/jetbrains/kotlin/com/intellij/lang/impl/PsiBuilderImpl$Node
instanceKlass org/jetbrains/kotlin/com/intellij/lang/LighterASTNode
instanceKlass org/jetbrains/kotlin/com/intellij/lang/SyntaxTreeBuilder$Marker
instanceKlass org/jetbrains/kotlin/com/intellij/util/diff/ShallowNodeComparator
instanceKlass org/jetbrains/kotlin/com/intellij/util/diff/DiffTreeChangeBuilder
instanceKlass org/jetbrains/kotlin/com/intellij/openapi/util/UnprotectedUserDataHolder
instanceKlass org/jetbrains/kotlin/lexer/_JetLexer
instanceKlass org/jetbrains/kotlin/com/intellij/lexer/FlexLexer
instanceKlass org/jetbrains/kotlin/com/intellij/lexer/LexerPosition
instanceKlass org/jetbrains/kotlin/fir/lightTree/LightTreeParsingErrorListener
instanceKlass org/jetbrains/kotlin/fir/lightTree/LightTreeParsingErrorListenerKt$toKotlinParsingErrorListener$diagnosticContext$1
instanceKlass org/jetbrains/kotlin/diagnostics/DiagnosticContext
instanceKlass org/jetbrains/kotlin/fir/lightTree/LightTreeParsingErrorListenerKt
instanceKlass org/jetbrains/kotlin/KtSourceFileLinesMappingFromLineStartOffsets
instanceKlass org/jetbrains/kotlin/KtSourceFileLinesMapping
instanceKlass org/jetbrains/kotlin/KtSourceFileLinesMappingKt
instanceKlass java/nio/DirectByteBuffer$Deallocator
instanceKlass sun/nio/ch/Util$BufferCache
instanceKlass org/jetbrains/kotlin/com/intellij/openapi/vfs/CharsetToolkit
instanceKlass java/nio/channels/Channels
instanceKlass sun/nio/ch/FileChannelImpl$Closer
instanceKlass org/jetbrains/kotlin/fir/lightTree/LightTree2Fir$Companion
instanceKlass org/jetbrains/kotlin/fir/lightTree/LightTree2Fir
instanceKlass org/jetbrains/kotlin/fir/session/SourcesToPathsMapperKt
instanceKlass org/jetbrains/kotlin/fir/pipeline/FirUtilsKt
instanceKlass org/jetbrains/kotlin/cli/common/SessionWithSources
instanceKlass org/jetbrains/kotlin/fir/java/FirJavaElementFinder$fileCache$1
instanceKlass org/jetbrains/kotlin/fir/java/FirJavaElementFinderKt
instanceKlass org/jetbrains/kotlin/fir/resolve/providers/FirProviderKt
instanceKlass java/util/function/BiPredicate
instanceKlass org/jetbrains/kotlin/com/intellij/util/containers/ImmutableList$Itr
instanceKlass org/jetbrains/kotlin/com/intellij/diagnostic/Activity
instanceKlass org/jetbrains/kotlin/com/intellij/diagnostic/StartUpMeasurer
instanceKlass org/jetbrains/kotlin/com/intellij/openapi/vfs/VirtualFileWithId
instanceKlass org/jetbrains/kotlin/it/unimi/dsi/fastutil/ints/IntList
instanceKlass org/jetbrains/kotlin/com/intellij/openapi/vfs/VirtualFileSetEx
instanceKlass org/jetbrains/kotlin/KtPsiSourceFile
instanceKlass org/jetbrains/kotlin/fir/java/JavaSymbolProvider$ClassCacheContext
instanceKlass org/jetbrains/kotlin/fir/extensions/FirDeclarationGenerationExtensionKt
instanceKlass org/jetbrains/kotlin/fir/extensions/FirExtensionDeclarationsSymbolProvider$Companion
instanceKlass org/jetbrains/kotlin/fir/extensions/FirSwitchableExtensionDeclarationsSymbolProvider$Companion
instanceKlass kotlin/comparisons/ComparisonsKt__ComparisonsKt
instanceKlass org/jetbrains/kotlin/fir/session/FirAbstractSessionFactory$computeDependencyProviderList$$inlined$sortedBy$1
instanceKlass org/jetbrains/kotlin/fir/resolve/providers/FirSymbolProviderKt
instanceKlass org/jetbrains/kotlin/fir/analysis/extensions/FirAdditionalCheckersExtensionKt
instanceKlass org/jetbrains/kotlin/fir/analysis/checkers/config/FirLanguageVersionSettingsChecker
instanceKlass org/jetbrains/kotlin/utils/CollectionsKt
instanceKlass org/jetbrains/kotlin/builtins/StandardNames$FqNames
instanceKlass org/jetbrains/kotlin/fir/analysis/checkers/expression/AbstractFirReflectionApiCallChecker$Companion
instanceKlass org/jetbrains/kotlin/load/kotlin/SignatureBuildingComponents
instanceKlass org/jetbrains/kotlin/load/java/SpecialGenericSignatures$Companion$NameAndSignature
instanceKlass org/jetbrains/kotlin/builtins/PrimitiveType$Companion
instanceKlass org/jetbrains/kotlin/load/java/SpecialGenericSignatures$Companion
instanceKlass org/jetbrains/kotlin/load/java/SpecialGenericSignatures
instanceKlass org/jetbrains/kotlin/fir/expressions/FirCall
instanceKlass org/jetbrains/kotlin/fir/analysis/checkers/type/FirTypeChecker
instanceKlass org/jetbrains/kotlin/fir/diagnostics/FirDiagnosticHolder
instanceKlass org/jetbrains/kotlin/KtSourceElementKind
instanceKlass org/jetbrains/kotlin/mpp/PropertySymbolMarker
instanceKlass org/jetbrains/kotlin/fir/analysis/checkers/expression/FirExpressionChecker
instanceKlass org/jetbrains/kotlin/fir/analysis/cfa/AbstractFirPropertyInitializationChecker
instanceKlass org/jetbrains/kotlin/fir/analysis/checkers/cfa/FirControlFlowChecker
instanceKlass org/jetbrains/kotlin/fir/analysis/checkers/expression/FirMissingDependencyClassProxy
instanceKlass org/jetbrains/kotlin/fir/analysis/checkers/declaration/FirValueClassDeclarationChecker$Companion
instanceKlass org/jetbrains/kotlin/fir/expressions/FirResolvable
instanceKlass org/jetbrains/kotlin/fir/expressions/FirContextReceiverArgumentListOwner
instanceKlass org/jetbrains/kotlin/AbstractKtSourceElement
instanceKlass org/jetbrains/kotlin/fir/analysis/checkers/syntax/FirSyntaxChecker
instanceKlass org/jetbrains/kotlin/mpp/ConstructorSymbolMarker
instanceKlass org/jetbrains/kotlin/fir/analysis/checkers/declaration/FirDeclarationChecker
instanceKlass org/jetbrains/kotlin/fir/analysis/CheckersComponentKt
instanceKlass org/jetbrains/kotlin/fir/checkers/CheckersContainersKt
instanceKlass org/jetbrains/kotlin/fir/resolve/providers/impl/FirProviderImpl$State
instanceKlass org/jetbrains/kotlin/fir/java/FirJvmTargetProvider
instanceKlass org/jetbrains/kotlin/fir/resolve/transformers/mpp/FirExpectActualMatchingContextImpl$Factory
instanceKlass org/jetbrains/kotlin/fir/FirExpectActualMatchingContextFactory
instanceKlass org/jetbrains/kotlin/fir/session/SourcesToPathsMapper
instanceKlass org/jetbrains/kotlin/fir/FirModuleDataKt
instanceKlass org/jetbrains/kotlin/fir/FirModuleVisibilityChecker
instanceKlass org/jetbrains/kotlin/fir/FirNameConflictsTrackerComponent
instanceKlass org/jetbrains/kotlin/fir/analysis/checkers/LanguageVersionSettingsCheckers$Companion
instanceKlass org/jetbrains/kotlin/fir/analysis/checkers/LanguageVersionSettingsCheckers
instanceKlass org/jetbrains/kotlin/fir/analysis/checkers/type/TypeCheckers$Companion
instanceKlass org/jetbrains/kotlin/fir/analysis/checkers/type/TypeCheckers
instanceKlass org/jetbrains/kotlin/fir/analysis/checkers/expression/ExpressionCheckers$Companion
instanceKlass org/jetbrains/kotlin/fir/analysis/checkers/expression/ExpressionCheckers
instanceKlass org/jetbrains/kotlin/fir/analysis/checkers/FirCheckerWithMppKind
instanceKlass org/jetbrains/kotlin/fir/analysis/checkers/declaration/DeclarationCheckers$Companion
instanceKlass org/jetbrains/kotlin/fir/analysis/checkers/declaration/DeclarationCheckers
instanceKlass org/jetbrains/kotlin/fir/analysis/CheckersComponent
instanceKlass org/jetbrains/kotlin/fir/resolve/FirTypeResolver
instanceKlass org/jetbrains/kotlin/fir/resolve/FirQualifierResolver
instanceKlass org/jetbrains/kotlin/fir/session/FirJvmIncrementalCompilationSymbolProviders
instanceKlass org/jetbrains/kotlin/cli/common/FirSessionConstructionUtilsKt$createSingleSession$session$1
instanceKlass org/jetbrains/kotlin/cli/common/FirSessionConstructionUtilsKt$prepareSessions$sessionConfigurator$1
instanceKlass org/jetbrains/kotlin/fir/resolve/providers/FirProvider
instanceKlass org/jetbrains/kotlin/fir/resolve/providers/FirCompositeCachedSymbolNamesProvider$Companion
instanceKlass org/jetbrains/kotlin/fir/resolve/providers/impl/FirCachingCompositeSymbolProvider$special$$inlined$createCache$5
instanceKlass org/jetbrains/kotlin/fir/resolve/providers/impl/FirCachingCompositeSymbolProvider$special$$inlined$createCache$4
instanceKlass org/jetbrains/kotlin/fir/resolve/providers/impl/FirCachingCompositeSymbolProvider$special$$inlined$createCache$3
instanceKlass org/jetbrains/kotlin/fir/resolve/providers/impl/FirCachingCompositeSymbolProvider$special$$inlined$createCache$2
instanceKlass org/jetbrains/kotlin/fir/resolve/providers/impl/FirCachingCompositeSymbolProvider$special$$inlined$createCache$1
instanceKlass org/jetbrains/kotlin/fir/deserialization/AbstractAnnotationDeserializer
instanceKlass org/jetbrains/kotlin/fir/java/deserialization/OptionalAnnotationClassesProvider$Companion
instanceKlass org/jetbrains/kotlin/fir/declarations/FirResolvedToPhaseState$Companion
instanceKlass org/jetbrains/kotlin/fir/declarations/FirResolveState
instanceKlass org/jetbrains/kotlin/fir/declarations/FirResolveStateKt
instanceKlass org/jetbrains/kotlin/fir/FirTargetElement
instanceKlass org/jetbrains/kotlin/fir/declarations/FirTypeParametersOwner
instanceKlass org/jetbrains/kotlin/fir/declarations/FirContractDescriptionOwner
instanceKlass org/jetbrains/kotlin/name/SpecialNames
instanceKlass org/jetbrains/kotlin/name/CallableId$Companion
instanceKlass org/jetbrains/kotlin/name/CallableId
instanceKlass org/jetbrains/kotlin/name/StandardClassIds$Callables
instanceKlass org/jetbrains/kotlin/descriptors/EffectiveVisibilityKt
instanceKlass org/jetbrains/kotlin/fir/EffectiveVisibilityUtilsKt
instanceKlass org/jetbrains/kotlin/fir/declarations/builder/FirSimpleFunctionBuilder
instanceKlass org/jetbrains/kotlin/fir/declarations/builder/FirTypeParametersOwnerBuilder
instanceKlass org/jetbrains/kotlin/fir/declarations/builder/FirFunctionBuilder
instanceKlass org/jetbrains/kotlin/descriptors/EffectiveVisibility
instanceKlass org/jetbrains/kotlin/descriptors/Modality$Companion
instanceKlass org/jetbrains/kotlin/descriptors/Visibility
instanceKlass org/jetbrains/kotlin/fir/declarations/impl/FirResolvedDeclarationStatusImpl$Companion
instanceKlass org/jetbrains/kotlin/fir/declarations/FirResolvedDeclarationStatus
instanceKlass org/jetbrains/kotlin/fir/declarations/FirDeclarationStatus
instanceKlass org/jetbrains/kotlin/fir/declarations/DeprecationsProvider
instanceKlass org/jetbrains/kotlin/fir/declarations/FirResolvePhase$Companion
instanceKlass org/jetbrains/kotlin/fir/declarations/builder/FirRegularClassBuilder
instanceKlass org/jetbrains/kotlin/fir/declarations/builder/FirTypeParameterRefsOwnerBuilder
instanceKlass org/jetbrains/kotlin/fir/declarations/builder/FirClassBuilder
instanceKlass org/jetbrains/kotlin/fir/declarations/builder/FirDeclarationBuilder
instanceKlass org/jetbrains/kotlin/fir/resolve/providers/impl/FirBuiltinSyntheticFunctionInterfaceProvider$Companion
instanceKlass kotlin/UnsafeLazyImpl
instanceKlass org/jetbrains/kotlin/fir/caches/FirLazyValue
instanceKlass org/jetbrains/kotlin/fir/resolve/providers/impl/FirBuiltinSymbolProvider$BuiltInsPackageFragmentWrapper$special$$inlined$createCache$1
instanceKlass org/jetbrains/kotlin/fir/deserialization/FirMemberDeserializer
instanceKlass org/jetbrains/kotlin/fir/resolve/providers/impl/FirBuiltinSymbolProvider$BuiltInsPackageFragmentWrapper
instanceKlass java/util/LinkedList$ListItr
instanceKlass kotlin/Triple
instanceKlass java/util/LinkedList$Node
instanceKlass org/jetbrains/kotlin/metadata/deserialization/NameResolverImpl$WhenMappings
instanceKlass org/jetbrains/kotlin/serialization/deserialization/NameResolverUtilKt
instanceKlass org/jetbrains/kotlin/serialization/deserialization/ProtoBasedClassDataFinder
instanceKlass org/jetbrains/kotlin/serialization/deserialization/ClassDataFinder
instanceKlass org/jetbrains/kotlin/metadata/ProtoBuf$Type$Argument$Projection$1
instanceKlass org/jetbrains/kotlin/metadata/ProtoBuf$Type$ArgumentOrBuilder
instanceKlass org/jetbrains/kotlin/metadata/ProtoBuf$PackageFragmentOrBuilder
instanceKlass kotlin/collections/IntIterator
instanceKlass org/jetbrains/kotlin/metadata/builtins/BuiltInsBinaryVersion$Companion
instanceKlass org/jetbrains/kotlin/fir/resolve/providers/impl/BinaryVersionAndPackageFragment$Companion
instanceKlass org/jetbrains/kotlin/fir/resolve/providers/impl/BinaryVersionAndPackageFragment
instanceKlass org/jetbrains/kotlin/fir/resolve/providers/impl/FirBuiltinSymbolProvider$BuiltInsPackageFragment
instanceKlass org/jetbrains/kotlin/fir/resolve/providers/impl/FirBuiltinSymbolProvider$Companion
instanceKlass org/jetbrains/kotlin/fir/java/deserialization/AnnotationsLoader
instanceKlass org/jetbrains/kotlin/fir/deserialization/AbstractFirDeserializedSymbolProvider$special$$inlined$createCache$4
instanceKlass org/jetbrains/kotlin/fir/deserialization/AbstractFirDeserializedSymbolProvider$special$$inlined$createCache$3
instanceKlass org/jetbrains/kotlin/mpp/RegularClassSymbolMarker
instanceKlass org/jetbrains/kotlin/mpp/TypeAliasSymbolMarker
instanceKlass org/jetbrains/kotlin/fir/deserialization/FirDeserializationContext
instanceKlass org/jetbrains/kotlin/fir/deserialization/AbstractFirDeserializedSymbolProvider$special$$inlined$createCache$2
instanceKlass org/jetbrains/kotlin/fir/deserialization/AbstractFirDeserializedSymbolProvider$special$$inlined$createCache$1
instanceKlass org/jetbrains/kotlin/fir/resolve/providers/FirCachedSymbolNamesProvider$special$$inlined$createCache$2
instanceKlass org/jetbrains/kotlin/fir/resolve/providers/FirCachedSymbolNamesProvider$special$$inlined$createCache$1
instanceKlass org/jetbrains/kotlin/fir/resolve/providers/FirSymbolNamesProvider
instanceKlass org/jetbrains/kotlin/serialization/SerializerExtensionProtocol
instanceKlass org/jetbrains/kotlin/fir/declarations/FirDeclarationOrigin
instanceKlass org/jetbrains/kotlin/fir/extensions/FirStatusTransformerExtensionKt
instanceKlass org/jetbrains/kotlin/fir/java/FirJavaFacade$special$$inlined$createCache$2
instanceKlass org/jetbrains/kotlin/fir/java/FirJavaFacade$special$$inlined$createCache$1
instanceKlass org/jetbrains/kotlin/resolve/jvm/TopPackageNamesProvider
instanceKlass org/jetbrains/kotlin/load/java/AbstractJavaClassFinder
instanceKlass org/jetbrains/kotlin/load/java/JavaClassFinder
instanceKlass org/jetbrains/kotlin/load/java/JavaClassFinderImplKt
instanceKlass org/jetbrains/kotlin/fir/java/FirJavaFacade$Companion
instanceKlass org/jetbrains/kotlin/fir/java/FirJavaFacade
instanceKlass org/jetbrains/kotlin/load/kotlin/VirtualFileFinder$SERVICE
instanceKlass org/jetbrains/kotlin/load/kotlin/VirtualFileFinderFactory$SERVICE
instanceKlass org/jetbrains/kotlin/builtins/functions/FunctionTypeKindKt
instanceKlass org/jetbrains/kotlin/fir/types/FirFunctionTypeKindServiceKt
instanceKlass org/jetbrains/kotlin/fir/resolve/providers/impl/FirExtensionSyntheticFunctionInterfaceProvider$Companion
instanceKlass org/jetbrains/kotlin/fir/resolve/providers/impl/FirSyntheticFunctionInterfaceProviderBase$Companion
instanceKlass org/jetbrains/kotlin/fir/serialization/FirProvidedDeclarationsForMetadataService$Companion
instanceKlass org/jetbrains/kotlin/fir/serialization/FirProvidedDeclarationsForMetadataService
instanceKlass org/jetbrains/kotlin/builtins/functions/FunctionTypeKindExtractor$Companion
instanceKlass org/jetbrains/kotlin/builtins/functions/FunctionTypeKindExtractor
instanceKlass kotlin/collections/builders/ListBuilder$Itr
instanceKlass kotlin/jvm/internal/markers/KMutableListIterator
instanceKlass org/jetbrains/kotlin/fir/extensions/FirFunctionTypeKindExtensionKt
instanceKlass org/jetbrains/kotlin/fir/types/FirFunctionTypeKindServiceImpl$extractor$1$kinds$1$registrar$1
instanceKlass org/jetbrains/kotlin/fir/extensions/FirFunctionTypeKindExtension$FunctionTypeKindRegistrar
instanceKlass org/jetbrains/kotlin/builtins/StandardNames
instanceKlass org/jetbrains/kotlin/builtins/functions/FunctionTypeKind
instanceKlass kotlin/collections/builders/ListBuilder$Companion
instanceKlass kotlin/jvm/internal/markers/KMutableList
instanceKlass org/jetbrains/kotlin/fir/types/FirFunctionTypeKindService
instanceKlass org/jetbrains/kotlin/fir/extensions/FirDeclarationPredicateRegistrar
instanceKlass org/jetbrains/kotlin/fir/extensions/FirExtensionSessionComponentKt
instanceKlass org/jetbrains/kotlin/fir/extensions/FirExtensionRegistrarKt
instanceKlass org/jetbrains/kotlin/fir/extensions/FirExtensionServiceKt
instanceKlass org/jetbrains/kotlin/fir/extensions/BunchOfRegisteredExtensions$Companion
instanceKlass org/jetbrains/kotlin/fir/extensions/BunchOfRegisteredExtensions
instanceKlass org/jetbrains/kotlin/fir/session/FirSessionConfigurator
instanceKlass org/jetbrains/kotlin/resolve/ImportPath$Companion
instanceKlass org/jetbrains/kotlin/resolve/ImportPath
instanceKlass org/jetbrains/kotlin/fir/resolve/substitution/AbstractConeSubstitutor$Companion
instanceKlass org/jetbrains/kotlin/fir/resolve/substitution/ConeSubstitutor
instanceKlass org/jetbrains/kotlin/types/model/TypeSubstitutorMarker
instanceKlass org/jetbrains/kotlin/fir/analysis/jvm/checkers/FirJavaNullabilityWarningUpperBoundsProvider
instanceKlass org/jetbrains/kotlin/fir/analysis/checkers/FirPlatformUpperBoundsProvider
instanceKlass org/jetbrains/kotlin/fir/scopes/jvm/FirJvmDelegatedMembersFilter$Companion
instanceKlass org/jetbrains/kotlin/fir/analysis/checkers/expression/FirGenericArrayClassLiteralSupport$Enabled
instanceKlass org/jetbrains/kotlin/fir/analysis/checkers/FirInlineCheckerPlatformSpecificComponent
instanceKlass org/jetbrains/kotlin/fir/resolve/calls/FirSyntheticNamesProvider
instanceKlass org/jetbrains/kotlin/resolve/jvm/JvmTypeSpecificityComparator
instanceKlass org/jetbrains/kotlin/fir/declarations/FirTypeSpecificityComparatorProvider
instanceKlass org/jetbrains/kotlin/name/JvmStandardClassIds
instanceKlass org/jetbrains/kotlin/name/JvmStandardClassIds$Annotations
instanceKlass org/jetbrains/kotlin/name/JvmStandardClassIds$Annotations$Java
instanceKlass org/jetbrains/kotlin/fir/resolve/transformers/plugin/CompilerRequiredAnnotationEnhancementProvider
instanceKlass org/jetbrains/kotlin/fir/java/deserialization/FirJvmDeserializationExtension$Companion
instanceKlass org/jetbrains/kotlin/fir/deserialization/FirDeserializationExtension
instanceKlass org/jetbrains/kotlin/fir/scopes/FirOverrideCheckerKt
instanceKlass org/jetbrains/kotlin/fir/java/JavaTypeParameterStack$Companion
instanceKlass org/jetbrains/kotlin/fir/java/JavaTypeParameterStack
instanceKlass org/jetbrains/kotlin/fir/java/scopes/JavaOverridabilityRules
instanceKlass org/jetbrains/kotlin/fir/scopes/PlatformSpecificOverridabilityRules
instanceKlass org/jetbrains/kotlin/name/JvmStandardClassIdsKt
instanceKlass org/jetbrains/kotlin/name/JvmStandardClassIds$Java
instanceKlass org/jetbrains/kotlin/fir/java/JvmSupertypeUpdater$DelegatedConstructorCallTransformer$Companion
instanceKlass org/jetbrains/kotlin/fir/visitors/FirVisitor
instanceKlass org/jetbrains/kotlin/fir/resolve/transformers/PlatformSupertypeUpdater
instanceKlass org/jetbrains/kotlin/fir/java/FirJvmDefaultModeComponent
instanceKlass org/jetbrains/kotlin/fir/java/FirSyntheticPropertiesStorage$special$$inlined$createCache$1
instanceKlass org/jetbrains/kotlin/fir/java/FirSyntheticPropertiesStorage
instanceKlass org/jetbrains/kotlin/load/java/AbstractAnnotationTypeQualifierResolver$Companion
instanceKlass org/jetbrains/kotlin/load/java/AbstractAnnotationTypeQualifierResolver
instanceKlass org/jetbrains/kotlin/fir/modules/FirJavaModuleResolverProvider
instanceKlass org/jetbrains/kotlin/resolve/jvm/modules/JavaModuleResolver$SERVICE
instanceKlass org/jetbrains/kotlin/resolve/checkers/ClassifierUsageCheckerContext
instanceKlass org/jetbrains/kotlin/resolve/calls/context/ResolutionContext
instanceKlass java/lang/annotation/Documented
instanceKlass kotlin/annotation/MustBeDocumented
instanceKlass kotlin/jvm/JvmStatic
instanceKlass org/jetbrains/kotlin/descriptors/ModuleDescriptor
instanceKlass org/jetbrains/kotlin/resolve/BindingTrace
instanceKlass org/jetbrains/kotlin/descriptors/ClassifierDescriptor
instanceKlass org/jetbrains/kotlin/descriptors/SourceElement
instanceKlass org/jetbrains/kotlin/resolve/calls/checkers/CallCheckerContext
instanceKlass org/jetbrains/kotlin/resolve/calls/model/ResolvedCall
instanceKlass org/jetbrains/kotlin/resolve/scopes/receivers/ReceiverValue
instanceKlass org/jetbrains/kotlin/resolve/scopes/receivers/Receiver
instanceKlass org/jetbrains/kotlin/descriptors/annotations/AnnotationDescriptor
instanceKlass org/jetbrains/kotlin/diagnostics/DiagnosticSink
instanceKlass org/jetbrains/kotlin/descriptors/VariableDescriptor
instanceKlass org/jetbrains/kotlin/descriptors/ValueDescriptor
instanceKlass org/jetbrains/kotlin/container/ConstructorInfo
instanceKlass org/jetbrains/kotlin/com/intellij/util/ObjectUtilsRt
instanceKlass org/jetbrains/kotlin/container/DefaultImplementation
instanceKlass jdk/internal/vm/annotation/IntrinsicCandidate
instanceKlass org/jetbrains/kotlin/resolve/checkers/DeclarationCheckerContext
instanceKlass org/jetbrains/kotlin/resolve/checkers/CheckerContext
instanceKlass org/jetbrains/kotlin/container/ClassInfo
instanceKlass org/jetbrains/kotlin/container/ClassTraversalCache
instanceKlass org/jetbrains/kotlin/container/CacheKt
instanceKlass org/jetbrains/kotlin/container/DynamicComponentDescriptor
instanceKlass org/jetbrains/kotlin/container/InstanceComponentDescriptor
instanceKlass org/jetbrains/kotlin/container/ComponentDescriptor
instanceKlass org/jetbrains/kotlin/container/ValueDescriptor
instanceKlass org/jetbrains/kotlin/container/ContainerKt
instanceKlass org/jetbrains/kotlin/resolve/checkers/PlatformDiagnosticSuppressor
instanceKlass org/jetbrains/kotlin/resolve/lazy/AbsentDescriptorHandler
instanceKlass org/jetbrains/kotlin/types/DynamicTypesSettings
instanceKlass org/jetbrains/kotlin/resolve/calls/results/TypeSpecificityComparator$NONE
instanceKlass org/jetbrains/kotlin/resolve/calls/results/TypeSpecificityComparator
instanceKlass org/jetbrains/kotlin/resolve/IdentifierChecker
instanceKlass org/jetbrains/kotlin/container/PlatformSpecificExtension
instanceKlass org/jetbrains/kotlin/container/PlatformExtensionsClashResolver
instanceKlass org/jetbrains/kotlin/resolve/checkers/OptionalExpectationUsageChecker
instanceKlass org/jetbrains/kotlin/resolve/checkers/MissingDependencyClassChecker$ClassifierUsage
instanceKlass org/jetbrains/kotlin/resolve/checkers/ApiVersionClassifierUsageChecker
instanceKlass org/jetbrains/kotlin/resolve/checkers/DeprecatedClassifierUsageChecker
instanceKlass org/jetbrains/kotlin/resolve/checkers/ClassifierUsageChecker
instanceKlass org/jetbrains/kotlin/resolve/calls/checkers/EnumEntriesUnsupportedChecker
instanceKlass org/jetbrains/kotlin/resolve/calls/checkers/CustomEnumEntriesMigrationCallChecker
instanceKlass org/jetbrains/kotlin/resolve/calls/checkers/CompanionIncorrectlyUnboundedWhenUsedAsLHSCallChecker
instanceKlass org/jetbrains/kotlin/resolve/calls/checkers/IncorrectCapturedApproximationCallChecker
instanceKlass org/jetbrains/kotlin/resolve/calls/checkers/BuilderInferenceAssignmentChecker
instanceKlass org/jetbrains/kotlin/resolve/calls/checkers/UnsupportedUntilOperatorChecker
instanceKlass org/jetbrains/kotlin/resolve/calls/checkers/EqualityCallChecker
instanceKlass org/jetbrains/kotlin/resolve/calls/checkers/ResolutionToPrivateConstructorOfSealedClassChecker
instanceKlass org/jetbrains/kotlin/resolve/calls/checkers/CompanionInParenthesesLHSCallChecker
instanceKlass org/jetbrains/kotlin/resolve/calls/checkers/EnumEntryVsCompanionPriorityCallChecker
instanceKlass org/jetbrains/kotlin/utils/StringsKt
instanceKlass org/jetbrains/kotlin/resolve/calls/checkers/NewSchemeOfIntegerOperatorResolutionChecker
instanceKlass org/jetbrains/kotlin/resolve/calls/checkers/SelfCallInNestedObjectConstructorChecker
instanceKlass org/jetbrains/kotlin/resolve/calls/checkers/VarargWrongExecutionOrderChecker
instanceKlass org/jetbrains/kotlin/resolve/calls/checkers/ReferencingToUnderscoreNamedParameterOfCatchBlockChecker
instanceKlass org/jetbrains/kotlin/resolve/checkers/NullableExtensionOperatorWithSafeCallChecker
instanceKlass org/jetbrains/kotlin/resolve/calls/checkers/FunInterfaceConstructorReferenceChecker
instanceKlass org/jetbrains/kotlin/resolve/calls/checkers/UnitConversionCallChecker
instanceKlass org/jetbrains/kotlin/resolve/calls/checkers/SuspendConversionCallChecker
instanceKlass org/jetbrains/kotlin/resolve/calls/checkers/AbstractClassInstantiationChecker
instanceKlass org/jetbrains/kotlin/resolve/checkers/MissingDependencySupertypeChecker$ForCalls
instanceKlass org/jetbrains/kotlin/diagnostics/Diagnostic
instanceKlass org/jetbrains/kotlin/diagnostics/UnboundDiagnostic
instanceKlass org/jetbrains/kotlin/diagnostics/DiagnosticMarker
instanceKlass org/jetbrains/kotlin/resolve/calls/checkers/ReifiedTypeParameterSubstitutionChecker
instanceKlass org/jetbrains/kotlin/resolve/calls/checkers/ContractNotAllowedCallChecker
instanceKlass org/jetbrains/kotlin/resolve/calls/checkers/NamedFunAsExpressionChecker
instanceKlass org/jetbrains/kotlin/resolve/calls/checkers/NullableVarargArgumentCallChecker
instanceKlass org/jetbrains/kotlin/resolve/calls/checkers/ResultTypeWithNullableOperatorsChecker
instanceKlass org/jetbrains/kotlin/resolve/calls/checkers/UselessElvisCallChecker
instanceKlass org/jetbrains/kotlin/resolve/calls/checkers/LambdaWithSuspendModifierCallChecker
instanceKlass org/jetbrains/kotlin/resolve/checkers/PrimitiveNumericComparisonCallChecker
instanceKlass org/jetbrains/kotlin/resolve/calls/checkers/ImplicitNothingAsTypeParameterCallChecker
instanceKlass org/jetbrains/kotlin/resolve/calls/checkers/AssigningNamedArgumentToVarargChecker
instanceKlass org/jetbrains/kotlin/resolve/calls/checkers/UnderscoreUsageChecker
instanceKlass org/jetbrains/kotlin/resolve/calls/checkers/CallableReferenceCompatibilityChecker
instanceKlass org/jetbrains/kotlin/resolve/checkers/MissingDependencyClassChecker
instanceKlass org/jetbrains/kotlin/resolve/calls/checkers/DslScopeViolationCallChecker
instanceKlass org/jetbrains/kotlin/resolve/calls/checkers/BuilderFunctionsCallChecker
instanceKlass org/jetbrains/kotlin/resolve/calls/checkers/CoroutineSuspendCallChecker
instanceKlass org/jetbrains/kotlin/resolve/calls/checkers/ApiVersionCallChecker
instanceKlass org/jetbrains/kotlin/descriptors/ConstructorDescriptor
instanceKlass org/jetbrains/kotlin/descriptors/FunctionDescriptor
instanceKlass org/jetbrains/kotlin/descriptors/CallableMemberDescriptor
instanceKlass org/jetbrains/kotlin/descriptors/MemberDescriptor
instanceKlass org/jetbrains/kotlin/descriptors/CallableDescriptor
instanceKlass org/jetbrains/kotlin/descriptors/Substitutable
instanceKlass org/jetbrains/kotlin/descriptors/DeclarationDescriptorWithVisibility
instanceKlass org/jetbrains/kotlin/descriptors/DeclarationDescriptorNonRoot
instanceKlass org/jetbrains/kotlin/descriptors/DeclarationDescriptorWithSource
instanceKlass org/jetbrains/kotlin/descriptors/DeclarationDescriptor
instanceKlass org/jetbrains/kotlin/descriptors/ValidateableDescriptor
instanceKlass org/jetbrains/kotlin/descriptors/Named
instanceKlass org/jetbrains/kotlin/resolve/calls/checkers/ProtectedConstructorCallChecker
instanceKlass org/jetbrains/kotlin/resolve/calls/checkers/ConstructorHeaderCallChecker
instanceKlass org/jetbrains/kotlin/resolve/calls/checkers/OperatorCallChecker$Companion
instanceKlass org/jetbrains/kotlin/resolve/calls/checkers/OperatorCallChecker
instanceKlass org/jetbrains/kotlin/resolve/calls/checkers/InfixCallChecker
instanceKlass org/jetbrains/kotlin/resolve/calls/checkers/CallReturnsArrayOfNothingChecker
instanceKlass org/jetbrains/kotlin/psi/KtOperationExpression
instanceKlass org/jetbrains/kotlin/BlockExpressionElementType$Companion
instanceKlass org/jetbrains/kotlin/psi/stubs/KotlinScriptStub
instanceKlass org/jetbrains/kotlin/psi/stubs/KotlinPlaceHolderWithTextStub
instanceKlass org/jetbrains/kotlin/com/intellij/psi/LiteralTextEscaper
instanceKlass org/jetbrains/kotlin/com/intellij/psi/ContributedReferenceHost
instanceKlass org/jetbrains/kotlin/psi/stubs/KotlinCollectionLiteralExpressionStub
instanceKlass org/jetbrains/kotlin/psi/stubs/KotlinClassLiteralExpressionStub
instanceKlass org/jetbrains/kotlin/psi/KtDoubleColonExpression
instanceKlass org/jetbrains/kotlin/psi/stubs/KotlinConstantExpressionStub
instanceKlass org/jetbrains/kotlin/psi/stubs/elements/KtConstantExpressionElementType$Companion
instanceKlass org/jetbrains/kotlin/psi/stubs/KotlinContextReceiverStub
instanceKlass org/jetbrains/kotlin/psi/LambdaArgument
instanceKlass org/jetbrains/kotlin/psi/stubs/KotlinContractEffectStub
instanceKlass org/jetbrains/kotlin/psi/ValueArgumentName
instanceKlass org/jetbrains/kotlin/psi/stubs/KotlinValueArgumentStub
instanceKlass org/jetbrains/kotlin/psi/ValueArgument
instanceKlass org/jetbrains/kotlin/psi/stubs/KotlinEnumEntrySuperclassReferenceExpressionStub
instanceKlass org/jetbrains/kotlin/psi/KtQualifiedExpression
instanceKlass org/jetbrains/kotlin/psi/stubs/KotlinNameReferenceExpressionStub
instanceKlass org/jetbrains/kotlin/psi/stubs/KotlinTypeProjectionStub
instanceKlass org/jetbrains/kotlin/psi/KtSimpleNameExpression
instanceKlass org/jetbrains/kotlin/psi/KtReferenceExpression
instanceKlass org/jetbrains/kotlin/psi/stubs/KotlinUserTypeStub
instanceKlass org/jetbrains/kotlin/psi/stubs/impl/KotlinTypeBean
instanceKlass org/jetbrains/kotlin/psi/KtTypeElement
instanceKlass org/jetbrains/kotlin/psi/stubs/KotlinModifierListStub
instanceKlass org/jetbrains/kotlin/psi/stubs/KotlinImportAliasStub
instanceKlass org/jetbrains/kotlin/psi/KtImportInfo$ImportContent
instanceKlass org/jetbrains/kotlin/psi/KtImportInfo
instanceKlass org/jetbrains/kotlin/psi/stubs/KotlinImportDirectiveStub
instanceKlass org/jetbrains/kotlin/psi/stubs/KotlinAnnotationUseSiteTargetStub
instanceKlass org/jetbrains/kotlin/psi/KtCallElement
instanceKlass org/jetbrains/kotlin/psi/stubs/KotlinAnnotationEntryStub
instanceKlass org/jetbrains/kotlin/psi/stubs/KotlinTypeParameterStub
instanceKlass org/jetbrains/kotlin/psi/stubs/KotlinParameterStub
instanceKlass org/jetbrains/kotlin/psi/stubs/KotlinConstructorStub
instanceKlass org/jetbrains/kotlin/psi/KtAnonymousInitializer
instanceKlass org/jetbrains/kotlin/psi/stubs/KotlinPlaceHolderStub
instanceKlass org/jetbrains/kotlin/psi/stubs/KotlinObjectStub
instanceKlass org/jetbrains/kotlin/psi/stubs/KotlinTypeAliasStub
instanceKlass org/jetbrains/kotlin/psi/stubs/KotlinBackingFieldStub
instanceKlass org/jetbrains/kotlin/psi/stubs/KotlinPropertyAccessorStub
instanceKlass org/jetbrains/kotlin/psi/KtVariableDeclaration
instanceKlass org/jetbrains/kotlin/psi/KtValVarKeywordOwner
instanceKlass org/jetbrains/kotlin/psi/stubs/KotlinPropertyStub
instanceKlass org/jetbrains/kotlin/psi/stubs/KotlinFunctionStub
instanceKlass org/jetbrains/kotlin/psi/stubs/KotlinCallableStubBase
instanceKlass org/jetbrains/kotlin/com/intellij/psi/impl/source/SubstrateRef
instanceKlass org/jetbrains/kotlin/psi/stubs/KotlinClassStub
instanceKlass org/jetbrains/kotlin/psi/stubs/KotlinClassOrObjectStub
instanceKlass org/jetbrains/kotlin/psi/stubs/KotlinStubWithFqName
instanceKlass org/jetbrains/kotlin/com/intellij/psi/stubs/NamedStub
instanceKlass org/jetbrains/kotlin/psi/stubs/KotlinClassifierStub
instanceKlass org/jetbrains/kotlin/psi/stubs/elements/KtStubElementTypes
instanceKlass org/jetbrains/kotlin/com/intellij/psi/tree/IReparseableElementTypeBase
instanceKlass org/jetbrains/kotlin/com/intellij/psi/tree/ICompositeElementType
instanceKlass org/jetbrains/kotlin/KtNodeTypes
instanceKlass org/jetbrains/kotlin/com/intellij/psi/tree/IReparseableLeafElementType
instanceKlass org/jetbrains/kotlin/com/intellij/psi/TokenType
instanceKlass org/jetbrains/kotlin/com/intellij/psi/tree/TokenSet
instanceKlass org/jetbrains/kotlin/com/intellij/lang/PsiParser
instanceKlass org/jetbrains/kotlin/kdoc/lexer/KDocTokens
instanceKlass org/jetbrains/kotlin/lexer/KtTokens
instanceKlass org/jetbrains/kotlin/resolve/calls/checkers/DeprecatedCallChecker
instanceKlass org/jetbrains/kotlin/resolve/checkers/TrailingCommaCallChecker
instanceKlass org/jetbrains/kotlin/resolve/calls/checkers/SafeCallChecker
instanceKlass org/jetbrains/kotlin/resolve/calls/checkers/SynchronizedByValueChecker
instanceKlass org/jetbrains/kotlin/resolve/calls/checkers/InlineCheckerWrapper
instanceKlass org/jetbrains/kotlin/resolve/calls/checkers/CapturingInClosureChecker
instanceKlass org/jetbrains/kotlin/resolve/calls/checkers/CallChecker
instanceKlass org/jetbrains/kotlin/resolve/checkers/StubForBuilderInferenceParameterTypeChecker
instanceKlass org/jetbrains/kotlin/resolve/checkers/ActualTypealiasToSpecialAnnotationChecker
instanceKlass org/jetbrains/kotlin/resolve/checkers/VolatileAnnotationChecker
instanceKlass org/jetbrains/kotlin/resolve/checkers/EnumEntriesRedeclarationChecker
instanceKlass org/jetbrains/kotlin/resolve/checkers/DataObjectContentChecker
instanceKlass org/jetbrains/kotlin/resolve/calls/checkers/UnsupportedUntilRangeDeclarationChecker
instanceKlass org/jetbrains/kotlin/resolve/checkers/CyclicAnnotationsChecker
instanceKlass org/jetbrains/kotlin/resolve/checkers/ValueParameterUsageInDefaultArgumentChecker
instanceKlass org/jetbrains/kotlin/resolve/checkers/SubtypingBetweenContextReceiversChecker
instanceKlass org/jetbrains/kotlin/resolve/checkers/ContextualDeclarationChecker
instanceKlass org/jetbrains/kotlin/resolve/checkers/EnumCompanionInEnumConstructorCallChecker
instanceKlass org/jetbrains/kotlin/psi/KtPureClassOrObject
instanceKlass org/jetbrains/kotlin/psi/KtClassLikeDeclaration
instanceKlass org/jetbrains/kotlin/resolve/checkers/SuspendFunctionAsSupertypeChecker
instanceKlass org/jetbrains/kotlin/resolve/checkers/SealedInterfaceAllowedChecker
instanceKlass org/jetbrains/kotlin/resolve/checkers/SealedInheritorInSameModuleChecker
instanceKlass org/jetbrains/kotlin/types/KotlinType
instanceKlass org/jetbrains/kotlin/resolve/checkers/SealedInheritorInSamePackageChecker
instanceKlass org/jetbrains/kotlin/resolve/checkers/PrivateInlineFunctionsReturningAnonymousObjectsChecker
instanceKlass org/jetbrains/kotlin/resolve/checkers/ContractDescriptionBlockChecker
instanceKlass org/jetbrains/kotlin/resolve/checkers/DeprecatedSinceKotlinAnnotationChecker
instanceKlass org/jetbrains/kotlin/resolve/checkers/DeprecationInheritanceChecker
instanceKlass org/jetbrains/kotlin/resolve/checkers/FunInterfaceDeclarationChecker
instanceKlass org/jetbrains/kotlin/resolve/checkers/MissingDependencySupertypeChecker$ForDeclarations
instanceKlass org/jetbrains/kotlin/psi/KtDeclarationWithInitializer
instanceKlass org/jetbrains/kotlin/resolve/checkers/TrailingCommaDeclarationChecker
instanceKlass org/jetbrains/kotlin/resolve/checkers/TailrecFunctionChecker
instanceKlass org/jetbrains/kotlin/resolve/checkers/ExplicitApiDeclarationChecker$Companion
instanceKlass org/jetbrains/kotlin/resolve/checkers/ExplicitApiDeclarationChecker
instanceKlass org/jetbrains/kotlin/resolve/checkers/LocalVariableTypeParametersChecker
instanceKlass org/jetbrains/kotlin/resolve/checkers/ResultClassInReturnTypeChecker
instanceKlass org/jetbrains/kotlin/resolve/checkers/ReservedMembersAndConstructsForValueClass$Companion
instanceKlass org/jetbrains/kotlin/resolve/checkers/ReservedMembersAndConstructsForValueClass
instanceKlass org/jetbrains/kotlin/resolve/checkers/AnnotationClassTargetAndRetentionChecker
instanceKlass org/jetbrains/kotlin/resolve/checkers/InnerClassInsideValueClass
instanceKlass org/jetbrains/kotlin/resolve/checkers/PropertiesWithBackingFieldsInsideValueClass
instanceKlass org/jetbrains/kotlin/resolve/checkers/MultiFieldValueClassAnnotationsChecker
instanceKlass org/jetbrains/kotlin/resolve/checkers/ValueClassDeclarationChecker
instanceKlass org/jetbrains/kotlin/util/OperatorNameConventions
instanceKlass org/jetbrains/kotlin/resolve/checkers/SuspendLimitationsChecker
instanceKlass org/jetbrains/kotlin/resolve/checkers/KClassWithIncorrectTypeArgumentChecker
instanceKlass org/jetbrains/kotlin/resolve/checkers/DelegationChecker
instanceKlass org/jetbrains/kotlin/resolve/checkers/DynamicReceiverChecker
instanceKlass org/jetbrains/kotlin/resolve/checkers/ReifiedTypeParameterAnnotationChecker
instanceKlass org/jetbrains/kotlin/resolve/RequireKotlinConstants
instanceKlass org/jetbrains/kotlin/resolve/AnnotationsKt
instanceKlass org/jetbrains/kotlin/resolve/checkers/KotlinVersionStringAnnotationValueChecker
instanceKlass org/jetbrains/kotlin/resolve/checkers/InfixModifierChecker
instanceKlass org/jetbrains/kotlin/psi/KtAnnotationsContainer
instanceKlass org/jetbrains/kotlin/descriptors/annotations/Annotated
instanceKlass org/jetbrains/kotlin/resolve/checkers/InlineParameterChecker
instanceKlass org/jetbrains/kotlin/resolve/checkers/UnderscoreChecker
instanceKlass org/jetbrains/kotlin/resolve/checkers/ConstModifierChecker
instanceKlass org/jetbrains/kotlin/psi/KtFunction
instanceKlass org/jetbrains/kotlin/psi/KtDeclarationWithBody
instanceKlass org/jetbrains/kotlin/psi/KtCallableDeclaration
instanceKlass org/jetbrains/kotlin/psi/KtTypeParameterListOwner
instanceKlass org/jetbrains/kotlin/psi/KtNamedDeclaration
instanceKlass org/jetbrains/kotlin/psi/KtStatementExpression
instanceKlass org/jetbrains/kotlin/psi/KtNamed
instanceKlass org/jetbrains/kotlin/psi/KtDeclaration
instanceKlass org/jetbrains/kotlin/psi/KtModifierListOwner
instanceKlass org/jetbrains/kotlin/psi/KtExpression
instanceKlass org/jetbrains/kotlin/com/intellij/psi/StubBasedPsiElement
instanceKlass org/jetbrains/kotlin/resolve/checkers/DataClassDeclarationChecker
instanceKlass org/jetbrains/kotlin/resolve/checkers/ExpectActualClassifiersAreInBetaChecker
instanceKlass org/jetbrains/kotlin/resolve/checkers/ActualClassifierMustHasTheSameMembersAsNonFinalExpectClassifierChecker
instanceKlass org/jetbrains/kotlin/resolve/checkers/ExpectActualInTheSameModuleChecker
instanceKlass org/jetbrains/kotlin/resolve/checkers/DeclarationChecker
instanceKlass org/jetbrains/kotlin/resolve/PlatformConfiguratorBaseKt
instanceKlass org/jetbrains/kotlin/container/ComponentRegistry
instanceKlass org/jetbrains/kotlin/container/ComponentStorage
instanceKlass org/jetbrains/kotlin/container/ValueResolver
instanceKlass org/jetbrains/kotlin/container/ComponentResolveContext
instanceKlass org/jetbrains/kotlin/container/ValueResolveContext
instanceKlass org/jetbrains/kotlin/container/DslKt
instanceKlass org/jetbrains/kotlin/container/StorageComponentContainer
instanceKlass org/jetbrains/kotlin/container/ComponentProvider
instanceKlass org/jetbrains/kotlin/container/ComponentContainer
instanceKlass org/jetbrains/kotlin/resolve/PlatformConfiguratorBase
instanceKlass org/jetbrains/kotlin/resolve/PlatformConfigurator
instanceKlass org/jetbrains/kotlin/resolve/DefaultImportProvider$DefaultImportsKey
instanceKlass org/jetbrains/kotlin/resolve/DefaultImportProvider
instanceKlass org/jetbrains/kotlin/fir/scopes/FirDefaultImportProviderHolder
instanceKlass org/jetbrains/kotlin/fir/scopes/impl/FirDelegatedMembersFilter
instanceKlass org/jetbrains/kotlin/fir/analysis/FirOverridesBackwardCompatibilityHelper
instanceKlass org/jetbrains/kotlin/fir/scopes/FirPlatformClassMapper
instanceKlass org/jetbrains/kotlin/fir/resolve/calls/overloads/ConeCallConflictResolverFactory
instanceKlass org/jetbrains/kotlin/fir/FirVisibilityChecker
instanceKlass org/jetbrains/kotlin/fir/session/FirSessionFactoryHelper
instanceKlass org/jetbrains/kotlin/fir/FirPlatformSpecificCastChecker
instanceKlass org/jetbrains/kotlin/fir/types/FirMissingDependencyStorage$cache$1
instanceKlass org/jetbrains/kotlin/fir/types/FirMissingDependencyStorage
instanceKlass org/jetbrains/kotlin/fir/analysis/checkers/expression/FirGenericArrayClassLiteralSupport$Disabled
instanceKlass org/jetbrains/kotlin/fir/analysis/checkers/expression/FirGenericArrayClassLiteralSupport
instanceKlass org/jetbrains/kotlin/fir/analysis/checkers/FirPrimaryConstructorSuperTypeCheckerPlatformComponent
instanceKlass org/jetbrains/kotlin/fir/declarations/FirAnnotationsPlatformSpecificSupportComponent
instanceKlass org/jetbrains/kotlin/fir/resolve/calls/overloads/FirDeclarationOverloadabilityHelperImpl
instanceKlass org/jetbrains/kotlin/fir/declarations/FirDeclarationOverloadabilityHelper
instanceKlass org/jetbrains/kotlin/fir/scopes/impl/FirAbstractOverrideChecker
instanceKlass org/jetbrains/kotlin/fir/scopes/FirOverrideChecker
instanceKlass org/jetbrains/kotlin/fir/scopes/impl/FirEnumEntriesSupport
instanceKlass org/jetbrains/kotlin/fir/types/FirTypeUtilsKt
instanceKlass kotlin/jvm/internal/TypeIntrinsics
instanceKlass org/jetbrains/kotlin/fir/MutableOrEmptyList$Companion
instanceKlass org/jetbrains/kotlin/fir/MutableOrEmptyList
instanceKlass org/jetbrains/kotlin/fir/builder/FirBuilderDslKt
instanceKlass org/jetbrains/kotlin/fir/types/TypeUtilsKt
instanceKlass org/jetbrains/kotlin/fir/types/ConeDynamicType$Companion
instanceKlass org/jetbrains/kotlin/types/model/DynamicTypeMarker
instanceKlass org/jetbrains/kotlin/types/model/FlexibleTypeMarker
instanceKlass org/jetbrains/kotlin/fir/types/builder/FirResolvedTypeRefBuilder
instanceKlass org/jetbrains/kotlin/fir/builder/FirAnnotationContainerBuilder
instanceKlass org/jetbrains/kotlin/fir/scopes/impl/FirDynamicMembersStorage$special$$inlined$createCache$3
instanceKlass org/jetbrains/kotlin/fir/scopes/impl/FirDynamicMembersStorage$special$$inlined$createCache$2
instanceKlass org/jetbrains/kotlin/fir/scopes/impl/FirDynamicMembersStorage$special$$inlined$createCache$1
instanceKlass org/jetbrains/kotlin/fir/scopes/impl/FirDynamicMembersStorage
instanceKlass org/jetbrains/kotlin/fir/scopes/FirOverrideService
instanceKlass org/jetbrains/kotlin/mpp/SimpleFunctionSymbolMarker
instanceKlass org/jetbrains/kotlin/mpp/FunctionSymbolMarker
instanceKlass org/jetbrains/kotlin/mpp/CallableSymbolMarker
instanceKlass org/jetbrains/kotlin/fir/resolve/FirSamResolver
instanceKlass org/jetbrains/kotlin/fir/resolve/FirSamConstructorStorage
instanceKlass org/jetbrains/kotlin/fir/scopes/impl/FirGeneratedMemberDeclarationsStorage$ClassifierStorage
instanceKlass org/jetbrains/kotlin/fir/scopes/impl/FirGeneratedMemberDeclarationsStorage$CallableStorage
instanceKlass org/jetbrains/kotlin/fir/scopes/impl/FirGeneratedMemberDeclarationsStorage$StorageContext
instanceKlass org/jetbrains/kotlin/fir/symbols/FirBasedSymbol
instanceKlass org/jetbrains/kotlin/mpp/ClassLikeSymbolMarker
instanceKlass org/jetbrains/kotlin/mpp/ClassifierSymbolMarker
instanceKlass org/jetbrains/kotlin/mpp/DeclarationSymbolMarker
instanceKlass org/jetbrains/kotlin/fir/scopes/impl/FirGeneratedMemberDeclarationsStorage
instanceKlass org/jetbrains/kotlin/fir/scopes/impl/FirSynthesizedStorage$special$$inlined$createCache$1
instanceKlass org/jetbrains/kotlin/fir/scopes/impl/FirSynthesizedStorage
instanceKlass org/jetbrains/kotlin/fir/scopes/impl/FirIntersectionOverrideStorage$special$$inlined$createCache$1
instanceKlass org/jetbrains/kotlin/fir/scopes/impl/FirIntersectionOverrideStorage
instanceKlass org/jetbrains/kotlin/fir/scopes/impl/FirSubstitutionOverrideStorage$special$$inlined$createCache$1
instanceKlass org/jetbrains/kotlin/fir/scopes/impl/FirSubstitutionOverrideStorage
instanceKlass org/jetbrains/kotlin/fir/resolve/FirDefaultParametersResolver
instanceKlass org/jetbrains/kotlin/types/TypeCheckerState
instanceKlass org/jetbrains/kotlin/fir/types/FirCorrespondingSupertypesCache
instanceKlass org/jetbrains/kotlin/fir/scopes/impl/FirDeclaredMemberScopeProvider$nestedClassifierCache$1
instanceKlass org/jetbrains/kotlin/fir/scopes/FirScope
instanceKlass org/jetbrains/kotlin/fir/scopes/impl/FirDeclaredMemberScopeProvider$DeclaredMemberScopeContext
instanceKlass org/jetbrains/kotlin/fir/expressions/FirStatement
instanceKlass org/jetbrains/kotlin/fir/declarations/FirTypeParameterRefsOwner
instanceKlass org/jetbrains/kotlin/fir/declarations/FirControlFlowGraphOwner
instanceKlass org/jetbrains/kotlin/fir/scopes/impl/FirDeclaredMemberScopeProvider
instanceKlass org/jetbrains/kotlin/fir/resolve/inference/InferenceComponents$ConstraintSystemFactory
instanceKlass org/jetbrains/kotlin/resolve/calls/inference/components/PostponedArgumentInputTypesResolver$Companion
instanceKlass org/jetbrains/kotlin/resolve/calls/inference/components/PostponedArgumentInputTypesResolver
instanceKlass org/jetbrains/kotlin/resolve/calls/inference/components/VariableFixationFinder
instanceKlass org/jetbrains/kotlin/resolve/calls/inference/components/ResultTypeResolver
instanceKlass org/jetbrains/kotlin/resolve/calls/inference/components/ConstraintInjector
instanceKlass org/jetbrains/kotlin/fir/resolve/inference/ConeConstraintSystemUtilContext
instanceKlass org/jetbrains/kotlin/resolve/calls/inference/components/ConstraintSystemUtilContext
instanceKlass org/jetbrains/kotlin/resolve/calls/inference/components/ConstraintIncorporator
instanceKlass org/jetbrains/kotlin/resolve/calls/inference/components/TrivialConstraintTypeInferenceOracle$Companion
instanceKlass org/jetbrains/kotlin/resolve/calls/inference/components/TrivialConstraintTypeInferenceOracle
instanceKlass org/jetbrains/kotlin/fir/types/TypeComponentsKt
instanceKlass org/jetbrains/kotlin/fir/resolve/inference/InferenceComponents
instanceKlass org/jetbrains/kotlin/fir/FirLanguageSettingsComponentKt
instanceKlass org/jetbrains/kotlin/types/AbstractTypeApproximator$Companion
instanceKlass org/jetbrains/kotlin/types/AbstractTypeApproximator
instanceKlass org/jetbrains/kotlin/fir/types/TypeComponents$typeContext$1
instanceKlass org/jetbrains/kotlin/fir/types/ConeInferenceContext
instanceKlass org/jetbrains/kotlin/types/model/TypeSystemInferenceExtensionContext
instanceKlass org/jetbrains/kotlin/types/model/TypeSystemCommonSuperTypesContext
instanceKlass org/jetbrains/kotlin/types/model/TypeSystemTypeFactoryContext
instanceKlass org/jetbrains/kotlin/types/model/TypeSystemBuiltInsContext
instanceKlass org/jetbrains/kotlin/fir/types/ConeTypeContext
instanceKlass org/jetbrains/kotlin/types/model/TypeCheckerProviderContext
instanceKlass org/jetbrains/kotlin/types/TypeSystemCommonBackendContext
instanceKlass org/jetbrains/kotlin/types/model/TypeSystemContext
instanceKlass org/jetbrains/kotlin/types/model/TypeSystemOptimizationContext
instanceKlass org/jetbrains/kotlin/fir/types/TypeComponents
instanceKlass org/jetbrains/kotlin/fir/FirLanguageSettingsComponent
instanceKlass org/jetbrains/kotlin/fir/extensions/predicate/PredicateVisitor
instanceKlass org/jetbrains/kotlin/fir/extensions/FirPredicateBasedProviderImpl$Cache
instanceKlass org/jetbrains/kotlin/fir/extensions/FirRegisteredPluginAnnotationsKt
instanceKlass org/jetbrains/kotlin/fir/extensions/FirPredicateBasedProvider
instanceKlass org/jetbrains/kotlin/fir/extensions/AbstractFirRegisteredPluginAnnotations$special$$inlined$createCache$1
instanceKlass org/jetbrains/kotlin/util/AbstractArrayMapOwner$AbstractArrayMapAccessor
instanceKlass org/jetbrains/kotlin/fir/caches/FirCachesFactoryKt
instanceKlass org/jetbrains/kotlin/fir/extensions/FirRegisteredPluginAnnotations
instanceKlass org/jetbrains/kotlin/fir/FirExceptionHandler
instanceKlass org/jetbrains/kotlin/fir/symbols/FirLazyDeclarationResolver
instanceKlass org/jetbrains/kotlin/fir/declarations/SealedClassInheritorsProvider
instanceKlass org/jetbrains/kotlin/fir/types/ConeNullability$Companion
instanceKlass org/jetbrains/kotlin/name/StandardClassIds$Annotations
instanceKlass org/jetbrains/kotlin/fir/types/CompilerConeAttributes
instanceKlass org/jetbrains/kotlin/fir/types/ConeAttribute
instanceKlass org/jetbrains/kotlin/types/model/AnnotationMarker
instanceKlass org/jetbrains/kotlin/fir/symbols/ConeClassifierLookupTag
instanceKlass org/jetbrains/kotlin/types/model/TypeConstructorMarker
instanceKlass org/jetbrains/kotlin/fir/types/TypeConstructionUtilsKt
instanceKlass org/jetbrains/kotlin/fir/types/ConeTypeProjection$Companion
instanceKlass org/jetbrains/kotlin/types/model/TypeArgumentListMarker
instanceKlass org/jetbrains/kotlin/types/model/SimpleTypeMarker
instanceKlass org/jetbrains/kotlin/types/model/KotlinTypeMarker
instanceKlass org/jetbrains/kotlin/fir/types/ConeTypeProjection
instanceKlass org/jetbrains/kotlin/types/model/TypeArgumentMarker
instanceKlass org/jetbrains/kotlin/name/StandardClassIdsKt
instanceKlass org/jetbrains/kotlin/name/StandardClassIds
instanceKlass org/jetbrains/kotlin/fir/FirPureAbstractElement
instanceKlass org/jetbrains/kotlin/fir/FirAnnotationContainer
instanceKlass org/jetbrains/kotlin/fir/FirElement
instanceKlass org/jetbrains/kotlin/mpp/TypeRefMarker
instanceKlass org/jetbrains/kotlin/fir/BuiltinTypes
instanceKlass org/jetbrains/kotlin/util/ArrayMapImpl$Companion
instanceKlass org/jetbrains/kotlin/fir/resolve/providers/FirSymbolProvider
instanceKlass org/jetbrains/kotlin/fir/scopes/FirScopeProvider
instanceKlass org/jetbrains/kotlin/protobuf/SmallSortedMap$Entry
instanceKlass org/jetbrains/kotlin/protobuf/FieldSet$1
instanceKlass org/jetbrains/kotlin/metadata/ProtoBuf$Annotation$ArgumentOrBuilder
instanceKlass org/jetbrains/kotlin/protobuf/AbstractMessageLite$Builder
instanceKlass org/jetbrains/kotlin/protobuf/GeneratedMessageLite$1
instanceKlass org/jetbrains/kotlin/metadata/ProtoBuf$QualifiedNameTable$QualifiedName$Kind$1
instanceKlass org/jetbrains/kotlin/metadata/ProtoBuf$QualifiedNameTable$QualifiedNameOrBuilder
instanceKlass org/jetbrains/kotlin/load/kotlin/JvmPackagePartProviderBase$ModuleMappingInfo
instanceKlass org/jetbrains/kotlin/metadata/jvm/deserialization/ModuleMappingKt
instanceKlass org/jetbrains/kotlin/protobuf/UnmodifiableLazyStringList$2
instanceKlass org/jetbrains/kotlin/metadata/jvm/deserialization/PackageParts
instanceKlass org/jetbrains/kotlin/protobuf/Utf8
instanceKlass org/jetbrains/kotlin/metadata/jvm/JvmModuleProtoBuf$PackagePartsOrBuilder
instanceKlass org/jetbrains/kotlin/protobuf/WireFormat
instanceKlass org/jetbrains/kotlin/protobuf/CodedOutputStream
instanceKlass org/jetbrains/kotlin/protobuf/CodedInputStream
instanceKlass org/jetbrains/kotlin/metadata/jvm/JvmModuleProtoBuf$ModuleOrBuilder
instanceKlass org/jetbrains/kotlin/protobuf/ExtensionRegistryLite$ObjectIntPair
instanceKlass org/jetbrains/kotlin/metadata/ProtoBuf$TypeParameter$Variance$1
instanceKlass org/jetbrains/kotlin/metadata/ProtoBuf$TypeParameterOrBuilder
instanceKlass org/jetbrains/kotlin/metadata/ProtoBuf$EnumEntryOrBuilder
instanceKlass org/jetbrains/kotlin/metadata/ProtoBuf$Annotation$Argument$Value$Type$1
instanceKlass org/jetbrains/kotlin/protobuf/Internal$EnumLiteMap
instanceKlass org/jetbrains/kotlin/metadata/ProtoBuf$Annotation$Argument$ValueOrBuilder
instanceKlass org/jetbrains/kotlin/metadata/ProtoBuf$ValueParameterOrBuilder
instanceKlass org/jetbrains/kotlin/metadata/ProtoBuf$PropertyOrBuilder
instanceKlass org/jetbrains/kotlin/metadata/ProtoBuf$ContractOrBuilder
instanceKlass org/jetbrains/kotlin/metadata/ProtoBuf$FunctionOrBuilder
instanceKlass org/jetbrains/kotlin/metadata/ProtoBuf$ConstructorOrBuilder
instanceKlass org/jetbrains/kotlin/metadata/ProtoBuf$AnnotationOrBuilder
instanceKlass org/jetbrains/kotlin/metadata/ProtoBuf$TypeOrBuilder
instanceKlass org/jetbrains/kotlin/metadata/ProtoBuf$ClassOrBuilder
instanceKlass org/jetbrains/kotlin/protobuf/Internal$EnumLite
instanceKlass org/jetbrains/kotlin/protobuf/GeneratedMessageLite$ExtensionDescriptor
instanceKlass org/jetbrains/kotlin/protobuf/GeneratedMessageLite$GeneratedExtension
instanceKlass java/lang/Long$LongCache
instanceKlass org/jetbrains/kotlin/metadata/ProtoBuf$VersionRequirementTableOrBuilder
instanceKlass org/jetbrains/kotlin/metadata/ProtoBuf$TypeTableOrBuilder
instanceKlass org/jetbrains/kotlin/protobuf/SmallSortedMap$EmptySet$2
instanceKlass org/jetbrains/kotlin/protobuf/SmallSortedMap$EmptySet$1
instanceKlass org/jetbrains/kotlin/protobuf/SmallSortedMap$EmptySet
instanceKlass org/jetbrains/kotlin/protobuf/LazyFieldLite
instanceKlass org/jetbrains/kotlin/protobuf/FieldSet
instanceKlass org/jetbrains/kotlin/metadata/ProtoBuf$PackageOrBuilder
instanceKlass org/jetbrains/kotlin/protobuf/GeneratedMessageLite$ExtendableMessageOrBuilder
instanceKlass org/jetbrains/kotlin/metadata/builtins/BuiltInsProtoBuf
instanceKlass org/jetbrains/kotlin/metadata/deserialization/VersionSpecificBehaviorKt
instanceKlass org/jetbrains/kotlin/utils/MetadataHelpersKt
instanceKlass org/jetbrains/kotlin/utils/DeserializationHelpersKt
instanceKlass org/jetbrains/kotlin/load/kotlin/ModuleMappingUtilKt
instanceKlass org/jetbrains/kotlin/com/intellij/util/containers/ShareableKey
instanceKlass org/jetbrains/kotlin/com/intellij/util/io/ResourceHandle
instanceKlass org/jetbrains/kotlin/metadata/ProtoBuf$QualifiedNameTableOrBuilder
instanceKlass org/jetbrains/kotlin/protobuf/ByteString$ByteIterator
instanceKlass org/jetbrains/kotlin/protobuf/ByteString
instanceKlass org/jetbrains/kotlin/protobuf/ExtensionRegistryLite
instanceKlass org/jetbrains/kotlin/protobuf/AbstractParser
instanceKlass org/jetbrains/kotlin/protobuf/MessageLite$Builder
instanceKlass org/jetbrains/kotlin/protobuf/Parser
instanceKlass org/jetbrains/kotlin/protobuf/LazyStringList
instanceKlass org/jetbrains/kotlin/protobuf/ProtocolStringList
instanceKlass org/jetbrains/kotlin/protobuf/FieldSet$FieldDescriptorLite
instanceKlass org/jetbrains/kotlin/protobuf/AbstractMessageLite
instanceKlass org/jetbrains/kotlin/protobuf/MessageLite
instanceKlass org/jetbrains/kotlin/metadata/ProtoBuf$StringTableOrBuilder
instanceKlass org/jetbrains/kotlin/protobuf/MessageLiteOrBuilder
instanceKlass org/jetbrains/kotlin/metadata/deserialization/NameResolverImpl
instanceKlass org/jetbrains/kotlin/metadata/deserialization/NameResolver
instanceKlass org/jetbrains/kotlin/metadata/jvm/deserialization/BinaryModuleData
instanceKlass org/jetbrains/kotlin/metadata/jvm/deserialization/JvmMetadataVersion$Companion
instanceKlass org/jetbrains/kotlin/metadata/deserialization/BinaryVersion$Companion
instanceKlass org/jetbrains/kotlin/metadata/deserialization/BinaryVersion
instanceKlass org/jetbrains/kotlin/metadata/jvm/deserialization/ModuleMapping$Companion
instanceKlass org/jetbrains/kotlin/metadata/jvm/deserialization/ModuleMapping
instanceKlass org/jetbrains/kotlin/cli/jvm/compiler/JvmPackagePartProviderKt
instanceKlass org/jetbrains/kotlin/com/intellij/openapi/vfs/VirtualFileVisitor
instanceKlass org/jetbrains/kotlin/com/intellij/openapi/vfs/VfsUtilCore
instanceKlass sun/net/www/protocol/jar/JarFileFactory
instanceKlass sun/net/www/protocol/jar/URLJarFile$URLJarFileCloseController
instanceKlass org/jetbrains/kotlin/config/KotlinCompilerVersion
instanceKlass org/jetbrains/kotlin/resolve/CompilerDeserializationConfiguration
instanceKlass org/jetbrains/kotlin/serialization/deserialization/DeserializationConfiguration
instanceKlass org/jetbrains/kotlin/load/kotlin/JvmPackagePartProviderBase$Companion
instanceKlass org/jetbrains/kotlin/load/kotlin/JvmPackagePartProviderBase
instanceKlass org/jetbrains/kotlin/load/kotlin/PackageAndMetadataPartProvider
instanceKlass org/jetbrains/kotlin/serialization/deserialization/MetadataPartProvider
instanceKlass org/jetbrains/kotlin/fir/session/environment/AbstractProjectFileSearchScope$ANY
instanceKlass org/jetbrains/kotlin/fir/session/environment/AbstractProjectFileSearchScope$EMPTY
instanceKlass org/jetbrains/kotlin/cli/jvm/compiler/VfsBasedProjectEnvironmentKt
instanceKlass org/jetbrains/kotlin/fir/session/FirAbstractSessionFactory
instanceKlass org/jetbrains/kotlin/fir/FirSessionProvider
instanceKlass org/jetbrains/kotlin/config/LanguageFeature$Companion
instanceKlass kotlin/jvm/internal/Ref$ObjectRef
instanceKlass org/jetbrains/kotlin/fir/scopes/jvm/JvmMappedScope$FirMappedSymbolStorage$special$$inlined$createCache$1
instanceKlass org/jetbrains/kotlin/fir/scopes/jvm/JvmMappedScope$FirMappedSymbolStorage
instanceKlass org/jetbrains/kotlin/fir/caches/NullableMap
instanceKlass org/jetbrains/kotlin/fir/caches/FirCache
instanceKlass org/jetbrains/kotlin/fir/java/enhancement/FirEnhancedSymbolsStorage$special$$inlined$createCache$1
instanceKlass org/jetbrains/kotlin/fir/java/enhancement/FirEnhancedSymbolsStorage
instanceKlass org/jetbrains/kotlin/fir/caches/FirCachesFactory
instanceKlass org/jetbrains/kotlin/fir/session/ComponentsContainersKt
instanceKlass org/jetbrains/kotlin/fir/session/FirSharableJavaComponents
instanceKlass org/jetbrains/kotlin/fir/session/IncrementalCompilationContext
instanceKlass org/jetbrains/kotlin/psi/KtDeclarationContainer
instanceKlass org/jetbrains/kotlin/psi/KtAnnotated
instanceKlass org/jetbrains/kotlin/psi/KtElement
instanceKlass org/jetbrains/kotlin/psi/KtPureElement
instanceKlass org/jetbrains/kotlin/com/intellij/psi/PsiClassOwner
instanceKlass org/jetbrains/kotlin/cli/common/FirSessionConstructionUtilsKt
instanceKlass org/jetbrains/kotlin/fir/deserialization/ModuleDataProvider
instanceKlass org/jetbrains/kotlin/fir/deserialization/LibraryPathFilter
instanceKlass kotlin/collections/MapWithDefault
instanceKlass org/jetbrains/kotlin/fir/DependencyListForCliModule$Builder
instanceKlass org/jetbrains/kotlin/fir/DependencyListForCliModule$Companion
instanceKlass org/jetbrains/kotlin/fir/DependencyListForCliModule
instanceKlass org/jetbrains/kotlin/container/DataStructuresKt
instanceKlass org/jetbrains/kotlin/fir/FirModuleData
instanceKlass org/jetbrains/kotlin/util/ArrayMap
instanceKlass org/jetbrains/kotlin/util/TypeRegistry
instanceKlass org/jetbrains/kotlin/util/AbstractArrayMapOwner
instanceKlass org/jetbrains/kotlin/fir/BinaryModuleData$Companion
instanceKlass org/jetbrains/kotlin/fir/BinaryModuleData
instanceKlass org/jetbrains/kotlin/fir/FirSessionComponent
instanceKlass org/jetbrains/kotlin/fir/extensions/FirExtension
instanceKlass org/jetbrains/kotlin/fir/extensions/FirExtensionRegistrar$Companion
instanceKlass org/jetbrains/kotlin/com/intellij/util/keyFMap/PairElementsFMap
instanceKlass org/jetbrains/kotlin/cli/jvm/compiler/PsiBasedProjectFileSearchScope
instanceKlass org/jetbrains/kotlin/fir/session/environment/AbstractProjectFileSearchScope
instanceKlass org/jetbrains/kotlin/diagnostics/DiagnosticReporter
instanceKlass org/jetbrains/kotlin/diagnostics/DiagnosticReporterFactory
instanceKlass org/jetbrains/kotlin/resolve/konan/platform/KonanPlatform
instanceKlass org/jetbrains/kotlin/konan/target/KonanTarget$Companion
instanceKlass org/jetbrains/kotlin/konan/target/KonanTarget
instanceKlass org/jetbrains/kotlin/konan/util/Named
instanceKlass org/jetbrains/kotlin/platform/konan/NativePlatforms
instanceKlass org/jetbrains/kotlin/platform/wasm/WasmTarget$Companion
instanceKlass org/jetbrains/kotlin/platform/wasm/WasmPlatforms
instanceKlass org/jetbrains/kotlin/js/resolve/JsPlatform
instanceKlass org/jetbrains/kotlin/platform/js/JsPlatforms
instanceKlass org/jetbrains/kotlin/resolve/jvm/platform/JvmPlatform
instanceKlass org/jetbrains/kotlin/platform/TargetPlatformKt
instanceKlass org/jetbrains/kotlin/platform/TargetPlatformVersion$NoVersion
instanceKlass org/jetbrains/kotlin/platform/jvm/JvmPlatforms
instanceKlass org/jetbrains/kotlin/platform/SimplePlatform
instanceKlass org/jetbrains/kotlin/platform/TargetPlatform
instanceKlass org/jetbrains/kotlin/analyzer/common/CommonPlatform
instanceKlass org/jetbrains/kotlin/resolve/TargetPlatform
instanceKlass org/jetbrains/kotlin/platform/CommonPlatforms
instanceKlass org/jetbrains/kotlin/modules/TargetId
instanceKlass org/jetbrains/kotlin/modules/TargetIdKt
instanceKlass org/jetbrains/kotlin/cli/jvm/compiler/pipeline/ModuleCompilerInput
instanceKlass org/jetbrains/kotlin/cli/common/GroupedKtSources
instanceKlass org/jetbrains/kotlin/com/intellij/openapi/util/io/FileUtil$2
instanceKlass org/jetbrains/kotlin/com/intellij/openapi/util/io/FileUtil$1
instanceKlass org/jetbrains/kotlin/com/intellij/openapi/util/io/FileUtilRt$SymlinkResolver
instanceKlass gnu/trove/TObjectHashingStrategy
instanceKlass gnu/trove/Equality
instanceKlass org/jetbrains/kotlin/KtVirtualFileSourceFile
instanceKlass kotlin/io/FileTreeWalk$WalkState
instanceKlass kotlin/collections/AbstractIterator
instanceKlass kotlin/io/FileTreeWalk
instanceKlass kotlin/io/FilePathComponents
instanceKlass org/jetbrains/kotlin/extensions/PreprocessedFileCreator
instanceKlass kotlin/jvm/internal/Ref$BooleanRef
instanceKlass org/jetbrains/kotlin/KtSourceFile
instanceKlass org/jetbrains/kotlin/cli/common/GroupedKtSourcesKt
instanceKlass org/jetbrains/kotlin/cli/jvm/compiler/CoreEnvironmentUtilsKt
instanceKlass org/jetbrains/kotlin/cli/jvm/compiler/FirKotlinToJvmBytecodeCompiler
instanceKlass org/jetbrains/kotlin/cli/jvm/index/SingleJavaFileRootsIndex
instanceKlass org/jetbrains/kotlin/load/kotlin/PackagePartProvider
instanceKlass org/jetbrains/kotlin/cli/jvm/compiler/VfsBasedProjectEnvironment
instanceKlass org/jetbrains/kotlin/fir/session/environment/AbstractProjectEnvironment
instanceKlass org/jetbrains/kotlin/cli/jvm/compiler/JavaLanguageLevelKt$EntriesMappings
instanceKlass org/jetbrains/kotlin/cli/jvm/compiler/JavaLanguageLevelKt
instanceKlass org/jetbrains/kotlin/cli/jvm/compiler/CliVirtualFileFinderFactory
instanceKlass org/jetbrains/kotlin/load/kotlin/VirtualFileFinderFactory
instanceKlass org/jetbrains/kotlin/load/kotlin/MetadataFinderFactory
instanceKlass org/jetbrains/kotlin/load/kotlin/VirtualFileFinder
instanceKlass org/jetbrains/kotlin/load/kotlin/KotlinClassFinder
instanceKlass org/jetbrains/kotlin/serialization/deserialization/KotlinMetadataFinder
instanceKlass org/jetbrains/kotlin/cli/jvm/modules/CliJavaModuleResolver$Companion
instanceKlass org/jetbrains/kotlin/cli/jvm/modules/CliJavaModuleResolver
instanceKlass org/jetbrains/kotlin/resolve/jvm/modules/JavaModuleResolver
instanceKlass org/jetbrains/kotlin/load/java/JavaModuleAnnotationsProvider
instanceKlass org/jetbrains/kotlin/cli/jvm/index/JvmDependenciesIndexImpl$Cache
instanceKlass org/jetbrains/kotlin/cli/jvm/index/JvmDependenciesIndexImpl
instanceKlass java/util/concurrent/locks/ReentrantReadWriteLock$WriteLock
instanceKlass java/util/concurrent/locks/ReentrantReadWriteLock$ReadLock
instanceKlass java/util/concurrent/locks/ReentrantReadWriteLock
instanceKlass java/util/concurrent/locks/ReadWriteLock
instanceKlass org/jetbrains/kotlin/cli/jvm/index/JvmDependenciesDynamicCompoundIndex
instanceKlass org/jetbrains/kotlin/cli/jvm/index/JvmDependenciesIndex
instanceKlass org/jetbrains/kotlin/cli/jvm/compiler/ClasspathRootsResolver$RootsAndModules
instanceKlass kotlin/sequences/FlatteningSequence$iterator$1
instanceKlass kotlin/sequences/FlatteningSequence
instanceKlass kotlin/collections/ArraysKt___ArraysKt$asSequence$$inlined$Sequence$1
instanceKlass kotlin/collections/CollectionsKt___CollectionsKt$asSequence$$inlined$Sequence$1
instanceKlass kotlin/sequences/EmptySequence
instanceKlass kotlin/sequences/DropTakeSequence
instanceKlass org/jetbrains/kotlin/cli/jvm/index/JavaRoot$RootTypes
instanceKlass org/jetbrains/kotlin/cli/jvm/index/JavaRoot
instanceKlass org/jetbrains/kotlin/com/intellij/openapi/util/io/NioFiles$1
instanceKlass org/jetbrains/kotlin/com/intellij/openapi/util/io/NioFiles
instanceKlass org/jetbrains/kotlin/cli/jvm/compiler/jarfs/ZipImplementationKt$WhenMappings
instanceKlass org/jetbrains/kotlin/com/intellij/util/text/CharArrayExternalizable
instanceKlass org/jetbrains/kotlin/com/intellij/util/text/ImmutableCharSequence
instanceKlass org/jetbrains/kotlin/com/intellij/util/text/CharArrayUtil
instanceKlass java/util/concurrent/BlockingQueue
instanceKlass java/util/concurrent/ExecutorService
instanceKlass org/jetbrains/kotlin/com/intellij/util/ConcurrencyUtil
instanceKlass org/jetbrains/kotlin/cli/jvm/compiler/jarfs/ZipEntryDescription
instanceKlass org/jetbrains/kotlin/cli/jvm/compiler/jarfs/ByteArrayCharSequence
instanceKlass org/jetbrains/kotlin/cli/jvm/compiler/jarfs/ZipImplementationKt
instanceKlass jdk/internal/access/foreign/MemorySegmentProxy
instanceKlass sun/nio/ch/Util$4
instanceKlass sun/nio/ch/Util
instanceKlass sun/nio/ch/IOStatus
instanceKlass sun/nio/ch/FileChannelImpl$Unmapper
instanceKlass jdk/internal/access/foreign/UnmapperProxy
instanceKlass sun/nio/ch/NativeThread
instanceKlass java/nio/channels/spi/AbstractInterruptibleChannel$1
instanceKlass sun/nio/ch/Interruptible
instanceKlass jdk/internal/misc/ExtendedMapMode
instanceKlass java/nio/channels/FileChannel$MapMode
instanceKlass sun/nio/ch/NativeDispatcher
instanceKlass sun/nio/ch/NativeThreadSet
instanceKlass sun/nio/ch/IOUtil
instanceKlass org/jetbrains/kotlin/com/intellij/openapi/util/Pair
instanceKlass org/jetbrains/kotlin/cli/jvm/compiler/ClasspathRootsResolver$RootWithPrefix
instanceKlass org/jetbrains/kotlin/cli/jvm/config/JvmModulePathRoot
instanceKlass org/jetbrains/kotlin/cli/jvm/modules/JavaModuleGraph
instanceKlass org/jetbrains/kotlin/cli/jvm/compiler/ClasspathRootsResolver$Companion
instanceKlass org/jetbrains/kotlin/cli/jvm/compiler/ClasspathRootsResolver
instanceKlass org/jetbrains/kotlin/resolve/jvm/modules/JavaModule$Root
instanceKlass org/jetbrains/kotlin/cli/jvm/modules/CliJavaModuleFinder
instanceKlass org/jetbrains/kotlin/resolve/jvm/modules/JavaModuleFinder
instanceKlass org/jetbrains/kotlin/com/intellij/openapi/util/KeyedExtensionCollector$MyExtensionPointListener
instanceKlass org/jetbrains/kotlin/resolve/jvm/KotlinJavaPsiFacade$2
instanceKlass org/jetbrains/kotlin/resolve/jvm/KotlinJavaPsiFacade$1
instanceKlass org/jetbrains/kotlin/com/intellij/psi/PsiModifierList
instanceKlass org/jetbrains/kotlin/resolve/jvm/NotFoundPackagesCachingStrategy$Default
instanceKlass org/jetbrains/kotlin/com/intellij/psi/impl/ElementBase$ElementIconRequest
instanceKlass org/jetbrains/kotlin/load/java/structure/JavaClass
instanceKlass org/jetbrains/kotlin/load/java/structure/JavaTypeParameterListOwner
instanceKlass org/jetbrains/kotlin/load/java/structure/JavaModifierListOwner
instanceKlass org/jetbrains/kotlin/load/java/structure/JavaClassifier
instanceKlass org/jetbrains/kotlin/load/java/structure/JavaNamedElement
instanceKlass org/jetbrains/kotlin/load/java/structure/JavaAnnotationOwner
instanceKlass org/jetbrains/kotlin/load/java/structure/JavaElement
instanceKlass org/jetbrains/kotlin/resolve/jvm/KotlinJavaPsiFacade$KotlinPsiElementFinderWrapperImpl
instanceKlass org/jetbrains/kotlin/resolve/jvm/KotlinJavaPsiFacade$KotlinPsiElementFinderWrapper
instanceKlass org/jetbrains/kotlin/resolve/jvm/NotFoundPackagesCachingStrategy
instanceKlass org/jetbrains/kotlin/resolve/jvm/KotlinJavaPsiFacade
instanceKlass org/jetbrains/kotlin/load/java/structure/impl/source/JavaElementSourceFactory
instanceKlass org/jetbrains/kotlin/cli/common/CliModuleVisibilityManagerImpl
instanceKlass org/jetbrains/kotlin/load/kotlin/ModuleVisibilityManager
instanceKlass org/jetbrains/kotlin/compiler/plugin/CompilerPluginRegistrarKt
instanceKlass org/jetbrains/kotlin/compiler/plugin/CompilerPluginRegistrar$ExtensionStorage
instanceKlass java/util/Collections$UnmodifiableCollection$1
instanceKlass org/jetbrains/kotlin/resolve/diagnostics/DiagnosticSuppressor
instanceKlass org/jetbrains/kotlin/fir/extensions/FirAnalysisHandlerExtension
instanceKlass org/jetbrains/kotlin/resolve/extensions/AssignResolutionAltererExtension
instanceKlass org/jetbrains/kotlin/extensions/AnnotationBasedExtension
instanceKlass org/jetbrains/kotlin/types/DefaultTypeAttributeTranslator
instanceKlass org/jetbrains/kotlin/types/extensions/TypeAttributeTranslators
instanceKlass org/jetbrains/kotlin/extensions/TypeAttributeTranslatorExtension
instanceKlass org/jetbrains/kotlin/types/TypeAttributeTranslator
instanceKlass org/jetbrains/kotlin/fir/extensions/FirExtensionRegistrarAdapter
instanceKlass org/jetbrains/kotlin/serialization/DescriptorSerializerPlugin
instanceKlass org/jetbrains/kotlin/extensions/internal/CallResolutionInterceptorExtension
instanceKlass org/jetbrains/kotlin/extensions/internal/CandidateInterceptor
instanceKlass org/jetbrains/kotlin/extensions/internal/TypeResolutionInterceptorExtension
instanceKlass org/jetbrains/kotlin/extensions/internal/TypeResolutionInterceptor
instanceKlass org/jetbrains/kotlin/cli/common/extensions/ShellExtension
instanceKlass org/jetbrains/kotlin/cli/common/extensions/ScriptEvaluationExtension
instanceKlass org/jetbrains/kotlin/backend/common/extensions/IrGenerationExtension
instanceKlass org/jetbrains/kotlin/ir/linkage/IrDeserializer$IrLinkerExtension
instanceKlass org/jetbrains/kotlin/resolve/extensions/ExtraImportsProviderExtension
instanceKlass org/jetbrains/kotlin/extensions/ProcessSourcesBeforeCompilingExtension
instanceKlass org/jetbrains/kotlin/extensions/CollectAdditionalSourcesExtension
instanceKlass org/jetbrains/kotlin/extensions/CompilerConfigurationExtension
instanceKlass org/jetbrains/kotlin/js/translate/extensions/JsSyntheticTranslateExtension
instanceKlass org/jetbrains/kotlin/extensions/PreprocessedVirtualFileFactoryExtension
instanceKlass org/jetbrains/kotlin/extensions/DeclarationAttributeAltererExtension
instanceKlass org/jetbrains/kotlin/extensions/StorageComponentContainerContributor
instanceKlass org/jetbrains/kotlin/resolve/jvm/extensions/PackageFragmentProviderExtension
instanceKlass org/jetbrains/kotlin/resolve/jvm/extensions/AnalysisHandlerExtension
instanceKlass org/jetbrains/kotlin/resolve/extensions/AnalysisHandlerExtension
instanceKlass org/jetbrains/kotlin/codegen/extensions/ClassFileFactoryFinalizerExtension
instanceKlass org/jetbrains/kotlin/backend/jvm/extensions/ClassGeneratorExtension
instanceKlass org/jetbrains/kotlin/codegen/extensions/ClassBuilderInterceptorExtension
instanceKlass org/jetbrains/kotlin/resolve/jvm/extensions/SyntheticJavaResolveExtension
instanceKlass org/jetbrains/kotlin/resolve/extensions/SyntheticResolveExtension
instanceKlass org/jetbrains/kotlin/extensions/ProjectExtensionDescriptor
instanceKlass org/jetbrains/kotlin/codegen/extensions/ExpressionCodegenExtension
instanceKlass java/util/Random
instanceKlass java/util/random/RandomGenerator
instanceKlass java/nio/file/DirectoryStream$Filter
instanceKlass java/nio/file/FileVisitor
instanceKlass org/jetbrains/kotlin/com/intellij/openapi/util/io/FileUtilRt
instanceKlass org/jetbrains/kotlin/com/intellij/openapi/vfs/PersistentFSConstants
instanceKlass org/jetbrains/kotlin/com/intellij/util/containers/LinkedCustomHashMap$Entry
instanceKlass org/jetbrains/kotlin/com/intellij/util/containers/LinkedCustomHashMap$RemoveCallback
instanceKlass org/jetbrains/kotlin/com/intellij/util/containers/LinkedCustomHashMap
instanceKlass org/jetbrains/kotlin/com/intellij/util/containers/SLRUMap
instanceKlass org/jetbrains/kotlin/com/intellij/util/io/FileAccessorCache
instanceKlass org/jetbrains/kotlin/com/intellij/util/containers/hash/EqualityPolicy
instanceKlass java/lang/invoke/MethodHandle$1
instanceKlass org/jetbrains/kotlin/cli/jvm/compiler/jarfs/FastJarHandler
instanceKlass org/jetbrains/kotlin/cli/jvm/compiler/jarfs/FastJarFileSystemKt
instanceKlass org/jetbrains/kotlin/cli/jvm/compiler/jarfs/FastJarFileSystem$Companion
instanceKlass org/jetbrains/kotlin/com/intellij/psi/impl/source/DummyHolderFactory$DefaultFactory
instanceKlass org/jetbrains/kotlin/com/intellij/psi/impl/source/DummyHolderFactory
instanceKlass org/jetbrains/kotlin/com/intellij/psi/PsiImportHolder
instanceKlass org/jetbrains/kotlin/com/intellij/psi/impl/source/PsiFileWithStubSupport
instanceKlass org/jetbrains/kotlin/com/intellij/psi/impl/PsiFileEx
instanceKlass org/jetbrains/kotlin/com/intellij/openapi/ui/Queryable
instanceKlass org/jetbrains/kotlin/com/intellij/psi/impl/source/JavaDummyHolderFactory
instanceKlass org/jetbrains/kotlin/com/intellij/lang/jvm/facade/JvmFacadeImpl
instanceKlass org/jetbrains/kotlin/com/intellij/lang/jvm/facade/JvmFacade
instanceKlass org/jetbrains/kotlin/com/intellij/util/containers/ConcurrentRefValueHashMap$ValueReference
instanceKlass org/jetbrains/kotlin/com/intellij/util/containers/ConcurrentRefValueHashMap
instanceKlass org/jetbrains/kotlin/com/intellij/psi/impl/source/HolderFactory
instanceKlass org/jetbrains/kotlin/com/intellij/psi/PsiConstantEvaluationHelper
instanceKlass org/jetbrains/kotlin/com/intellij/psi/JavaPsiFacade
instanceKlass org/jetbrains/kotlin/cli/jvm/compiler/MockInferredAnnotationsManager$Companion
instanceKlass org/jetbrains/kotlin/com/intellij/codeInsight/InferredAnnotationsManager
instanceKlass org/jetbrains/kotlin/com/intellij/codeInsight/ExternalAnnotationsListener
instanceKlass org/jetbrains/kotlin/com/intellij/codeInsight/ExternalAnnotationsManager
instanceKlass org/jetbrains/kotlin/com/intellij/util/Processor
instanceKlass org/jetbrains/kotlin/asJava/finder/JavaElementFinder$Companion
instanceKlass org/jetbrains/kotlin/resolve/jvm/KotlinFinderMarker
instanceKlass org/jetbrains/kotlin/asJava/KotlinAsJavaSupport$Companion
instanceKlass org/jetbrains/kotlin/asJava/KotlinAsJavaSupport
instanceKlass org/jetbrains/kotlin/asJava/classes/ImplUtilsKt
instanceKlass org/jetbrains/kotlin/cli/jvm/compiler/CliLightClassGenerationSupport$CliLightClassSupport
instanceKlass org/jetbrains/kotlin/asJava/classes/KtUltraLightSupport
instanceKlass org/jetbrains/kotlin/asJava/LightClassGenerationSupport$Companion
instanceKlass org/jetbrains/kotlin/asJava/LightClassGenerationSupport
instanceKlass org/jetbrains/kotlin/resolve/jvm/JvmCodeAnalyzerInitializer
instanceKlass org/jetbrains/kotlin/resolve/CodeAnalyzerInitializer
instanceKlass org/jetbrains/kotlin/com/intellij/psi/impl/JvmPsiConversionHelperImpl
instanceKlass org/jetbrains/kotlin/com/intellij/psi/JvmPsiConversionHelper
instanceKlass java/util/stream/Collectors$CollectorImpl
instanceKlass java/util/stream/Collectors
instanceKlass java/util/stream/Collector
instanceKlass java/util/function/BinaryOperator
instanceKlass java/util/function/BiConsumer
instanceKlass org/jetbrains/kotlin/it/unimi/dsi/fastutil/objects/ObjectSpliterator
instanceKlass org/jetbrains/kotlin/it/unimi/dsi/fastutil/objects/ObjectIterator
instanceKlass org/jetbrains/kotlin/com/intellij/util/containers/Interner
instanceKlass org/jetbrains/kotlin/utils/PlatformUtilsKt
instanceKlass org/jetbrains/kotlin/load/java/structure/impl/classFiles/BinaryClassSignatureParser
instanceKlass org/jetbrains/kotlin/com/intellij/openapi/util/RecursionManager$2
instanceKlass org/jetbrains/kotlin/com/intellij/util/containers/SoftKeySoftValueHashMap
instanceKlass org/jetbrains/kotlin/com/intellij/psi/search/ProjectScope
instanceKlass org/jetbrains/kotlin/cli/jvm/compiler/KotlinCliJavaFileManagerImpl$Companion
instanceKlass org/jetbrains/kotlin/com/intellij/core/CoreJavaFileManager
instanceKlass org/jetbrains/kotlin/resolve/jvm/KotlinCliJavaFileManager
instanceKlass org/jetbrains/kotlin/com/intellij/psi/controlFlow/ControlFlowFactory$1
instanceKlass org/jetbrains/kotlin/com/intellij/util/containers/ConcurrentWeakKeySoftValueHashMap$HardKey
instanceKlass org/jetbrains/kotlin/com/intellij/util/containers/ConcurrentWeakKeySoftValueHashMap$KeyReference
instanceKlass org/jetbrains/kotlin/com/intellij/util/containers/ConcurrentWeakKeySoftValueHashMap
instanceKlass org/jetbrains/kotlin/com/intellij/psi/controlFlow/ControlFlow
instanceKlass org/jetbrains/kotlin/com/intellij/psi/controlFlow/ControlFlowFactory
instanceKlass org/jetbrains/kotlin/com/intellij/psi/codeStyle/SuggestedNameInfo
instanceKlass org/jetbrains/kotlin/com/intellij/psi/codeStyle/JavaCodeStyleManager
instanceKlass org/jetbrains/kotlin/com/intellij/core/CoreJavaFileCodeStyleFacade
instanceKlass org/jetbrains/kotlin/com/intellij/psi/codeStyle/JavaFileCodeStyleFacade
instanceKlass org/jetbrains/kotlin/com/intellij/psi/codeStyle/CodeStyleSettingsFacade
instanceKlass org/jetbrains/kotlin/com/intellij/psi/codeStyle/JavaCodeStyleSettingsFacade
instanceKlass org/jetbrains/kotlin/com/intellij/psi/impl/source/resolve/JavaResolveCache$1
instanceKlass org/jetbrains/kotlin/com/intellij/psi/impl/source/resolve/JavaResolveCache
instanceKlass org/jetbrains/kotlin/com/intellij/util/lang/JavaVersion
instanceKlass sun/util/locale/LanguageTag
instanceKlass java/util/ResourceBundle$Control
instanceKlass org/jetbrains/kotlin/com/intellij/AbstractBundle
instanceKlass org/jetbrains/kotlin/com/intellij/core/JavaPsiBundle
instanceKlass org/jetbrains/kotlin/com/intellij/openapi/roots/LanguageLevelProjectExtension$LanguageLevelChangeListener
instanceKlass org/jetbrains/kotlin/com/intellij/openapi/roots/LanguageLevelProjectExtension
instanceKlass org/jetbrains/kotlin/com/intellij/openapi/util/RecursionManager$CalculationStack
instanceKlass org/jetbrains/kotlin/com/intellij/openapi/util/RecursionGuard
instanceKlass org/jetbrains/kotlin/com/intellij/openapi/util/RecursionGuard$StackStamp
instanceKlass org/jetbrains/kotlin/com/intellij/openapi/util/RecursionManager
instanceKlass org/jetbrains/kotlin/com/intellij/psi/PsiInferenceHelper
instanceKlass org/jetbrains/kotlin/com/intellij/psi/scope/processor/FilterScopeProcessor
instanceKlass org/jetbrains/kotlin/com/intellij/psi/scope/PsiScopeProcessor
instanceKlass org/jetbrains/kotlin/com/intellij/psi/scope/NameHint
instanceKlass org/jetbrains/kotlin/com/intellij/psi/scope/ElementClassHint
instanceKlass org/jetbrains/kotlin/com/intellij/psi/impl/source/resolve/PsiResolveHelperImpl
instanceKlass org/jetbrains/kotlin/com/intellij/psi/PsiResolveHelper
instanceKlass org/jetbrains/kotlin/com/intellij/psi/impl/JavaPsiImplementationHelper
instanceKlass org/jetbrains/kotlin/com/intellij/psi/impl/PsiElementFactoryImpl$1
instanceKlass org/jetbrains/kotlin/com/intellij/psi/TypeAnnotationProvider$1
instanceKlass org/jetbrains/kotlin/com/intellij/psi/TypeAnnotationProvider$Static
instanceKlass org/jetbrains/kotlin/com/intellij/psi/TypeAnnotationProvider
instanceKlass org/jetbrains/kotlin/com/intellij/psi/PsiAnnotation
instanceKlass org/jetbrains/kotlin/com/intellij/lang/jvm/types/JvmPrimitiveTypeKind
instanceKlass org/jetbrains/kotlin/com/intellij/lang/jvm/JvmAnnotation
instanceKlass org/jetbrains/kotlin/com/intellij/psi/PsiTypes
instanceKlass org/jetbrains/kotlin/com/intellij/lang/java/parser/JavaParserUtil$ParserWrapper
instanceKlass org/jetbrains/kotlin/com/intellij/psi/PsiImportStatementBase
instanceKlass org/jetbrains/kotlin/com/intellij/psi/PsiTypeElement
instanceKlass org/jetbrains/kotlin/com/intellij/psi/PsiReferenceExpression
instanceKlass org/jetbrains/kotlin/com/intellij/psi/PsiExpression
instanceKlass org/jetbrains/kotlin/com/intellij/psi/PsiCaseLabelElement
instanceKlass org/jetbrains/kotlin/com/intellij/psi/PsiAnnotationMemberValue
instanceKlass org/jetbrains/kotlin/com/intellij/psi/PsiJavaCodeReferenceElement
instanceKlass org/jetbrains/kotlin/com/intellij/psi/PsiQualifiedReferenceElement
instanceKlass org/jetbrains/kotlin/com/intellij/psi/PsiQualifiedReference
instanceKlass org/jetbrains/kotlin/com/intellij/psi/PsiJavaReference
instanceKlass org/jetbrains/kotlin/com/intellij/psi/PsiPolyVariantReference
instanceKlass org/jetbrains/kotlin/com/intellij/lang/jvm/types/JvmReferenceType
instanceKlass org/jetbrains/kotlin/com/intellij/lang/jvm/types/JvmPrimitiveType
instanceKlass org/jetbrains/kotlin/com/intellij/psi/PsiType
instanceKlass org/jetbrains/kotlin/com/intellij/psi/PsiAnnotationOwner
instanceKlass org/jetbrains/kotlin/com/intellij/lang/jvm/types/JvmType
instanceKlass org/jetbrains/kotlin/com/intellij/lang/java/parser/BasicJavaParserUtil$ParserWrapper
instanceKlass org/jetbrains/kotlin/com/intellij/psi/impl/PsiJavaParserFacadeImpl
instanceKlass org/jetbrains/kotlin/com/intellij/psi/PsiElementFactory
instanceKlass org/jetbrains/kotlin/com/intellij/psi/PsiJavaParserFacade
instanceKlass org/jetbrains/kotlin/com/intellij/psi/JVMElementFactory
instanceKlass org/jetbrains/kotlin/com/intellij/lang/injection/InjectedLanguageManager
instanceKlass org/jetbrains/kotlin/com/intellij/mock/MockDumbUtil
instanceKlass org/jetbrains/kotlin/com/intellij/openapi/project/DumbUtil
instanceKlass org/jetbrains/kotlin/com/intellij/psi/search/impl/VirtualFileEnumeration
instanceKlass org/jetbrains/kotlin/com/intellij/psi/search/impl/VirtualFileEnumerationAware
instanceKlass org/jetbrains/kotlin/com/intellij/psi/search/SearchScope
instanceKlass org/jetbrains/kotlin/com/intellij/psi/search/ProjectAwareFileFilter
instanceKlass org/jetbrains/kotlin/com/intellij/psi/PsiDirectory
instanceKlass org/jetbrains/kotlin/com/intellij/psi/impl/file/PsiDirectoryFactory
instanceKlass org/jetbrains/kotlin/com/intellij/psi/util/ParameterizedCachedValue
instanceKlass org/jetbrains/kotlin/com/intellij/psi/util/CachedValue
instanceKlass org/jetbrains/kotlin/com/intellij/psi/impl/PsiCachedValuesFactory
instanceKlass org/jetbrains/kotlin/com/intellij/psi/util/CachedValueProvider
instanceKlass org/jetbrains/kotlin/com/intellij/psi/util/CachedValuesManager
instanceKlass org/jetbrains/kotlin/com/intellij/psi/impl/source/tree/TreeElementVisitor
instanceKlass org/jetbrains/kotlin/com/intellij/psi/PsiFileFactory
instanceKlass org/jetbrains/kotlin/com/intellij/psi/impl/PsiToDocumentSynchronizer
instanceKlass org/jetbrains/kotlin/com/intellij/psi/PsiRecursiveVisitor
instanceKlass org/jetbrains/kotlin/com/intellij/psi/PsiElementVisitor
instanceKlass org/jetbrains/kotlin/com/intellij/openapi/editor/event/DocumentListener
instanceKlass org/jetbrains/kotlin/com/intellij/psi/PsiDocumentManager
instanceKlass org/jetbrains/kotlin/com/intellij/core/MockDocumentCommitProcessor
instanceKlass org/jetbrains/kotlin/com/intellij/psi/impl/DocumentCommitProcessor
instanceKlass org/jetbrains/kotlin/com/intellij/psi/SmartPointerManager
instanceKlass org/jetbrains/kotlin/com/intellij/psi/impl/file/impl/FileManagerImpl$1
instanceKlass org/jetbrains/kotlin/com/intellij/openapi/util/Comparing
instanceKlass org/jetbrains/kotlin/com/intellij/openapi/fileTypes/CharsetUtil
instanceKlass org/jetbrains/kotlin/com/intellij/util/LocalTimeCounter
instanceKlass org/jetbrains/kotlin/com/intellij/openapi/extensions/ExtensionPointPriorityListener
instanceKlass org/jetbrains/kotlin/com/intellij/openapi/extensions/ExtensionPointUtil$1
instanceKlass org/jetbrains/kotlin/com/intellij/openapi/extensions/ExtensionPointUtil
instanceKlass org/jetbrains/kotlin/com/intellij/openapi/vfs/NonPhysicalFileSystem
instanceKlass org/jetbrains/kotlin/com/intellij/openapi/vfs/VirtualFileWithAssignedFileType
instanceKlass org/jetbrains/kotlin/com/intellij/psi/impl/file/impl/FileManagerImpl
instanceKlass org/jetbrains/kotlin/com/intellij/openapi/util/NotNullFactory
instanceKlass org/jetbrains/kotlin/com/intellij/openapi/util/Factory
instanceKlass org/jetbrains/kotlin/com/intellij/openapi/vfs/VirtualFileFilter$2
instanceKlass org/jetbrains/kotlin/com/intellij/openapi/vfs/VirtualFileFilter$1
instanceKlass org/jetbrains/kotlin/com/intellij/openapi/vfs/VirtualFileFilter
instanceKlass org/jetbrains/kotlin/com/intellij/openapi/util/LowMemoryWatcher
instanceKlass org/jetbrains/kotlin/com/intellij/psi/impl/source/resolve/ResolveCache$1
instanceKlass org/jetbrains/kotlin/com/intellij/psi/impl/AnyPsiChangeListener
instanceKlass org/jetbrains/kotlin/com/intellij/openapi/wm/ex/ProgressIndicatorEx
instanceKlass org/jetbrains/kotlin/com/intellij/psi/impl/file/impl/FileManager
instanceKlass org/jetbrains/kotlin/com/intellij/psi/ResolveResult
instanceKlass org/jetbrains/kotlin/com/intellij/psi/impl/source/resolve/ResolveCache$StrongValueReference
instanceKlass org/jetbrains/kotlin/com/intellij/util/containers/ConcurrentWeakKeySoftValueHashMap$ValueReference
instanceKlass org/jetbrains/kotlin/com/intellij/psi/impl/source/resolve/ResolveCache$AbstractResolver
instanceKlass org/jetbrains/kotlin/com/intellij/psi/PsiReference
instanceKlass org/jetbrains/kotlin/com/intellij/psi/impl/source/resolve/ResolveCache
instanceKlass org/jetbrains/kotlin/com/intellij/psi/impl/PsiModificationTrackerImpl$1
instanceKlass org/jetbrains/kotlin/com/intellij/openapi/project/DumbService$DumbModeListener
instanceKlass org/jetbrains/kotlin/com/intellij/openapi/project/DumbService$Companion
instanceKlass org/jetbrains/kotlin/com/intellij/openapi/project/DumbService
instanceKlass org/jetbrains/kotlin/com/intellij/psi/util/PsiModificationTracker$Listener
instanceKlass org/jetbrains/kotlin/com/intellij/psi/impl/PsiModificationTrackerImpl
instanceKlass org/jetbrains/kotlin/com/intellij/psi/util/PsiModificationTracker
instanceKlass org/jetbrains/kotlin/com/intellij/lang/jvm/facade/JvmElementProvider
instanceKlass org/jetbrains/kotlin/com/intellij/psi/PsiElementFinder
instanceKlass org/jetbrains/kotlin/com/intellij/psi/impl/PsiTreeChangePreprocessor
instanceKlass org/jetbrains/kotlin/com/intellij/psi/impl/file/impl/JavaFileManager
instanceKlass org/jetbrains/kotlin/com/intellij/openapi/roots/PackageIndex
instanceKlass org/jetbrains/kotlin/com/intellij/psi/search/ProjectScopeBuilder
instanceKlass org/jetbrains/kotlin/com/intellij/openapi/roots/FileIndexFacade
instanceKlass org/jetbrains/kotlin/com/intellij/psi/impl/ResolveScopeManager
instanceKlass org/jetbrains/kotlin/com/intellij/util/CachedValuesFactory
instanceKlass org/jetbrains/kotlin/com/intellij/openapi/project/Project
instanceKlass org/jetbrains/kotlin/com/intellij/core/CoreProjectEnvironment
instanceKlass org/jetbrains/kotlin/cli/jvm/compiler/KotlinCoreEnvironment$Companion$getOrCreateApplicationEnvironment$1$2
instanceKlass org/jetbrains/kotlin/com/intellij/pom/java/InternalPersistentJavaLanguageLevelReaderService$DefaultImpl
instanceKlass org/jetbrains/kotlin/com/intellij/pom/java/InternalPersistentJavaLanguageLevelReaderService
instanceKlass org/jetbrains/kotlin/com/intellij/openapi/vfs/VirtualFileSet
instanceKlass org/jetbrains/kotlin/com/intellij/openapi/vfs/CompactVirtualFileSetFactory
instanceKlass org/jetbrains/kotlin/com/intellij/openapi/vfs/VirtualFileSetFactoryKt
instanceKlass org/jetbrains/kotlin/com/intellij/openapi/vfs/VirtualFileSetFactory
instanceKlass org/jetbrains/kotlin/com/intellij/openapi/application/TransactionGuard
instanceKlass org/jetbrains/kotlin/com/intellij/psi/util/JavaClassSupers
instanceKlass org/jetbrains/kotlin/load/kotlin/KotlinBinaryClassCache$Companion
instanceKlass org/jetbrains/kotlin/load/kotlin/KotlinBinaryClassCache
instanceKlass org/jetbrains/kotlin/psi/stubs/KotlinFileStub
instanceKlass org/jetbrains/kotlin/parsing/KotlinParserDefinition$Companion
instanceKlass org/jetbrains/kotlin/parsing/KotlinCommonParserDefinition
instanceKlass sun/invoke/util/VerifyAccess$1
instanceKlass javax/swing/Icon
instanceKlass org/jetbrains/kotlin/com/intellij/util/keyFMap/OneElementFMap
instanceKlass org/jetbrains/kotlin/com/intellij/openapi/extensions/impl/ExtensionProcessingHelper
instanceKlass org/jetbrains/kotlin/com/intellij/openapi/extensions/impl/ExtensionsAreaImplKt
instanceKlass kotlinx/coroutines/IncompleteStateBox
instanceKlass kotlinx/coroutines/internal/LockFreeLinkedListNode
instanceKlass kotlin/coroutines/jvm/internal/CompletedContinuation
instanceKlass org/jetbrains/kotlin/com/intellij/openapi/util/BuildNumber
instanceKlass org/jetbrains/kotlin/com/intellij/ide/plugins/PluginManagerCore
instanceKlass org/jetbrains/kotlin/com/intellij/ide/plugins/PluginContentDescriptor$Companion
instanceKlass org/jetbrains/kotlin/com/intellij/ide/plugins/PluginContentDescriptor
instanceKlass org/jetbrains/kotlin/com/intellij/ide/plugins/IdeaPluginDescriptorImpl
instanceKlass org/jetbrains/kotlin/com/intellij/ide/plugins/IdeaPluginDescriptor
instanceKlass org/jetbrains/kotlin/org/codehaus/stax2/ri/typed/ValueDecoderFactory
instanceKlass org/jetbrains/kotlin/com/fasterxml/aalto/in/ByteBasedPNameTable$Bucket
instanceKlass org/jetbrains/kotlin/com/intellij/openapi/extensions/ExtensionPointDescriptor
instanceKlass org/jetbrains/kotlin/com/fasterxml/aalto/util/DataUtil
instanceKlass org/jetbrains/kotlin/com/fasterxml/aalto/in/ElementScope
instanceKlass org/jetbrains/kotlin/com/fasterxml/aalto/in/ByteBasedPNameFactory
instanceKlass org/jetbrains/kotlin/com/intellij/ide/plugins/ModuleDependenciesDescriptor$Companion
instanceKlass org/jetbrains/kotlin/com/intellij/ide/plugins/ModuleDependenciesDescriptor
instanceKlass org/jetbrains/kotlin/com/intellij/ide/plugins/ContainerDescriptor
instanceKlass org/jetbrains/kotlin/com/intellij/ide/plugins/RawPluginDescriptor
instanceKlass org/jetbrains/kotlin/com/fasterxml/aalto/util/BufferRecycler
instanceKlass org/jetbrains/kotlin/com/fasterxml/aalto/util/NameTable
instanceKlass org/jetbrains/kotlin/com/fasterxml/aalto/util/XmlCharTypes
instanceKlass org/jetbrains/kotlin/com/fasterxml/aalto/in/AttributeCollector
instanceKlass org/jetbrains/kotlin/com/fasterxml/aalto/util/TextBuilder
instanceKlass org/jetbrains/kotlin/com/fasterxml/aalto/in/FixedNsContext
instanceKlass org/jetbrains/kotlin/com/fasterxml/aalto/in/NsBinding
instanceKlass org/jetbrains/kotlin/com/fasterxml/aalto/in/PName
instanceKlass org/jetbrains/kotlin/org/codehaus/stax2/XMLStreamLocation2
instanceKlass org/jetbrains/kotlin/org/codehaus/stax2/typed/TypedValueDecoder
instanceKlass org/jetbrains/kotlin/com/fasterxml/aalto/stax/StreamReaderImpl
instanceKlass org/jetbrains/kotlin/org/codehaus/stax2/XMLStreamReader2
instanceKlass org/jetbrains/kotlin/org/codehaus/stax2/typed/TypedXMLStreamReader
instanceKlass javax/xml/stream/XMLStreamReader
instanceKlass org/jetbrains/kotlin/org/codehaus/stax2/LocationInfo
instanceKlass org/jetbrains/kotlin/com/fasterxml/aalto/in/XmlScanner
instanceKlass javax/xml/stream/XMLStreamConstants
instanceKlass javax/xml/namespace/NamespaceContext
instanceKlass javax/xml/stream/Location
instanceKlass org/jetbrains/kotlin/com/fasterxml/aalto/in/InputBootstrapper
instanceKlass org/jetbrains/kotlin/com/fasterxml/aalto/util/UriCanonicalizer
instanceKlass org/jetbrains/kotlin/com/fasterxml/aalto/in/ReaderConfig$EncodingContext
instanceKlass org/jetbrains/kotlin/com/fasterxml/aalto/impl/CommonConfig
instanceKlass org/jetbrains/kotlin/com/intellij/util/xml/dom/StaxFactory
instanceKlass kotlin/jvm/internal/SpreadBuilder
instanceKlass org/jetbrains/kotlin/com/intellij/ide/plugins/XmlReader
instanceKlass org/jetbrains/kotlin/com/intellij/ide/plugins/JavaZipFileDataLoader
instanceKlass org/jetbrains/kotlin/com/intellij/ide/plugins/DataLoader
instanceKlass kotlin/ResultKt
instanceKlass kotlinx/coroutines/internal/OpDescriptor
instanceKlass kotlinx/coroutines/DispatchedTaskKt
instanceKlass kotlinx/coroutines/CompletedExceptionally
instanceKlass kotlinx/coroutines/EventLoop_commonKt
instanceKlass kotlinx/coroutines/AbstractTimeSourceKt
instanceKlass kotlin/Result$Failure
instanceKlass kotlinx/coroutines/CompletionStateKt
instanceKlass kotlin/Result$Companion
instanceKlass kotlin/Result
instanceKlass kotlinx/coroutines/internal/ThreadContextKt
instanceKlass kotlinx/coroutines/internal/DispatchedContinuationKt
instanceKlass kotlinx/coroutines/scheduling/Task
instanceKlass kotlin/coroutines/jvm/internal/DebugProbesKt
instanceKlass kotlin/coroutines/intrinsics/IntrinsicsKt__IntrinsicsJvmKt
instanceKlass kotlinx/coroutines/intrinsics/CancellableKt
instanceKlass kotlinx/coroutines/CoroutineStart$WhenMappings
instanceKlass kotlin/coroutines/CombinedContext
instanceKlass kotlinx/coroutines/Job$DefaultImpls
instanceKlass kotlin/coroutines/CoroutineContext$DefaultImpls
instanceKlass kotlinx/coroutines/NonDisposableHandle
instanceKlass kotlinx/coroutines/ChildHandle
instanceKlass kotlinx/coroutines/DisposableHandle
instanceKlass kotlinx/coroutines/Job$Key
instanceKlass kotlinx/coroutines/Empty
instanceKlass kotlinx/coroutines/Incomplete
instanceKlass kotlinx/coroutines/JobSupportKt
instanceKlass kotlinx/coroutines/JobSupport
instanceKlass kotlinx/coroutines/selects/SelectClause0
instanceKlass kotlinx/coroutines/ParentJob
instanceKlass kotlinx/coroutines/ChildJob
instanceKlass kotlinx/coroutines/Job
instanceKlass kotlin/coroutines/ContinuationInterceptor$DefaultImpls
instanceKlass kotlinx/coroutines/DefaultExecutorKt
instanceKlass kotlinx/coroutines/internal/LimitedDispatcherKt
instanceKlass java/util/concurrent/atomic/AtomicReferenceArray
instanceKlass kotlinx/coroutines/internal/LockFreeTaskQueueCore$Companion
instanceKlass kotlinx/coroutines/internal/LockFreeTaskQueueCore
instanceKlass java/util/concurrent/atomic/AtomicIntegerFieldUpdater$AtomicIntegerFieldUpdaterImpl$1
instanceKlass java/util/concurrent/atomic/AtomicIntegerFieldUpdater
instanceKlass kotlinx/coroutines/internal/ResizableAtomicArray
instanceKlass kotlinx/coroutines/internal/LockFreeTaskQueue
instanceKlass kotlinx/coroutines/internal/Symbol
instanceKlass kotlinx/coroutines/scheduling/CoroutineScheduler$Companion
instanceKlass kotlinx/coroutines/scheduling/CoroutineScheduler
instanceKlass java/util/concurrent/Executor
instanceKlass kotlinx/coroutines/scheduling/TaskContextImpl
instanceKlass kotlinx/coroutines/scheduling/TaskContext
instanceKlass kotlinx/coroutines/scheduling/SchedulerTimeSource
instanceKlass kotlinx/coroutines/internal/SystemPropsKt__SystemProps_commonKt
instanceKlass kotlinx/coroutines/scheduling/TasksKt
instanceKlass kotlinx/coroutines/Dispatchers
instanceKlass kotlinx/coroutines/internal/SystemPropsKt__SystemPropsKt
instanceKlass kotlinx/coroutines/internal/SystemPropsKt
instanceKlass kotlinx/coroutines/DebugKt
instanceKlass kotlinx/coroutines/CopyableThreadContextElement
instanceKlass kotlinx/coroutines/ThreadContextElement
instanceKlass kotlin/coroutines/CoroutineContext$Element$DefaultImpls
instanceKlass kotlinx/coroutines/CoroutineContextKt
instanceKlass kotlinx/coroutines/GlobalScope
instanceKlass kotlin/coroutines/AbstractCoroutineContextKey
instanceKlass kotlin/coroutines/AbstractCoroutineContextElement
instanceKlass kotlinx/coroutines/Delay
instanceKlass kotlinx/coroutines/EventLoopKt
instanceKlass kotlinx/coroutines/ThreadLocalEventLoop
instanceKlass kotlin/coroutines/ContinuationInterceptor$Key
instanceKlass kotlin/coroutines/CoroutineContext$Key
instanceKlass kotlin/coroutines/ContinuationInterceptor
instanceKlass kotlin/coroutines/CoroutineContext$Element
instanceKlass kotlin/coroutines/EmptyCoroutineContext
instanceKlass kotlin/coroutines/CoroutineContext
instanceKlass kotlinx/coroutines/BuildersKt__BuildersKt
instanceKlass kotlinx/coroutines/BuildersKt
instanceKlass kotlin/coroutines/jvm/internal/BaseContinuationImpl
instanceKlass kotlin/coroutines/jvm/internal/CoroutineStackFrame
instanceKlass kotlin/coroutines/Continuation
instanceKlass kotlin/coroutines/jvm/internal/SuspendFunction
instanceKlass org/jetbrains/kotlin/com/intellij/ide/plugins/MyXmlInterner
instanceKlass org/jetbrains/kotlin/com/intellij/util/xml/dom/XmlInterner
instanceKlass org/jetbrains/kotlin/com/intellij/ide/plugins/DescriptorListLoadingContext
instanceKlass org/jetbrains/kotlin/com/intellij/ide/plugins/ReadModuleContext
instanceKlass org/jetbrains/kotlin/com/intellij/ide/plugins/PluginXmlPathResolver$Companion
instanceKlass org/jetbrains/kotlin/com/intellij/ide/plugins/PluginXmlPathResolver
instanceKlass org/jetbrains/kotlin/com/intellij/ide/plugins/PathResolver
instanceKlass org/jetbrains/kotlin/com/intellij/ide/plugins/PluginDescriptorLoader
instanceKlass org/jetbrains/kotlin/com/intellij/psi/JavaModuleSystem
instanceKlass org/jetbrains/kotlin/com/intellij/psi/impl/compiled/ClsCustomNavigationPolicy
instanceKlass org/jetbrains/kotlin/cli/jvm/compiler/IdeaExtensionPoints
instanceKlass org/jetbrains/kotlin/com/intellij/psi/impl/smartPointers/SmartPointerAnchorProvider
instanceKlass org/jetbrains/kotlin/com/intellij/codeInsight/runner/JavaMainMethodProvider
instanceKlass org/jetbrains/kotlin/com/intellij/openapi/util/NotNullLazyValue
instanceKlass org/jetbrains/kotlin/com/intellij/psi/augment/PsiAugmentProvider
instanceKlass org/jetbrains/kotlin/com/intellij/psi/meta/MetaDataContributor
instanceKlass org/jetbrains/kotlin/com/intellij/psi/FileContextProvider
instanceKlass org/jetbrains/kotlin/cli/jvm/compiler/DummyJavaFileCodeStyleFacadeFactory
instanceKlass org/jetbrains/kotlin/com/intellij/psi/codeStyle/JavaFileCodeStyleFacadeFactory
instanceKlass org/jetbrains/kotlin/com/intellij/psi/FileViewProvider
instanceKlass org/jetbrains/kotlin/com/intellij/psi/compiled/ClsStubBuilder
instanceKlass org/jetbrains/kotlin/com/intellij/psi/compiled/ClassFileDecompilers$Full
instanceKlass java/util/TimSort
instanceKlass java/util/Arrays$LegacyMergeSort
instanceKlass org/jetbrains/kotlin/com/intellij/openapi/components/Service
instanceKlass org/jetbrains/kotlin/com/intellij/psi/compiled/ClassFileDecompilers
instanceKlass org/jetbrains/kotlin/com/intellij/psi/compiled/ClassFileDecompilers$Decompiler
instanceKlass org/jetbrains/kotlin/com/intellij/psi/util/MethodSignature
instanceKlass org/jetbrains/kotlin/com/intellij/openapi/application/QueryExecutorBase
instanceKlass org/jetbrains/kotlin/com/intellij/util/QueryExecutor
instanceKlass org/jetbrains/kotlin/com/intellij/psi/search/searches/SuperMethodsSearch$1
instanceKlass org/jetbrains/kotlin/com/intellij/openapi/extensions/SmartExtensionPoint$1
instanceKlass org/jetbrains/kotlin/com/intellij/openapi/extensions/ExtensionPointAndAreaListener
instanceKlass org/jetbrains/kotlin/com/intellij/openapi/extensions/SmartExtensionPoint
instanceKlass org/jetbrains/kotlin/com/intellij/util/Query
instanceKlass org/jetbrains/kotlin/com/intellij/util/QueryFactory
instanceKlass org/jetbrains/kotlin/com/intellij/openapi/util/registry/RegistryValue
instanceKlass org/jetbrains/kotlin/com/intellij/openapi/util/registry/Registry$1
instanceKlass org/jetbrains/kotlin/com/intellij/openapi/util/registry/RegistryValueListener
instanceKlass org/jetbrains/kotlin/com/intellij/openapi/util/registry/Registry
instanceKlass org/jetbrains/kotlin/com/intellij/lang/folding/FoldingBuilderEx
instanceKlass org/jetbrains/kotlin/com/intellij/openapi/project/PossiblyDumbAware
instanceKlass org/jetbrains/kotlin/com/intellij/openapi/project/DumbAware
instanceKlass org/jetbrains/kotlin/com/intellij/lang/folding/FoldingBuilder
instanceKlass org/jetbrains/kotlin/com/intellij/codeInsight/folding/JavaCodeFoldingSettings
instanceKlass org/jetbrains/kotlin/com/intellij/psi/PsiParameter
instanceKlass org/jetbrains/kotlin/com/intellij/lang/jvm/JvmParameter
instanceKlass org/jetbrains/kotlin/com/intellij/psi/presentation/java/VariablePresentationProvider
instanceKlass org/jetbrains/kotlin/com/intellij/psi/PsiLocalVariable
instanceKlass org/jetbrains/kotlin/com/intellij/psi/presentation/java/FieldPresentationProvider
instanceKlass org/jetbrains/kotlin/com/intellij/psi/PsiField
instanceKlass org/jetbrains/kotlin/com/intellij/psi/PsiVariable
instanceKlass org/jetbrains/kotlin/com/intellij/lang/jvm/JvmField
instanceKlass org/jetbrains/kotlin/com/intellij/psi/presentation/java/MethodPresentationProvider
instanceKlass org/jetbrains/kotlin/com/intellij/psi/PsiMethod
instanceKlass org/jetbrains/kotlin/com/intellij/psi/PsiParameterListOwner
instanceKlass org/jetbrains/kotlin/com/intellij/lang/jvm/JvmMethod
instanceKlass org/jetbrains/kotlin/com/intellij/psi/presentation/java/ClassPresentationProvider
instanceKlass org/jetbrains/kotlin/com/intellij/psi/PsiClass
instanceKlass org/jetbrains/kotlin/com/intellij/psi/PsiTypeParameterListOwner
instanceKlass org/jetbrains/kotlin/com/intellij/psi/PsiJvmMember
instanceKlass org/jetbrains/kotlin/com/intellij/psi/PsiTarget
instanceKlass org/jetbrains/kotlin/com/intellij/psi/PsiNameIdentifierOwner
instanceKlass org/jetbrains/kotlin/com/intellij/psi/PsiDocCommentOwner
instanceKlass org/jetbrains/kotlin/com/intellij/psi/PsiMember
instanceKlass org/jetbrains/kotlin/com/intellij/psi/PsiJavaDocumentedElement
instanceKlass org/jetbrains/kotlin/com/intellij/pom/PomRenameableTarget
instanceKlass org/jetbrains/kotlin/com/intellij/pom/PomNamedTarget
instanceKlass org/jetbrains/kotlin/com/intellij/pom/PomTarget
instanceKlass org/jetbrains/kotlin/com/intellij/lang/jvm/JvmClass
instanceKlass org/jetbrains/kotlin/com/intellij/lang/jvm/JvmTypeParametersOwner
instanceKlass org/jetbrains/kotlin/com/intellij/lang/jvm/JvmMember
instanceKlass org/jetbrains/kotlin/com/intellij/lang/jvm/JvmTypeDeclaration
instanceKlass org/jetbrains/kotlin/com/intellij/navigation/ItemPresentation
instanceKlass org/jetbrains/kotlin/com/intellij/psi/presentation/java/PackagePresentationProvider
instanceKlass org/jetbrains/kotlin/com/intellij/navigation/ItemPresentationProvider
instanceKlass org/jetbrains/kotlin/com/intellij/psi/PsiPackage
instanceKlass org/jetbrains/kotlin/com/intellij/psi/PsiQualifiedNamedElement
instanceKlass org/jetbrains/kotlin/com/intellij/psi/PsiJvmModifiersOwner
instanceKlass org/jetbrains/kotlin/com/intellij/psi/PsiModifierListOwner
instanceKlass org/jetbrains/kotlin/com/intellij/lang/jvm/JvmModifiersOwner
instanceKlass org/jetbrains/kotlin/com/intellij/psi/PsiDirectoryContainer
instanceKlass org/jetbrains/kotlin/com/intellij/lang/jvm/JvmPackage
instanceKlass org/jetbrains/kotlin/com/intellij/lang/jvm/JvmNamedElement
instanceKlass org/jetbrains/kotlin/com/intellij/lang/jvm/JvmAnnotatedElement
instanceKlass org/jetbrains/kotlin/com/intellij/lang/jvm/JvmElement
instanceKlass org/jetbrains/kotlin/com/intellij/openapi/projectRoots/JavaVersionService
instanceKlass org/jetbrains/kotlin/com/intellij/psi/JavaDirectoryService
instanceKlass org/jetbrains/kotlin/com/intellij/psi/PsiSubstitutor
instanceKlass org/jetbrains/kotlin/com/intellij/psi/PsiSubstitutorFactory
instanceKlass org/jetbrains/kotlin/com/intellij/openapi/util/ModificationTracker$1
instanceKlass org/jetbrains/kotlin/com/intellij/psi/impl/file/PsiPackageImplementationHelper
instanceKlass kotlin/internal/ProgressionUtilKt
instanceKlass kotlin/ranges/IntRange$Companion
instanceKlass kotlin/ranges/IntProgression$Companion
instanceKlass kotlin/ranges/IntProgression
instanceKlass kotlin/ranges/OpenEndRange
instanceKlass kotlin/ranges/ClosedRange
instanceKlass kotlin/text/DelimitedRangesSequence$iterator$1
instanceKlass kotlin/sequences/TransformingSequence$iterator$1
instanceKlass kotlin/sequences/FilteringSequence$iterator$1
instanceKlass kotlin/sequences/FilteringSequence
instanceKlass kotlin/sequences/TransformingSequence
instanceKlass kotlin/text/DelimitedRangesSequence
instanceKlass org/jetbrains/kotlin/com/intellij/openapi/extensions/LoadingOrder$Companion
instanceKlass org/jetbrains/kotlin/com/intellij/openapi/extensions/LoadingOrder
instanceKlass org/jetbrains/kotlin/com/intellij/codeInsight/JavaContainerProvider
instanceKlass org/jetbrains/kotlin/com/intellij/codeInsight/ContainerProvider
instanceKlass org/jetbrains/kotlin/com/intellij/psi/impl/PsiExpressionEvaluator
instanceKlass org/jetbrains/kotlin/com/intellij/psi/impl/ConstantExpressionEvaluator
instanceKlass org/jetbrains/kotlin/com/intellij/psi/stubs/IndexSink
instanceKlass org/jetbrains/kotlin/com/intellij/util/diff/FlyweightCapableTreeStructure
instanceKlass org/jetbrains/kotlin/com/intellij/psi/impl/java/stubs/PsiJavaFileStub
instanceKlass org/jetbrains/kotlin/com/intellij/psi/stubs/PsiClassHolderFileStub
instanceKlass org/jetbrains/kotlin/com/intellij/psi/stubs/LightStubBuilder
instanceKlass org/jetbrains/kotlin/com/intellij/psi/stubs/PsiFileStub
instanceKlass org/jetbrains/kotlin/com/intellij/psi/stubs/StubElement
instanceKlass org/jetbrains/kotlin/com/intellij/psi/stubs/Stub
instanceKlass org/jetbrains/kotlin/com/intellij/psi/StubBuilder
instanceKlass org/jetbrains/kotlin/com/intellij/psi/stubs/StubSerializer
instanceKlass org/jetbrains/kotlin/com/intellij/psi/stubs/ObjectStubSerializer
instanceKlass org/jetbrains/kotlin/com/intellij/lang/java/JavaParserDefinition
instanceKlass org/jetbrains/kotlin/com/intellij/psi/javadoc/PsiDocTagValue
instanceKlass org/jetbrains/kotlin/com/intellij/psi/javadoc/PsiDocToken
instanceKlass org/jetbrains/kotlin/com/intellij/psi/javadoc/PsiSnippetAttributeValue
instanceKlass org/jetbrains/kotlin/com/intellij/psi/PsiFragment
instanceKlass org/jetbrains/kotlin/com/intellij/psi/PsiLiteralValue
instanceKlass org/jetbrains/kotlin/com/intellij/psi/PsiKeyword
instanceKlass org/jetbrains/kotlin/com/intellij/psi/PsiIdentifier
instanceKlass org/jetbrains/kotlin/com/intellij/psi/PsiJavaToken
instanceKlass org/jetbrains/kotlin/com/intellij/psi/impl/compiled/ClassFileStubBuilder
instanceKlass org/jetbrains/kotlin/com/intellij/psi/stubs/BinaryFileStubBuilder$CompositeBinaryFileStubBuilder
instanceKlass org/jetbrains/kotlin/com/intellij/psi/stubs/BinaryFileStubBuilder
instanceKlass org/jetbrains/kotlin/com/intellij/psi/ClassFileViewProviderFactory
instanceKlass org/jetbrains/kotlin/com/intellij/psi/FileViewProviderFactory
instanceKlass org/jetbrains/kotlin/com/intellij/openapi/util/Condition$3
instanceKlass org/jetbrains/kotlin/com/intellij/openapi/util/Condition$2
instanceKlass org/jetbrains/kotlin/com/intellij/openapi/util/Condition$1
instanceKlass org/jetbrains/kotlin/com/intellij/openapi/util/Condition
instanceKlass org/jetbrains/kotlin/com/intellij/openapi/util/Conditions
instanceKlass org/jetbrains/kotlin/com/intellij/psi/tree/IElementType$Predicate
instanceKlass org/jetbrains/kotlin/com/intellij/lexer/Lexer
instanceKlass org/jetbrains/kotlin/com/intellij/openapi/fileTypes/PlainTextParserDefinition
instanceKlass org/jetbrains/kotlin/kotlinx/collections/immutable/implementations/immutableList/AbstractListIterator
instanceKlass org/jetbrains/kotlin/kotlinx/collections/immutable/internal/ListImplementation
instanceKlass org/jetbrains/kotlin/com/intellij/lang/LanguageUtil
instanceKlass org/jetbrains/kotlin/kotlinx/collections/immutable/implementations/immutableSet/TrieNodeIterator
instanceKlass org/jetbrains/kotlin/kotlinx/collections/immutable/implementations/immutableSet/PersistentHashSetIterator
instanceKlass org/jetbrains/kotlin/com/intellij/util/containers/ContainerUtil$9$1
instanceKlass org/jetbrains/kotlin/com/intellij/util/containers/ContainerUtil$9
instanceKlass org/jetbrains/kotlin/com/intellij/psi/PsiPlainText
instanceKlass org/jetbrains/kotlin/com/intellij/lang/ASTFactory$DefaultFactoryHolder
instanceKlass org/jetbrains/kotlin/com/intellij/ide/highlighter/ArchiveFileType
instanceKlass org/jetbrains/kotlin/kotlinx/collections/immutable/implementations/immutableSet/TrieNode$Companion
instanceKlass org/jetbrains/kotlin/kotlinx/collections/immutable/implementations/immutableSet/TrieNode
instanceKlass org/jetbrains/kotlin/kotlinx/collections/immutable/implementations/immutableSet/PersistentHashSet$Companion
instanceKlass kotlin/collections/AbstractSet$Companion
instanceKlass org/jetbrains/kotlin/kotlinx/collections/immutable/PersistentSet
instanceKlass org/jetbrains/kotlin/kotlinx/collections/immutable/ImmutableSet
instanceKlass org/jetbrains/kotlin/com/intellij/openapi/fileTypes/LanguageFileType
instanceKlass org/jetbrains/kotlin/com/intellij/ide/highlighter/JavaClassFileType
instanceKlass org/jetbrains/kotlin/com/intellij/DynamicBundle$LanguageBundleEP
instanceKlass org/jetbrains/kotlin/com/intellij/util/pico/CachingConstructorInjectionComponentAdapter
instanceKlass org/jetbrains/kotlin/com/intellij/openapi/application/ApplicationInfo
instanceKlass org/jetbrains/kotlin/com/intellij/util/graph/GraphAlgorithms
instanceKlass org/jetbrains/kotlin/com/intellij/util/messages/impl/MessagePublisher
instanceKlass org/jetbrains/kotlin/com/intellij/util/messages/impl/CompositeMessageBus$WhenMappings
instanceKlass org/jetbrains/kotlin/com/intellij/openapi/command/impl/CoreCommandProcessor$1
instanceKlass org/jetbrains/kotlin/com/intellij/openapi/command/CommandListener
instanceKlass org/jetbrains/kotlin/com/intellij/openapi/command/CommandToken
instanceKlass org/jetbrains/kotlin/com/intellij/openapi/command/CommandProcessor
instanceKlass org/jetbrains/kotlin/com/intellij/codeInsight/folding/CodeFoldingSettings
instanceKlass org/jetbrains/kotlin/com/intellij/util/containers/Unsafe
instanceKlass org/jetbrains/kotlin/com/intellij/util/ConcurrentLongObjectHashMap$CounterCell
instanceKlass org/jetbrains/kotlin/com/intellij/util/ConcurrentLongObjectHashMap$Node
instanceKlass org/jetbrains/kotlin/com/intellij/util/containers/ConcurrentLongObjectMap$LongEntry
instanceKlass org/jetbrains/kotlin/com/intellij/util/ConcurrentLongObjectHashMap
instanceKlass org/jetbrains/kotlin/com/intellij/util/containers/ConcurrentLongObjectMap
instanceKlass org/jetbrains/kotlin/com/intellij/util/Java11Shim$Companion$INSTANCE$1
instanceKlass org/jetbrains/kotlin/com/intellij/util/Java11Shim$Companion
instanceKlass org/jetbrains/kotlin/com/intellij/util/Java11Shim
instanceKlass java/util/concurrent/Future
instanceKlass org/jetbrains/kotlin/com/intellij/openapi/progress/PerformInBackgroundOption
instanceKlass org/jetbrains/kotlin/com/intellij/openapi/progress/ProgressIndicator
instanceKlass org/jetbrains/kotlin/com/intellij/openapi/progress/Task
instanceKlass org/jetbrains/kotlin/com/intellij/openapi/progress/TaskInfo
instanceKlass org/jetbrains/kotlin/com/intellij/openapi/progress/Progressive
instanceKlass org/jetbrains/kotlin/com/intellij/psi/PsiReferenceService
instanceKlass org/jetbrains/kotlin/com/intellij/psi/stubs/ObjectStubTree
instanceKlass org/jetbrains/kotlin/com/intellij/psi/PsiFile
instanceKlass org/jetbrains/kotlin/com/intellij/psi/PsiFileSystemItem
instanceKlass org/jetbrains/kotlin/com/intellij/psi/PsiCheckedRenameElement
instanceKlass org/jetbrains/kotlin/com/intellij/psi/PsiNamedElement
instanceKlass org/jetbrains/kotlin/com/intellij/psi/NavigatablePsiElement
instanceKlass org/jetbrains/kotlin/com/intellij/psi/stubs/StubTreeLoader
instanceKlass org/jetbrains/kotlin/com/intellij/psi/PsiReferenceProviderBean
instanceKlass org/jetbrains/kotlin/com/intellij/psi/PsiReferenceContributor
instanceKlass org/jetbrains/kotlin/com/intellij/codeInsight/highlighting/PassRunningAssert
instanceKlass org/jetbrains/kotlin/it/unimi/dsi/fastutil/doubles/Double2ObjectMap
instanceKlass org/jetbrains/kotlin/it/unimi/dsi/fastutil/doubles/Double2ObjectFunction
instanceKlass java/util/function/DoubleFunction
instanceKlass org/jetbrains/kotlin/com/intellij/psi/PsiReferenceRegistrar
instanceKlass org/jetbrains/kotlin/com/intellij/psi/PsiReferenceProvider
instanceKlass org/jetbrains/kotlin/com/intellij/psi/impl/source/resolve/reference/ReferenceProvidersRegistry
instanceKlass org/jetbrains/kotlin/com/intellij/lang/PsiBuilder
instanceKlass org/jetbrains/kotlin/com/intellij/openapi/util/UserDataHolderUnprotected
instanceKlass org/jetbrains/kotlin/com/intellij/lang/SyntaxTreeBuilder
instanceKlass org/jetbrains/kotlin/com/intellij/lang/PsiBuilderFactory
instanceKlass org/jetbrains/kotlin/com/intellij/openapi/util/text/StringUtilRt
instanceKlass org/jetbrains/kotlin/com/intellij/psi/impl/source/CharTableImpl
instanceKlass org/jetbrains/kotlin/com/intellij/psi/PsiLanguageInjectionHost
instanceKlass org/jetbrains/kotlin/com/intellij/psi/PsiComment
instanceKlass org/jetbrains/kotlin/com/intellij/model/psi/UrlReferenceHost
instanceKlass org/jetbrains/kotlin/com/intellij/model/psi/PsiExternalReferenceHost
instanceKlass org/jetbrains/kotlin/com/intellij/navigation/NavigationItem
instanceKlass org/jetbrains/kotlin/com/intellij/pom/Navigatable
instanceKlass org/jetbrains/kotlin/com/intellij/psi/PsiWhiteSpace
instanceKlass org/jetbrains/kotlin/com/intellij/psi/PsiElement
instanceKlass org/jetbrains/kotlin/com/intellij/psi/tree/ILazyParseableElementTypeBase
instanceKlass org/jetbrains/kotlin/com/intellij/psi/tree/IElementType
instanceKlass org/jetbrains/kotlin/com/intellij/lang/FileASTNode
instanceKlass org/jetbrains/kotlin/com/intellij/openapi/util/Iconable
instanceKlass org/jetbrains/kotlin/com/intellij/psi/impl/ReparseableASTNode
instanceKlass org/jetbrains/kotlin/com/intellij/lang/ASTNode
instanceKlass org/jetbrains/kotlin/com/intellij/util/CharTable
instanceKlass org/jetbrains/kotlin/com/intellij/lang/ASTFactory
instanceKlass org/jetbrains/kotlin/com/intellij/lang/DefaultASTFactory
instanceKlass org/jetbrains/kotlin/com/intellij/openapi/vfs/encoding/EncodingRegistry
instanceKlass java/util/Collections$UnmodifiableMap$UnmodifiableEntrySet$UnmodifiableEntry
instanceKlass java/util/Collections$UnmodifiableMap$UnmodifiableEntrySet$1
instanceKlass org/jetbrains/kotlin/com/intellij/openapi/extensions/impl/ImplementationClassResolver
instanceKlass org/jetbrains/kotlin/com/intellij/serviceContainer/LazyExtensionInstance
instanceKlass org/jetbrains/kotlin/com/intellij/openapi/extensions/PluginAware
instanceKlass org/jetbrains/kotlin/com/intellij/util/KeyedLazyInstance
instanceKlass org/jetbrains/kotlin/com/intellij/openapi/vfs/impl/BulkVirtualFileListenerAdapter
instanceKlass org/jetbrains/kotlin/com/intellij/util/messages/impl/BaseBusConnection
instanceKlass org/jetbrains/kotlin/com/intellij/util/messages/impl/MessageBusImpl$MessageHandlerHolder
instanceKlass org/jetbrains/kotlin/com/intellij/util/messages/MessageBusConnection
instanceKlass org/jetbrains/kotlin/com/intellij/util/messages/SimpleMessageBusConnection
instanceKlass org/jetbrains/kotlin/com/intellij/openapi/vfs/impl/VirtualFileManagerImpl$LoggingListener
instanceKlass jdk/internal/reflect/UnsafeFieldAccessorFactory
instanceKlass sun/misc/Unsafe
instanceKlass org/jetbrains/kotlin/com/intellij/util/ReflectionUtil
instanceKlass org/jetbrains/kotlin/com/intellij/openapi/vfs/newvfs/CachingVirtualFileSystem
instanceKlass org/jetbrains/kotlin/kotlinx/collections/immutable/implementations/immutableMap/TrieNode$ModificationResult
instanceKlass org/jetbrains/kotlin/kotlinx/collections/immutable/internal/CommonFunctionsKt
instanceKlass org/jetbrains/kotlin/kotlinx/collections/immutable/implementations/immutableList/SmallPersistentVector$Companion
instanceKlass org/jetbrains/kotlin/kotlinx/collections/immutable/PersistentList
instanceKlass org/jetbrains/kotlin/kotlinx/collections/immutable/PersistentCollection
instanceKlass org/jetbrains/kotlin/kotlinx/collections/immutable/ImmutableList
instanceKlass org/jetbrains/kotlin/kotlinx/collections/immutable/ImmutableCollection
instanceKlass org/jetbrains/kotlin/kotlinx/collections/immutable/implementations/immutableList/UtilsKt
instanceKlass org/jetbrains/kotlin/kotlinx/collections/immutable/implementations/immutableMap/TrieNodeKt
instanceKlass java/util/concurrent/atomic/AtomicBoolean
instanceKlass java/util/concurrent/atomic/AtomicLongFieldUpdater$CASUpdater$1
instanceKlass java/util/concurrent/atomic/AtomicLongFieldUpdater
instanceKlass org/jetbrains/kotlin/kotlinx/collections/immutable/implementations/immutableMap/TrieNode$Companion
instanceKlass org/jetbrains/kotlin/kotlinx/collections/immutable/implementations/immutableMap/TrieNode
instanceKlass org/jetbrains/kotlin/kotlinx/collections/immutable/implementations/immutableMap/PersistentHashMap$Companion
instanceKlass kotlin/collections/AbstractMap$Companion
instanceKlass kotlin/collections/AbstractMap
instanceKlass org/jetbrains/kotlin/kotlinx/collections/immutable/PersistentMap
instanceKlass org/jetbrains/kotlin/kotlinx/collections/immutable/ImmutableMap
instanceKlass org/jetbrains/kotlin/kotlinx/collections/immutable/ExtensionsKt
instanceKlass org/jetbrains/kotlin/com/intellij/openapi/application/CachedSingletonsRegistry
instanceKlass org/jetbrains/kotlin/com/intellij/openapi/vfs/newvfs/BulkFileListener
instanceKlass org/jetbrains/kotlin/com/intellij/util/messages/Topic
instanceKlass org/jetbrains/kotlin/com/intellij/openapi/vfs/VirtualFileManager
instanceKlass org/jetbrains/kotlin/com/intellij/openapi/extensions/ExtensionPointListener$Companion
instanceKlass org/jetbrains/kotlin/com/intellij/openapi/util/EmptyRunnable
instanceKlass org/jetbrains/kotlin/com/intellij/openapi/extensions/impl/ExtensionComponentAdapter
instanceKlass org/jetbrains/kotlin/com/intellij/openapi/extensions/LoadingOrder$Orderable
instanceKlass org/jetbrains/kotlin/com/intellij/openapi/extensions/ExtensionPointAdapter
instanceKlass org/jetbrains/kotlin/com/intellij/openapi/extensions/ExtensionPointListener
instanceKlass org/jetbrains/kotlin/com/intellij/openapi/extensions/impl/ExtensionPointImpl
instanceKlass org/jetbrains/kotlin/com/intellij/openapi/extensions/ExtensionPoint
instanceKlass org/jetbrains/kotlin/com/intellij/openapi/extensions/PluginId
instanceKlass org/jetbrains/kotlin/com/intellij/openapi/extensions/DefaultPluginDescriptor
instanceKlass org/jetbrains/kotlin/com/intellij/openapi/vfs/VirtualFileManagerListener
instanceKlass java/util/EventObject
instanceKlass org/jetbrains/kotlin/com/intellij/openapi/editor/ex/DocumentEx
instanceKlass org/jetbrains/kotlin/com/intellij/openapi/editor/Document
instanceKlass org/jetbrains/kotlin/com/intellij/openapi/fileEditor/FileDocumentManager
instanceKlass org/jetbrains/kotlin/cli/jvm/modules/CoreJrtFileSystem$Companion
instanceKlass org/jetbrains/kotlin/com/intellij/util/containers/ConcurrentFactoryMap
instanceKlass org/jetbrains/kotlin/com/intellij/openapi/vfs/impl/ArchiveHandler
instanceKlass org/jetbrains/kotlin/com/intellij/util/Function
instanceKlass org/jetbrains/kotlin/com/intellij/util/EventDispatcher
instanceKlass org/jetbrains/kotlin/com/intellij/openapi/vfs/VirtualFileListener
instanceKlass org/jetbrains/kotlin/com/intellij/openapi/extensions/ExtensionPointName$Companion
instanceKlass org/jetbrains/kotlin/com/intellij/openapi/extensions/BaseExtensionPointName
instanceKlass java/util/EventListener
instanceKlass org/jetbrains/kotlin/com/intellij/util/ArrayUtil
instanceKlass org/jetbrains/kotlin/com/intellij/util/ArrayFactory
instanceKlass java/util/AbstractList$Itr
instanceKlass org/jetbrains/kotlin/com/intellij/openapi/extensions/Extensions
instanceKlass org/jetbrains/kotlin/com/intellij/openapi/util/ObjectNode$ListNodeChildren
instanceKlass org/jetbrains/kotlin/com/intellij/openapi/util/Disposer$CheckedDisposableImpl
instanceKlass org/jetbrains/kotlin/com/intellij/openapi/util/CheckedDisposable
instanceKlass org/jetbrains/kotlin/com/intellij/openapi/extensions/impl/ExtensionsAreaImpl
instanceKlass org/jetbrains/kotlin/com/intellij/util/pico/DefaultPicoContainer$InstanceComponentAdapter
instanceKlass org/jetbrains/kotlin/com/intellij/util/pico/DefaultPicoContainer$LinkedHashSetWrapper
instanceKlass org/jetbrains/kotlin/org/picocontainer/ComponentAdapter
instanceKlass org/jetbrains/kotlin/com/intellij/util/messages/impl/MessageQueue
instanceKlass org/jetbrains/kotlin/com/intellij/util/messages/impl/CompositeMessageBusKt
instanceKlass org/jetbrains/kotlin/com/intellij/openapi/util/Disposer$1
instanceKlass java/util/concurrent/ConcurrentLinkedQueue$Node
instanceKlass org/jetbrains/kotlin/com/intellij/util/messages/impl/MessageBusImpl$Companion
instanceKlass org/jetbrains/kotlin/com/intellij/util/messages/impl/MessageBusImpl
instanceKlass org/jetbrains/kotlin/com/intellij/util/messages/impl/MessageBusEx
instanceKlass org/jetbrains/kotlin/com/intellij/util/messages/MessageBusFactory
instanceKlass org/jetbrains/kotlin/com/intellij/util/keyFMap/DebugFMap
instanceKlass org/jetbrains/kotlin/com/intellij/util/keyFMap/EmptyFMap
instanceKlass org/jetbrains/kotlin/com/intellij/util/keyFMap/KeyFMap
instanceKlass kotlinx/coroutines/CoroutineScope
instanceKlass org/jetbrains/kotlin/com/intellij/openapi/application/ModalityState
instanceKlass org/jetbrains/kotlin/com/intellij/openapi/extensions/ExtensionsArea
instanceKlass org/jetbrains/kotlin/com/intellij/util/pico/DefaultPicoContainer
instanceKlass org/jetbrains/kotlin/com/intellij/util/messages/MessageBus
instanceKlass org/jetbrains/kotlin/com/intellij/openapi/fileTypes/UnknownFileType
instanceKlass org/jetbrains/kotlin/com/intellij/util/containers/FastUtilCaseInsensitiveStringHashingStrategy
instanceKlass org/jetbrains/kotlin/com/intellij/util/containers/FastUtilHashingStrategies$1
instanceKlass org/jetbrains/kotlin/com/intellij/util/containers/FastUtilHashingStrategies$SerializableHashStrategy
instanceKlass org/jetbrains/kotlin/com/intellij/util/containers/FastUtilCharSequenceHashingStrategy
instanceKlass org/jetbrains/kotlin/com/intellij/util/containers/FastUtilHashingStrategies
instanceKlass jdk/internal/math/FloatingDecimal$ASCIIToBinaryBuffer
instanceKlass jdk/internal/math/FloatingDecimal$PreparedASCIIToBinaryBuffer
instanceKlass jdk/internal/math/FloatingDecimal$ASCIIToBinaryConverter
instanceKlass jdk/internal/math/FloatingDecimal$BinaryToASCIIBuffer
instanceKlass jdk/internal/math/FloatingDecimal$ExceptionalBinaryToASCIIBuffer
instanceKlass jdk/internal/math/FloatingDecimal$BinaryToASCIIConverter
instanceKlass jdk/internal/math/FloatingDecimal
instanceKlass java/util/regex/ASCII
instanceKlass java/util/regex/IntHashSet
instanceKlass java/util/regex/Matcher
instanceKlass java/util/regex/MatchResult
instanceKlass org/jetbrains/kotlin/com/intellij/openapi/util/SystemInfoRt
instanceKlass org/jetbrains/kotlin/com/intellij/util/text/CharArrayCharSequence
instanceKlass org/jetbrains/kotlin/com/intellij/util/text/CharSequenceBackedByArray
instanceKlass org/jetbrains/kotlin/com/intellij/openapi/util/text/CharSequenceWithStringHash
instanceKlass org/jetbrains/kotlin/com/intellij/openapi/util/text/Strings
instanceKlass org/jetbrains/kotlin/com/intellij/util/text/StringKt
instanceKlass sun/nio/fs/WindowsChannelFactory$2
instanceKlass sun/nio/fs/WindowsChannelFactory$Flags
instanceKlass sun/nio/fs/WindowsChannelFactory$1
instanceKlass sun/nio/fs/WindowsChannelFactory
instanceKlass sun/nio/fs/WindowsSecurityDescriptor
instanceKlass java/nio/file/attribute/FileAttribute
instanceKlass java/nio/channels/spi/AbstractInterruptibleChannel
instanceKlass java/nio/channels/InterruptibleChannel
instanceKlass java/nio/channels/ScatteringByteChannel
instanceKlass java/nio/channels/GatheringByteChannel
instanceKlass java/nio/channels/SeekableByteChannel
instanceKlass java/nio/channels/ByteChannel
instanceKlass java/nio/channels/WritableByteChannel
instanceKlass java/nio/channels/ReadableByteChannel
instanceKlass java/nio/channels/Channel
instanceKlass java/nio/file/FileChannelLinesSpliterator
instanceKlass sun/nio/fs/WindowsPath$1
instanceKlass java/util/function/UnaryOperator
instanceKlass org/jetbrains/kotlin/com/intellij/util/ObjectUtils$Sentinel
instanceKlass org/jetbrains/kotlin/com/intellij/util/ObjectUtils
instanceKlass org/jetbrains/kotlin/com/intellij/util/concurrency/SynchronizedClearableLazy$Companion
instanceKlass org/jetbrains/kotlin/com/intellij/util/concurrency/SynchronizedClearableLazy
instanceKlass org/jetbrains/kotlin/com/intellij/openapi/util/registry/EarlyAccessRegistryManagerKt
instanceKlass org/jetbrains/kotlin/com/intellij/openapi/util/registry/EarlyAccessRegistryManager
instanceKlass org/jetbrains/kotlin/com/intellij/ide/plugins/DisabledPluginsState$Companion
instanceKlass org/jetbrains/kotlin/com/intellij/ide/plugins/DisabledPluginsState
instanceKlass org/jetbrains/kotlin/com/intellij/ide/plugins/PluginEnabler$Headless
instanceKlass org/jetbrains/kotlin/com/intellij/ide/plugins/PluginEnabler
instanceKlass org/jetbrains/kotlin/cli/jvm/compiler/KotlinCoreApplicationEnvironmentMode$UnitTest
instanceKlass org/jetbrains/kotlin/cli/jvm/compiler/KotlinCoreApplicationEnvironment$Companion
instanceKlass org/jetbrains/kotlin/com/intellij/lang/ParserDefinition
instanceKlass org/jetbrains/kotlin/com/intellij/openapi/fileTypes/FileType
instanceKlass org/jetbrains/kotlin/com/intellij/openapi/util/UserDataHolderEx
instanceKlass org/jetbrains/kotlin/com/intellij/util/messages/MessageBusOwner
instanceKlass org/jetbrains/kotlin/com/intellij/openapi/application/ex/ApplicationEx
instanceKlass org/jetbrains/kotlin/com/intellij/concurrency/JobLauncher
instanceKlass org/jetbrains/kotlin/com/intellij/openapi/extensions/PluginDescriptor
instanceKlass org/jetbrains/kotlin/com/intellij/openapi/progress/ProgressIndicatorProvider
instanceKlass org/jetbrains/kotlin/org/picocontainer/MutablePicoContainer
instanceKlass org/jetbrains/kotlin/org/picocontainer/PicoContainer
instanceKlass org/jetbrains/kotlin/com/intellij/openapi/util/SimpleModificationTracker
instanceKlass org/jetbrains/kotlin/com/intellij/openapi/vfs/VirtualFileSystem
instanceKlass org/jetbrains/kotlin/com/intellij/openapi/util/KeyedExtensionCollector
instanceKlass org/jetbrains/kotlin/com/intellij/openapi/util/ModificationTracker
instanceKlass org/jetbrains/kotlin/com/intellij/openapi/fileTypes/FileTypeRegistry
instanceKlass org/jetbrains/kotlin/com/intellij/openapi/application/Application
instanceKlass org/jetbrains/kotlin/com/intellij/openapi/components/ComponentManager
instanceKlass org/jetbrains/kotlin/com/intellij/openapi/util/UserDataHolder
instanceKlass org/jetbrains/kotlin/com/intellij/openapi/extensions/AreaInstance
instanceKlass org/jetbrains/kotlin/com/intellij/core/CoreApplicationEnvironment
instanceKlass org/jetbrains/kotlin/cli/jvm/compiler/KotlinCoreApplicationEnvironmentMode$Production
instanceKlass org/jetbrains/kotlin/cli/jvm/compiler/KotlinCoreApplicationEnvironmentMode
instanceKlass org/jetbrains/kotlin/cli/jvm/compiler/KotlinCoreEnvironment$Companion
instanceKlass org/jetbrains/kotlin/cli/jvm/compiler/KotlinCoreEnvironment
instanceKlass org/jetbrains/kotlin/cli/jvm/compiler/pipeline/JvmCompilerPipelineKt
instanceKlass org/jetbrains/kotlin/cli/jvm/config/JvmClasspathRoot
instanceKlass org/jetbrains/kotlin/cli/jvm/config/JvmClasspathRootBase
instanceKlass org/jetbrains/kotlin/cli/jvm/config/JavaSourceRoot
instanceKlass org/jetbrains/kotlin/cli/jvm/config/JvmContentRoot
instanceKlass org/jetbrains/kotlin/cli/jvm/config/JvmContentRootBase
instanceKlass org/jetbrains/kotlin/cli/jvm/config/JvmContentRootsKt
instanceKlass org/jetbrains/kotlin/cli/common/config/KotlinSourceRoot
instanceKlass org/jetbrains/kotlin/cli/common/config/ContentRoot
instanceKlass org/jetbrains/kotlin/cli/common/config/ContentRootsKt
instanceKlass org/jetbrains/kotlin/cli/jvm/compiler/KotlinToJVMBytecodeCompilerKt
instanceKlass org/jetbrains/kotlin/cli/common/modules/ModuleChunk
instanceKlass org/jetbrains/kotlin/modules/JavaRootPath
instanceKlass org/jetbrains/kotlin/cli/jvm/compiler/CliCompilerUtilsKt
instanceKlass org/jetbrains/kotlin/cli/common/modules/ModuleBuilder
instanceKlass org/jetbrains/kotlin/modules/Module
instanceKlass org/jetbrains/kotlin/cli/jvm/K2JVMCompilerKt
instanceKlass org/jetbrains/kotlin/config/JvmSerializeIrMode$Companion
instanceKlass org/jetbrains/kotlin/config/JvmAbiStability$Companion
instanceKlass org/jetbrains/kotlin/com/intellij/util/containers/MultiMap
instanceKlass org/jetbrains/kotlin/compiler/plugin/AbstractCliOption
instanceKlass com/google/devtools/ksp/KotlinSymbolProcessingCommandLineProcessor
instanceKlass org/jetbrains/kotlin/compiler/plugin/CommandLineProcessor
instanceKlass org/jetbrains/kotlin/compiler/plugin/CompilerPluginRegistrar$Companion
instanceKlass org/jetbrains/kotlin/compiler/plugin/CompilerPluginRegistrar
instanceKlass org/jetbrains/kotlin/compiler/plugin/ComponentRegistrar$Companion
instanceKlass com/google/devtools/ksp/KotlinSymbolProcessingComponentRegistrar
instanceKlass java/io/FilePermissionCollection$1
instanceKlass java/security/Security$2
instanceKlass jdk/internal/access/JavaSecurityPropertiesAccess
instanceKlass java/util/concurrent/ConcurrentHashMap$MapEntry
instanceKlass java/util/Properties$LineReader
instanceKlass java/security/Security$1
instanceKlass java/security/Security
instanceKlass sun/security/util/SecurityProperties
instanceKlass sun/security/util/FilePermCompat
instanceKlass java/io/FilePermission$1
instanceKlass jdk/internal/access/JavaIOFilePermissionAccess
instanceKlass sun/net/www/MessageHeader
instanceKlass java/net/URLClassLoader$1
instanceKlass java/io/RandomAccessFile$1
instanceKlass kotlin/io/LinesSequence$iterator$1
instanceKlass kotlin/io/LinesSequence
instanceKlass kotlin/io/TextStreamsKt
instanceKlass kotlin/io/FilesKt__FilePathComponentsKt
instanceKlass sun/nio/fs/WindowsUriSupport
instanceKlass org/jetbrains/kotlin/compiler/plugin/ComponentRegistrar
instanceKlass org/jetbrains/kotlin/util/ServiceLoaderLite
instanceKlass org/jetbrains/kotlin/cli/common/CLICompilerKt
instanceKlass org/jetbrains/kotlin/cli/jvm/plugins/PluginCliParser
instanceKlass org/jetbrains/kotlin/cli/plugins/PluginsOptionsParserKt
instanceKlass kotlin/collections/ArrayAsCollection
instanceKlass org/jetbrains/kotlin/backend/common/phaser/PhaseConfig
instanceKlass org/jetbrains/kotlin/backend/common/phaser/PhaseConfigKt
instanceKlass org/jetbrains/kotlin/cli/common/CreatePhaseConfigKt
instanceKlass org/jetbrains/kotlin/backend/jvm/lower/ResolveInlineCalls
instanceKlass org/jetbrains/kotlin/backend/jvm/lower/GenerateMultifileFacades
instanceKlass org/jetbrains/kotlin/backend/jvm/lower/InlinedClassReferencesBoxingLowering
instanceKlass org/jetbrains/kotlin/backend/jvm/lower/MarkNecessaryInlinedClassesAsRegeneratedLowering
instanceKlass org/jetbrains/kotlin/backend/jvm/lower/ApiVersionIsAtLeastEvaluationLowering
instanceKlass org/jetbrains/kotlin/backend/jvm/lower/RepeatedAnnotationLowering
instanceKlass org/jetbrains/kotlin/backend/jvm/lower/JvmStaticInObjectLowering
instanceKlass org/jetbrains/kotlin/backend/jvm/lower/FileClassLowering
instanceKlass org/jetbrains/kotlin/backend/jvm/lower/ScriptsToClassesLowering
instanceKlass org/jetbrains/kotlin/backend/jvm/lower/SerializeIrPhase
instanceKlass org/jetbrains/kotlin/backend/common/lower/ConstEvaluationLowering
instanceKlass org/jetbrains/kotlin/backend/common/ir/ExpectSymbolTransformer
instanceKlass org/jetbrains/kotlin/backend/jvm/lower/ProcessOptionalAnnotations
instanceKlass org/jetbrains/kotlin/backend/common/phaser/IrValidationPhase
instanceKlass org/jetbrains/kotlin/backend/jvm/lower/ExternalPackageParentPatcherLowering
instanceKlass org/jetbrains/kotlin/backend/jvm/lower/FakeLocalVariablesForIrInlinerLowering
instanceKlass org/jetbrains/kotlin/backend/jvm/ir/IrInlineReferenceLocator
instanceKlass org/jetbrains/kotlin/backend/jvm/lower/FakeInliningLocalVariables
instanceKlass org/jetbrains/kotlin/backend/jvm/lower/RenameFieldsLowering
instanceKlass org/jetbrains/kotlin/backend/jvm/lower/ReplaceNumberToCharCallSitesLowering
instanceKlass org/jetbrains/kotlin/backend/common/lower/KotlinNothingValueExceptionLowering
instanceKlass org/jetbrains/kotlin/backend/jvm/lower/ReplaceKFunctionInvokeWithFunctionInvoke
instanceKlass org/jetbrains/kotlin/backend/jvm/lower/RecordEnclosingMethodsLowering
instanceKlass org/jetbrains/kotlin/backend/jvm/lower/AdditionalClassAnnotationLowering
instanceKlass org/jetbrains/kotlin/backend/jvm/lower/JvmOptimizationLowering
instanceKlass org/jetbrains/kotlin/backend/jvm/lower/JvmSafeCallChainFoldingLowering
instanceKlass org/jetbrains/kotlin/backend/jvm/lower/ToArrayLowering
instanceKlass org/jetbrains/kotlin/backend/jvm/lower/JvmArgumentNullabilityAssertionsLowering
instanceKlass org/jetbrains/kotlin/backend/jvm/lower/SyntheticAccessorLowering
instanceKlass org/jetbrains/kotlin/backend/jvm/lower/BridgeLowering
instanceKlass org/jetbrains/kotlin/backend/jvm/lower/JvmStaticInCompanionLowering
instanceKlass org/jetbrains/kotlin/backend/common/lower/InitializersCleanupLowering
instanceKlass org/jetbrains/kotlin/backend/jvm/lower/UniqueLoopLabelsLowering
instanceKlass org/jetbrains/kotlin/backend/common/lower/InitializersLoweringBase
instanceKlass org/jetbrains/kotlin/backend/jvm/lower/ObjectClassLowering
instanceKlass org/jetbrains/kotlin/backend/jvm/lower/EnumClassLowering
instanceKlass org/jetbrains/kotlin/backend/common/lower/InnerClassConstructorCallsLowering
instanceKlass org/jetbrains/kotlin/backend/common/lower/InnerClassesMemberBodyLowering
instanceKlass org/jetbrains/kotlin/backend/common/lower/InnerClassesLowering
instanceKlass org/jetbrains/kotlin/backend/jvm/lower/TailCallOptimizationLowering
instanceKlass org/jetbrains/kotlin/backend/jvm/lower/InterfaceObjectCallsLowering
instanceKlass org/jetbrains/kotlin/ir/visitors/IrElementVisitorVoid
instanceKlass jdk/internal/misc/ScopedMemoryAccess$Scope
instanceKlass org/jetbrains/kotlin/backend/jvm/lower/ReplaceDefaultImplsOverriddenSymbols
instanceKlass org/jetbrains/kotlin/backend/jvm/lower/InheritedDefaultMethodsOnClassesLowering
instanceKlass org/jetbrains/kotlin/backend/common/lower/DefaultParameterCleaner
instanceKlass org/jetbrains/kotlin/backend/common/lower/DefaultArgumentStubGenerator
instanceKlass org/jetbrains/kotlin/backend/common/DeclarationTransformer
instanceKlass org/jetbrains/kotlin/backend/jvm/lower/JvmDefaultConstructorLowering
instanceKlass org/jetbrains/kotlin/backend/common/lower/LocalClassPopupLowering
instanceKlass org/jetbrains/kotlin/backend/jvm/lower/RemoveDuplicatedInlinedLocalClassesLowering
instanceKlass org/jetbrains/kotlin/backend/common/lower/LocalDeclarationsLowering
instanceKlass org/jetbrains/kotlin/backend/common/lower/SharedVariablesLowering
instanceKlass org/jetbrains/kotlin/backend/common/lower/ReturnableBlockLowering
instanceKlass kotlin/reflect/jvm/internal/pcollections/ConsPStack$Itr
instanceKlass org/jetbrains/kotlin/backend/jvm/lower/AssertionLowering
instanceKlass org/jetbrains/kotlin/backend/common/lower/TailrecLowering
instanceKlass org/jetbrains/kotlin/backend/jvm/lower/CollectionStubMethodLowering
instanceKlass org/jetbrains/kotlin/backend/common/lower/loops/ForLoopsLowering
instanceKlass org/jetbrains/kotlin/backend/common/lower/RangeContainsLowering
instanceKlass org/jetbrains/kotlin/backend/jvm/lower/JvmBuiltInsLowering
instanceKlass org/jetbrains/kotlin/backend/jvm/lower/MoveOrCopyCompanionObjectFieldsLowering
instanceKlass org/jetbrains/kotlin/backend/common/lower/ArrayConstructorLowering
instanceKlass org/jetbrains/kotlin/backend/jvm/lower/SingletonOrConstantDelegationLowering
instanceKlass org/jetbrains/kotlin/backend/jvm/lower/PropertyReferenceDelegationLowering
instanceKlass org/jetbrains/kotlin/backend/jvm/lower/SuspendLoweringUtils
instanceKlass org/jetbrains/kotlin/ir/inline/InlineCallableReferenceToLambdaPhase
instanceKlass org/jetbrains/kotlin/backend/common/lower/InventNamesForLocalClasses
instanceKlass org/jetbrains/kotlin/backend/jvm/lower/JvmLateinitLowering
instanceKlass org/jetbrains/kotlin/ir/visitors/IrElementTransformerVoid
instanceKlass org/jetbrains/kotlin/backend/jvm/lower/PolymorphicSignatureLowering
instanceKlass org/jetbrains/kotlin/backend/common/lower/AnnotationImplementationLowering
instanceKlass org/jetbrains/kotlin/backend/jvm/lower/AnnotationLowering
instanceKlass org/jetbrains/kotlin/backend/jvm/lower/MainMethodGenerationLowering
instanceKlass org/jetbrains/kotlin/backend/jvm/lower/JvmOverloadsAnnotationLowering
instanceKlass org/jetbrains/kotlin/backend/common/lower/ProvisionalFunctionExpressionLowering
instanceKlass org/jetbrains/kotlin/ir/visitors/IrElementTransformer
instanceKlass org/jetbrains/kotlin/ir/visitors/IrElementVisitor
instanceKlass org/jetbrains/kotlin/backend/common/BodyLoweringPass
instanceKlass org/jetbrains/kotlin/backend/jvm/lower/TypeAliasAnnotationMethodsLowering
instanceKlass org/jetbrains/kotlin/backend/common/ClassLoweringPass
instanceKlass org/jetbrains/kotlin/backend/jvm/JvmLoweringPhasesKt
instanceKlass org/jetbrains/kotlin/backend/jvm/GenerateAdditionalClassesPhase
instanceKlass org/jetbrains/kotlin/backend/common/phaser/CompositePhase
instanceKlass org/jetbrains/kotlin/backend/common/phaser/PerformByIrFilePhase
instanceKlass org/jetbrains/kotlin/backend/common/phaser/SameTypeCompilerPhase
instanceKlass org/jetbrains/kotlin/backend/common/phaser/PerformByIrFileKt
instanceKlass org/jetbrains/kotlin/backend/common/phaser/AbstractNamedCompilerPhase
instanceKlass org/jetbrains/kotlin/backend/common/phaser/CompilerPhase
instanceKlass org/jetbrains/kotlin/backend/common/phaser/PhaseBuildersKt
instanceKlass org/jetbrains/kotlin/ir/IrElementBase
instanceKlass org/jetbrains/kotlin/ir/declarations/IrSymbolOwner
instanceKlass org/jetbrains/kotlin/ir/declarations/IrDeclarationContainer
instanceKlass org/jetbrains/kotlin/ir/declarations/IrDeclarationParent
instanceKlass org/jetbrains/kotlin/ir/declarations/IrMutableAnnotationContainer
instanceKlass org/jetbrains/kotlin/ir/declarations/IrAnnotationContainer
instanceKlass org/jetbrains/kotlin/ir/declarations/IrMetadataSourceOwner
instanceKlass org/jetbrains/kotlin/ir/IrElement
instanceKlass org/jetbrains/kotlin/backend/common/phaser/PhaserState
instanceKlass org/jetbrains/kotlin/backend/common/phaser/PhaseConfigurationService
instanceKlass kotlin/Unit
instanceKlass org/jetbrains/kotlin/backend/common/phaser/ActionState
instanceKlass org/jetbrains/kotlin/backend/common/phaser/DumperVerifierKt
instanceKlass java/util/Collections$EmptyIterator
instanceKlass java/lang/Class$AnnotationData
instanceKlass kotlin/annotation/Retention
instanceKlass org/jetbrains/kotlin/backend/common/phaser/PhaseDescription
instanceKlass sun/reflect/generics/reflectiveObjects/LazyReflectiveObjectGenerator
instanceKlass sun/reflect/generics/tree/TypeVariableSignature
instanceKlass sun/reflect/generics/reflectiveObjects/ParameterizedTypeImpl
instanceKlass java/lang/reflect/ParameterizedType
instanceKlass org/jetbrains/kotlin/backend/jvm/FileCodegen
instanceKlass org/jetbrains/kotlin/backend/common/FileLoweringPass
instanceKlass org/jetbrains/kotlin/backend/common/ModuleLoweringPass
instanceKlass org/jetbrains/kotlin/backend/jvm/JvmBackendContext
instanceKlass org/jetbrains/kotlin/backend/common/CommonBackendContext
instanceKlass org/jetbrains/kotlin/backend/common/phaser/BackendContextHolder
instanceKlass org/jetbrains/kotlin/backend/common/LoggingContext
instanceKlass org/jetbrains/kotlin/backend/common/ErrorReportingContext
instanceKlass org/jetbrains/kotlin/backend/common/BackendContext
instanceKlass sun/reflect/generics/tree/ClassSignature
instanceKlass sun/reflect/generics/tree/Signature
instanceKlass sun/reflect/generics/tree/FormalTypeParameter
instanceKlass java/lang/reflect/TypeVariable
instanceKlass sun/reflect/generics/repository/AbstractRepository
instanceKlass org/jetbrains/kotlin/backend/common/phaser/PhaseFactoriesKt
instanceKlass org/jetbrains/kotlin/backend/jvm/JvmPhasesKt
instanceKlass org/jetbrains/kotlin/cli/common/environment/UtilKt
instanceKlass org/jetbrains/kotlin/com/intellij/util/containers/CanonicalHashingStrategy
instanceKlass org/jetbrains/kotlin/com/intellij/util/containers/ConcurrentRefHashMap$HardKey
instanceKlass org/jetbrains/kotlin/com/intellij/util/containers/ConcurrentRefHashMap$1
instanceKlass org/jetbrains/kotlin/com/intellij/util/containers/ConcurrentRefHashMap$KeyReference
instanceKlass org/jetbrains/kotlin/com/intellij/openapi/util/ObjectNode$1
instanceKlass org/jetbrains/kotlin/com/intellij/openapi/util/Disposer$2
instanceKlass org/jetbrains/kotlin/com/intellij/openapi/util/ObjectNode$NodeChildren
instanceKlass org/jetbrains/kotlin/com/intellij/openapi/util/ObjectNode
instanceKlass org/jetbrains/kotlin/it/unimi/dsi/fastutil/objects/Object2ObjectMap$FastEntrySet
instanceKlass org/jetbrains/kotlin/it/unimi/dsi/fastutil/objects/AbstractObject2ObjectFunction
instanceKlass org/jetbrains/kotlin/it/unimi/dsi/fastutil/objects/Object2ObjectMap
instanceKlass org/jetbrains/kotlin/it/unimi/dsi/fastutil/objects/Object2ObjectFunction
instanceKlass org/jetbrains/kotlin/com/intellij/util/containers/RefHashMap$HardKey
instanceKlass org/jetbrains/kotlin/com/intellij/util/containers/RefHashMap$Key
instanceKlass org/jetbrains/kotlin/com/intellij/util/containers/IdentityHashingStrategy
instanceKlass org/jetbrains/kotlin/com/intellij/util/containers/HashingStrategy
instanceKlass org/jetbrains/kotlin/it/unimi/dsi/fastutil/Hash$Strategy
instanceKlass org/jetbrains/kotlin/com/intellij/util/containers/CollectionFactory
instanceKlass org/jetbrains/kotlin/it/unimi/dsi/fastutil/objects/Reference2ObjectMap$FastEntrySet
instanceKlass org/jetbrains/kotlin/it/unimi/dsi/fastutil/objects/ReferenceSet
instanceKlass org/jetbrains/kotlin/it/unimi/dsi/fastutil/objects/ReferenceCollection
instanceKlass org/jetbrains/kotlin/it/unimi/dsi/fastutil/objects/AbstractReference2ObjectFunction
instanceKlass org/jetbrains/kotlin/it/unimi/dsi/fastutil/objects/Reference2ObjectMap
instanceKlass org/jetbrains/kotlin/it/unimi/dsi/fastutil/objects/Reference2ObjectFunction
instanceKlass org/jetbrains/kotlin/com/intellij/openapi/util/ObjectTree
instanceKlass org/jetbrains/kotlin/com/intellij/openapi/util/Disposer
instanceKlass kotlin/reflect/jvm/internal/impl/name/SpecialNames
instanceKlass kotlin/reflect/jvm/internal/impl/builtins/CompanionObjectMapping
instanceKlass kotlin/reflect/jvm/internal/impl/name/FqNamesUtilKt
instanceKlass kotlin/reflect/jvm/internal/impl/utils/CollectionsKt
instanceKlass kotlin/reflect/jvm/internal/impl/builtins/PrimitiveType$Companion
instanceKlass kotlin/reflect/jvm/internal/impl/builtins/StandardNames$FqNames
instanceKlass kotlin/reflect/jvm/internal/impl/builtins/jvm/JavaToKotlinClassMap$PlatformMutabilityMapping
instanceKlass kotlin/reflect/jvm/internal/impl/builtins/functions/FunctionClassKind$Companion
instanceKlass kotlin/collections/SetsKt__SetsJVMKt
instanceKlass kotlin/reflect/jvm/internal/impl/builtins/StandardNames
instanceKlass kotlin/reflect/jvm/internal/impl/builtins/jvm/JavaToKotlinClassMap
instanceKlass kotlin/jvm/functions/Function22
instanceKlass kotlin/jvm/functions/Function21
instanceKlass kotlin/jvm/functions/Function20
instanceKlass kotlin/jvm/functions/Function19
instanceKlass kotlin/jvm/functions/Function18
instanceKlass kotlin/jvm/functions/Function17
instanceKlass kotlin/jvm/functions/Function16
instanceKlass kotlin/jvm/functions/Function15
instanceKlass kotlin/jvm/functions/Function14
instanceKlass kotlin/jvm/functions/Function13
instanceKlass kotlin/jvm/functions/Function12
instanceKlass kotlin/jvm/functions/Function11
instanceKlass kotlin/jvm/functions/Function10
instanceKlass kotlin/jvm/functions/Function9
instanceKlass kotlin/jvm/functions/Function8
instanceKlass kotlin/jvm/functions/Function7
instanceKlass kotlin/jvm/functions/Function6
instanceKlass kotlin/jvm/functions/Function5
instanceKlass kotlin/jvm/functions/Function4
instanceKlass kotlin/jvm/functions/Function3
instanceKlass kotlin/reflect/jvm/internal/impl/descriptors/runtime/structure/ReflectClassUtilKt
instanceKlass kotlin/reflect/jvm/internal/impl/name/ClassId
instanceKlass kotlin/reflect/jvm/internal/impl/name/FqNameUnsafe$1
instanceKlass kotlin/reflect/jvm/internal/impl/name/Name
instanceKlass kotlin/reflect/jvm/internal/impl/name/FqNameUnsafe
instanceKlass kotlin/reflect/jvm/internal/impl/name/FqName
instanceKlass kotlin/reflect/jvm/internal/RuntimeTypeMapper
instanceKlass sun/reflect/misc/ReflectUtil
instanceKlass java/util/concurrent/atomic/AtomicReferenceFieldUpdater$AtomicReferenceFieldUpdaterImpl$1
instanceKlass java/util/concurrent/atomic/AtomicReferenceFieldUpdater
instanceKlass kotlin/SafePublicationLazyImpl$Companion
instanceKlass kotlin/SafePublicationLazyImpl
instanceKlass kotlin/LazyKt__LazyJVMKt$WhenMappings
instanceKlass kotlin/reflect/jvm/internal/KPropertyImpl$Companion
instanceKlass kotlin/reflect/jvm/internal/KCallableImpl
instanceKlass kotlin/reflect/jvm/internal/KDeclarationContainerImpl$Data
instanceKlass org/jetbrains/kotlin/progress/ProgressIndicatorAndCompilationCanceledStatus
instanceKlass org/jetbrains/kotlin/progress/CompilationCanceledStatus
instanceKlass org/jetbrains/kotlin/com/google/common/collect/LinkedHashMultimap$1
instanceKlass java/util/stream/MatchOps$BooleanTerminalSink
instanceKlass java/util/stream/Sink
instanceKlass java/util/stream/MatchOps$MatchOp
instanceKlass java/util/stream/TerminalOp
instanceKlass java/util/stream/MatchOps
instanceKlass java/util/function/Predicate
instanceKlass java/util/EnumMap$1
instanceKlass java/util/stream/StreamOpFlag$MaskBuilder
instanceKlass java/util/stream/Stream
instanceKlass java/util/stream/BaseStream
instanceKlass java/util/stream/PipelineHelper
instanceKlass java/util/stream/StreamSupport
instanceKlass java/util/Spliterators$IteratorSpliterator
instanceKlass java/util/Spliterator$OfDouble
instanceKlass java/util/Spliterator$OfLong
instanceKlass java/util/Spliterator$OfInt
instanceKlass java/util/Spliterator$OfPrimitive
instanceKlass java/util/Spliterator
instanceKlass java/util/Spliterators$EmptySpliterator
instanceKlass java/util/Spliterators
instanceKlass org/jetbrains/kotlin/utils/KotlinPathsFromBaseDirectory
instanceKlass org/jetbrains/kotlin/com/intellij/openapi/application/PathManager
instanceKlass java/util/regex/Pattern$BitClass
instanceKlass org/jetbrains/kotlin/utils/PathUtil
instanceKlass org/jetbrains/kotlin/config/JvmTarget$Companion
instanceKlass org/jetbrains/kotlin/platform/TargetPlatformVersion
instanceKlass org/jetbrains/kotlin/config/JVMConfigurationKeys
instanceKlass org/jetbrains/kotlin/cli/jvm/JvmArgumentsKt
instanceKlass org/jetbrains/kotlin/utils/WrappedValues$ThrowableWrapper
instanceKlass org/jetbrains/kotlin/config/LanguageVersionSettingsKt
instanceKlass org/jetbrains/kotlin/cli/common/messages/MessageCollector$Companion$NONE$1
instanceKlass org/jetbrains/kotlin/cli/common/messages/MessageCollector$Companion
instanceKlass org/jetbrains/kotlin/cli/common/arguments/JavaTypeEnhancementStateParser$Companion
instanceKlass org/jetbrains/kotlin/cli/common/arguments/JavaTypeEnhancementStateParser
instanceKlass org/jetbrains/kotlin/config/JvmAnalysisFlags$Delegates$JvmDefaultModeDisabledByDefault
instanceKlass org/jetbrains/kotlin/utils/WrappedValues$1
instanceKlass org/jetbrains/kotlin/utils/WrappedValues
instanceKlass kotlin/collections/EmptyIterator
instanceKlass org/jetbrains/kotlin/name/FqNamesUtilKt
instanceKlass org/jetbrains/kotlin/load/java/NullabilityAnnotationStates$Companion
instanceKlass org/jetbrains/kotlin/load/java/Jsr305Settings
instanceKlass org/jetbrains/kotlin/storage/LockBasedStorageManager$MapBasedMemoizedFunction
instanceKlass org/jetbrains/kotlin/storage/DefaultSimpleLock
instanceKlass org/jetbrains/kotlin/storage/SimpleLock$Companion
instanceKlass org/jetbrains/kotlin/storage/EmptySimpleLock
instanceKlass org/jetbrains/kotlin/storage/LockBasedStorageManager$ExceptionHandlingStrategy$1
instanceKlass org/jetbrains/kotlin/storage/LockBasedStorageManager$ExceptionHandlingStrategy
instanceKlass org/jetbrains/kotlin/storage/MemoizedFunctionToNullable
instanceKlass org/jetbrains/kotlin/storage/NullableLazyValue
instanceKlass org/jetbrains/kotlin/storage/CacheWithNotNullValues
instanceKlass org/jetbrains/kotlin/storage/NotNullLazyValue
instanceKlass org/jetbrains/kotlin/storage/MemoizedFunctionToNotNull
instanceKlass org/jetbrains/kotlin/storage/CacheWithNullableValues
instanceKlass org/jetbrains/kotlin/storage/SimpleLock
instanceKlass org/jetbrains/kotlin/storage/LockBasedStorageManager
instanceKlass org/jetbrains/kotlin/storage/StorageManager
instanceKlass kotlin/TuplesKt
instanceKlass kotlin/KotlinVersionCurrentValue
instanceKlass kotlin/KotlinVersion$Companion
instanceKlass kotlin/KotlinVersion
instanceKlass org/jetbrains/kotlin/load/java/ReportLevel$Companion
instanceKlass org/jetbrains/kotlin/load/java/JavaNullabilityAnnotationsStatus$Companion
instanceKlass org/jetbrains/kotlin/load/java/JavaNullabilityAnnotationsStatus
instanceKlass kotlin/Pair
instanceKlass org/jetbrains/kotlin/load/java/NullabilityAnnotationStatesImpl
instanceKlass org/jetbrains/kotlin/load/java/NullabilityAnnotationStates
instanceKlass org/jetbrains/kotlin/load/java/JavaNullabilityAnnotationSettingsKt
instanceKlass org/jetbrains/kotlin/load/java/JavaTypeEnhancementState$Companion
instanceKlass org/jetbrains/kotlin/load/java/JavaTypeEnhancementState
instanceKlass org/jetbrains/kotlin/config/JvmAnalysisFlags$Delegates$JavaTypeEnhancementStateWarnByDefault
instanceKlass org/jetbrains/kotlin/config/JvmAnalysisFlags
instanceKlass kotlin/collections/AbstractList$IteratorImpl
instanceKlass org/jetbrains/kotlin/config/AnalysisFlag$Delegates$ApiModeDisabledByDefault
instanceKlass org/jetbrains/kotlin/config/AnalysisFlag$Delegates$ListOfStrings
instanceKlass org/jetbrains/kotlin/config/AnalysisFlag
instanceKlass org/jetbrains/kotlin/config/AnalysisFlag$Delegate
instanceKlass kotlin/properties/ReadOnlyProperty
instanceKlass org/jetbrains/kotlin/config/AnalysisFlag$Delegates$Boolean
instanceKlass kotlin/reflect/KProperty$Getter
instanceKlass kotlin/reflect/KProperty$Accessor
instanceKlass org/jetbrains/kotlin/config/AnalysisFlags
instanceKlass org/jetbrains/kotlin/config/LanguageVersionSettingsImpl$Companion
instanceKlass org/jetbrains/kotlin/config/LanguageVersionSettings$Companion
instanceKlass org/jetbrains/kotlin/config/LanguageVersionSettingsImpl
instanceKlass java/math/MutableBigInteger
instanceKlass org/jetbrains/kotlin/config/MavenComparableVersion$IntegerItem
instanceKlass org/jetbrains/kotlin/config/MavenComparableVersion$Item
instanceKlass org/jetbrains/kotlin/config/MavenComparableVersion
instanceKlass org/jetbrains/kotlin/config/ApiVersion$Companion
instanceKlass org/jetbrains/kotlin/config/ApiVersion
instanceKlass org/jetbrains/kotlin/config/LanguageVersion$Companion
instanceKlass org/jetbrains/kotlin/config/IrVerificationMode$Companion
instanceKlass org/jetbrains/kotlin/config/IncrementalCompilation
instanceKlass org/jetbrains/kotlin/cli/common/UtilsKt
instanceKlass org/jetbrains/kotlin/config/CommonConfigurationKeysKt
instanceKlass org/jetbrains/kotlin/com/google/common/collect/AbstractMapEntry
instanceKlass org/jetbrains/kotlin/com/google/common/collect/LinkedHashMultimap$ValueSetLink
instanceKlass org/jetbrains/kotlin/com/google/common/collect/CollectPreconditions
instanceKlass org/jetbrains/kotlin/com/google/common/base/Preconditions
instanceKlass org/jetbrains/kotlin/com/google/common/collect/Maps$EntryTransformer
instanceKlass org/jetbrains/kotlin/com/google/common/collect/BiMap
instanceKlass org/jetbrains/kotlin/com/google/common/base/Converter
instanceKlass org/jetbrains/kotlin/com/google/common/collect/ImmutableMap
instanceKlass org/jetbrains/kotlin/com/google/common/base/Function
instanceKlass org/jetbrains/kotlin/com/google/common/collect/UnmodifiableIterator
instanceKlass org/jetbrains/kotlin/com/google/common/collect/SortedMapDifference
instanceKlass org/jetbrains/kotlin/com/google/common/collect/MapDifference
instanceKlass org/jetbrains/kotlin/com/google/common/collect/Maps
instanceKlass org/jetbrains/kotlin/com/google/common/collect/Platform
instanceKlass org/jetbrains/kotlin/com/google/common/collect/Multiset
instanceKlass org/jetbrains/kotlin/com/google/common/collect/AbstractMultimap
instanceKlass org/jetbrains/kotlin/com/google/common/collect/SetMultimap
instanceKlass org/jetbrains/kotlin/com/google/common/collect/Multimap
instanceKlass org/jetbrains/kotlin/cli/common/messages/GroupingMessageCollector
instanceKlass org/jetbrains/kotlin/config/CommonConfigurationKeys
instanceKlass java/lang/StrictMath
instanceKlass org/jetbrains/kotlin/it/unimi/dsi/fastutil/HashCommon
instanceKlass org/jetbrains/kotlin/it/unimi/dsi/fastutil/ints/Int2ObjectMap$FastEntrySet
instanceKlass org/jetbrains/kotlin/it/unimi/dsi/fastutil/objects/ObjectSet
instanceKlass org/jetbrains/kotlin/it/unimi/dsi/fastutil/ints/IntSet
instanceKlass org/jetbrains/kotlin/it/unimi/dsi/fastutil/ints/IntCollection
instanceKlass org/jetbrains/kotlin/it/unimi/dsi/fastutil/ints/IntIterable
instanceKlass org/jetbrains/kotlin/it/unimi/dsi/fastutil/objects/ObjectCollection
instanceKlass org/jetbrains/kotlin/it/unimi/dsi/fastutil/objects/ObjectIterable
instanceKlass org/jetbrains/kotlin/it/unimi/dsi/fastutil/ints/AbstractInt2ObjectFunction
instanceKlass org/jetbrains/kotlin/it/unimi/dsi/fastutil/Hash
instanceKlass org/jetbrains/kotlin/it/unimi/dsi/fastutil/ints/Int2ObjectMap
instanceKlass org/jetbrains/kotlin/it/unimi/dsi/fastutil/ints/Int2ObjectFunction
instanceKlass java/util/function/IntFunction
instanceKlass org/jetbrains/kotlin/it/unimi/dsi/fastutil/Function
instanceKlass org/jetbrains/kotlin/com/intellij/util/containers/IntKeyWeakValueHashMap
instanceKlass org/jetbrains/kotlin/com/intellij/openapi/util/Key
instanceKlass org/jetbrains/kotlin/config/CompilerConfigurationKey
instanceKlass org/jetbrains/kotlin/cli/common/CLIConfigurationKeys
instanceKlass org/jetbrains/kotlin/utils/SmartList$EmptyIterator
instanceKlass org/jetbrains/kotlin/cli/common/ArgumentsKt
instanceKlass java/net/URLConnection
instanceKlass org/jetbrains/kotlin/cli/common/messages/PrintingMessageCollector
instanceKlass kotlin/jvm/internal/CollectionToArray
instanceKlass kotlin/reflect/jvm/internal/pcollections/MapEntry
instanceKlass kotlin/reflect/jvm/internal/ReflectProperties$Val$1
instanceKlass kotlin/reflect/jvm/internal/ReflectProperties$Val
instanceKlass kotlin/reflect/jvm/internal/ReflectProperties
instanceKlass java/util/regex/CharPredicates
instanceKlass kotlin/text/Regex$Companion
instanceKlass kotlin/text/Regex
instanceKlass kotlin/jvm/internal/DefaultConstructorMarker
instanceKlass kotlin/reflect/jvm/internal/KDeclarationContainerImpl$Companion
instanceKlass kotlin/reflect/jvm/internal/KTypeParameterOwnerImpl
instanceKlass kotlin/reflect/jvm/internal/KClassifierImpl
instanceKlass kotlin/reflect/jvm/internal/pcollections/ConsPStack
instanceKlass kotlin/reflect/jvm/internal/pcollections/IntTree
instanceKlass kotlin/reflect/jvm/internal/pcollections/IntTreePMap
instanceKlass kotlin/reflect/jvm/internal/pcollections/HashPMap
instanceKlass kotlin/reflect/jvm/internal/KClassCacheKt
instanceKlass kotlin/reflect/jvm/internal/KDeclarationContainerImpl
instanceKlass kotlin/jvm/internal/ClassBasedDeclarationContainer
instanceKlass kotlin/reflect/KTypeParameter
instanceKlass kotlin/reflect/KMutableProperty1
instanceKlass kotlin/reflect/KProperty1
instanceKlass kotlin/reflect/KMutableProperty0
instanceKlass kotlin/reflect/KProperty0
instanceKlass kotlin/reflect/KMutableProperty2
instanceKlass kotlin/reflect/KMutableProperty
instanceKlass kotlin/reflect/KProperty2
instanceKlass kotlin/reflect/KProperty
instanceKlass kotlin/reflect/KType
instanceKlass kotlin/reflect/KClass
instanceKlass kotlin/jvm/internal/ReflectionFactory
instanceKlass kotlin/reflect/KClassifier
instanceKlass kotlin/jvm/internal/Reflection
instanceKlass kotlin/jvm/JvmClassMappingKt
instanceKlass jdk/internal/reflect/ClassDefiner$1
instanceKlass jdk/internal/reflect/ClassDefiner
instanceKlass jdk/internal/reflect/MethodAccessorGenerator$1
instanceKlass jdk/internal/reflect/Label$PatchInfo
instanceKlass jdk/internal/reflect/Label
instanceKlass jdk/internal/reflect/UTF8
instanceKlass jdk/internal/reflect/ClassFileAssembler
instanceKlass jdk/internal/reflect/ByteVectorImpl
instanceKlass jdk/internal/reflect/ByteVector
instanceKlass jdk/internal/reflect/ByteVectorFactory
instanceKlass jdk/internal/reflect/AccessorGenerator
instanceKlass jdk/internal/reflect/ClassFileConstants
instanceKlass org/jetbrains/kotlin/config/LanguageOrApiVersion
instanceKlass org/jetbrains/kotlin/utils/DescriptionAware
instanceKlass org/jetbrains/kotlin/config/LanguageVersionSettings
instanceKlass org/jetbrains/kotlin/cli/common/messages/MessageCollector
instanceKlass kotlin/collections/builders/MapBuilder$EntryRef
instanceKlass kotlin/jvm/internal/markers/KMutableMap$Entry
instanceKlass kotlin/collections/builders/MapBuilder$Itr
instanceKlass kotlin/jvm/internal/markers/KMutableIterator
instanceKlass org/jetbrains/kotlin/cli/common/arguments/ArgumentField
instanceKlass org/jetbrains/kotlin/util/capitalizeDecapitalize/CapitalizeDecapitalizeKt
instanceKlass kotlin/_Assertions
instanceKlass org/jetbrains/kotlin/name/ClassId$Companion
instanceKlass org/jetbrains/kotlin/name/ClassId
instanceKlass org/jetbrains/kotlin/name/FqNameUnsafe$1
instanceKlass java/util/regex/Pattern$TreeInfo
instanceKlass java/util/regex/Pattern$BmpCharPredicate
instanceKlass java/util/regex/Pattern$CharPredicate
instanceKlass java/util/regex/Pattern$Node
instanceKlass java/util/regex/Pattern
instanceKlass org/jetbrains/kotlin/name/Name
instanceKlass org/jetbrains/kotlin/name/FqNameUnsafe
instanceKlass org/jetbrains/kotlin/name/FqName
instanceKlass org/jetbrains/kotlin/load/java/JvmAbi
instanceKlass kotlin/Metadata
instanceKlass java/lang/annotation/Target
instanceKlass java/lang/reflect/Proxy$ProxyBuilder$1
instanceKlass jdk/internal/org/objectweb/asm/Edge
instanceKlass java/lang/reflect/ProxyGenerator$PrimitiveTypeInfo
instanceKlass java/util/StringJoiner
instanceKlass java/lang/reflect/ProxyGenerator$ProxyMethod
instanceKlass java/lang/WeakPairMap$Pair$Lookup
instanceKlass java/lang/WeakPairMap$Pair
instanceKlass java/lang/WeakPairMap
instanceKlass java/lang/Module$ReflectionData
instanceKlass java/util/function/Consumer
instanceKlass jdk/internal/module/Checks
instanceKlass java/lang/module/ModuleDescriptor$Builder
instanceKlass java/util/LinkedHashMap$LinkedHashIterator
instanceKlass java/lang/PublicMethods
instanceKlass java/util/Collections$1
instanceKlass java/lang/reflect/Proxy$ProxyBuilder
instanceKlass java/lang/ClassValue$Version
instanceKlass java/lang/ClassValue$Identity
instanceKlass java/lang/ClassValue
instanceKlass java/lang/reflect/Proxy
instanceKlass sun/reflect/annotation/AnnotationInvocationHandler
instanceKlass java/lang/reflect/InvocationHandler
instanceKlass sun/reflect/annotation/AnnotationParser$1
instanceKlass kotlin/annotation/Target
instanceKlass java/lang/annotation/Inherited
instanceKlass java/lang/annotation/Retention
instanceKlass sun/reflect/annotation/ExceptionProxy
instanceKlass sun/reflect/annotation/AnnotationType$1
instanceKlass sun/reflect/annotation/AnnotationType
instanceKlass java/lang/reflect/GenericArrayType
instanceKlass sun/reflect/generics/visitor/Reifier
instanceKlass sun/reflect/generics/visitor/TypeTreeVisitor
instanceKlass sun/reflect/generics/factory/CoreReflectionFactory
instanceKlass sun/reflect/generics/factory/GenericsFactory
instanceKlass sun/reflect/generics/scope/AbstractScope
instanceKlass sun/reflect/generics/scope/Scope
instanceKlass sun/reflect/generics/tree/ClassTypeSignature
instanceKlass sun/reflect/generics/tree/SimpleClassTypeSignature
instanceKlass sun/reflect/generics/tree/FieldTypeSignature
instanceKlass sun/reflect/generics/tree/BaseType
instanceKlass sun/reflect/generics/tree/TypeSignature
instanceKlass sun/reflect/generics/tree/ReturnType
instanceKlass sun/reflect/generics/tree/TypeArgument
instanceKlass sun/reflect/generics/tree/TypeTree
instanceKlass sun/reflect/generics/tree/Tree
instanceKlass sun/reflect/generics/parser/SignatureParser
instanceKlass kotlin/jvm/internal/markers/KMutableSet
instanceKlass kotlin/jvm/internal/markers/KMutableCollection
instanceKlass kotlin/jvm/internal/markers/KMutableIterable
instanceKlass sun/reflect/annotation/AnnotationParser
instanceKlass org/jetbrains/kotlin/cli/common/arguments/Argument
instanceKlass kotlin/jvm/internal/ArrayIterator
instanceKlass kotlin/jvm/internal/ArrayIteratorKt
instanceKlass kotlin/collections/EmptySet
instanceKlass kotlin/collections/EmptyMap
instanceKlass kotlin/ranges/RangesKt__RangesKt
instanceKlass kotlin/collections/builders/ListBuilderKt
instanceKlass kotlin/collections/builders/MapBuilder$Companion
instanceKlass kotlin/collections/builders/MapBuilder
instanceKlass kotlin/jvm/internal/markers/KMutableMap
instanceKlass kotlin/collections/MapsKt__MapWithDefaultKt
instanceKlass java/io/FileInputStream$1
instanceKlass kotlin/io/CloseableKt
instanceKlass kotlin/text/CharsKt__CharJVMKt
instanceKlass java/lang/Character$CharacterCache
instanceKlass java/nio/charset/CoderResult
instanceKlass kotlin/sequences/GeneratorSequence$iterator$1
instanceKlass java/lang/invoke/VarHandle$AccessDescriptor
instanceKlass kotlin/sequences/ConstrainedOnceSequence
instanceKlass kotlin/jvm/internal/Lambda
instanceKlass kotlin/sequences/GeneratorSequence
instanceKlass kotlin/sequences/Sequence
instanceKlass kotlin/sequences/SequencesKt__SequenceBuilderKt
instanceKlass java/io/Reader
instanceKlass java/lang/Readable
instanceKlass kotlin/text/Charsets
instanceKlass org/jetbrains/kotlin/cli/common/arguments/PreprocessCommandLineArgumentsKt
instanceKlass kotlin/UNINITIALIZED_VALUE
instanceKlass kotlin/SynchronizedLazyImpl
instanceKlass kotlin/Lazy
instanceKlass kotlin/LazyKt__LazyJVMKt
instanceKlass org/jetbrains/kotlin/cli/common/arguments/ArgumentParseErrors
instanceKlass kotlin/jvm/functions/Function0
instanceKlass org/jetbrains/kotlin/cli/common/arguments/ParseCommandLineArgumentsKt
instanceKlass kotlin/collections/ArraysUtilJVM
instanceKlass kotlin/collections/ArraysKt__ArraysJVMKt
instanceKlass java/lang/ProcessEnvironment$CheckedEntry
instanceKlass java/lang/ProcessEnvironment$CheckedEntrySet$1
instanceKlass java/lang/ProcessEnvironment$EntryComparator
instanceKlass java/lang/ProcessEnvironment$NameComparator
instanceKlass org/jetbrains/kotlin/config/JvmDefaultMode$Companion
instanceKlass org/jetbrains/kotlin/config/JVMAssertionsMode$Companion
instanceKlass org/jetbrains/kotlin/config/ExplicitApiMode$Companion
instanceKlass kotlin/collections/EmptyList
instanceKlass kotlin/collections/CollectionsKt__CollectionsJVMKt
instanceKlass org/jetbrains/kotlin/cli/common/arguments/K2JVMCompilerArguments$Companion
instanceKlass org/jetbrains/kotlin/cli/common/arguments/CommonCompilerArguments$Companion
instanceKlass org/jetbrains/kotlin/cli/common/arguments/CommonToolArguments$Companion
instanceKlass org/jetbrains/kotlin/config/Services$Builder
instanceKlass org/jetbrains/kotlin/config/Services$Companion
instanceKlass org/jetbrains/kotlin/cli/common/messages/XcodeStyleMessageRenderer
instanceKlass org/jetbrains/kotlin/cli/common/messages/GradleStyleMessageRenderer
instanceKlass java/lang/Class$3
instanceKlass org/jetbrains/kotlin/cli/common/messages/CompilerMessageSeverity$Companion
instanceKlass kotlin/text/StringsKt__AppendableKt
instanceKlass org/jetbrains/kotlin/cli/common/PropertiesKt
instanceKlass org/jetbrains/kotlin/cli/common/messages/PlainTextMessageRenderer
instanceKlass org/jetbrains/kotlin/cli/common/messages/XmlMessageRenderer
instanceKlass org/jetbrains/kotlin/cli/common/messages/MessageRenderer
instanceKlass org/jetbrains/kotlin/com/intellij/util/ArrayUtilRt
instanceKlass java/lang/invoke/VarForm
instanceKlass java/lang/invoke/VarHandleGuards
instanceKlass jdk/internal/util/Preconditions$1
instanceKlass java/util/function/BiFunction
instanceKlass java/lang/invoke/VarHandle$1
instanceKlass java/lang/invoke/VarHandles
instanceKlass java/util/concurrent/atomic/AtomicReference
instanceKlass org/jetbrains/kotlin/com/intellij/util/containers/ConcurrentList
instanceKlass org/jetbrains/kotlin/com/intellij/util/containers/ConcurrentIntObjectMap
instanceKlass org/jetbrains/kotlin/com/intellij/util/containers/IntObjectMap
instanceKlass org/jetbrains/kotlin/com/intellij/util/containers/ContainerUtil
instanceKlass org/jetbrains/kotlin/com/intellij/openapi/application/ApplicationManager
instanceKlass java/util/logging/Level
instanceKlass jdk/internal/org/objectweb/asm/FieldVisitor
instanceKlass java/util/ArrayList$Itr
instanceKlass java/lang/invoke/InvokerBytecodeGenerator$ClassData
instanceKlass jdk/internal/org/objectweb/asm/Frame
instanceKlass java/lang/invoke/LambdaFormBuffer
instanceKlass java/lang/invoke/LambdaFormEditor$TransformKey
instanceKlass java/lang/invoke/LambdaFormEditor
instanceKlass sun/invoke/util/Wrapper$1
instanceKlass java/lang/invoke/DelegatingMethodHandle$Holder
instanceKlass java/lang/invoke/DirectMethodHandle$2
instanceKlass sun/invoke/empty/Empty
instanceKlass sun/invoke/util/VerifyType
instanceKlass java/lang/invoke/ClassSpecializer$Factory
instanceKlass java/lang/invoke/ClassSpecializer$SpeciesData
instanceKlass java/lang/invoke/ClassSpecializer$1
instanceKlass java/lang/invoke/ClassSpecializer
instanceKlass java/lang/invoke/InnerClassLambdaMetafactory$1
instanceKlass java/lang/invoke/MethodHandles$Lookup$ClassDefiner
instanceKlass jdk/internal/org/objectweb/asm/ClassReader
instanceKlass java/lang/invoke/MethodHandles$Lookup$ClassFile
instanceKlass jdk/internal/org/objectweb/asm/AnnotationVisitor
instanceKlass jdk/internal/org/objectweb/asm/Attribute
instanceKlass jdk/internal/org/objectweb/asm/Handler
instanceKlass jdk/internal/org/objectweb/asm/Label
instanceKlass jdk/internal/org/objectweb/asm/MethodVisitor
instanceKlass java/lang/invoke/LambdaProxyClassArchive
instanceKlass jdk/internal/org/objectweb/asm/ByteVector
instanceKlass jdk/internal/org/objectweb/asm/Symbol
instanceKlass jdk/internal/org/objectweb/asm/SymbolTable
instanceKlass jdk/internal/org/objectweb/asm/ClassVisitor
instanceKlass java/lang/invoke/InfoFromMemberName
instanceKlass java/lang/invoke/MethodHandleInfo
instanceKlass jdk/internal/org/objectweb/asm/ConstantDynamic
instanceKlass sun/invoke/util/BytecodeDescriptor
instanceKlass jdk/internal/org/objectweb/asm/Handle
instanceKlass sun/security/action/GetBooleanAction
instanceKlass jdk/internal/org/objectweb/asm/Type
instanceKlass java/lang/invoke/AbstractValidatingLambdaMetafactory
instanceKlass java/lang/invoke/MethodHandleImpl$1
instanceKlass jdk/internal/access/JavaLangInvokeAccess
instanceKlass java/lang/invoke/Invokers$Holder
instanceKlass java/lang/invoke/BootstrapMethodInvoker
instanceKlass org/jetbrains/kotlin/com/intellij/openapi/diagnostic/Attachment
instanceKlass java/lang/invoke/InvokerBytecodeGenerator$2
instanceKlass java/lang/invoke/InvokerBytecodeGenerator
instanceKlass java/lang/invoke/LambdaForm$Holder
instanceKlass java/lang/invoke/LambdaForm$Name
instanceKlass java/lang/invoke/Invokers
instanceKlass java/lang/invoke/MethodHandleImpl
instanceKlass sun/invoke/util/ValueConversions
instanceKlass java/lang/invoke/DirectMethodHandle$Holder
instanceKlass java/lang/invoke/LambdaForm$NamedFunction
instanceKlass sun/invoke/util/Wrapper$Format
instanceKlass java/lang/invoke/MethodTypeForm
instanceKlass java/lang/invoke/MethodType$ConcurrentWeakInternSet
instanceKlass java/lang/invoke/LambdaMetafactory
instanceKlass org/jetbrains/kotlin/com/intellij/openapi/diagnostic/Logger$DefaultFactory
instanceKlass org/jetbrains/kotlin/com/intellij/openapi/diagnostic/Logger$Factory
instanceKlass org/jetbrains/kotlin/com/intellij/openapi/diagnostic/Logger
instanceKlass org/jetbrains/kotlin/cli/jvm/compiler/IdeaStandaloneExecutionSetup
instanceKlass org/jetbrains/kotlin/cli/jvm/compiler/CompatKt
instanceKlass kotlin/jvm/functions/Function2
instanceKlass kotlin/jvm/internal/CallableReference$NoReceiver
instanceKlass kotlin/reflect/KDeclarationContainer
instanceKlass kotlin/jvm/internal/CallableReference
instanceKlass kotlin/reflect/KFunction
instanceKlass kotlin/reflect/KCallable
instanceKlass kotlin/reflect/KAnnotatedElement
instanceKlass kotlin/jvm/internal/FunctionBase
instanceKlass kotlin/jvm/functions/Function1
instanceKlass kotlin/Function
instanceKlass org/jetbrains/kotlin/cli/common/CompilerSystemProperties$Companion
instanceKlass kotlin/collections/AbstractList$Companion
instanceKlass kotlin/collections/AbstractCollection
instanceKlass kotlin/enums/EnumEntries
instanceKlass kotlin/jvm/internal/markers/KMappedMarker
instanceKlass kotlin/enums/EnumEntriesKt
instanceKlass org/jetbrains/kotlin/util/PerformanceCounter$Companion
instanceKlass org/jetbrains/kotlin/util/PerformanceCounter
instanceKlass jdk/internal/jimage/ImageLocation
instanceKlass jdk/internal/jimage/decompressor/Decompressor
instanceKlass jdk/internal/jimage/ImageStringsReader
instanceKlass jdk/internal/jimage/ImageStrings
instanceKlass jdk/internal/jimage/ImageHeader
instanceKlass jdk/internal/jimage/NativeImageBuffer$1
instanceKlass jdk/internal/jimage/NativeImageBuffer
instanceKlass jdk/internal/jimage/BasicImageReader$1
instanceKlass jdk/internal/jimage/BasicImageReader
instanceKlass jdk/internal/jimage/ImageReader
instanceKlass jdk/internal/jimage/ImageReaderFactory$1
instanceKlass java/net/URI$Parser
instanceKlass java/nio/file/FileSystems$DefaultFileSystemHolder$1
instanceKlass java/nio/file/FileSystems$DefaultFileSystemHolder
instanceKlass java/nio/file/FileSystems
instanceKlass java/nio/file/Paths
instanceKlass jdk/internal/jimage/ImageReaderFactory
instanceKlass jdk/internal/module/SystemModuleFinders$SystemImage
instanceKlass jdk/internal/module/SystemModuleFinders$SystemModuleReader
instanceKlass java/lang/module/ModuleReader
instanceKlass jdk/internal/loader/BuiltinClassLoader$5
instanceKlass jdk/internal/loader/BuiltinClassLoader$2
instanceKlass jdk/internal/module/Resources
instanceKlass kotlin/jvm/internal/Intrinsics
instanceKlass java/util/TreeMap$PrivateEntryIterator
instanceKlass java/util/TreeMap$Entry
instanceKlass java/util/NavigableMap
instanceKlass java/util/SortedMap
instanceKlass java/util/NavigableSet
instanceKlass java/util/SortedSet
instanceKlass org/jetbrains/kotlin/cli/jvm/K2JVMCompiler$Companion
instanceKlass org/jetbrains/kotlin/cli/common/CLICompiler$Companion
instanceKlass org/jetbrains/kotlin/cli/common/CLITool$Companion
instanceKlass java/lang/Void
instanceKlass java/lang/PublicMethods$Key
instanceKlass java/lang/PublicMethods$MethodList
instanceKlass org/jetbrains/kotlin/cli/common/CommonCompilerPerformanceManager
instanceKlass org/jetbrains/kotlin/config/Services
instanceKlass org/jetbrains/kotlin/utils/KotlinPaths
instanceKlass org/jetbrains/kotlin/com/intellij/openapi/Disposable
instanceKlass org/jetbrains/kotlin/config/CompilerConfiguration
instanceKlass org/jetbrains/kotlin/cli/common/arguments/Freezable
instanceKlass org/jetbrains/kotlin/utils/exceptions/KotlinExceptionWithAttachments
instanceKlass org/jetbrains/kotlin/com/intellij/openapi/diagnostic/ExceptionWithAttachments
instanceKlass org/jetbrains/kotlin/com/intellij/openapi/diagnostic/ControlFlowException
instanceKlass org/jetbrains/kotlin/cli/common/CLITool
instanceKlass java/security/SecureClassLoader$DebugHolder
instanceKlass java/security/PermissionCollection
instanceKlass java/security/SecureClassLoader$1
instanceKlass java/security/SecureClassLoader$CodeSourceKey
instanceKlass java/util/zip/Checksum$1
instanceKlass java/util/zip/CRC32
instanceKlass java/util/zip/Checksum
instanceKlass sun/nio/ByteBuffered
instanceKlass java/lang/Package$VersionInfo
instanceKlass java/lang/NamedPackage
instanceKlass java/util/jar/Attributes$Name
instanceKlass java/util/jar/Attributes
instanceKlass jdk/internal/loader/Resource
instanceKlass sun/security/action/GetIntegerAction
instanceKlass sun/security/util/Debug
instanceKlass sun/security/util/SignatureFileVerifier
instanceKlass java/util/zip/ZipFile$InflaterCleanupAction
instanceKlass java/util/zip/Inflater$InflaterZStreamRef
instanceKlass java/util/zip/Inflater
instanceKlass java/util/zip/ZipEntry
instanceKlass jdk/internal/util/jar/JarIndex
instanceKlass java/nio/Bits$1
instanceKlass jdk/internal/misc/VM$BufferPool
instanceKlass java/nio/Bits
instanceKlass sun/nio/ch/DirectBuffer
instanceKlass jdk/internal/perf/PerfCounter$CoreCounters
instanceKlass jdk/internal/perf/Perf
instanceKlass jdk/internal/perf/Perf$GetPerfAction
instanceKlass jdk/internal/perf/PerfCounter
instanceKlass java/nio/file/attribute/FileTime
instanceKlass java/util/zip/ZipUtils
instanceKlass java/util/zip/ZipFile$Source$End
instanceKlass java/io/RandomAccessFile$2
instanceKlass jdk/internal/access/JavaIORandomAccessFileAccess
instanceKlass java/io/RandomAccessFile
instanceKlass java/io/DataInput
instanceKlass java/io/DataOutput
instanceKlass sun/nio/fs/WindowsNativeDispatcher$CompletionStatus
instanceKlass sun/nio/fs/WindowsNativeDispatcher$AclInformation
instanceKlass sun/nio/fs/WindowsNativeDispatcher$Account
instanceKlass sun/nio/fs/WindowsNativeDispatcher$DiskFreeSpace
instanceKlass sun/nio/fs/WindowsNativeDispatcher$VolumeInformation
instanceKlass sun/nio/fs/WindowsNativeDispatcher$FirstStream
instanceKlass sun/nio/fs/WindowsNativeDispatcher$FirstFile
instanceKlass java/util/Enumeration
instanceKlass java/util/concurrent/ConcurrentHashMap$Traverser
instanceKlass java/util/concurrent/ConcurrentHashMap$CollectionView
instanceKlass jdk/internal/loader/NativeLibraries$NativeLibraryImpl
instanceKlass jdk/internal/loader/NativeLibrary
instanceKlass java/util/ArrayDeque$DeqIterator
instanceKlass jdk/internal/loader/NativeLibraries$1
instanceKlass jdk/internal/loader/NativeLibraries$LibraryPaths
instanceKlass sun/nio/fs/WindowsNativeDispatcher
instanceKlass sun/nio/fs/NativeBuffer$Deallocator
instanceKlass sun/nio/fs/NativeBuffer
instanceKlass java/lang/ThreadLocal$ThreadLocalMap
instanceKlass sun/nio/fs/NativeBuffers
instanceKlass sun/nio/fs/WindowsFileAttributes
instanceKlass java/nio/file/attribute/DosFileAttributes
instanceKlass sun/nio/fs/AbstractBasicFileAttributeView
instanceKlass sun/nio/fs/DynamicFileAttributeView
instanceKlass sun/nio/fs/WindowsFileAttributeViews
instanceKlass sun/nio/fs/Util
instanceKlass java/nio/file/attribute/BasicFileAttributeView
instanceKlass java/nio/file/attribute/FileAttributeView
instanceKlass java/nio/file/attribute/AttributeView
instanceKlass java/nio/file/Files
instanceKlass java/nio/file/CopyOption
instanceKlass java/nio/file/attribute/BasicFileAttributes
instanceKlass sun/nio/fs/WindowsPath
instanceKlass java/nio/file/Path
instanceKlass java/nio/file/Watchable
instanceKlass java/util/zip/ZipFile$Source$Key
instanceKlass sun/nio/fs/WindowsPathParser$Result
instanceKlass sun/nio/fs/WindowsPathParser
instanceKlass java/util/Collections$UnmodifiableCollection
instanceKlass java/util/Arrays$ArrayItr
instanceKlass java/nio/file/FileSystem
instanceKlass java/nio/file/OpenOption
instanceKlass java/nio/file/spi/FileSystemProvider
instanceKlass sun/nio/fs/DefaultFileSystemProvider
instanceKlass java/util/zip/ZipFile$Source
instanceKlass java/lang/ref/Cleaner$Cleanable
instanceKlass jdk/internal/ref/CleanerImpl
instanceKlass java/lang/ref/Cleaner$1
instanceKlass java/lang/ref/Cleaner
instanceKlass jdk/internal/ref/CleanerFactory$1
instanceKlass java/util/concurrent/ThreadFactory
instanceKlass jdk/internal/ref/CleanerFactory
instanceKlass java/util/zip/ZipCoder
instanceKlass java/util/zip/ZipFile$CleanableResource
instanceKlass java/lang/Runtime$Version
instanceKlass java/util/jar/JavaUtilJarAccessImpl
instanceKlass jdk/internal/access/JavaUtilJarAccess
instanceKlass jdk/internal/loader/FileURLMapper
instanceKlass jdk/internal/loader/URLClassPath$JarLoader$1
instanceKlass java/util/zip/ZipFile$1
instanceKlass jdk/internal/access/JavaUtilZipFileAccess
instanceKlass java/util/zip/ZipFile
instanceKlass java/util/zip/ZipConstants
instanceKlass jdk/internal/loader/URLClassPath$Loader
instanceKlass jdk/internal/loader/URLClassPath$3
instanceKlass java/security/PrivilegedExceptionAction
instanceKlass sun/util/locale/LocaleUtils
instanceKlass sun/util/locale/BaseLocale
instanceKlass java/util/Locale
instanceKlass sun/net/util/URLUtil
instanceKlass java/lang/StringCoding
instanceKlass sun/nio/cs/ArrayDecoder
instanceKlass java/nio/charset/CharsetDecoder
instanceKlass sun/launcher/LauncherHelper
instanceKlass java/lang/reflect/Array
instanceKlass java/lang/invoke/StringConcatFactory$3
instanceKlass java/lang/invoke/StringConcatFactory$2
instanceKlass java/lang/invoke/StringConcatFactory$1
instanceKlass java/lang/invoke/StringConcatFactory
instanceKlass java/lang/ModuleLayer$Controller
instanceKlass java/util/concurrent/CopyOnWriteArrayList
instanceKlass jdk/internal/module/ServicesCatalog$ServiceProvider
instanceKlass jdk/internal/loader/AbstractClassLoaderValue$Memoizer
instanceKlass java/util/ImmutableCollections$ListItr
instanceKlass java/util/ListIterator
instanceKlass java/lang/ModuleLayer
instanceKlass jdk/internal/module/ModuleLoaderMap$Modules
instanceKlass jdk/internal/module/ModuleLoaderMap$Mapper
instanceKlass java/util/function/Function
instanceKlass jdk/internal/module/ModuleLoaderMap
instanceKlass java/util/AbstractMap$1$1
instanceKlass java/lang/module/ResolvedModule
instanceKlass java/lang/module/Configuration
instanceKlass jdk/internal/loader/BuiltinClassLoader$LoadedModule
instanceKlass jdk/internal/loader/AbstractClassLoaderValue
instanceKlass jdk/internal/module/ServicesCatalog
instanceKlass jdk/internal/util/Preconditions
instanceKlass sun/net/util/IPAddressUtil
instanceKlass java/net/URLStreamHandler
instanceKlass java/util/HexFormat
instanceKlass sun/net/www/ParseUtil
instanceKlass java/net/URL$3
instanceKlass jdk/internal/access/JavaNetURLAccess
instanceKlass java/net/URL$DefaultFactory
instanceKlass java/net/URLStreamHandlerFactory
instanceKlass jdk/internal/loader/URLClassPath
instanceKlass java/security/Principal
instanceKlass java/security/ProtectionDomain$Key
instanceKlass java/security/ProtectionDomain$JavaSecurityAccessImpl
instanceKlass jdk/internal/access/JavaSecurityAccess
instanceKlass java/lang/ClassLoader$ParallelLoaders
instanceKlass java/security/cert/Certificate
instanceKlass jdk/internal/loader/ArchivedClassLoaders
instanceKlass java/util/Deque
instanceKlass java/util/Queue
instanceKlass jdk/internal/loader/ClassLoaderHelper
instanceKlass jdk/internal/loader/NativeLibraries
instanceKlass jdk/internal/loader/BootLoader
instanceKlass java/util/Optional
instanceKlass jdk/internal/module/SystemModuleFinders$SystemModuleFinder
instanceKlass java/lang/module/ModuleFinder
instanceKlass jdk/internal/module/SystemModuleFinders$3
instanceKlass jdk/internal/module/ModuleHashes$HashSupplier
instanceKlass jdk/internal/module/SystemModuleFinders$2
instanceKlass java/util/function/Supplier
instanceKlass java/lang/module/ModuleReference
instanceKlass jdk/internal/module/ModuleResolution
instanceKlass java/util/Collections$UnmodifiableMap
instanceKlass jdk/internal/module/ModuleHashes$Builder
instanceKlass jdk/internal/module/ModuleHashes
instanceKlass jdk/internal/module/ModuleTarget
instanceKlass java/util/ImmutableCollections$Set12$1
instanceKlass java/lang/Enum
instanceKlass java/lang/module/ModuleDescriptor$Version
instanceKlass java/lang/module/ModuleDescriptor$Provides
instanceKlass java/lang/module/ModuleDescriptor$Opens
instanceKlass java/util/ImmutableCollections$SetN$SetNIterator
instanceKlass java/lang/module/ModuleDescriptor$Exports
instanceKlass java/lang/module/ModuleDescriptor$Requires
instanceKlass jdk/internal/module/Builder
instanceKlass jdk/internal/module/SystemModules$default
instanceKlass jdk/internal/module/SystemModules
instanceKlass jdk/internal/module/SystemModulesMap
instanceKlass java/net/URI$1
instanceKlass jdk/internal/access/JavaNetUriAccess
instanceKlass java/net/URI
instanceKlass jdk/internal/module/SystemModuleFinders
instanceKlass jdk/internal/module/ArchivedModuleGraph
instanceKlass jdk/internal/module/ArchivedBootLayer
instanceKlass jdk/internal/module/ModuleBootstrap$Counters
instanceKlass jdk/internal/module/ModulePatcher
instanceKlass java/io/FileSystem
instanceKlass java/io/DefaultFileSystem
instanceKlass java/io/File
instanceKlass java/lang/module/ModuleDescriptor$1
instanceKlass jdk/internal/access/JavaLangModuleAccess
instanceKlass sun/invoke/util/VerifyAccess
instanceKlass java/lang/module/ModuleDescriptor
instanceKlass jdk/internal/module/ModuleBootstrap
instanceKlass java/lang/invoke/MethodHandleStatics
instanceKlass java/util/Collections
instanceKlass sun/io/Win32ErrorMode
instanceKlass jdk/internal/misc/OSEnvironment
instanceKlass jdk/internal/misc/Signal$NativeHandler
instanceKlass java/util/Hashtable$Entry
instanceKlass jdk/internal/misc/Signal
instanceKlass java/lang/Terminator$1
instanceKlass jdk/internal/misc/Signal$Handler
instanceKlass java/lang/Terminator
instanceKlass java/nio/ByteOrder
instanceKlass java/nio/Buffer$1
instanceKlass jdk/internal/access/JavaNioAccess
instanceKlass jdk/internal/misc/ScopedMemoryAccess
instanceKlass java/nio/charset/CodingErrorAction
instanceKlass sun/nio/cs/SingleByte
instanceKlass java/lang/StringUTF16
instanceKlass sun/nio/cs/MS1252$Holder
instanceKlass sun/nio/cs/ArrayEncoder
instanceKlass java/nio/charset/CharsetEncoder
instanceKlass java/lang/reflect/Modifier
instanceKlass java/lang/Class$1
instanceKlass java/lang/Class$Atomic
instanceKlass java/lang/Class$ReflectionData
instanceKlass jdk/internal/util/ArraysSupport
instanceKlass java/nio/charset/StandardCharsets
instanceKlass sun/nio/cs/HistoricallyNamedCharset
instanceKlass sun/security/action/GetPropertyAction
instanceKlass java/lang/ThreadLocal
instanceKlass java/nio/charset/spi/CharsetProvider
instanceKlass java/nio/charset/Charset
instanceKlass java/io/Writer
instanceKlass java/io/OutputStream
instanceKlass java/io/Flushable
instanceKlass java/io/FileDescriptor$1
instanceKlass jdk/internal/access/JavaIOFileDescriptorAccess
instanceKlass java/io/FileDescriptor
instanceKlass jdk/internal/util/StaticProperty
instanceKlass java/util/HashMap$HashIterator
instanceKlass java/lang/Integer$IntegerCache
instanceKlass java/lang/CharacterData
instanceKlass java/util/Arrays
instanceKlass java/lang/VersionProps
instanceKlass java/lang/StringConcatHelper
instanceKlass jdk/internal/misc/VM
instanceKlass jdk/internal/util/SystemProps$Raw
instanceKlass jdk/internal/util/SystemProps
instanceKlass java/lang/System$2
instanceKlass jdk/internal/access/JavaLangAccess
instanceKlass java/lang/ref/Reference$1
instanceKlass jdk/internal/access/JavaLangRefAccess
instanceKlass java/lang/ref/ReferenceQueue$Lock
instanceKlass java/lang/ref/ReferenceQueue
instanceKlass jdk/internal/reflect/ReflectionFactory
instanceKlass jdk/internal/reflect/ReflectionFactory$GetReflectionFactoryAction
instanceKlass java/security/PrivilegedAction
instanceKlass java/util/concurrent/locks/LockSupport
instanceKlass java/util/concurrent/ConcurrentHashMap$Node
instanceKlass java/util/concurrent/ConcurrentHashMap$CounterCell
instanceKlass java/util/concurrent/locks/ReentrantLock
instanceKlass java/util/concurrent/locks/Lock
instanceKlass java/lang/Runtime
instanceKlass java/util/HashMap$Node
instanceKlass java/util/KeyValueHolder
instanceKlass java/util/Map$Entry
instanceKlass java/util/ImmutableCollections$MapN$MapNIterator
instanceKlass java/lang/Math
instanceKlass jdk/internal/reflect/Reflection
instanceKlass java/lang/invoke/MethodHandles$Lookup
instanceKlass java/lang/StringLatin1
instanceKlass java/security/Permission
instanceKlass java/security/Guard
instanceKlass java/lang/invoke/MemberName$Factory
instanceKlass java/lang/invoke/MethodHandles
instanceKlass jdk/internal/access/SharedSecrets
instanceKlass java/lang/reflect/ReflectAccess
instanceKlass jdk/internal/access/JavaLangReflectAccess
instanceKlass java/util/ImmutableCollections
instanceKlass java/util/Objects
instanceKlass java/util/Set
instanceKlass jdk/internal/misc/CDS
instanceKlass java/lang/Module$ArchivedData
instanceKlass java/lang/String$CaseInsensitiveComparator
instanceKlass java/util/Comparator
instanceKlass java/io/ObjectStreamField
instanceKlass jdk/internal/vm/vector/VectorSupport$VectorPayload
instanceKlass jdk/internal/vm/vector/VectorSupport
instanceKlass java/lang/reflect/RecordComponent
instanceKlass java/util/Iterator
instanceKlass java/lang/Number
instanceKlass java/lang/Character
instanceKlass java/lang/Boolean
instanceKlass java/util/concurrent/locks/AbstractOwnableSynchronizer
instanceKlass java/lang/LiveStackFrame
instanceKlass java/lang/StackFrameInfo
instanceKlass java/lang/StackWalker$StackFrame
instanceKlass java/lang/StackStreamFactory$AbstractStackWalker
instanceKlass java/lang/StackWalker
instanceKlass java/nio/Buffer
instanceKlass java/lang/StackTraceElement
instanceKlass java/util/RandomAccess
instanceKlass java/util/List
instanceKlass java/util/AbstractCollection
instanceKlass java/util/Collection
instanceKlass java/lang/Iterable
instanceKlass java/util/concurrent/ConcurrentMap
instanceKlass java/util/AbstractMap
instanceKlass java/security/CodeSource
instanceKlass jdk/internal/loader/ClassLoaders
instanceKlass java/util/jar/Manifest
instanceKlass java/net/URL
instanceKlass java/io/InputStream
instanceKlass java/io/Closeable
instanceKlass java/lang/AutoCloseable
instanceKlass jdk/internal/module/Modules
instanceKlass jdk/internal/misc/Unsafe
instanceKlass jdk/internal/misc/UnsafeConstants
instanceKlass java/lang/AbstractStringBuilder
instanceKlass java/lang/Appendable
instanceKlass java/lang/AssertionStatusDirectives
instanceKlass java/lang/invoke/MethodHandleNatives$CallSiteContext
instanceKlass jdk/internal/invoke/NativeEntryPoint
instanceKlass java/lang/invoke/CallSite
instanceKlass java/lang/invoke/MethodType
instanceKlass java/lang/invoke/TypeDescriptor$OfMethod
instanceKlass java/lang/invoke/LambdaForm
instanceKlass java/lang/invoke/MethodHandleNatives
instanceKlass java/lang/invoke/ResolvedMethodName
instanceKlass java/lang/invoke/MemberName
instanceKlass java/lang/invoke/VarHandle
instanceKlass java/lang/invoke/MethodHandle
instanceKlass jdk/internal/reflect/CallerSensitive
instanceKlass java/lang/annotation/Annotation
instanceKlass jdk/internal/reflect/FieldAccessor
instanceKlass jdk/internal/reflect/ConstantPool
instanceKlass jdk/internal/reflect/ConstructorAccessor
instanceKlass jdk/internal/reflect/MethodAccessor
instanceKlass jdk/internal/reflect/MagicAccessorImpl
instanceKlass java/lang/reflect/Parameter
instanceKlass java/lang/reflect/Member
instanceKlass java/lang/reflect/AccessibleObject
instanceKlass java/lang/Module
instanceKlass java/util/Map
instanceKlass java/util/Dictionary
instanceKlass java/lang/ThreadGroup
instanceKlass java/lang/Thread$UncaughtExceptionHandler
instanceKlass java/lang/Thread
instanceKlass java/lang/Runnable
instanceKlass java/lang/ref/Reference
instanceKlass java/lang/Record
instanceKlass java/security/AccessController
instanceKlass java/security/AccessControlContext
instanceKlass java/security/ProtectionDomain
instanceKlass java/lang/SecurityManager
instanceKlass java/lang/Throwable
instanceKlass java/lang/System
instanceKlass java/lang/ClassLoader
instanceKlass java/lang/Cloneable
instanceKlass java/lang/Class
instanceKlass java/lang/invoke/TypeDescriptor$OfField
instanceKlass java/lang/invoke/TypeDescriptor
instanceKlass java/lang/reflect/Type
instanceKlass java/lang/reflect/GenericDeclaration
instanceKlass java/lang/reflect/AnnotatedElement
instanceKlass java/lang/String
instanceKlass java/lang/constant/ConstantDesc
instanceKlass java/lang/constant/Constable
instanceKlass java/lang/CharSequence
instanceKlass java/lang/Comparable
instanceKlass java/io/Serializable
ciInstanceKlass java/lang/Object 1 1 92 7 1 10 12 1 1 10 7 12 1 1 1 10 7 12 1 1 1 10 12 1 1 8 1 10 12 1 1 10 7 12 1 1 1 10 12 1 10 12 1 1 100 1 8 1 10 12 1 3 8 1 100 1 5 0 1 1 1 1 1 1 1 1 1 1 1 1 1 1 1 1 100 1 1 1 7 1 1 1 1 1 1 1 100 1 1 1 1 1 1 1
ciMethod java/lang/Object equals (Ljava/lang/Object;)Z 512 0 1101837 0 -1
ciMethod java/lang/Object toString ()Ljava/lang/String; 2 0 21 0 -1
ciMethod java/lang/Object hashCode ()I 256 0 128 0 -1
ciInstanceKlass java/lang/Class 1 1 1600 10 7 12 1 1 1 9 7 12 1 1 1 9 12 1 1 7 1 10 10 12 1 1 8 1 10 12 1 8 1 8 1 10 12 1 1 10 12 1 1 10 12 1 10 10 12 1 10 12 1 1 10 12 1 1 10 7 12 1 1 10 12 1 10 12 1 10 12 1 8 1 10 12 1 8 1 10 12 1 8 1 8 1 10 12 1 1 10 100 12 1 1 1 18 12 1 1 11 100 12 1 1 1 8 1 8 1 8 1 10 100 12 1 1 1 11 12 1 1 7 1 8 1 10 12 1 11 100 12 1 1 1 10 12 1 1 11 8 1 18 8 1 10 12 1 10 7 12 1 1 10 7 12 1 1 1 10 12 1 1 10 7 12 1 1 1 9 100 12 1 1 1 10 100 12 1 1 1 10 7 12 1 1 1 10 12 1 1 18 12 1 1 10 7 12 1 1 1 10 7 12 1 1 10 12 1 1 10 100 1 100 1 10 12 1 1 9 12 1 1 100 1 8 1 10 12 1 10 12 1 1 10 12 1 1 10 7 12 1 1 1 7 1 10 12 1 100 1 100 1 10 10 12 1 1 10 12 1 1 100 1 10 100 12 1 1 1 10 12 1 1 10 12 1 1 9 12 1 1 10 12 1 10 12 1 10 12 1 1 9 12 1 1 9 12 1 1 10 12 1 1 10 7 1 10 12 1 10 12 1 10 12 1 1 10 9 12 1 10 12 1 8 1 10 12 1 1 10 12 1 1 10 12 1 10 12 1 1 10 12 1 1 10 12 1 1 9 7 12 1 1 1 10 7 12 1 1 10 12 10 12 1 10 12 1 1 10 100 12 1 1 10 12 1 10 12 1 1 10 100 12 1 1 1 10 12 1 10 12 1 1 10 12 1 10 12 1 10 12 1 1 10 7 1 10 10 10 12 1 1 10 12 1 1 10 12 10 12 1 1 100 1 8 1 10 10 12 1 1 10 12 1 100 1 11 12 1 10 100 12 1 1 10 12 1 10 12 1 10 100 12 1 1 10 10 12 1 1 8 1 10 12 1 10 12 1 1 8 1 9 12 1 10 12 1 10 12 1 10 12 1 10 12 100 1 9 12 1 10 12 1 9 12 1 10 12 1 10 12 1 10 12 1 10 10 12 1 10 12 1 10 12 1 10 12 1 10 12 1 10 12 1 100 1 10 12 1 10 12 1 1 10 12 1 1 10 12 1 1 10 12 1 1 10 12 1 1 10 12 1 1 100 1 10 10 12 1 1 10 12 1 1 10 12 1 1 10 10 12 1 10 12 1 1 10 12 1 1 10 12 1 1 10 12 1 1 100 1 10 10 12 11 100 12 1 1 10 12 1 1 10 12 1 10 100 12 1 1 1 10 12 1 1 10 10 12 1 1 100 1 10 10 12 1 1 10 100 12 1 1 1 100 1 100 1 10 12 1 1 10 12 1 10 10 12 1 1 10 12 1 10 12 1 10 12 1 10 100 12 1 1 1 11 7 12 1 1 10 12 1 10 12 1 9 12 1 10 12 1 1 10 12 1 9 100 12 1 1 1 9 12 1 10 100 12 1 1 1 10 12 1 10 12 1 10 100 12 1 1 1 10 12 1 10 12 10 12 1 1 100 1 10 8 1 10 12 1 11 11 12 1 1 11 7 12 1 1 11 12 1 8 1 10 12 1 10 12 1 1 9 12 1 9 12 1 1 10 7 12 1 1 9 12 1 10 12 1 1 10 10 12 1 10 7 12 1 1 1 10 7 12 1 1 10 7 12 1 1 9 12 1 1 10 12 1 9 12 1 10 12 1 10 12 1 1 9 12 1 1 9 12 1 10 12 1 10 12 1 1 9 12 1 7 1 10 10 12 1 1 7 1 10 12 1 1 7 11 7 1 9 12 1 1 9 12 1 100 1 10 12 1 9 12 1 1 9 12 1 10 12 1 10 12 1 1 9 12 1 7 1 10 10 12 1 1 10 10 12 1 1 10 12 10 10 12 1 9 12 1 10 12 1 1 10 7 12 1 1 1 10 12 1 1 10 12 1 8 10 7 8 1 18 8 1 8 1 10 12 1 9 12 1 9 12 1 1 10 12 1 7 1 7 1 10 12 1 9 12 1 1 7 1 10 10 12 1 10 7 1 9 12 1 8 1 10 12 1 7 1 10 12 1 10 12 1 1 9 12 1 100 1 8 1 10 7 1 4 10 10 12 11 7 12 1 1 1 10 12 1 100 1 10 12 1 1 10 8 1 8 1 10 12 1 1 9 7 12 1 1 11 12 7 1 11 7 12 1 1 9 12 1 10 100 12 1 1 1 10 7 12 1 1 10 12 1 1 9 12 1 9 10 12 1 1 10 12 1 1 10 12 1 1 10 12 1 1 10 12 1 1 11 12 1 7 1 11 12 1 10 7 12 1 1 1 10 12 1 100 1 11 12 1 10 100 12 1 1 1 10 12 1 10 11 12 1 11 12 1 1 10 12 1 10 12 1 1 9 12 1 1 9 100 12 1 1 10 12 1 10 100 12 1 1 1 10 12 1 1 10 12 1 10 12 1 10 12 1 10 7 12 1 1 1 10 12 1 8 1 10 12 1 10 12 1 10 12 1 10 100 12 1 1 1 11 100 12 1 1 1 10 12 1 1 10 12 1 18 12 1 1 11 12 1 1 18 11 12 1 18 12 1 11 12 1 10 12 1 1 10 12 1 10 12 1 10 12 10 12 1 8 1 10 12 1 7 1 9 12 1 1 100 1 100 1 100 1 100 1 100 1 1 1 3 1 3 1 3 1 1 1 1 1 1 1 5 0 1 1 1 1 1 1 1 1 1 1 1 1 1 1 1 1 1 1 1 1 1 1 1 100 1 1 1 1 1 1 1 100 1 1 1 1 1 1 100 1 1 1 1 1 1 1 1 1 1 1 1 1 1 1 1 1 1 1 1 1 1 1 1 1 1 1 1 1 1 1 1 1 1 1 1 1 1 100 1 1 1 1 1 1 1 1 1 1 1 1 1 1 1 1 1 1 1 1 1 1 1 1 1 1 1 1 100 1 1 1 1 1 1 1 1 1 1 1 1 1 1 1 1 1 1 1 1 1 1 1 1 1 1 1 1 1 1 1 1 1 1 1 1 1 1 1 1 1 1 1 1 1 1 1 1 1 1 1 1 1 100 1 100 1 1 1 1 1 1 1 100 1 1 1 1 1 1 1 1 1 1 1 1 1 1 1 1 1 1 1 1 1 1 1 1 1 1 1 1 1 1 1 1 1 1 1 1 1 1 1 1 1 1 1 1 1 1 1 1 1 1 1 1 1 1 1 100 1 1 1 1 1 1 1 1 1 1 1 1 1 1 1 1 1 1 1 1 1 1 1 1 1 1 1 1 1 1 1 1 1 1 1 1 1 1 1 1 1 1 1 1 1 1 1 1 1 1 1 1 1 1 1 1 1 1 1 1 1 1 1 1 1 1 1 1 15 10 100 12 1 1 1 16 15 10 12 16 15 11 12 16 1 16 15 16 15 10 12 16 16 15 10 12 16 15 16 1 15 10 12 16 1 1 1 1 1 1 1 1 1 100 1 1 100 1 100 1 1 100 1 100 1 1
staticfield java/lang/Class EMPTY_CLASS_ARRAY [Ljava/lang/Class; 0 [Ljava/lang/Class;
staticfield java/lang/Class serialPersistentFields [Ljava/io/ObjectStreamField; 0 [Ljava/io/ObjectStreamField;
ciMethod java/lang/Class isPrimitive ()Z 256 0 128 0 -1
ciInstanceKlass java/io/Serializable 1 0 7 100 1 100 1 1 1
instanceKlass jdk/internal/vm/vector/VectorSupport$VectorShuffle
instanceKlass jdk/internal/vm/vector/VectorSupport$VectorMask
instanceKlass jdk/internal/vm/vector/VectorSupport$Vector
ciInstanceKlass jdk/internal/vm/vector/VectorSupport$VectorPayload 0 0 32 10 100 12 1 1 1 9 100 12 1 1 1 10 100 12 1 1 1 1 1 1 1 1 1 1 1 1 1 1 1 1
ciInstanceKlass jdk/internal/vm/vector/VectorSupport$VectorShuffle 0 0 28 10 100 12 1 1 1 100 1 1 1 1 1 1 1 1 1 1 1 1 1 1 1 100 1 1 1 1
ciInstanceKlass jdk/internal/vm/vector/VectorSupport$VectorMask 0 0 28 10 100 12 1 1 1 100 1 1 1 1 1 1 1 1 1 1 1 1 1 1 1 100 1 1 1 1
ciInstanceKlass jdk/internal/vm/vector/VectorSupport$Vector 0 0 28 10 100 12 1 1 1 100 1 1 1 1 1 1 1 1 1 1 1 1 1 1 1 100 1 1 1 1
ciInstanceKlass jdk/internal/vm/vector/VectorSupport 0 0 487 100 1 10 100 12 1 1 1 9 12 1 1 10 12 1 1 100 1 10 12 1 11 100 12 1 1 1 11 100 12 1 1 1 11 100 12 1 1 11 100 12 1 1 1 11 100 1 100 1 10 12 1 1 11 100 12 1 1 11 100 12 1 1 100 1 11 100 12 1 1 11 100 12 1 1 11 100 12 1 1 1 11 100 12 1 1 1 11 100 12 1 1 1 11 100 12 1 1 1 100 1 10 12 1 1 11 100 12 1 1 100 1 11 100 12 1 1 11 100 12 1 1 11 100 12 1 1 11 100 1 100 1 9 12 1 1 10 100 12 1 1 11 100 12 1 1 10 12 1 1 10 100 12 1 1 1 10 12 1 10 12 1 1 10 12 1 1 1 1 1 3 1 3 1 3 1 3 1 3 1 3 1 3 1 3 1 3 1 3 1 3 1 3 1 3 1 3 1 3 1 3 1 3 1 3 1 3 1 3 1 3 1 3 1 3 1 3 1 3 1 3 1 3 1 3 1 3 1 3 1 3 1 3 1 3 1 3 1 3 1 3 1 3 1 3 1 3 1 1 1 1 1 3 1 1 1 1 1 1 3 1 1 1 1 1 1 1 1 1 1 1 1 1 1 1 1 1 1 1 1 1 1 1 1 1 1 1 1 1 1 1 1 1 1 1 1 1 1 1 1 1 1 1 1 1 1 1 1 1 1 1 1 1 1 1 1 1 1 1 1 1 1 1 1 1 1 1 1 1 1 1 1 1 1 1 1 1 1 1 1 1 1 1 1 1 1 1 1 1 1 1 1 1 1 1 1 1 1 1 1 1 1 1 1 1 1 1 1 1 1 1 1 1 1 1 1 1 1 1 1 1 1 1 1 1 1 1 1 1 1 1 1 1 1 1 1 1 1 1 1 1 1 1 1 1 1 1 1 1 1 1 1 1 1 1 1 1 1 1 1 1 1 1 1 1 1 1 1 1 1 1 1 1 1 1 1 1 1 1 1 1 1 1 1 1 1 1 1 1 1 1 1 1 1 1 1 1 1 1 100 1 100 1 1 1 1 1 1 1 1 1 1 1 1 1 1 1 1 1 1 1 1 1 1 1 1
ciInstanceKlass java/lang/reflect/RecordComponent 0 0 196 10 100 12 1 1 1 9 100 12 1 1 1 9 12 1 1 9 12 1 10 12 1 1 10 12 1 1 10 100 12 1 1 1 10 12 1 1 9 12 1 1 10 12 1 1 10 12 1 1 10 12 1 10 100 12 1 1 10 100 12 1 1 9 12 1 1 10 100 12 1 1 1 11 100 12 1 1 1 10 9 100 12 1 1 1 10 100 12 1 1 1 9 12 1 1 10 100 12 1 1 1 10 12 1 1 11 100 12 1 1 10 100 12 1 1 100 1 9 12 1 9 12 1 1 9 12 1 10 100 12 1 1 1 10 12 1 1 10 12 1 1 100 1 10 10 12 1 10 12 1 1 8 1 10 12 1 10 12 1 9 12 1 100 1 1 1 1 1 1 1 1 1 1 1 1 1 1 1 1 1 1 1 1 1 1 100 1 1 1 1 1 1 100 1 1
ciInstanceKlass java/util/Iterator 1 1 53 100 1 8 1 10 12 1 1 10 100 12 1 1 1 11 100 12 1 1 1 11 12 1 1 11 100 12 1 1 1 100 1 1 1 1 1 1 1 1 1 1 1 1 1 1 1 1 1 1 1 1 1
instanceKlass org/jetbrains/kotlin/codegen/optimization/nullCheck/Nullability
instanceKlass org/jetbrains/kotlin/types/error/ErrorScopeKind
instanceKlass org/jetbrains/kotlin/descriptors/CallableMemberDescriptor$Kind
instanceKlass org/jetbrains/kotlin/types/error/ErrorEntity
instanceKlass org/jetbrains/kotlin/types/error/ErrorTypeKind
instanceKlass org/jetbrains/kotlin/codegen/StringConcatGenerator$ItemType
instanceKlass org/jetbrains/kotlin/codegen/coroutines/SuspensionPointKind
instanceKlass org/jetbrains/kotlin/codegen/pseudoInsns/PseudoInsn
instanceKlass org/jetbrains/org/objectweb/asm/util/CheckSignatureAdapter$State
instanceKlass org/jetbrains/kotlin/codegen/signature/BothSignatureWriter$Mode
instanceKlass org/jetbrains/kotlin/resolve/jvm/diagnostics/MemberKind
instanceKlass org/jetbrains/kotlin/backend/common/lower/loops/ProgressionDirection
instanceKlass java/lang/constant/DirectMethodHandleDesc$Kind
instanceKlass java/lang/invoke/VarHandle$VarHandleDesc$Kind
instanceKlass sun/security/util/KnownOIDs
instanceKlass org/jetbrains/kotlin/backend/common/lower/ConstructorDelegationKind
instanceKlass org/jetbrains/kotlin/backend/jvm/lower/indy/LambdaMetafactoryArgumentsBuilder$TypeAdaptationConstraint
instanceKlass org/jetbrains/kotlin/resolve/jvm/jvmSignature/JvmMethodParameterKind
instanceKlass org/jetbrains/kotlin/backend/jvm/lower/JvmArgumentNullabilityAssertionsLowering$AssertionScope
instanceKlass org/jetbrains/kotlin/builtins/UnsignedArrayType
instanceKlass org/jetbrains/kotlin/backend/common/phaser/BeforeOrAfter
instanceKlass org/jetbrains/kotlin/descriptors/annotations/KotlinRetention
instanceKlass org/jetbrains/kotlin/codegen/OwnerKind
instanceKlass org/jetbrains/kotlin/config/JvmClosureGenerationScheme
instanceKlass org/jetbrains/kotlin/config/JvmStringConcat
instanceKlass org/jetbrains/kotlin/resolve/jvm/diagnostics/JvmDeclarationOriginKind
instanceKlass org/jetbrains/kotlin/cli/common/IRMeasurement$Kind
instanceKlass org/jetbrains/kotlin/ir/overrides/IrExternalOverridabilityCondition$Result
instanceKlass org/jetbrains/kotlin/ir/overrides/IrExternalOverridabilityCondition$Contract
instanceKlass org/jetbrains/kotlin/resolve/OverridingUtil$OverrideCompatibilityInfo$Result
instanceKlass org/jetbrains/kotlin/ir/expressions/IrTypeOperator
instanceKlass org/jetbrains/kotlin/builtins/UnsignedType
instanceKlass org/jetbrains/kotlin/fir/backend/utils/UseSiteKind
instanceKlass org/jetbrains/kotlin/fir/backend/utils/ConversionTypeOrigin
instanceKlass org/jetbrains/kotlin/ir/expressions/IrSyntheticBodyKind
instanceKlass org/jetbrains/kotlin/renderer/AnnotationArgumentsRenderingPolicy
instanceKlass org/jetbrains/kotlin/renderer/PropertyAccessorRenderingPolicy
instanceKlass org/jetbrains/kotlin/renderer/ParameterNameRenderingPolicy
instanceKlass org/jetbrains/kotlin/renderer/RenderingFormat
instanceKlass org/jetbrains/kotlin/renderer/OverrideRenderingPolicy
instanceKlass org/jetbrains/kotlin/renderer/DescriptorRendererModifier
instanceKlass org/jetbrains/kotlin/ir/types/SimpleTypeNullability
instanceKlass org/jetbrains/kotlin/util/ImplementationStatus
instanceKlass org/jetbrains/kotlin/fir/analysis/checkers/expression/FirCastOperatorsChecker$Applicability
instanceKlass org/jetbrains/kotlin/types/EnrichedProjectionKind
instanceKlass org/jetbrains/kotlin/fir/analysis/checkers/expression/FirEqualityCompatibilityChecker$Applicability
instanceKlass org/jetbrains/kotlin/fir/analysis/checkers/syntax/FirPrefixAndSuffixSyntaxChecker$Direction
instanceKlass org/jetbrains/kotlin/resolve/Compatibility
instanceKlass org/jetbrains/kotlin/diagnostics/rendering/LanguageFeatureMessageRenderer$Type
instanceKlass java/util/Locale$Category
instanceKlass org/jetbrains/kotlin/diagnostics/Severity
instanceKlass org/jetbrains/kotlin/fir/declarations/HiddenEverywhereBesideSuperCallsStatus
instanceKlass org/jetbrains/kotlin/fir/scopes/jvm/JvmMappedScope$JDKMemberStatus
instanceKlass org/jetbrains/kotlin/com/intellij/psi/PsiAnnotation$TargetType
instanceKlass org/jetbrains/kotlin/fir/types/EraseUpperBoundMode
instanceKlass org/jetbrains/kotlin/com/intellij/psi/impl/PsiClassImplUtil$MemberType
instanceKlass org/jetbrains/kotlin/com/intellij/psi/scope/ElementClassHint$DeclarationKind
instanceKlass org/jetbrains/kotlin/com/intellij/lang/java/parser/BasicOldExpressionParser$ExprType
instanceKlass org/jetbrains/kotlin/types/expressions/CoercionStrategy
instanceKlass org/jetbrains/kotlin/fir/resolve/calls/stages/VarargMappingState
instanceKlass org/jetbrains/kotlin/contracts/description/EventOccurrencesRange
instanceKlass org/jetbrains/kotlin/serialization/deserialization/ProtoBufContractDeserializer$PrimitiveExpressionType
instanceKlass org/jetbrains/kotlin/serialization/deserialization/ProtoBufContractDeserializer$ComplexExpressionType
instanceKlass org/jetbrains/kotlin/fir/resolve/inference/CalculatorForNestedCall$FixationDirection
instanceKlass org/jetbrains/kotlin/fir/resolve/calls/FirSyntheticPropertiesScope$SyntheticGetterCompatibility
instanceKlass org/jetbrains/kotlin/fir/expressions/ConstantArgumentKind
instanceKlass org/jetbrains/kotlin/fir/resolve/calls/tower/MemberScopeTowerLevel$DispatchReceiverToUse
instanceKlass org/jetbrains/kotlin/types/SmartcastStability
instanceKlass org/jetbrains/kotlin/fir/declarations/utils/FirScriptCustomizationKind
instanceKlass org/jetbrains/kotlin/fir/declarations/CallToPotentiallyHiddenSymbolResult
instanceKlass org/jetbrains/kotlin/fir/resolve/dfa/Operation
instanceKlass org/jetbrains/kotlin/types/TypeCheckerState$LowerCapturedTypePolicy
instanceKlass org/jetbrains/kotlin/fir/resolve/dfa/PropertyStability
instanceKlass org/jetbrains/kotlin/types/TypeApproximatorConfiguration$IntersectionStrategy
instanceKlass org/jetbrains/kotlin/types/model/TypeVariance
instanceKlass org/jetbrains/kotlin/fir/resolve/transformers/FirCallCompletionResultsWriterTransformer$Mode
instanceKlass org/jetbrains/kotlin/resolve/calls/inference/components/TypeVariableDirectionCalculator$ResolveDirection
instanceKlass org/jetbrains/kotlin/resolve/calls/inference/components/VariableFixationFinder$TypeVariableFixationReadiness
instanceKlass org/jetbrains/kotlin/resolve/calls/inference/components/ConstraintSystemCompletionMode
instanceKlass org/jetbrains/kotlin/resolve/calls/inference/model/ConstraintKind
instanceKlass org/jetbrains/kotlin/resolve/ForbiddenNamedArgumentsTarget
instanceKlass org/jetbrains/kotlin/fir/resolve/calls/stages/FirCallArgumentsProcessor$State
instanceKlass org/jetbrains/kotlin/fir/resolve/calls/ConstructorFilter
instanceKlass org/jetbrains/kotlin/resolve/calls/tasks/ExplicitReceiverKind
instanceKlass org/jetbrains/kotlin/fir/resolve/calls/tower/ProcessResult
instanceKlass org/jetbrains/kotlin/resolve/calls/inference/model/NewConstraintSystemImpl$State
instanceKlass org/jetbrains/kotlin/fir/resolve/transformers/body/resolve/FirExpressionsResolveTransformer$CallResolutionMode
instanceKlass org/jetbrains/kotlin/fir/resolve/dfa/cfg/EdgeKind
instanceKlass org/jetbrains/kotlin/fir/resolve/dfa/cfg/ControlFlowGraph$Kind
instanceKlass org/jetbrains/kotlin/fir/scopes/ProcessorAction
instanceKlass org/jetbrains/kotlin/com/intellij/util/containers/TreeTraversal$BiOrderIt$Order
instanceKlass org/jetbrains/kotlin/com/intellij/util/containers/JBIterator$Do
instanceKlass org/jetbrains/kotlin/com/intellij/psi/stubs/StubList$ChildrenStorage
instanceKlass org/jetbrains/kotlin/com/intellij/psi/impl/cache/TypeInfo$TypeKind
instanceKlass org/jetbrains/kotlin/com/intellij/openapi/projectRoots/JavaSdkVersion
instanceKlass org/jetbrains/kotlin/com/intellij/psi/impl/source/PsiJavaCodeReferenceElementImpl$Kind
instanceKlass org/jetbrains/kotlin/com/intellij/lang/java/parser/BasicDeclarationParser$ListType
instanceKlass org/jetbrains/kotlin/com/intellij/lang/java/parser/DeclarationParser$Context
instanceKlass org/jetbrains/kotlin/com/intellij/lang/java/parser/BasicDeclarationParser$BaseContext
instanceKlass org/jetbrains/kotlin/com/intellij/openapi/vfs/CharsetToolkit$GuessedEncoding
instanceKlass org/jetbrains/kotlin/com/intellij/openapi/vfs/VFileProperty
instanceKlass org/jetbrains/kotlin/types/model/CaptureStatus
instanceKlass org/jetbrains/kotlin/fir/types/ProjectionKind
instanceKlass org/jetbrains/kotlin/fir/java/declarations/FirJavaTypeParameter$BoundsEnhancementState
instanceKlass org/jetbrains/kotlin/load/java/typeEnhancement/TypeComponentPosition
instanceKlass org/jetbrains/kotlin/load/java/typeEnhancement/MutabilityQualifier
instanceKlass org/jetbrains/kotlin/load/java/typeEnhancement/NullabilityQualifier
instanceKlass org/jetbrains/kotlin/load/java/structure/impl/classFiles/BinaryClassSignatureParser$JavaSignatureVariance
instanceKlass org/jetbrains/kotlin/fir/java/FirJavaTypeConversionMode
instanceKlass org/jetbrains/kotlin/descriptors/annotations/KotlinTarget
instanceKlass kotlin/annotation/AnnotationTarget
instanceKlass kotlin/annotation/AnnotationRetention
instanceKlass org/jetbrains/kotlin/descriptors/EffectiveVisibility$Permissiveness
instanceKlass javaslang/collection/HashArrayMappedTrieModule$Action
instanceKlass org/jetbrains/kotlin/resolve/deprecation/DeprecationLevelValue
instanceKlass kotlin/DeprecationLevel
instanceKlass org/jetbrains/kotlin/fir/deserialization/AbstractAnnotationDeserializer$CallableKind
instanceKlass org/jetbrains/kotlin/metadata/ProtoBuf$MemberKind
instanceKlass org/jetbrains/kotlin/metadata/ProtoBuf$Class$Kind
instanceKlass org/jetbrains/kotlin/metadata/ProtoBuf$Modality
instanceKlass org/jetbrains/kotlin/metadata/ProtoBuf$Visibility
instanceKlass org/jetbrains/kotlin/metadata/ProtoBuf$Effect$InvocationKind
instanceKlass org/jetbrains/kotlin/metadata/ProtoBuf$Expression$ConstantValue
instanceKlass org/jetbrains/kotlin/metadata/ProtoBuf$Effect$EffectType
instanceKlass org/jetbrains/kotlin/metadata/ProtoBuf$VersionRequirement$VersionKind
instanceKlass org/jetbrains/kotlin/metadata/ProtoBuf$VersionRequirement$Level
instanceKlass org/jetbrains/kotlin/serialization/deserialization/descriptors/DeserializedContainerAbiStability
instanceKlass org/jetbrains/kotlin/metadata/jvm/JvmProtoBuf$StringTableTypes$Record$Operation
instanceKlass java/lang/annotation/ElementType
instanceKlass org/jetbrains/kotlin/load/kotlin/header/KotlinClassHeader$Kind
instanceKlass org/jetbrains/kotlin/fir/scopes/impl/DefaultImportPriority
instanceKlass org/jetbrains/kotlin/resolve/jvm/NotFoundPackagesCachingStrategy$CacheType
instanceKlass org/jetbrains/kotlin/com/intellij/lang/java/lexer/BasicJavaLexer$LiteralType
instanceKlass org/jetbrains/kotlin/fir/resolve/calls/tower/InvokeResolvePriority
instanceKlass org/jetbrains/kotlin/resolve/calls/tower/CandidateApplicability
instanceKlass org/jetbrains/kotlin/fir/resolve/FirTowerDataMode
instanceKlass org/jetbrains/kotlin/fir/resolve/transformers/StatusComputationSession$StatusComputationStatus
instanceKlass org/jetbrains/kotlin/parsing/KotlinParsing$ParseEnumEntryResult
instanceKlass org/jetbrains/kotlin/contracts/description/LogicOperationKind
instanceKlass org/jetbrains/kotlin/fir/declarations/InlineStatus
instanceKlass org/jetbrains/kotlin/types/Variance
instanceKlass org/jetbrains/kotlin/fir/expressions/FirOperation
instanceKlass java/math/RoundingMode
instanceKlass org/jetbrains/kotlin/descriptors/annotations/AnnotationUseSiteTarget
instanceKlass org/jetbrains/kotlin/fir/declarations/FirPropertyBodyResolveState
instanceKlass org/jetbrains/kotlin/fir/diagnostics/DiagnosticKind
instanceKlass org/jetbrains/kotlin/parsing/KotlinParsing$PropertyComponentKind
instanceKlass org/jetbrains/kotlin/fir/expressions/FirFunctionCallOrigin
instanceKlass org/jetbrains/kotlin/fir/expressions/FirAnnotationResolvePhase
instanceKlass org/jetbrains/kotlin/fir/builder/AbstractRawFirBuilder$ValueParameterDeclaration
instanceKlass org/jetbrains/kotlin/fir/lightTree/fir/modifier/ModifierFlag
instanceKlass org/jetbrains/kotlin/parsing/KotlinParsing$DeclarationParsingMode
instanceKlass org/jetbrains/kotlin/parsing/KotlinParsing$NameParsingMode
instanceKlass org/jetbrains/kotlin/parsing/KotlinParsing$AnnotationParsingMode
instanceKlass org/jetbrains/kotlin/parsing/KotlinExpressionParsing$Precedence
instanceKlass org/jetbrains/kotlin/com/intellij/diagnostic/ActivityCategory
instanceKlass org/jetbrains/kotlin/load/java/SpecialGenericSignatures$TypeSafeBarrierDescription
instanceKlass org/jetbrains/kotlin/builtins/PrimitiveType
instanceKlass org/jetbrains/kotlin/resolve/jvm/JvmPrimitiveType
instanceKlass org/jetbrains/kotlin/fir/analysis/checkers/MppCheckerKind
instanceKlass org/jetbrains/kotlin/descriptors/ClassKind
instanceKlass org/jetbrains/kotlin/fir/declarations/impl/FirDeclarationStatusImpl$Modifier
instanceKlass org/jetbrains/kotlin/descriptors/Modality
instanceKlass org/jetbrains/kotlin/fir/declarations/FirResolvePhase
instanceKlass org/jetbrains/kotlin/metadata/ProtoBuf$Type$Argument$Projection
instanceKlass org/jetbrains/kotlin/load/java/AnnotationQualifierApplicabilityType
instanceKlass org/jetbrains/kotlin/container/ComponentStorageState
instanceKlass org/jetbrains/kotlin/fir/types/ConeNullability
instanceKlass org/jetbrains/kotlin/fir/FirSession$Kind
instanceKlass org/jetbrains/kotlin/metadata/ProtoBuf$QualifiedNameTable$QualifiedName$Kind
instanceKlass org/jetbrains/kotlin/metadata/ProtoBuf$TypeParameter$Variance
instanceKlass org/jetbrains/kotlin/metadata/ProtoBuf$Annotation$Argument$Value$Type
instanceKlass org/jetbrains/kotlin/protobuf/WireFormat$JavaType
instanceKlass org/jetbrains/kotlin/protobuf/WireFormat$FieldType
instanceKlass org/jetbrains/kotlin/config/LanguageFeature$State
instanceKlass org/jetbrains/kotlin/config/LanguageFeature$Kind
instanceKlass org/jetbrains/kotlin/config/LanguageFeature
instanceKlass org/jetbrains/kotlin/konan/target/Architecture
instanceKlass org/jetbrains/kotlin/konan/target/Family
instanceKlass org/jetbrains/kotlin/platform/wasm/WasmTarget
instanceKlass java/nio/file/attribute/PosixFilePermission
instanceKlass kotlin/io/FileWalkDirection
instanceKlass org/jetbrains/kotlin/cli/jvm/index/JavaRoot$RootType
instanceKlass org/jetbrains/kotlin/cli/jvm/compiler/jarfs/ZipEntryDescription$CompressionKind
instanceKlass java/nio/file/AccessMode
instanceKlass java/util/stream/Collector$Characteristics
instanceKlass org/jetbrains/kotlin/com/intellij/pom/java/LanguageLevel
instanceKlass org/jetbrains/kotlin/com/intellij/openapi/util/LowMemoryWatcher$LowMemoryWatcherType
instanceKlass org/jetbrains/kotlin/com/intellij/ide/plugins/ActionDescriptorName
instanceKlass kotlin/coroutines/intrinsics/CoroutineSingletons
instanceKlass kotlinx/coroutines/CoroutineStart
instanceKlass org/jetbrains/kotlin/com/intellij/openapi/progress/impl/CoreProgressManager$CheckCanceledBehavior
instanceKlass org/jetbrains/kotlin/com/intellij/util/messages/Topic$BroadcastDirection
instanceKlass org/jetbrains/kotlin/com/intellij/openapi/extensions/ExtensionPoint$Kind
instanceKlass org/jetbrains/kotlin/com/intellij/util/messages/impl/BusState
instanceKlass org/jetbrains/kotlin/com/intellij/diagnostic/LoadingState
instanceKlass org/jetbrains/kotlin/cli/jvm/compiler/EnvironmentConfigFiles
instanceKlass org/jetbrains/kotlin/config/JvmSerializeIrMode
instanceKlass org/jetbrains/kotlin/config/JvmAbiStability
instanceKlass com/google/devtools/ksp/KspCliOption
instanceKlass kotlin/reflect/jvm/internal/impl/resolve/jvm/JvmPrimitiveType
instanceKlass kotlin/reflect/jvm/internal/impl/builtins/PrimitiveType
instanceKlass kotlin/reflect/jvm/internal/impl/builtins/functions/FunctionClassKind
instanceKlass kotlin/LazyThreadSafetyMode
instanceKlass java/util/stream/StreamShape
instanceKlass java/util/stream/MatchOps$MatchKind
instanceKlass java/util/stream/StreamOpFlag$Type
instanceKlass java/util/stream/StreamOpFlag
instanceKlass org/jetbrains/kotlin/config/JvmTarget
instanceKlass org/jetbrains/kotlin/storage/LockBasedStorageManager$NotValue
instanceKlass org/jetbrains/kotlin/load/java/ReportLevel
instanceKlass org/jetbrains/kotlin/config/IrVerificationMode
instanceKlass java/util/regex/Pattern$Qtype
instanceKlass org/jetbrains/kotlin/config/LanguageVersion
instanceKlass java/lang/annotation/RetentionPolicy
instanceKlass org/jetbrains/kotlin/config/JvmDefaultMode
instanceKlass org/jetbrains/kotlin/config/JVMAssertionsMode
instanceKlass org/jetbrains/kotlin/config/ExplicitApiMode
instanceKlass org/jetbrains/kotlin/cli/common/messages/CompilerMessageSeverity
instanceKlass org/jetbrains/kotlin/com/intellij/openapi/diagnostic/LogLevel
instanceKlass java/lang/invoke/MethodHandles$Lookup$ClassOption
instanceKlass java/lang/invoke/VarHandle$AccessType
instanceKlass java/lang/invoke/VarHandle$AccessMode
instanceKlass java/lang/invoke/MethodHandleImpl$Intrinsic
instanceKlass java/lang/invoke/LambdaForm$BasicType
instanceKlass java/lang/invoke/LambdaForm$Kind
instanceKlass sun/invoke/util/Wrapper
instanceKlass org/jetbrains/kotlin/cli/common/CompilerSystemProperties
instanceKlass org/jetbrains/kotlin/cli/common/ExitCode
instanceKlass java/util/concurrent/TimeUnit
instanceKlass java/nio/file/LinkOption
instanceKlass sun/nio/fs/WindowsPathType
instanceKlass java/nio/file/StandardOpenOption
instanceKlass java/io/File$PathStatus
instanceKlass java/lang/module/ModuleDescriptor$Requires$Modifier
instanceKlass java/lang/module/ModuleDescriptor$Modifier
ciInstanceKlass java/lang/Enum 1 1 188 9 7 12 1 1 1 9 12 1 1 10 7 12 1 1 1 10 12 1 1 100 1 10 10 12 1 1 10 12 1 100 1 10 10 7 12 1 1 10 12 1 1 18 12 1 1 10 100 12 1 1 1 10 12 1 1 11 7 12 1 1 1 100 1 8 1 10 12 1 100 1 100 1 10 8 1 10 12 1 1 10 12 1 1 8 1 10 12 1 10 100 1 8 1 10 10 12 1 1 10 100 12 1 1 1 100 1 100 1 100 1 1 1 1 1 1 1 1 1 1 1 1 1 1 1 1 1 1 1 1 1 1 1 1 1 1 1 1 1 1 1 1 1 1 1 1 1 1 1 1 1 100 1 100 1 1 100 1 1 1 1 1 1 1 1 1 1 1 15 10 100 12 1 1 1 16 15 10 12 16 1 1 100 1 100 1 1
ciInstanceKlass java/lang/System 1 1 803 10 100 12 1 1 1 9 7 12 1 1 1 10 12 1 10 12 1 1 10 12 1 1 10 12 1 9 12 1 1 10 7 12 1 1 1 11 100 12 1 1 1 10 100 12 1 1 1 10 12 1 1 10 12 1 1 100 1 8 1 10 12 1 10 100 12 1 1 1 10 100 12 1 1 1 18 12 1 1 10 100 12 1 1 1 100 1 10 12 1 1 10 100 12 1 1 1 10 12 1 10 7 12 1 1 1 9 100 12 1 1 1 10 100 12 1 1 1 11 7 12 1 1 1 10 12 1 1 10 100 12 1 1 1 100 1 10 10 12 1 1 8 1 10 12 1 8 1 10 12 1 9 12 1 1 8 1 10 7 12 1 1 1 10 12 1 1 100 1 8 1 10 9 12 1 1 8 1 10 12 1 1 10 100 12 1 1 1 8 1 10 12 1 100 1 10 12 1 8 1 10 12 1 10 12 1 1 100 1 10 12 10 12 1 9 12 1 1 9 12 1 1 10 7 12 1 1 1 10 7 12 1 1 1 10 12 1 1 10 12 1 10 12 1 10 7 12 1 1 1 10 12 1 100 1 100 1 8 1 10 12 1 10 12 1 1 7 1 10 12 1 100 1 8 1 10 10 12 1 100 1 8 1 10 8 1 10 7 12 1 1 8 1 10 12 100 1 8 1 10 10 12 1 1 10 100 12 1 1 1 100 1 18 12 1 100 1 9 100 12 1 1 1 10 12 1 100 1 10 12 1 1 10 12 1 1 10 7 12 1 1 1 10 12 1 1 10 12 1 10 12 1 10 12 1 1 10 12 1 7 1 10 12 1 10 12 1 100 1 10 12 1 10 7 12 1 1 1 100 1 8 1 10 9 12 1 9 12 1 10 12 1 10 100 12 1 1 10 12 1 10 12 1 1 8 1 10 12 1 1 8 1 11 12 1 10 12 11 12 1 1 11 7 12 1 1 1 11 7 12 1 1 11 12 1 1 7 1 11 12 1 10 12 1 8 1 10 12 1 1 8 1 8 1 8 1 8 1 11 12 1 10 12 1 10 12 1 10 12 1 10 7 12 1 1 8 1 7 1 9 7 12 1 1 1 10 12 1 7 1 9 12 10 9 12 7 1 10 12 8 1 10 12 1 1 8 1 10 7 12 1 1 10 12 1 10 7 12 1 1 1 10 12 1 1 10 7 12 1 1 1 10 12 10 7 12 1 1 1 9 12 1 1 100 1 8 1 10 12 1 1 10 7 12 1 1 1 7 1 10 12 1 1 8 1 10 8 1 8 1 8 1 8 1 10 10 7 12 1 1 10 12 1 1 10 12 1 1 10 12 1 1 10 12 1 10 100 12 1 1 1 10 100 1 8 1 10 10 10 12 1 1 10 12 1 1 8 1 10 12 1 8 1 10 12 1 10 12 1 1 7 1 10 10 12 1 10 12 1 9 12 1 1 1 3 1 3 1 1 1 1 1 1 1 1 1 1 1 1 100 1 1 100 1 1 1 1 1 1 1 1 1 1 1 100 1 100 1 1 1 1 1 1 1 1 1 1 1 1 1 1 1 1 1 1 1 1 1 1 1 1 1 1 1 1 1 1 1 1 1 1 1 1 1 1 1 1 1 1 1 1 1 1 1 1 1 1 1 1 1 1 1 1 1 1 100 1 1 1 1 1 1 1 1 1 1 1 1 1 1 1 1 1 1 1 1 1 1 1 1 1 1 1 1 1 1 1 1 1 100 1 1 15 10 100 12 1 1 1 16 15 10 12 1 1 16 15 10 12 16 1 1 1 1 1 1 1 100 1 100 1 1
staticfield java/lang/System in Ljava/io/InputStream; java/io/BufferedInputStream
staticfield java/lang/System out Ljava/io/PrintStream; java/io/PrintStream
staticfield java/lang/System err Ljava/io/PrintStream; java/io/PrintStream
instanceKlass jdk/internal/reflect/DelegatingClassLoader
instanceKlass java/security/SecureClassLoader
ciInstanceKlass java/lang/ClassLoader 1 1 1098 9 7 12 1 1 1 10 7 12 1 1 1 9 12 1 1 10 7 12 1 1 1 7 1 10 12 1 1 10 12 1 1 9 12 1 1 10 12 1 1 100 1 10 12 1 10 12 1 1 10 7 12 1 1 1 100 1 8 1 10 12 1 10 7 12 1 1 1 10 100 12 1 10 7 1 10 7 1 7 1 7 1 10 12 1 10 12 1 9 12 1 1 10 10 7 12 1 1 1 9 12 1 1 9 12 1 9 12 1 1 9 12 1 9 12 1 1 9 12 1 1 7 1 10 12 1 9 12 1 1 10 12 1 1 10 7 12 1 1 1 9 12 1 9 12 1 1 9 12 1 10 12 1 1 9 12 10 12 1 1 7 1 10 8 1 10 12 1 1 10 12 1 10 7 1 7 1 10 12 1 1 10 7 12 1 1 1 8 1 10 12 1 10 12 1 10 12 1 1 10 12 1 1 10 12 1 1 10 12 1 1 10 12 1 1 10 12 1 7 1 10 12 1 10 7 12 1 1 1 10 12 1 1 10 12 1 10 12 1 10 12 1 10 12 1 10 12 1 1 10 10 12 1 10 12 1 10 100 12 1 1 10 12 1 1 10 12 1 1 10 12 1 100 1 10 12 1 100 1 10 12 1 10 100 12 1 1 1 10 10 12 1 1 10 12 1 1 100 1 8 1 10 8 1 10 12 1 10 12 1 100 1 8 1 10 12 1 1 10 12 1 1 10 10 12 1 1 10 12 1 1 10 12 1 1 10 7 1 10 12 1 1 10 12 1 1 10 12 1 1 10 12 1 1 10 12 1 1 10 12 1 1 10 12 1 10 100 12 1 1 1 10 12 1 10 12 1 10 12 1 1 10 12 1 10 12 1 10 12 1 10 12 1 1 10 12 1 10 12 1 1 8 1 9 12 1 10 12 1 1 8 1 8 1 10 7 12 1 1 100 1 10 10 12 10 12 1 10 12 1 10 12 1 10 12 1 1 10 7 12 1 1 10 12 1 10 7 1 7 1 10 12 1 1 10 12 1 10 7 1 10 12 1 100 1 18 12 1 10 100 12 1 1 1 10 100 12 1 1 1 10 7 12 1 1 10 12 1 1 10 12 1 10 12 1 1 100 1 10 12 1 10 12 1 1 10 7 12 1 1 10 12 1 8 1 100 1 10 10 12 1 9 12 1 10 7 12 1 1 10 12 1 100 1 8 1 10 12 1 10 8 1 8 1 10 12 1 1 10 12 1 1 10 12 1 1 10 100 12 1 1 1 100 1 100 1 10 12 1 1 100 1 100 1 10 100 12 1 1 10 12 1 10 12 1 1 10 12 1 10 12 1 1 10 12 1 1 9 100 12 1 1 1 10 12 1 1 10 12 1 10 12 1 10 12 1 1 10 12 1 8 1 10 12 1 7 1 18 12 1 1 10 12 1 1 10 12 1 10 12 1 10 12 1 8 1 10 12 1 10 12 1 18 12 1 11 100 12 1 1 1 100 1 10 12 1 1 10 12 1 10 11 12 1 1 10 18 10 12 1 1 11 100 12 1 18 12 1 11 12 1 1 10 12 10 12 1 1 10 12 1 1 100 1 8 1 10 10 12 1 8 1 8 1 10 100 12 1 1 10 12 1 100 1 10 10 12 1 8 1 8 1 8 1 10 12 1 10 12 1 1 10 12 1 10 100 12 1 1 1 11 100 12 1 1 100 1 10 11 10 12 1 10 12 1 10 12 1 1 9 100 12 1 1 9 12 1 1 9 12 9 12 1 9 12 1 9 12 1 8 10 12 1 1 10 7 12 1 1 1 10 12 1 1 10 12 1 1 10 12 1 10 10 12 1 11 12 1 1 10 100 12 1 1 1 100 1 10 12 1 10 12 1 10 12 1 1 1 1 1 1 1 1 1 1 1 1 1 1 1 1 1 1 1 1 1 1 1 1 1 1 1 1 100 1 1 1 1 1 1 1 1 1 1 1 1 1 1 1 1 1 1 1 1 1 100 1 1 1 1 1 1 1 1 1 1 100 1 1 1 1 1 1 1 1 1 1 1 1 1 1 1 1 1 1 1 1 1 1 1 1 1 1 1 1 1 1 1 1 1 1 1 1 1 1 1 1 1 100 1 1 1 1 1 1 1 1 1 1 1 1 1 1 1 1 1 1 100 1 1 1 1 1 1 1 1 1 1 1 1 1 1 1 1 1 1 1 1 1 1 1 1 1 1 1 1 1 1 1 1 1 1 1 1 1 1 1 1 1 1 1 1 1 1 1 1 1 1 1 100 1 1 1 1 1 1 1 1 1 1 1 1 1 1 1 1 1 1 1 1 1 1 1 1 1 1 1 1 1 1 1 1 1 1 1 1 1 1 1 1 1 1 1 1 1 1 15 10 100 12 1 1 1 16 1 15 10 12 16 1 16 15 10 12 16 1 16 1 15 10 12 16 15 10 12 16 15 10 12 16 1 1 100 1 100 1 1
staticfield java/lang/ClassLoader nocerts [Ljava/security/cert/Certificate; 0 [Ljava/security/cert/Certificate;
staticfield java/lang/ClassLoader $assertionsDisabled Z 1
ciInstanceKlass jdk/internal/reflect/DelegatingClassLoader 1 1 18 10 7 12 1 1 1 100 1 1 1 1 1 1 1 1 1 1
instanceKlass java/net/URLClassLoader
instanceKlass jdk/internal/loader/BuiltinClassLoader
ciInstanceKlass java/security/SecureClassLoader 1 1 102 10 7 12 1 1 1 7 1 10 12 1 9 7 12 1 1 1 10 12 1 10 12 1 10 12 1 1 10 12 1 1 10 12 1 7 1 10 7 1 10 12 1 7 1 10 12 1 11 7 12 1 1 1 7 1 11 12 1 10 12 1 1 1 1 1 1 1 1 1 1 1 1 1 1 1 1 1 1 1 1 1 1 1 1 1 1 1 1 1 1 1 1 1 1 1 1 100 1 1 1 1
instanceKlass jdk/internal/loader/ClassLoaders$BootClassLoader
instanceKlass jdk/internal/loader/ClassLoaders$PlatformClassLoader
instanceKlass jdk/internal/loader/ClassLoaders$AppClassLoader
ciInstanceKlass jdk/internal/loader/BuiltinClassLoader 1 1 737 9 7 12 1 1 1 10 7 12 1 1 1 10 7 12 1 1 1 9 12 1 1 9 12 1 1 7 1 10 12 1 9 12 1 10 12 1 9 12 1 10 7 12 1 1 1 10 7 12 1 1 1 10 7 12 1 1 1 11 7 12 1 1 1 100 1 100 1 10 10 12 1 1 8 1 10 12 1 10 12 7 1 10 12 1 10 12 1 1 11 7 12 1 1 1 11 7 12 1 1 1 11 12 1 1 7 1 8 1 8 1 10 9 12 1 1 10 7 12 1 1 11 12 1 1 10 12 1 1 10 12 1 1 10 12 1 1 10 7 12 1 1 1 10 12 1 10 100 12 1 1 1 10 12 1 1 11 7 12 1 1 1 10 100 12 1 1 100 1 10 7 12 1 1 1 10 12 1 100 1 8 1 10 12 1 1 10 8 1 10 12 1 1 10 12 1 1 10 12 1 1 11 7 12 1 1 11 12 1 7 1 10 11 12 1 1 11 10 12 1 1 7 1 10 12 1 10 7 12 1 10 12 1 7 1 10 12 1 10 7 12 1 1 1 100 1 10 12 1 1 11 12 1 100 1 100 1 10 12 1 10 12 1 1 100 1 100 1 10 12 1 10 12 1 18 12 1 1 10 12 1 10 12 1 1 18 100 1 10 7 12 1 1 1 7 1 10 10 12 1 1 10 12 1 1 10 12 1 1 10 12 1 9 12 1 1 100 1 10 10 12 1 1 10 12 1 1 10 12 1 10 12 10 12 1 1 10 12 1 1 10 12 1 1 10 12 1 10 12 1 1 18 12 1 7 1 10 12 1 1 10 12 1 10 12 1 1 10 12 1 100 1 10 12 1 100 1 10 12 1 10 7 12 1 1 1 10 12 1 11 12 1 100 1 10 12 1 7 1 100 1 10 12 1 10 12 1 11 12 1 1 10 12 1 1 10 12 1 1 10 12 1 1 10 12 1 1 10 12 1 10 12 1 10 12 1 10 12 1 8 1 10 12 1 1 10 7 12 1 1 10 12 1 100 1 8 1 8 1 10 10 12 1 8 1 8 1 10 7 12 1 1 1 11 7 12 1 1 1 9 7 12 1 1 1 10 7 12 1 1 1 9 12 1 9 12 1 9 12 1 9 12 1 9 12 1 9 12 1 10 7 12 1 1 1 8 1 10 12 1 7 1 10 12 1 1 10 12 1 7 1 10 11 12 1 1 10 12 10 12 1 10 12 1 100 1 10 12 1 10 12 1 10 10 12 1 10 7 12 1 1 8 1 10 7 12 1 1 10 12 1 1 1 1 1 1 1 1 1 1 1 1 1 1 1 1 1 1 1 1 1 1 1 1 1 1 1 1 1 1 1 1 1 1 1 1 1 1 1 1 1 1 1 1 1 1 1 1 1 1 1 1 1 1 1 1 100 1 1 1 1 1 1 1 1 1 1 1 1 1 1 1 1 1 1 100 1 100 1 1 1 1 1 1 1 1 1 1 1 1 1 1 1 1 1 1 1 1 1 1 1 1 1 1 1 1 1 1 1 1 1 1 1 1 1 1 1 1 1 1 1 1 1 1 1 1 1 1 1 100 1 1 15 10 100 12 1 1 1 16 15 10 12 16 15 10 12 16 15 10 12 16 1 1 1 100 1 1 1 1 1 100 1 100 1 1
staticfield jdk/internal/loader/BuiltinClassLoader packageToModule Ljava/util/Map; java/util/concurrent/ConcurrentHashMap
staticfield jdk/internal/loader/BuiltinClassLoader $assertionsDisabled Z 1
ciInstanceKlass java/security/AccessController 1 1 295 10 100 12 1 1 1 10 7 12 1 1 1 10 7 12 1 1 1 10 12 1 1 10 12 1 1 10 7 12 1 1 1 10 12 1 1 10 12 1 10 12 1 1 10 12 1 100 1 8 1 10 12 1 10 12 1 10 12 1 1 10 12 1 100 1 100 1 10 12 1 1 10 12 1 10 12 1 10 12 1 1 10 7 12 1 1 1 10 12 1 1 9 100 12 1 1 1 10 100 12 1 1 1 10 12 1 10 12 1 9 100 12 1 1 1 10 12 1 10 12 1 1 9 12 1 1 10 100 1 10 11 7 12 1 1 1 10 7 12 1 1 11 7 1 100 1 10 12 1 10 12 1 10 12 1 8 1 10 12 1 1 8 1 10 100 12 1 1 1 8 1 100 1 10 10 12 1 1 10 12 1 10 7 12 1 1 1 10 12 1 8 1 10 100 12 1 1 8 1 8 1 10 12 1 8 1 10 12 1 10 12 1 1 10 12 1 1 1 1 1 1 1 1 1 1 1 1 1 1 1 1 1 1 1 1 1 1 1 1 1 1 1 1 100 1 1 1 1 1 1 1 1 1 1 1 1 1 1 1 1 1 1 1 1 1 1 1 1 1 1 1 1 1 1 1 1 1 1 100 1 100 1 1 1 1 1 1 1 1 1 3 1 1 1
staticfield java/security/AccessController $assertionsDisabled Z 1
instanceKlass jdk/internal/reflect/GeneratedConstructorAccessor4
instanceKlass jdk/internal/reflect/GeneratedConstructorAccessor3
instanceKlass jdk/internal/reflect/GeneratedConstructorAccessor2
instanceKlass jdk/internal/reflect/BootstrapConstructorAccessorImpl
instanceKlass jdk/internal/reflect/GeneratedConstructorAccessor1
instanceKlass jdk/internal/reflect/DelegatingConstructorAccessorImpl
instanceKlass jdk/internal/reflect/NativeConstructorAccessorImpl
ciInstanceKlass jdk/internal/reflect/ConstructorAccessorImpl 1 1 27 10 7 12 1 1 1 100 1 100 1 1 1 1 1 1 1 1 1 100 1 100 1 100 1 1 1
instanceKlass jdk/internal/reflect/FieldAccessorImpl
instanceKlass jdk/internal/reflect/ConstructorAccessorImpl
instanceKlass jdk/internal/reflect/MethodAccessorImpl
ciInstanceKlass jdk/internal/reflect/MagicAccessorImpl 1 1 16 10 7 12 1 1 1 100 1 1 1 1 1 1 1 1
instanceKlass jdk/internal/reflect/GeneratedMethodAccessor1
instanceKlass jdk/internal/reflect/DelegatingMethodAccessorImpl
instanceKlass jdk/internal/reflect/NativeMethodAccessorImpl
ciInstanceKlass jdk/internal/reflect/MethodAccessorImpl 1 1 25 10 7 12 1 1 1 100 1 100 1 1 1 1 1 1 1 1 1 100 1 100 1 1 1
ciInstanceKlass java/lang/Module 1 1 959 10 7 12 1 1 1 9 7 12 1 1 1 10 7 12 1 1 1 9 12 1 9 12 1 1 9 12 1 1 10 12 1 1 10 12 1 10 12 1 1 10 7 12 1 1 1 7 1 10 7 12 1 1 1 10 12 1 1 11 7 12 1 1 1 10 12 1 1 10 7 12 1 1 1 10 12 1 1 10 7 12 1 1 1 9 100 12 1 1 1 10 100 12 1 1 1 10 12 1 8 1 10 7 12 1 1 1 10 7 12 1 1 1 9 12 1 1 9 12 1 1 10 12 1 9 12 1 1 11 12 1 9 7 12 1 1 10 7 12 1 1 1 10 100 12 1 1 1 10 12 1 1 100 1 100 1 10 10 12 1 1 8 1 10 12 1 10 12 10 12 1 10 12 1 1 10 12 1 1 10 12 1 1 9 7 12 1 1 1 10 12 1 1 10 12 1 1 9 12 1 10 12 1 10 12 1 9 12 1 1 11 7 12 1 1 10 12 1 1 9 12 1 9 12 1 10 12 1 10 12 1 100 1 8 1 10 10 12 1 1 10 12 1 8 1 10 12 1 1 8 1 8 1 10 12 1 1 10 12 1 10 12 1 1 18 12 1 1 10 12 1 1 11 12 1 9 12 1 11 12 10 100 12 1 1 100 1 8 1 10 7 1 11 12 1 1 10 12 1 10 12 1 10 12 1 1 11 12 1 1 11 7 12 1 1 11 12 1 1 9 12 1 11 12 1 10 12 1 1 10 12 1 1 9 12 1 10 12 10 7 12 1 1 10 7 12 1 1 10 7 1 18 12 1 1 11 100 12 1 1 1 18 12 1 11 12 1 1 10 100 12 1 1 1 11 12 1 1 10 7 12 1 1 4 7 1 11 12 1 7 1 7 1 10 10 7 12 1 1 1 10 11 7 12 1 8 1 10 10 12 1 1 10 7 12 1 1 10 12 1 10 12 1 7 1 10 12 1 10 11 12 1 1 10 12 10 12 1 1 9 12 1 100 1 10 10 12 1 1 11 100 1 10 12 1 1 11 12 1 10 10 12 1 11 10 12 1 1 10 12 1 1 10 12 1 1 10 7 12 1 1 10 12 1 10 12 1 1 10 10 12 1 1 10 12 1 18 12 1 11 12 1 18 12 1 10 12 1 10 12 1 10 12 7 1 10 12 1 10 12 1 10 12 1 9 12 1 7 1 10 10 10 10 12 1 10 12 1 10 12 1 10 12 1 1 10 12 1 1 10 12 1 9 12 1 18 12 1 1 10 100 12 1 1 1 100 1 8 1 10 12 1 1 10 12 1 1 10 100 12 1 1 100 1 10 12 1 1 100 1 8 1 100 1 10 100 1 100 1 3 10 12 1 100 1 10 12 1 10 12 1 1 10 12 1 1 100 1 10 12 1 10 12 1 1 100 1 100 1 10 12 8 1 10 12 1 1 10 12 1 1 10 100 12 1 1 10 12 1 1 10 12 1 10 12 10 12 1 1 100 1 10 10 12 1 1 10 100 12 1 1 1 100 1 8 1 10 12 1 1 10 100 12 1 1 8 1 10 12 1 8 1 10 12 1 10 12 10 12 1 8 1 10 10 100 12 1 1 7 1 10 10 12 1 10 7 12 1 1 9 12 1 9 12 1 9 12 1 9 12 1 10 12 11 12 1 10 12 1 100 1 1 1 1 1 1 1 1 1 1 1 1 1 1 1 1 100 1 1 1 1 1 1 1 1 1 1 1 1 1 1 1 1 1 1 1 1 1 1 1 1 1 1 1 1 1 1 1 1 1 1 1 1 1 1 1 1 1 1 1 1 1 1 1 1 1 1 1 1 1 1 1 1 1 1 1 1 1 1 1 1 1 1 1 1 1 1 1 1 1 1 1 1 1 1 1 1 1 1 1 100 100 1 1 1 1 1 1 1 1 1 1 1 1 1 1 1 1 1 1 1 1 1 1 1 1 1 1 1 1 1 1 1 1 1 1 100 1 100 1 100 1 1 1 1 1 1 1 1 1 1 1 1 1 1 1 1 1 1 1 1 1 1 1 1 1 1 1 1 15 10 7 12 1 1 1 16 15 10 12 16 16 15 10 12 16 16 15 10 16 1 15 10 12 16 1 15 10 12 16 1 16 15 10 12 16 1 1 1 1 1 1 1 100 1 100 1 1
staticfield java/lang/Module ALL_UNNAMED_MODULE Ljava/lang/Module; java/lang/Module
staticfield java/lang/Module ALL_UNNAMED_MODULE_SET Ljava/util/Set; java/util/ImmutableCollections$Set12
staticfield java/lang/Module EVERYONE_MODULE Ljava/lang/Module; java/lang/Module
staticfield java/lang/Module EVERYONE_SET Ljava/util/Set; java/util/ImmutableCollections$Set12
staticfield java/lang/Module $assertionsDisabled Z 1
instanceKlass org/jetbrains/kotlin/com/intellij/util/containers/NotNullList
instanceKlass org/jetbrains/kotlin/com/intellij/util/containers/Stack
instanceKlass org/jetbrains/kotlin/config/MavenComparableVersion$ListItem
ciInstanceKlass java/util/ArrayList 1 1 492 10 7 12 1 1 1 7 1 9 7 12 1 1 1 9 12 1 100 1 100 1 10 8 1 10 12 1 1 10 12 1 10 12 1 1 10 12 1 9 12 1 11 7 12 1 1 1 9 12 1 1 10 12 1 1 7 10 7 12 1 1 1 9 12 1 10 12 1 10 12 1 1 10 7 12 1 1 1 10 7 12 1 1 1 10 12 1 1 10 12 1 1 10 12 1 1 10 12 1 10 12 1 1 100 1 100 1 10 12 1 10 7 12 1 1 1 10 7 12 1 1 10 12 1 10 12 10 12 1 1 10 12 1 1 10 12 1 1 7 1 10 12 1 1 10 12 1 1 10 12 1 100 1 10 11 12 1 1 11 7 12 1 1 1 11 12 1 10 12 1 10 12 1 10 12 1 1 100 1 10 12 1 1 10 10 12 1 1 10 12 1 8 1 8 1 8 1 8 1 10 12 1 1 10 12 1 1 11 12 1 100 1 10 100 12 1 1 10 12 1 10 12 1 1 10 100 12 1 1 10 12 1 10 100 12 1 1 1 11 100 12 1 1 1 10 12 1 100 1 8 1 10 7 1 10 12 1 7 1 10 12 1 10 12 1 1 7 1 10 12 1 10 12 1 1 11 100 12 1 1 100 1 10 12 1 10 12 1 1 11 7 12 1 1 10 12 1 1 10 12 1 1 10 12 1 1 10 12 1 1 11 7 12 1 1 10 12 1 1 100 1 100 1 100 1 1 1 1 5 0 1 3 1 1 1 1 1 1 1 1 1 1 1 1 1 1 1 1 1 1 1 1 1 1 1 1 1 1 1 1 1 1 1 1 1 1 1 1 1 1 1 1 1 1 1 1 1 1 1 1 1 1 1 1 1 1 1 1 1 1 1 1 1 1 1 1 1 1 1 1 1 1 1 1 1 1 1 1 1 1 1 1 1 1 1 1 1 1 1 1 1 1 1 1 1 1 1 1 100 1 1 1 1 100 1 1 1 1 1 1 1 1 1 1 1 1 1 1 1 1 1 1 1 1 1 1 1 1 1 1 1 1 1 100 1 1 1 1 1 1 1 1 1 1 1 1 1 1 1 1 1 1 100 1 100 1 1 1 1 1 1
staticfield java/util/ArrayList EMPTY_ELEMENTDATA [Ljava/lang/Object; 0 [Ljava/lang/Object;
staticfield java/util/ArrayList DEFAULTCAPACITY_EMPTY_ELEMENTDATA [Ljava/lang/Object; 0 [Ljava/lang/Object;
instanceKlass org/jetbrains/kotlin/backend/jvm/MemoizedMultiFieldValueClassReplacements$bindingNewFunctionToParameterTemplateStructure$1
ciInstanceKlass java/util/concurrent/ConcurrentHashMap 1 1 1210 7 1 7 1 3 10 12 1 1 3 100 1 10 7 12 1 1 1 100 1 10 100 12 1 1 1 100 1 11 12 1 1 11 12 1 11 12 1 1 9 12 1 1 9 12 1 1 9 12 1 10 7 12 1 1 1 7 1 10 12 1 1 10 12 1 1 10 7 12 1 1 1 4 10 12 1 9 12 1 10 12 1 1 100 1 10 5 0 10 12 1 10 12 1 1 5 0 10 12 1 1 10 12 1 9 12 1 1 10 12 1 1 9 12 1 9 12 1 1 10 12 1 1 9 12 1 10 12 1 1 9 12 1 1 10 12 1 1 100 1 10 100 1 10 12 1 10 12 1 1 10 12 1 1 10 12 1 1 10 12 1 10 12 1 1 10 12 1 1 100 1 10 12 1 1 7 1 100 1 8 1 10 12 1 10 12 1 1 10 12 1 1 11 7 12 1 1 10 12 1 1 11 12 1 1 11 7 12 1 1 1 11 7 12 1 1 1 11 12 1 7 1 11 12 1 11 12 1 10 12 1 1 10 12 1 1 9 12 1 1 10 100 12 1 1 1 9 10 12 1 1 9 12 1 10 12 1 1 5 0 9 12 1 1 7 1 10 12 1 9 12 1 1 7 1 10 12 1 9 12 1 7 1 10 100 1 10 10 12 1 1 8 1 10 12 1 10 12 1 1 11 100 1 10 12 1 10 100 12 1 1 1 8 1 10 100 12 1 1 1 8 1 10 12 1 8 1 10 12 1 10 12 1 1 10 100 12 1 1 10 12 1 10 12 1 10 12 1 9 12 1 9 10 12 1 9 12 1 1 11 100 12 1 1 1 11 100 12 1 1 1 100 1 10 12 11 100 12 1 1 10 11 7 12 1 10 12 1 100 1 10 12 1 100 1 10 10 9 7 12 1 1 1 10 12 3 10 100 12 1 1 9 12 1 10 12 1 1 9 12 1 1 9 12 1 10 12 1 1 10 100 12 1 1 9 12 1 9 7 12 1 1 10 12 1 1 10 12 1 3 9 12 1 9 12 1 10 12 1 1 7 1 9 3 9 12 1 100 1 10 12 1 9 12 1 10 12 1 9 12 1 10 12 1 9 12 1 10 100 12 1 1 1 100 10 12 1 100 1 5 0 10 100 12 1 1 100 1 10 12 1 1 10 12 1 10 12 1 100 1 10 12 1 10 100 1 100 1 10 10 12 1 10 100 1 10 12 1 10 100 1 10 12 1 10 100 1 10 12 1 1 100 1 10 12 1 10 10 12 1 100 1 10 12 1 10 10 12 1 100 1 10 12 1 10 100 1 10 12 1 10 100 1 10 12 1 10 100 1 10 12 1 10 100 1 10 12 1 10 100 1 10 12 1 10 100 1 10 12 1 10 100 1 10 12 1 10 100 1 10 10 100 1 10 10 100 1 10 10 100 1 10 12 1 10 100 1 10 12 1 10 100 1 10 12 1 10 100 1 10 12 1 10 100 1 10 12 1 10 100 1 10 10 100 1 10 10 100 1 10 10 100 1 10 12 1 10 100 1 10 12 1 10 100 1 10 12 1 10 100 1 10 12 1 10 100 1 10 12 1 10 10 12 1 10 7 12 1 1 1 10 12 1 7 1 7 1 10 12 1 9 12 1 1 9 12 1 1 10 12 1 1 8 10 12 1 1 8 8 8 8 7 10 12 1 1 10 12 1 100 1 8 1 10 7 1 100 1 100 1 1 1 5 0 1 1 3 1 3 1 1 1 1 3 1 3 1 3 1 1 1 1 1 3 1 3 1 3 1 1 1 1 1 1 1 1 1 1 1 1 1 1 1 1 1 1 1 1 1 1 1 1 1 100 1 1 1 1 1 1 1 1 1 1 1 1 1 1 1 1 1 1 1 1 1 1 1 1 1 1 1 1 1 1 1 1 1 1 1 1 1 1 1 1 1 1 1 1 1 1 1 1 1 1 1 1 1 1 1 1 1 1 1 1 1 1 1 1 1 1 1 1 1 1 1 1 1 1 1 1 1 1 1 1 1 1 1 1 100 1 1 1 1 1 1 1 1 1 1 1 100 1 1 1 1 1 1 1 1 1 1 1 1 1 1 1 1 1 1 1 1 1 1 1 1 1 1 1 1 1 1 1 1 1 1 1 1 1 1 1 1 1 1 1 1 1 1 1 1 1 1 1 1 1 1 1 1 1 1 1 1 1 1 1 1 1 1 1 1 1 1 1 1 1 1 1 1 1 1 1 1 1 1 1 1 1 1 1 1 1 1 1 1 1 1 1 1 1 1 1 1 1 1 1 1 1 1 1 1 1 1 1 1 1 1 1 1 1 1 1 1 1 1 1 1 1 1 1 1 1 1 1 1 1 1 1 1 1 1 1 1 1 1 1 1 1 1 1 1 1 1 1 1 1 1 1 1 1 1 1 1 1 1 1 1 1 1 1 1 1 1 1 1 1 1 1 1 1 1 1 1 1 1 1 1 1 1 1 1 1 1 1 1 1 1 1 1 1 1 1 1 1 1 1 1 1 1 1 1 1 1 1 1 1 1 1 1 1 1 1 1 1 1 1 100 1 100 1 100 1 100 1 100 1 100 1 100 1 100 1 100 1 1 1 1 1 1 1 1 1 1 1 1 1 1 1 1 1 1 1 1 1 1 1 1 1 1 1 1 1 1 1 1 1 1 1 1 1 1 1 1 1 1 1 1 1 1 1 1 1 1 1 1 1 1 1 1 1 1
staticfield java/util/concurrent/ConcurrentHashMap NCPU I 8
staticfield java/util/concurrent/ConcurrentHashMap serialPersistentFields [Ljava/io/ObjectStreamField; 3 [Ljava/io/ObjectStreamField;
staticfield java/util/concurrent/ConcurrentHashMap U Ljdk/internal/misc/Unsafe; jdk/internal/misc/Unsafe
staticfield java/util/concurrent/ConcurrentHashMap SIZECTL J 20
staticfield java/util/concurrent/ConcurrentHashMap TRANSFERINDEX J 32
staticfield java/util/concurrent/ConcurrentHashMap BASECOUNT J 24
staticfield java/util/concurrent/ConcurrentHashMap CELLSBUSY J 36
staticfield java/util/concurrent/ConcurrentHashMap CELLVALUE J 144
staticfield java/util/concurrent/ConcurrentHashMap ABASE I 16
staticfield java/util/concurrent/ConcurrentHashMap ASHIFT I 2
ciInstanceKlass java/lang/String 1 1 1396 10 7 12 1 1 1 8 1 9 7 12 1 1 1 9 12 1 1 9 12 1 1 10 12 1 10 12 1 1 10 12 1 1 9 12 1 1 10 7 12 1 1 1 10 7 1 10 7 12 1 1 1 10 12 1 1 10 12 1 1 10 12 1 10 12 1 1 10 12 1 10 7 12 1 1 1 9 7 12 1 1 1 10 7 12 1 1 1 10 12 1 1 10 12 1 1 10 12 1 1 10 12 1 1 10 12 1 1 9 7 12 1 1 10 12 9 7 12 1 1 3 10 7 12 1 1 1 7 1 11 12 1 1 11 12 1 11 12 1 1 10 100 12 1 1 1 10 12 1 1 9 100 12 1 1 1 10 12 1 1 10 12 1 11 12 1 1 10 12 1 1 10 12 10 12 1 1 10 100 12 1 1 1 10 7 12 1 1 1 10 12 1 1 100 1 100 1 10 12 1 10 12 1 10 12 1 1 100 1 10 12 1 1 100 1 10 12 1 1 10 12 1 1 10 10 12 1 100 1 100 1 100 1 10 12 1 10 12 1 1 10 12 1 1 10 12 1 10 12 1 1 10 12 1 1 10 100 12 1 1 100 1 11 11 12 1 11 12 1 10 12 1 1 10 12 1 10 12 10 12 1 1 10 10 100 12 1 1 1 10 100 12 1 1 10 12 1 1 10 100 12 1 1 10 12 1 10 12 1 1 10 12 1 1 10 12 1 10 12 1 10 12 1 1 100 1 10 12 1 1 10 12 10 12 1 10 12 1 1 10 100 12 1 1 1 10 12 1 10 12 1 1 10 12 1 10 12 1 3 3 10 12 1 10 12 1 1 10 12 1 1 10 12 1 1 10 12 1 10 12 1 1 10 12 1 1 10 12 1 10 12 1 10 12 1 10 12 1 1 10 12 1 10 12 1 10 12 1 10 12 1 10 12 1 10 12 1 10 100 1 10 8 1 10 12 1 1 10 12 1 8 1 10 12 1 1 10 12 10 12 1 8 1 10 10 12 1 1 10 12 1 1 10 12 1 10 12 1 1 10 12 10 100 1 10 10 12 1 10 12 1 10 12 1 10 10 12 1 10 12 1 1 10 12 1 100 1 10 10 12 1 100 1 10 10 12 1 10 12 1 1 10 12 1 10 12 1 1 10 10 12 1 1 10 100 1 10 10 12 1 10 12 1 1 10 12 1 1 10 100 1 10 12 1 10 12 1 10 12 1 10 12 1 1 10 12 1 11 7 1 11 12 10 12 1 10 12 1 1 10 12 1 1 10 10 12 1 10 12 1 9 12 1 1 11 7 12 1 1 1 10 10 12 1 10 12 1 1 10 10 12 1 10 12 1 10 12 1 1 9 12 1 10 12 1 1 10 10 12 1 1 10 12 10 10 12 1 10 12 10 10 12 10 10 12 1 10 12 1 10 12 10 10 12 10 12 1 10 12 10 12 10 10 12 1 10 12 1 1 10 12 1 10 10 12 1 10 7 12 1 1 1 10 12 1 1 10 10 7 12 1 1 1 11 10 12 1 10 12 1 1 10 12 1 1 10 100 12 1 1 1 10 12 1 10 10 12 1 10 12 1 10 12 1 10 100 12 1 1 10 12 1 100 1 100 1 8 1 10 10 10 12 1 8 1 10 12 1 3 3 7 1 10 10 12 1 10 12 1 10 12 1 1 10 12 1 1 11 7 12 1 1 1 7 1 10 12 1 1 10 12 1 10 12 1 1 10 12 1 1 8 1 10 12 1 1 10 12 1 11 100 12 1 1 1 11 100 12 1 1 11 12 1 1 10 12 1 10 12 1 1 10 10 7 12 1 1 1 10 12 1 10 12 1 10 10 12 10 12 1 1 10 10 12 1 10 10 12 1 10 10 12 1 10 10 12 1 10 12 1 1 10 10 12 1 8 1 10 12 1 1 18 12 1 1 11 100 12 1 1 1 7 1 3 18 12 1 18 12 1 8 1 10 100 12 1 1 1 11 12 1 1 10 12 10 10 12 1 10 11 12 1 1 10 12 1 1 11 12 1 18 3 11 10 12 1 11 11 10 12 1 10 12 1 1 8 1 10 12 1 10 12 1 10 12 1 1 10 10 12 1 11 100 12 1 100 1 100 1 10 12 1 100 1 10 10 100 12 1 1 1 100 1 10 7 1 10 10 12 1 10 10 12 1 8 1 10 10 12 1 8 1 8 1 10 12 1 10 12 1 10 10 12 10 100 12 1 1 10 100 12 1 1 10 100 12 1 1 8 1 10 12 1 10 12 1 1 10 10 12 8 1 8 1 10 8 1 8 1 8 1 8 1 10 12 1 10 12 1 8 1 10 100 12 1 1 1 10 12 10 12 1 1 10 12 10 10 12 10 12 7 1 9 12 1 1 7 1 10 100 1 100 1 100 1 100 1 1 1 1 1 1 5 0 1 1 1 1 1 3 1 3 1 1 1 1 1 1 1 1 1 1 1 1 1 1 1 100 1 1 1 100 1 1 1 1 1 1 1 1 1 1 1 1 1 1 1 1 1 1 1 1 1 1 1 1 1 1 1 100 1 1 1 1 1 1 1 1 1 100 1 1 1 1 1 1 1 1 1 1 1 1 1 1 1 1 1 1 1 1 1 1 1 1 1 1 1 1 1 1 1 1 1 1 1 1 1 1 1 1 1 1 1 1 1 1 1 1 1 1 1 1 1 1 1 1 1 1 1 1 1 1 1 1 1 1 1 1 1 1 1 1 1 1 1 1 1 1 1 1 1 1 1 1 1 1 1 1 1 1 1 1 1 1 1 1 1 1 1 1 1 1 1 1 1 1 1 1 1 1 1 1 1 1 1 1 1 1 1 1 1 1 1 1 1 1 1 1 1 1 1 1 1 1 1 1 1 1 1 1 1 1 1 1 1 1 1 1 1 1 1 1 1 1 1 1 1 1 1 1 1 1 1 1 1 1 1 1 1 100 1 1 1 1 1 1 1 1 1 1 1 1 1 1 1 1 1 1 1 1 1 1 1 1 100 1 1 1 1 1 1 1 1 1 1 1 1 1 100 1 1 1 1 1 1 1 1 1 1 1 1 1 1 1 15 10 100 12 1 1 1 16 15 10 12 16 15 10 12 15 10 12 15 10 12 1 1 1 1 100 1 100 1 1 1
staticfield java/lang/String COMPACT_STRINGS Z 1
staticfield java/lang/String serialPersistentFields [Ljava/io/ObjectStreamField; 0 [Ljava/io/ObjectStreamField;
staticfield java/lang/String CASE_INSENSITIVE_ORDER Ljava/util/Comparator; java/lang/String$CaseInsensitiveComparator
ciInstanceKlass java/security/ProtectionDomain 1 1 324 10 7 12 1 1 1 9 7 12 1 1 1 7 1 10 9 12 1 1 9 12 1 1 9 12 1 1 10 7 12 1 1 7 1 9 12 1 9 12 1 1 7 1 9 12 1 1 9 12 1 10 100 12 1 1 10 100 12 1 1 1 10 12 1 1 10 12 1 9 12 1 9 100 12 1 1 10 12 1 1 10 100 1 10 12 1 1 8 1 100 1 8 1 10 12 1 10 10 100 12 1 1 1 10 12 1 1 8 1 11 8 1 10 12 1 8 1 8 1 10 12 1 1 10 12 1 10 12 1 1 10 12 1 8 1 10 12 1 8 1 8 1 10 100 12 1 1 1 9 100 12 1 1 1 10 12 1 1 9 100 12 1 1 1 10 100 12 1 1 1 100 1 100 1 10 12 1 10 100 12 1 1 1 10 100 1 10 12 1 10 12 1 1 11 100 12 1 1 11 12 1 100 1 11 100 12 1 1 1 10 12 1 10 11 12 1 1 11 12 1 1 10 12 1 10 7 12 1 1 10 100 12 1 1 11 12 1 10 12 8 1 8 1 10 7 12 1 1 1 7 1 10 10 7 12 1 1 1 1 1 1 1 1 1 1 100 1 1 100 1 1 1 1 1 1 1 1 1 1 1 1 1 1 1 1 1 1 1 1 1 1 1 1 1 1 1 1 1 1 1 1 1 1 1 1 1 1 1 1 1 1 100 1 1 1 1 1 100 1 1 1 1 1
staticfield java/security/ProtectionDomain filePermCompatInPD Z 0
ciInstanceKlass java/security/CodeSource 1 1 395 10 7 12 1 1 1 9 7 12 1 1 1 9 12 1 1 9 12 1 1 9 12 1 1 10 7 12 1 1 1 9 12 1 1 10 100 12 1 1 10 100 10 100 12 1 1 1 10 100 12 1 1 1 10 12 1 1 100 1 10 10 100 12 1 1 1 10 100 12 1 1 1 10 12 1 1 10 12 1 100 1 10 12 1 1 10 12 1 1 10 12 1 1 10 12 1 10 10 10 12 1 1 10 100 12 1 1 1 10 12 1 10 12 1 10 12 1 8 1 10 12 1 10 12 1 10 12 1 1 10 12 1 8 1 10 12 1 1 10 100 1 10 10 12 1 1 8 1 10 12 1 10 12 1 10 12 1 8 1 8 1 9 12 1 1 100 1 8 1 10 12 1 10 12 1 1 8 1 10 12 1 8 1 8 1 8 1 10 100 12 1 1 10 12 1 1 10 12 1 10 12 1 1 10 12 1 1 10 12 1 1 100 1 100 1 10 12 1 10 12 10 12 1 1 10 100 12 1 1 10 12 1 100 1 10 12 10 8 1 10 12 1 10 12 1 10 12 1 1 100 1 10 12 1 1 100 1 100 1 8 1 8 1 10 10 12 1 1 10 100 12 1 1 1 100 1 10 12 10 12 1 1 11 100 12 1 1 10 10 12 1 11 10 12 1 8 1 100 1 10 12 1 10 12 1 1 10 12 1 11 12 1 1 11 100 1 1 1 1 5 0 1 1 1 1 1 1 1 1 1 1 1 1 1 1 1 1 1 1 1 1 1 1 1 1 1 1 1 1 1 1 1 1 1 1 1 1 1 1 1 1 1 1 1 1 1 1 1 1 1 1 1 1 1 1 1 1 1 1 1 1 1 1 1 1 1 100 1 1 1 1 1 1 1
ciInstanceKlass java/lang/StringBuilder 1 1 409 10 7 12 1 1 1 10 12 1 10 12 1 10 12 1 1 10 7 12 1 1 1 10 7 12 1 1 1 10 12 1 10 12 1 10 12 1 10 12 1 10 12 1 10 12 1 10 12 1 10 12 1 10 12 1 10 12 1 10 12 1 10 12 1 10 12 1 10 12 1 1 10 12 1 10 12 1 1 10 12 1 1 10 12 1 10 12 1 10 12 1 10 12 1 10 12 1 10 12 1 10 12 1 10 12 10 12 1 10 12 1 10 12 1 10 12 1 1 10 12 1 10 12 1 10 12 10 12 1 1 10 12 1 1 9 12 1 1 9 12 1 1 10 7 12 1 1 1 10 7 1 10 100 12 1 1 1 10 12 1 10 12 1 1 10 12 1 1 10 10 12 1 1 10 100 12 1 1 10 12 1 10 12 1 1 100 1 100 1 8 1 10 10 12 1 1 10 12 1 1 10 12 1 10 12 1 10 12 1 10 12 1 10 12 1 10 12 1 10 12 1 10 12 1 10 12 1 10 12 1 10 12 1 10 12 1 10 12 1 10 12 1 10 12 1 1 10 12 1 1 10 12 1 10 12 1 10 12 1 10 12 10 12 10 12 1 10 12 1 10 12 1 10 12 10 12 1 10 12 1 10 12 1 10 12 1 10 12 1 10 12 1 10 12 1 10 12 1 10 12 1 1 10 12 1 10 12 1 1 10 12 1 10 12 1 1 10 12 1 10 12 1 1 10 12 1 10 12 1 10 12 1 10 10 12 1 10 12 1 100 1 100 1 100 1 1 1 1 5 0 1 1 1 1 1 1 1 1 1 1 1 1 1 1 1 1 1 1 1 1 1 1 1 1 1 1 1 1 1 1 1 1 1 1 1 1 1 1 1 1 1 1 1 100 1 1 1 100 1 1 1 1 1 1 1 1 1 1
ciInstanceKlass jdk/internal/loader/ClassLoaders 1 1 183 10 100 12 1 1 1 10 7 12 1 1 1 10 12 1 1 10 100 12 1 1 1 9 7 12 1 1 1 9 12 1 1 9 12 1 1 7 1 11 100 12 1 1 1 100 1 11 12 1 1 11 12 1 1 10 100 12 1 1 1 10 100 12 1 1 1 100 1 100 1 10 7 12 1 1 1 9 12 1 1 10 12 1 1 7 1 10 12 1 1 10 12 1 7 1 8 1 10 7 12 1 1 1 10 12 1 1 7 1 10 12 1 10 12 1 10 12 1 8 1 10 7 12 1 1 8 1 8 1 10 12 1 7 1 10 12 1 10 12 1 10 12 1 1 1 1 1 1 1 1 1 1 1 1 1 1 1 1 1 1 1 1 100 1 1 1 1 1 1 1 1 1 1 1 1 1 1 1 1 1 1 1
staticfield jdk/internal/loader/ClassLoaders JLA Ljdk/internal/access/JavaLangAccess; java/lang/System$2
staticfield jdk/internal/loader/ClassLoaders BOOT_LOADER Ljdk/internal/loader/ClassLoaders$BootClassLoader; jdk/internal/loader/ClassLoaders$BootClassLoader
staticfield jdk/internal/loader/ClassLoaders PLATFORM_LOADER Ljdk/internal/loader/ClassLoaders$PlatformClassLoader; jdk/internal/loader/ClassLoaders$PlatformClassLoader
staticfield jdk/internal/loader/ClassLoaders APP_LOADER Ljdk/internal/loader/ClassLoaders$AppClassLoader; jdk/internal/loader/ClassLoaders$AppClassLoader
ciInstanceKlass jdk/internal/misc/Unsafe 1 1 1285 10 7 12 1 1 1 9 7 12 1 1 1 9 12 1 1 10 12 1 1 10 7 12 1 1 1 10 12 1 1 10 12 1 1 10 12 1 1 10 12 1 1 10 12 1 1 10 12 1 1 10 12 1 1 10 12 1 1 10 12 1 1 10 12 1 1 10 12 1 1 10 12 1 1 10 12 1 1 10 12 1 10 12 1 100 1 10 10 12 1 1 10 12 1 1 5 0 10 12 1 1 10 12 1 1 10 7 12 1 1 1 10 12 1 1 10 12 1 10 12 1 10 12 1 1 10 12 1 1 10 12 1 10 12 1 100 1 100 1 10 8 1 10 12 1 1 10 12 1 8 1 10 12 1 1 10 12 1 10 12 1 10 12 1 1 10 12 1 10 12 1 1 10 12 1 1 10 12 1 10 12 1 10 12 1 10 12 1 1 10 12 1 10 12 1 10 12 1 1 10 12 1 5 0 5 0 5 0 10 12 1 10 12 1 10 12 1 10 12 1 10 12 1 10 12 1 10 12 1 10 12 1 10 12 1 1 10 12 1 10 12 1 100 1 8 1 10 100 1 10 10 12 1 1 10 12 1 1 10 12 1 10 12 1 1 10 12 1 1 10 12 1 10 12 1 1 10 12 1 9 7 12 1 1 9 12 1 100 1 10 10 12 1 1 8 1 10 8 1 8 1 10 12 1 1 9 7 12 1 1 1 9 100 1 9 7 1 9 100 1 9 9 100 1 9 100 1 9 100 1 10 12 1 1 10 12 1 1 10 12 1 1 10 12 1 1 5 0 5 0 9 12 1 1 10 12 1 10 12 1 10 12 1 1 10 12 1 1 10 12 1 8 1 3 10 12 1 1 10 12 1 1 10 12 1 10 12 1 1 10 12 1 1 10 12 1 10 12 1 10 12 1 10 12 1 10 12 1 10 12 1 1 10 12 1 1 10 12 1 10 12 1 10 12 1 10 12 1 10 12 1 10 12 1 1 10 12 1 1 10 12 1 10 12 1 10 12 1 10 12 1 10 12 1 10 12 1 1 10 12 1 1 10 12 1 1 10 12 1 1 10 12 1 10 12 1 10 12 1 10 12 1 10 12 1 10 12 1 10 12 1 1 10 12 1 1 10 12 1 10 12 1 10 12 1 10 12 1 10 12 1 10 12 1 10 12 1 1 10 12 1 1 10 12 1 10 12 1 10 12 1 10 12 1 10 12 1 10 12 1 10 12 1 10 12 1 1 10 12 1 10 12 1 10 12 1 10 12 1 10 12 1 1 10 12 1 10 12 1 10 12 1 10 12 1 10 12 1 10 12 1 10 12 1 10 12 1 1 10 12 1 10 12 1 10 12 1 10 12 1 10 12 1 10 12 1 1 10 12 1 10 12 1 10 12 1 1 10 12 1 10 12 1 10 12 1 10 12 1 10 12 1 10 12 1 10 12 1 10 12 1 10 12 1 10 12 1 10 12 1 10 12 1 10 12 1 10 12 1 10 12 1 10 12 1 10 12 1 10 12 1 10 12 1 10 12 1 10 12 1 10 12 1 100 1 10 100 1 10 9 12 1 5 0 10 12 1 1 5 0 10 12 1 5 0 10 12 1 10 12 1 10 12 1 1 10 12 1 1 10 12 1 10 12 1 10 12 1 10 12 1 1 10 12 1 10 12 1 10 12 1 10 12 1 10 12 1 1 10 12 1 10 12 1 10 12 1 10 12 1 1 10 12 1 10 12 1 10 12 1 1 10 12 1 10 12 1 10 12 1 10 12 1 1 10 12 1 10 10 12 1 1 10 12 1 10 12 1 1 10 12 1 10 12 5 0 5 0 5 0 10 12 1 1 10 12 1 10 12 1 10 12 10 7 12 1 1 8 1 7 1 11 12 1 1 8 1 11 12 1 1 10 7 12 1 1 10 12 1 10 12 1 10 12 1 10 12 1 10 12 1 1 10 12 1 10 12 1 10 12 1 10 12 1 10 12 1 10 12 1 10 7 1 10 12 1 9 12 1 7 1 9 12 1 7 1 9 12 1 7 1 9 12 1 7 1 9 12 1 7 1 9 12 1 7 1 9 12 1 7 1 9 12 1 7 1 9 12 1 10 12 1 9 12 1 9 12 1 9 12 1 9 12 1 9 12 1 9 12 1 9 12 1 9 12 1 9 12 1 9 12 1 1 1 3 1 1 1 1 1 1 1 1 1 1 1 1 1 1 1 1 1 1 1 1 1 1 1 1 1 1 1 1 1 1 1 1 1 1 1 1 1 1 1 1 1 1 1 1 1 1 1 1 1 1 1 1 1 1 1 1 1 1 1 1 1 1 1 1 1 1 1 1 1 1 1 1 1 1 1 1 1 1 1 1 1 1 1 1 1 1 1 1 1 100 1 1 1 1 1 1 1 1 1 1 1 1 1 1 1 1 1 1 1 1 1 1 1 1 1 1 1 1 1 1 1 1 1 1 1 1 1 1 1 1 1 1 1 1 1 1 1 1 1 1 1 1 1 1 1 1 1 1 1 1 1 1 1 1 1 1 1 1 1 1 1 1 1 1 1 1 1 1 1 1 1 1 1 1 1 1 1 1 1 1 1 1 1 1 1 1 1 1 1 1 1 1 1 1 1 1 1 1 1 1 1 1 1 1 1 1 1 1 1 1 1 1 1 1 1 1 1 1 1 1 1 1 1 1 1 1 1 1 1 1 1 1 1 1 1 1 1 1 1 1 1 1 1 1 1 1 1 1 1 1 1 1 1 1 1 1 1 1 1 1 1 1 1 1 1 1 1 1 1 1 1 1 1 1 1 1 1 1 1 1 1 1 1 1 1 1 1 1 1 1 1 1 1 1 1 1 1 3 1 1 1 1 1 1 1 1 1 1 1 1 1 1 1 1 1 1 1 1 1
staticfield jdk/internal/misc/Unsafe theUnsafe Ljdk/internal/misc/Unsafe; jdk/internal/misc/Unsafe
staticfield jdk/internal/misc/Unsafe ARRAY_BOOLEAN_BASE_OFFSET I 16
staticfield jdk/internal/misc/Unsafe ARRAY_BYTE_BASE_OFFSET I 16
staticfield jdk/internal/misc/Unsafe ARRAY_SHORT_BASE_OFFSET I 16
staticfield jdk/internal/misc/Unsafe ARRAY_CHAR_BASE_OFFSET I 16
staticfield jdk/internal/misc/Unsafe ARRAY_INT_BASE_OFFSET I 16
staticfield jdk/internal/misc/Unsafe ARRAY_LONG_BASE_OFFSET I 16
staticfield jdk/internal/misc/Unsafe ARRAY_FLOAT_BASE_OFFSET I 16
staticfield jdk/internal/misc/Unsafe ARRAY_DOUBLE_BASE_OFFSET I 16
staticfield jdk/internal/misc/Unsafe ARRAY_OBJECT_BASE_OFFSET I 16
staticfield jdk/internal/misc/Unsafe ARRAY_BOOLEAN_INDEX_SCALE I 1
staticfield jdk/internal/misc/Unsafe ARRAY_BYTE_INDEX_SCALE I 1
staticfield jdk/internal/misc/Unsafe ARRAY_SHORT_INDEX_SCALE I 2
staticfield jdk/internal/misc/Unsafe ARRAY_CHAR_INDEX_SCALE I 2
staticfield jdk/internal/misc/Unsafe ARRAY_INT_INDEX_SCALE I 4
staticfield jdk/internal/misc/Unsafe ARRAY_LONG_INDEX_SCALE I 8
staticfield jdk/internal/misc/Unsafe ARRAY_FLOAT_INDEX_SCALE I 4
staticfield jdk/internal/misc/Unsafe ARRAY_DOUBLE_INDEX_SCALE I 8
staticfield jdk/internal/misc/Unsafe ARRAY_OBJECT_INDEX_SCALE I 4
staticfield jdk/internal/misc/Unsafe ADDRESS_SIZE I 8
ciInstanceKlass java/util/Map 1 1 259 11 7 12 1 1 1 11 12 1 1 10 100 12 1 1 11 12 1 1 11 7 12 1 1 1 11 100 12 1 1 1 11 12 1 1 7 1 11 12 1 11 12 1 100 1 100 1 10 12 1 1 11 100 12 1 1 1 11 100 12 1 1 1 11 12 1 11 12 1 10 12 1 1 11 12 1 11 100 12 1 9 7 12 1 1 1 100 1 10 12 7 1 7 1 10 12 1 7 1 10 7 1 11 12 1 1 7 1 11 12 1 1 1 1 1 1 1 1 1 1 1 1 1 1 1 1 1 1 1 1 1 1 1 1 1 1 1 1 1 1 1 1 1 1 1 1 1 1 1 1 1 1 1 1 1 1 1 1 1 1 1 1 1 1 1 1 1 1 1 1 1 1 1 1 1 1 1 1 1 1 1 1 1 1 1 1 1 1 1 1 1 1 1 1 1 1 1 1 1 1 1 1 1 1 1 1 1 1 1 1 1 1 1 1 1 1 1 1 1 1 1 1 1 1 1 1 1 1 1 1 1 1 1 1 1 1 1 1 1 100 1 1 1 1 1 1 1 1 1 1 1 1 1 1 1 1 1 1
ciInstanceKlass java/lang/ThreadGroup 1 1 293 10 7 12 1 1 1 9 7 12 1 1 1 8 1 9 12 1 1 7 1 9 12 1 9 12 1 1 10 12 1 1 10 12 1 1 10 12 1 10 12 1 1 10 12 1 9 12 1 1 10 12 1 1 10 12 1 9 12 1 10 100 12 1 1 1 9 12 1 9 12 1 1 10 7 12 1 1 1 100 10 12 1 1 10 7 12 1 1 1 10 100 12 1 9 12 1 10 12 1 1 10 12 1 1 9 12 1 1 10 12 1 1 10 12 1 10 12 1 10 12 1 1 10 12 1 1 10 12 1 10 12 1 10 10 12 1 10 12 1 10 100 1 10 10 12 1 10 12 1 10 12 1 7 10 12 1 9 12 1 1 10 12 1 1 8 1 10 100 12 1 1 1 10 12 1 1 10 12 1 1 10 12 1 1 11 100 1 100 1 9 12 1 100 1 10 8 1 10 12 1 1 10 12 1 1 8 1 10 12 1 10 100 12 1 1 1 10 12 1 1 10 100 1 8 1 10 8 1 10 12 1 8 1 1 1 1 1 1 1 1 1 1 1 1 1 1 1 1 1 3 1 1 1 1 1 1 1 1 1 1 1 1 1 1 1 1 1 1 1 1 1 1 1 1 1 1 1 1 1 1 1 1 1 1 1 1 1 1 1 1 1 1
ciInstanceKlass java/lang/StringConcatHelper 1 1 250 7 1 10 7 12 1 1 1 100 1 8 1 10 12 1 10 7 12 1 1 1 10 12 1 1 10 100 12 1 1 1 5 0 10 100 12 1 1 1 10 100 12 1 1 10 12 1 1 10 12 1 1 10 100 12 1 1 1 10 12 1 1 10 12 1 10 12 1 10 12 1 10 12 1 1 10 10 12 1 10 10 12 1 10 12 1 1 10 12 1 100 1 100 1 10 8 1 10 12 1 1 10 12 1 8 1 10 12 1 1 10 10 12 1 1 10 12 1 1 10 10 12 1 1 10 12 1 10 12 1 1 10 12 1 1 10 8 1 9 12 1 1 9 7 12 1 1 1 10 7 12 1 1 1 7 1 9 12 1 1 10 100 12 1 1 1 10 100 12 1 1 1 100 1 100 1 100 1 10 12 1 10 12 1 1 1 1 1 5 0 1 1 1 1 1 1 1 1 1 1 1 1 1 1 1 1 1 1 1 1 1 1 1 1 1 1 1 1 1 1 1 1 1 1 1 1 1 1 1 1 1 1 1 1 1 1 1 1 1 1 1 1 100 1 1 1 1 1 1
staticfield java/lang/StringConcatHelper UNSAFE Ljdk/internal/misc/Unsafe; jdk/internal/misc/Unsafe
instanceKlass java/security/Provider
ciInstanceKlass java/util/Properties 1 1 651 10 7 12 1 1 1 100 1 10 7 12 1 1 7 1 10 12 1 9 12 1 1 9 12 1 1 9 12 1 1 10 7 12 1 1 1 10 12 1 1 8 1 10 7 12 1 1 1 7 1 10 12 1 10 12 1 1 8 1 10 12 1 7 1 10 12 10 12 1 1 9 12 1 1 10 12 1 1 7 1 10 12 1 10 12 1 10 12 1 1 100 1 8 1 10 12 1 10 12 1 10 12 1 1 10 12 1 100 1 3 10 10 100 12 1 1 1 10 12 1 10 12 1 1 8 1 10 12 1 10 12 1 1 8 1 10 100 12 1 1 10 12 1 1 10 12 1 10 12 1 1 100 1 10 12 1 10 12 1 1 100 1 9 100 12 1 1 1 10 12 1 10 12 1 1 100 1 10 10 10 12 1 1 11 100 12 1 1 1 11 100 12 1 1 1 11 12 1 1 100 1 11 12 1 11 12 1 10 12 1 1 8 1 10 12 1 10 12 1 100 1 10 10 12 1 1 10 100 12 1 1 9 100 12 1 1 10 12 1 1 10 100 12 1 1 1 100 1 100 1 100 1 10 8 1 8 1 10 12 1 10 12 1 10 12 1 1 10 10 12 1 1 10 12 1 1 100 1 10 10 12 1 11 100 12 1 1 10 100 12 1 1 1 8 1 10 100 12 1 1 11 8 1 10 100 1 11 10 12 1 10 12 1 10 12 1 10 12 1 1 10 12 1 1 10 12 1 1 10 12 1 10 12 1 10 10 12 1 10 12 1 10 12 1 10 10 12 1 1 10 12 1 1 100 1 10 10 12 1 10 12 1 10 12 1 10 12 1 10 12 1 1 10 12 1 1 10 12 1 10 12 1 10 12 1 1 10 12 10 12 1 1 10 12 1 1 10 12 1 10 12 1 1 10 12 1 1 10 12 100 1 10 11 100 12 1 1 4 11 10 12 1 1 10 100 12 1 1 11 12 1 10 12 1 1 10 100 12 1 1 10 12 1 100 1 8 1 10 12 1 10 10 100 12 1 1 1 100 1 6 0 10 12 1 1 11 100 12 1 1 1 10 12 1 10 12 1 1 1 1 1 5 0 1 1 1 1 1 1 1 1 1 1 1 1 1 1 1 1 1 1 1 1 1 1 1 1 1 1 1 1 1 1 1 1 1 1 1 1 1 1 1 1 100 1 1 1 1 1 1 1 1 1 1 1 1 1 1 1 1 1 1 1 1 100 1 1 1 1 1 1 1 100 1 100 1 1 1 1 100 1 1 1 1 1 1 1 1 1 1 1 1 1 1 1 1 1 1 1 1 1 1 1 1 1 1 1 1 1 1 1 1 1 1 1 1 1 1 1 1 1 1 1 1 1 1 1 1 1 1 1 1 1 1 1 1 1 1 1 1 1 1 1 1 1 1 1 1 1 1 1 1 1 1 1 1 100 1 1 1 1 1 1 1 1 1 100 1 1 1
staticfield java/util/Properties UNSAFE Ljdk/internal/misc/Unsafe; jdk/internal/misc/Unsafe
instanceKlass java/util/Hashtable
ciInstanceKlass java/util/Dictionary 1 1 36 10 7 12 1 1 1 100 1 1 1 1 1 1 1 1 1 1 1 1 1 1 1 1 1 1 1 1 1 1 1 1 1 1 1 1
instanceKlass java/util/Properties
ciInstanceKlass java/util/Hashtable 1 1 512 100 1 10 7 12 1 1 1 9 7 12 1 1 1 100 1 100 1 10 8 1 10 12 1 1 10 12 1 10 12 1 1 10 12 1 10 7 12 1 1 1 8 1 10 12 1 9 12 1 1 7 1 9 12 1 1 4 10 7 12 1 1 1 9 12 1 4 10 12 1 11 100 12 1 1 1 10 12 1 1 10 12 1 1 9 12 1 10 12 1 1 100 1 10 9 12 1 1 10 7 12 1 1 1 9 12 1 1 10 12 1 10 12 1 3 9 12 1 9 12 1 3 10 12 1 10 12 1 10 12 1 1 11 12 1 1 11 100 12 1 1 1 11 100 12 1 1 1 11 12 1 100 1 11 12 1 11 12 1 10 12 1 1 10 12 1 1 10 12 1 9 12 1 1 9 12 9 12 1 1 10 100 1 100 1 10 12 1 10 8 1 10 10 12 1 8 1 10 8 1 10 100 12 1 1 1 100 1 10 12 1 10 12 1 100 1 10 12 1 10 12 1 1 100 1 10 100 1 10 10 12 1 1 11 12 1 1 11 12 1 100 1 10 10 10 100 12 1 1 11 100 12 1 1 1 100 1 10 11 100 12 1 1 11 100 12 1 10 12 1 10 12 1 1 10 100 12 1 1 10 12 1 1 10 12 1 1 10 12 1 1 10 100 12 1 1 1 8 10 100 12 1 1 100 1 8 1 10 4 10 12 4 10 12 1 8 1 10 12 10 100 12 1 1 1 100 1 11 100 12 1 1 1 10 100 12 1 1 1 10 12 1 10 12 1 1 10 100 1 100 1 1 1 1 1 1 5 0 1 1 1 1 1 3 1 3 1 3 1 1 1 1 1 1 1 1 1 1 1 1 1 1 1 1 1 1 1 1 1 1 1 1 1 100 1 1 1 1 1 1 1 1 1 1 1 1 1 1 1 1 1 1 1 1 1 1 1 1 1 1 1 1 1 100 1 1 1 1 1 1 1 1 1 1 1 1 1 1 1 1 1 1 1 1 1 1 1 1 1 1 1 1 1 1 1 1 1 1 1 1 1 1 1 1 1 1 1 1 1 1 1 1 1 1 1 1 1 1 1 1 1 1 100 1 1 1 100 1 1 1 1 1 100 1 1 1 1 1 1 1 1 1 1 1 1 1 1 1 1 1 1
instanceKlass sun/nio/ch/ChannelInputStream
instanceKlass org/jetbrains/kotlin/protobuf/RopeByteString$RopeInputStream
instanceKlass org/jetbrains/kotlin/com/intellij/util/io/UnsyncByteArrayInputStream
instanceKlass org/jetbrains/kotlin/com/fasterxml/aalto/in/MergedStream
instanceKlass java/util/zip/ZipFile$ZipFileInputStream
instanceKlass java/io/FilterInputStream
instanceKlass java/io/FileInputStream
instanceKlass java/io/ByteArrayInputStream
ciInstanceKlass java/io/InputStream 1 1 184 100 1 10 7 12 1 1 1 100 1 10 10 7 12 1 1 1 10 7 12 1 1 1 10 12 1 100 1 3 10 12 1 1 100 1 8 1 10 12 1 10 100 12 1 1 1 3 100 1 8 1 10 10 100 12 1 1 1 100 1 10 11 100 12 1 1 1 10 12 1 1 11 12 1 1 11 100 12 1 1 1 11 12 1 1 100 1 10 100 12 1 1 1 5 0 10 12 1 10 12 1 1 100 1 10 8 1 10 8 1 8 1 10 12 1 1 10 100 12 1 1 1 100 1 1 1 1 3 1 3 1 1 1 1 1 1 1 1 1 1 1 1 1 1 1 1 1 1 1 1 1 1 1 1 1 1 1 1 1 1 1 1 1 1 1 1 1 1 1 1 1 1 1 1 1 1 1 1 1 1 1 1 1
ciInstanceKlass java/io/ByteArrayInputStream 1 1 117 10 7 12 1 1 1 9 7 12 1 1 1 9 12 1 1 9 12 1 9 12 1 10 100 12 1 1 1 10 7 12 1 1 1 10 7 12 1 1 1 10 100 12 1 1 1 10 12 1 1 3 10 100 1 10 100 12 1 1 1 9 12 1 1 100 1 10 10 7 12 1 1 1 1 1 1 1 1 1 1 1 1 1 1 1 1 1 1 1 1 1 1 1 1 1 1 1 1 1 1 1 100 1 1 1 1 1 1 1 1 1 1 1 1 1 1
staticfield java/io/ByteArrayInputStream $assertionsDisabled Z 1
instanceKlass kotlinx/coroutines/scheduling/CoroutineScheduler$Worker
instanceKlass jdk/internal/misc/InnocuousThread
instanceKlass java/lang/ref/Finalizer$FinalizerThread
instanceKlass java/lang/ref/Reference$ReferenceHandler
ciInstanceKlass java/lang/Thread 1 1 612 9 7 12 1 1 1 9 12 1 1 10 12 1 1 9 12 1 1 9 12 1 1 100 1 8 1 10 12 1 1 3 8 1 100 1 5 0 10 12 1 1 10 7 12 1 1 9 12 1 1 9 12 1 9 12 1 1 9 12 1 100 1 8 1 10 9 12 1 1 10 7 12 1 1 1 10 100 12 1 1 1 10 10 7 12 1 1 10 12 1 1 10 12 1 1 9 100 12 1 1 1 10 12 1 1 10 12 1 9 12 1 1 10 12 1 1 10 12 1 1 9 12 1 10 12 1 1 9 12 1 1 10 7 12 1 1 1 9 12 1 1 9 12 1 1 10 12 1 1 10 100 12 1 1 1 9 12 1 10 12 1 1 9 12 1 100 1 10 100 1 10 8 1 10 12 1 1 10 12 1 10 12 1 10 12 1 1 10 12 1 10 12 1 9 12 1 100 1 10 10 12 1 1 10 12 1 10 12 1 100 1 11 7 12 1 1 9 100 12 1 1 1 10 12 1 10 12 1 10 12 9 12 1 1 10 9 12 1 10 12 1 100 1 10 10 12 1 1 9 12 1 10 12 1 11 100 12 1 1 10 12 1 9 12 1 10 12 1 10 12 1 10 10 12 1 10 12 1 10 12 1 10 12 1 10 12 1 1 100 1 10 10 12 1 10 12 1 10 12 1 9 100 12 1 1 1 10 12 1 1 10 12 1 100 1 8 1 10 10 12 1 10 12 8 1 10 12 1 8 1 10 8 1 8 1 10 100 12 1 1 10 100 12 1 1 1 100 1 8 1 10 9 12 1 9 12 1 1 10 12 1 1 10 10 12 1 1 9 12 1 10 12 1 1 100 1 10 12 11 100 12 1 1 1 9 100 12 1 1 1 9 12 1 1 10 12 1 1 100 1 10 12 1 11 100 12 1 1 1 100 1 10 12 1 10 12 1 1 11 12 1 10 12 1 100 1 10 12 1 10 12 1 1 10 100 12 1 1 1 8 1 9 12 1 10 12 1 1 11 100 12 1 1 1 10 100 12 1 1 1 11 12 1 10 12 1 7 1 1 1 1 3 1 3 1 3 1 1 1 1 1 1 1 1 1 1 1 1 1 1 1 1 1 1 1 100 1 1 1 1 1 1 1 1 1 1 1 1 100 1 100 1 1 1 1 1 1 1 1 1 1 1 1 1 1 1 1 1 1 1 1 1 1 1 1 1 1 1 1 1 1 1 1 1 1 1 1 1 1 1 1 1 1 1 100 100 1 1 1 1 1 1 1 1 1 100 1 1 1 1 1 1 1 1 1 1 1 1 1 1 1 1 1 1 1 1 1 1 1 1 1 1 1 1 100 1 1 1 1 1 1 100 1 1 100 1 1 1 1 1 1
staticfield java/lang/Thread EMPTY_STACK_TRACE [Ljava/lang/StackTraceElement; 0 [Ljava/lang/StackTraceElement;
ciMethod java/lang/System arraycopy (Ljava/lang/Object;ILjava/lang/Object;II)V 256 0 128 0 -1
instanceKlass org/jetbrains/kotlin/ir/interpreter/state/ExceptionState
instanceKlass org/jetbrains/kotlin/load/java/structure/impl/classFiles/BinaryClassSignatureParser$ClsFormatException
instanceKlass java/lang/Exception
instanceKlass java/lang/Error
ciInstanceKlass java/lang/Throwable 1 1 393 10 7 12 1 1 1 9 7 12 1 1 1 9 12 1 1 9 12 1 9 12 1 1 9 12 1 10 12 1 1 9 12 1 1 10 12 1 1 10 12 1 100 1 7 1 10 8 1 10 12 1 1 8 1 10 100 12 1 1 10 10 12 1 100 1 8 1 10 10 12 1 1 10 7 12 1 1 10 12 1 8 1 9 100 12 1 1 1 10 12 1 1 100 1 10 12 10 12 1 100 1 10 10 7 12 1 1 1 11 100 12 1 1 1 10 100 12 1 1 1 10 12 1 1 10 12 1 1 8 1 10 12 1 10 12 1 1 8 1 8 1 10 12 1 1 10 12 1 8 1 8 1 9 12 1 1 10 100 12 1 1 100 1 10 11 12 1 8 1 8 1 10 7 12 1 1 8 1 10 12 1 8 1 100 1 10 12 1 9 12 1 1 10 12 1 10 100 12 1 9 12 1 1 10 12 1 1 100 1 8 1 10 12 1 10 100 12 1 1 10 12 1 1 100 1 10 100 12 1 1 1 10 12 1 11 100 12 1 1 1 11 100 12 1 1 1 11 12 1 8 1 10 12 1 1 8 1 10 10 9 100 12 1 1 1 8 1 10 12 1 1 10 100 1 8 1 10 11 12 1 1 8 1 9 12 1 10 100 12 1 1 11 9 12 1 1 11 12 1 1 100 10 12 1 10 12 1 1 100 1 1 1 1 5 0 1 1 1 1 1 1 1 1 1 1 1 1 1 100 1 1 1 1 1 1 1 1 1 1 1 1 1 1 1 1 1 1 1 1 1 1 1 1 1 1 1 1 1 1 1 1 1 1 1 1 1 1 1 1 1 1 100 1 100 1 1 1 1 1 1 1 1 1 1 1 1 1 1 1 1 1 1
staticfield java/lang/Throwable UNASSIGNED_STACK [Ljava/lang/StackTraceElement; 0 [Ljava/lang/StackTraceElement;
staticfield java/lang/Throwable SUPPRESSED_SENTINEL Ljava/util/List; java/util/Collections$EmptyList
staticfield java/lang/Throwable EMPTY_THROWABLE_ARRAY [Ljava/lang/Throwable; 0 [Ljava/lang/Throwable;
staticfield java/lang/Throwable $assertionsDisabled Z 1
instanceKlass org/jetbrains/org/objectweb/asm/tree/analysis/AnalyzerException
instanceKlass org/jetbrains/kotlin/ir/interpreter/exceptions/InterpreterException
instanceKlass org/jetbrains/kotlin/com/intellij/util/AstLoadingException
instanceKlass org/jetbrains/kotlin/com/intellij/psi/stubs/StubTreeLoader$StubTreeAndIndexUnmatchCoarseException
instanceKlass org/jetbrains/kotlin/com/google/common/collect/RegularImmutableMap$BucketOverflowException
instanceKlass org/jetbrains/kotlin/container/InvalidCardinalityException
instanceKlass org/jetbrains/kotlin/container/ContainerConsistencyException
instanceKlass java/util/concurrent/TimeoutException
instanceKlass org/jetbrains/kotlin/com/intellij/psi/scope/MethodProcessorSetupFailedException
instanceKlass java/text/ParseException
instanceKlass javax/xml/stream/XMLStreamException
instanceKlass org/jetbrains/kotlin/com/intellij/util/cls/ClsFormatException
instanceKlass sun/nio/fs/WindowsException
instanceKlass kotlin/reflect/full/IllegalPropertyDelegateAccessException
instanceKlass kotlin/reflect/full/IllegalCallableAccessException
instanceKlass java/net/URISyntaxException
instanceKlass java/lang/CloneNotSupportedException
instanceKlass java/lang/InterruptedException
instanceKlass java/io/IOException
instanceKlass java/lang/ReflectiveOperationException
instanceKlass java/lang/RuntimeException
ciInstanceKlass java/lang/Exception 1 1 40 10 7 12 1 1 1 10 12 1 10 12 1 10 12 1 10 12 1 100 1 1 1 1 5 0 1 1 1 1 1 1 1 1 1 1 1 1 1 1
instanceKlass java/lang/reflect/InvocationTargetException
instanceKlass java/lang/InstantiationException
instanceKlass java/lang/IllegalAccessException
instanceKlass java/lang/NoSuchFieldException
instanceKlass java/lang/NoSuchMethodException
instanceKlass java/lang/ClassNotFoundException
ciInstanceKlass java/lang/ReflectiveOperationException 1 1 34 10 7 12 1 1 1 10 12 1 10 12 1 10 12 1 100 1 1 1 1 5 0 1 1 1 1 1 1 1 1 1 1 1
instanceKlass org/jetbrains/kotlin/one/util/streamex/Internals$CancelException
instanceKlass java/io/IOError
instanceKlass kotlin/reflect/jvm/internal/KotlinReflectionInternalError
instanceKlass kotlin/jvm/KotlinReflectionNotSupportedError
instanceKlass kotlin/NotImplementedError
instanceKlass java/lang/AssertionError
instanceKlass java/lang/VirtualMachineError
instanceKlass java/lang/LinkageError
instanceKlass java/lang/ThreadDeath
ciInstanceKlass java/lang/Error 1 1 40 10 7 12 1 1 1 10 12 1 10 12 1 10 12 1 10 12 1 100 1 1 1 1 5 0 1 1 1 1 1 1 1 1 1 1 1 1 1 1
ciInstanceKlass java/lang/ThreadDeath 0 0 21 10 100 12 1 1 1 100 1 1 1 1 5 0 1 1 1 1 1 1 1
ciInstanceKlass java/lang/ClassNotFoundException 1 1 96 7 1 10 7 12 1 1 1 10 12 1 10 12 1 1 10 100 12 1 1 1 8 1 10 100 12 1 1 1 10 7 12 1 1 10 100 12 1 1 1 10 100 12 1 1 1 10 12 1 1 7 1 10 12 1 9 12 1 1 1 1 1 5 0 1 1 1 1 1 1 1 1 1 1 1 1 1 1 1 1 1 1 100 1 1 1 1 1 1 1 1 1 1 1 1
staticfield java/lang/ClassNotFoundException serialPersistentFields [Ljava/io/ObjectStreamField; 1 [Ljava/io/ObjectStreamField;
instanceKlass java/lang/IncompatibleClassChangeError
instanceKlass java/lang/UnsatisfiedLinkError
instanceKlass java/lang/BootstrapMethodError
instanceKlass java/lang/NoClassDefFoundError
ciInstanceKlass java/lang/LinkageError 1 1 31 10 7 12 1 1 1 10 12 1 10 12 1 100 1 1 1 1 5 0 1 1 1 1 1 1 1 1 1 1 1
ciInstanceKlass java/lang/Record 0 0 22 10 100 12 1 1 1 100 1 1 1 1 1 1 1 1 1 1 1 1 1 1
ciInstanceKlass java/lang/StringLatin1 1 1 380 7 1 10 100 12 1 1 1 100 1 10 12 1 10 7 12 1 1 1 10 7 12 1 1 1 10 12 1 10 7 12 1 1 1 10 12 1 1 10 7 12 1 1 1 10 12 1 1 10 12 1 1 10 10 12 1 10 12 1 1 10 9 7 12 1 1 1 10 12 1 1 10 7 12 1 1 1 10 12 10 12 1 1 10 12 1 1 10 12 1 1 10 7 12 1 1 1 10 12 1 10 12 1 1 9 12 1 1 100 1 10 10 100 12 1 1 1 10 7 12 1 1 1 10 12 1 10 12 1 100 1 100 1 8 1 10 12 1 8 1 10 12 100 1 10 10 10 7 12 1 1 1 8 1 8 1 8 1 10 12 1 1 10 100 12 1 1 10 12 1 10 12 1 1 10 12 1 1 10 12 1 1 10 12 1 10 12 10 12 10 12 1 10 12 10 10 12 1 10 12 1 10 12 1 10 100 12 1 1 1 10 100 12 1 1 1 10 12 1 1 10 12 1 1 10 10 7 12 1 1 1 1 1 1 1 1 1 1 1 1 1 1 1 1 1 1 1 1 1 1 1 1 1 1 1 1 1 1 1 1 1 1 1 1 1 1 1 1 1 1 1 1 1 1 1 1 1 1 1 1 100 1 1 1 1 1 1 1 1 1 1 1 1 1 1 1 1 1 1 1 1 1 1 1 1 1 1 1 1 1 1 1 1 1 1 1 1 1 1 1 1 1 1 1 1 100 1 1 1 1 1 1 1 1 1 1 1 1 1 1 1 1 1 1 1 1 1 100 1 1 1 1 1 1 1 1 1 1 1 1 1 1 1 1 1 1 1 1 1 1 1 1 1 1 100 1 1 1 1
staticfield java/lang/StringLatin1 $assertionsDisabled Z 1
ciInstanceKlass java/lang/Math 1 1 395 10 100 12 1 1 1 10 7 12 1 1 1 10 12 1 10 12 1 10 12 1 10 12 1 10 12 1 7 1 6 0 6 0 10 12 1 10 12 1 10 12 1 10 12 1 10 12 1 10 12 1 1 10 12 1 10 12 1 10 12 1 10 12 1 10 12 1 10 7 12 1 1 1 100 1 3 3 3 10 7 12 1 1 1 100 1 5 0 5 0 5 0 5 0 5 0 9 100 12 1 1 1 10 100 12 1 1 1 100 1 8 1 10 12 1 8 1 10 12 1 1 10 12 1 1 100 1 5 0 5 0 100 1 3 5 0 3 5 0 10 12 1 10 12 1 8 1 10 12 1 8 1 9 12 1 1 9 12 1 10 12 1 1 6 0 10 12 1 9 12 1 1 100 1 10 10 12 1 100 1 10 12 1 10 12 1 1 10 12 1 10 12 1 10 12 1 10 12 1 1 10 12 1 1 10 12 1 1 10 12 6 0 10 12 1 1 10 12 1 1 10 12 10 12 1 4 10 12 1 1 10 12 1 10 12 1 10 12 10 12 1 10 12 1 10 12 1 10 12 1 10 12 1 10 12 1 10 12 1 5 0 6 0 4 6 0 4 6 0 4 10 12 1 1 9 12 1 1 10 12 1 9 12 1 10 7 12 1 1 1 4 6 0 1 1 6 0 1 6 0 1 1 1 1 1 1 1 1 1 1 1 1 1 1 1 1 1 1 1 1 1 1 1 1 1 1 1 1 1 1 1 1 1 1 1 1 1 1 1 1 1 1 1 1 1 1 1 1 1 1 1 1 1 1 1 1 1 1 1 1 1 1 1 1 1 1 1 1 1 1 1 1 1 1 1 1 1 1 1 1 1 1 1 1 1 1 1 1 1 1 1 1 1 1
staticfield java/lang/Math negativeZeroFloatBits J -2147483648
staticfield java/lang/Math negativeZeroDoubleBits J -9223372036854775808
staticfield java/lang/Math $assertionsDisabled Z 1
ciInstanceKlass java/util/Arrays 1 1 988 10 7 12 1 1 1 10 100 12 1 1 1 10 7 12 1 1 1 10 12 1 10 12 1 10 12 1 10 12 1 10 12 1 10 12 1 10 100 12 1 1 1 100 1 100 1 10 8 1 10 12 1 1 10 12 1 8 1 8 1 10 12 1 1 10 12 1 100 1 10 12 1 9 100 12 1 1 1 10 7 12 1 1 100 1 10 12 1 1 10 7 12 1 1 10 7 12 1 1 1 100 1 10 12 1 10 12 1 1 7 1 9 7 12 1 1 1 10 12 1 1 10 7 12 1 1 10 12 1 10 12 1 1 10 12 1 10 12 1 1 100 1 11 12 1 1 10 12 1 10 7 12 1 1 1 10 12 10 12 1 10 12 1 10 12 10 12 1 11 100 12 1 1 1 10 7 12 1 1 1 100 1 10 12 1 10 100 1 10 12 1 10 100 1 10 12 1 10 100 1 10 12 1 10 10 12 1 1 10 12 1 10 12 1 10 12 1 10 12 1 10 12 1 10 100 12 1 1 1 10 12 1 10 100 12 1 1 1 10 12 1 10 12 1 10 7 12 1 1 1 10 12 1 10 12 1 10 12 1 10 12 1 10 12 1 10 12 1 10 12 1 10 12 1 10 12 1 10 12 1 10 12 1 10 12 1 10 12 1 10 12 1 10 12 1 10 12 1 1 10 12 1 1 10 7 12 1 1 1 10 12 1 8 1 7 1 10 12 10 12 1 10 12 1 1 10 12 1 1 9 100 12 1 1 1 100 1 10 12 1 9 100 1 100 1 10 12 1 9 100 1 100 1 10 12 1 9 100 1 100 1 10 12 1 9 100 1 100 1 10 12 1 9 100 1 100 1 10 12 1 9 100 1 10 12 1 100 1 10 12 1 10 12 1 9 12 1 100 1 10 10 12 1 1 10 12 1 10 12 1 10 12 1 10 12 1 10 12 1 10 12 1 10 12 1 10 12 1 10 12 1 8 1 8 1 10 12 1 10 12 1 8 1 10 12 1 10 12 1 10 12 1 10 100 12 1 1 1 3 10 100 1 10 10 12 1 1 11 100 12 1 1 10 12 1 1 10 12 1 10 12 1 10 12 1 10 12 1 10 12 1 10 12 1 10 12 1 10 12 1 11 12 1 8 1 10 11 12 1 11 100 12 1 1 1 11 100 12 1 1 1 11 12 1 1 18 12 1 1 11 12 1 1 11 100 12 1 1 1 18 12 1 11 100 12 1 1 1 18 12 1 11 100 12 1 1 1 18 12 1 100 1 10 7 12 1 1 1 10 12 1 10 12 1 10 12 1 10 12 1 10 12 1 10 12 1 10 12 1 10 12 1 1 10 12 1 10 7 12 1 1 10 12 1 10 12 1 10 12 1 1 10 12 1 10 12 1 10 12 1 1 10 12 1 10 12 1 10 12 1 1 10 12 1 10 12 1 10 12 1 10 12 1 10 12 10 12 1 10 12 10 12 10 12 1 10 12 10 12 1 10 12 1 10 12 1 1 1 1 3 1 3 1 1 1 1 1 1 1 1 1 1 1 1 1 1 1 1 1 1 1 1 1 1 1 1 1 1 1 1 1 1 1 1 1 1 1 1 1 1 1 1 1 1 1 1 1 1 1 1 1 1 1 1 1 1 1 1 1 1 1 1 1 1 1 1 1 1 1 1 1 1 1 1 1 1 1 1 1 1 1 1 1 1 1 1 1 1 1 1 1 1 1 1 1 1 1 1 1 1 1 1 1 1 1 1 1 1 1 1 1 1 1 1 1 1 1 1 1 1 1 1 1 1 1 1 1 1 1 1 1 1 1 1 1 1 1 1 1 1 1 1 1 1 1 1 1 1 1 1 1 1 1 1 1 1 1 1 1 1 1 1 1 1 1 1 1 1 1 1 1 1 1 1 1 1 1 1 1 1 1 1 1 1 1 1 1 1 1 1 1 1 1 1 1 1 1 1 1 1 1 1 1 1 1 1 1 1 1 1 1 1 1 1 1 1 1 1 1 1 1 1 1 1 1 1 1 1 1 1 1 1 1 1 1 1 1 1 1 1 1 1 1 1 1 1 1 1 1 1 1 1 1 1 1 1 1 1 1 1 1 1 1 100 1 1 15 10 100 12 1 1 1 16 15 10 12 15 10 12 15 10 12 15 10 12 1 1 100 1 100 1 1 1 1 100 1 1 1 1 1 1 100 1 1 100 1 1 100 1 1 1 100 1 100 1 1
staticfield java/util/Arrays $assertionsDisabled Z 1
ciMethod java/lang/StringLatin1 equals ([B[B)Z 564 338 1466 0 -1
ciMethod java/lang/StringLatin1 hashCode ([B)I 294 5664 1071 0 352
ciMethod java/lang/StringLatin1 inflate ([BI[BII)V 2 0 11 0 -1
ciMethod java/lang/StringLatin1 indexOf ([BII)I 612 0 6033 0 448
ciMethod java/lang/StringLatin1 indexOfChar ([BIII)I 400 12656 2535 0 -1
ciMethod java/lang/StringLatin1 getChar ([BI)C 556 0 1916 0 -1
ciMethod java/lang/StringLatin1 charAt ([BI)C 624 0 1236160 0 128
ciMethod java/lang/StringLatin1 newString ([BII)Ljava/lang/String; 300 0 5312 0 1184
ciMethod java/lang/StringLatin1 replace ([BCC)Ljava/lang/String; 202 10264 821 0 1408
ciMethod java/lang/StringLatin1 canEncode (I)Z 758 0 120482 0 96
ciInstanceKlass java/lang/StringUTF16 1 1 598 100 1 7 1 10 100 12 1 1 1 100 1 10 7 1 3 100 1 100 1 10 8 1 10 12 1 1 10 12 1 8 1 10 12 1 1 10 12 1 9 12 1 1 10 12 1 1 100 1 8 1 10 12 1 9 12 1 1 9 12 1 10 10 12 1 1 10 12 1 1 10 100 12 1 1 1 10 12 1 10 12 1 1 10 12 1 1 10 12 1 1 10 12 1 1 10 12 1 10 12 1 1 10 12 1 1 10 12 1 1 10 12 1 1 10 12 1 10 12 1 10 12 1 1 10 12 1 100 1 10 12 1 10 10 12 1 1 10 12 1 10 12 1 1 10 12 1 10 7 12 1 1 1 10 7 12 1 1 1 10 12 10 12 1 1 10 12 1 10 12 1 1 10 12 1 1 10 12 1 10 12 1 10 12 1 3 10 12 1 1 10 12 1 10 12 1 10 12 1 10 12 1 10 12 1 10 12 1 1 9 12 1 10 12 1 10 12 1 10 12 1 10 12 1 10 12 1 10 10 12 10 12 10 10 100 12 1 1 1 10 7 12 1 1 1 10 12 1 10 12 1 100 1 8 1 8 1 10 12 1 1 100 1 10 10 100 12 1 1 1 10 100 12 1 1 8 1 8 1 8 1 10 12 1 1 10 12 1 1 10 12 10 12 1 10 100 12 1 1 10 12 1 1 10 12 1 1 10 12 1 10 12 10 12 10 12 1 10 12 10 12 1 10 12 1 10 12 1 10 12 1 10 12 1 10 100 12 1 1 1 10 100 12 1 1 1 10 12 1 1 10 12 1 1 11 100 12 1 1 10 12 1 10 12 1 10 12 1 1 9 12 1 1 9 12 1 5 0 5 0 10 12 1 10 12 10 12 10 7 12 1 1 1 10 12 1 1 1 1 1 1 1 1 1 1 1 1 1 1 1 1 1 1 1 1 1 1 1 1 1 1 1 1 1 1 1 100 1 1 1 1 1 1 1 1 1 1 1 1 1 1 1 1 1 1 1 1 1 1 1 1 1 1 1 1 1 1 1 1 1 1 1 1 1 1 1 1 1 1 1 1 1 1 1 1 1 1 1 1 1 1 1 1 1 1 1 1 1 1 1 1 1 1 1 1 1 1 1 1 1 1 1 1 1 1 1 1 1 1 100 1 1 1 1 1 1 1 1 1 1 1 1 1 1 1 1 1 100 1 1 1 1 1 1 1 1 1 1 1 1 1 1 1 1 1 1 1 1 1 1 1 1 1 1 1 1 1 1 1 1 1 1 1 1 1 1 1 1 1 1 1 1 1 1 1 1 1 1 1 1 1 1 1 1 1 1 1 1 1 100 1 100 1 1 1 1 1
staticfield java/lang/StringUTF16 HI_BYTE_SHIFT I 0
staticfield java/lang/StringUTF16 LO_BYTE_SHIFT I 8
staticfield java/lang/StringUTF16 $assertionsDisabled Z 1
ciMethod java/lang/StringUTF16 length ([B)I 2 0 56522 0 96
ciMethod java/lang/StringUTF16 hashCode ([B)I 0 0 3 0 0
ciMethod java/lang/StringUTF16 compress ([BII)[B 1024 0 10241 0 -1
ciMethod java/lang/StringUTF16 indexOf ([BII)I 0 0 4 0 0
ciMethod java/lang/StringUTF16 indexOfChar ([BIII)I 8 0 4 0 -1
ciMethod java/lang/StringUTF16 checkIndex (I[B)V 0 0 46685 0 0
ciMethod java/lang/StringUTF16 getChar ([BI)C 1024 0 5408 0 -1
ciMethod java/lang/StringUTF16 putChar ([BII)V 1024 0 23722 0 -1
ciMethod java/lang/StringUTF16 newBytesFor (I)[B 2 0 11 0 -1
ciMethod java/lang/StringUTF16 charAt ([BI)C 0 0 37861 0 128
ciMethod java/lang/StringUTF16 newString ([BII)Ljava/lang/String; 0 0 10241 0 0
ciMethod java/lang/StringUTF16 replace ([BCC)Ljava/lang/String; 0 0 1 0 0
ciMethod java/lang/StringUTF16 indexOfSupplementary ([BIII)I 0 0 1 0 -1
ciInstanceKlass java/lang/Boolean 1 1 151 10 7 12 1 1 1 9 7 12 1 1 1 10 12 1 1 10 12 1 8 1 10 7 12 1 1 9 12 1 1 9 12 1 8 1 10 12 1 1 10 12 1 1 10 7 12 1 1 1 100 1 100 1 10 12 1 1 9 100 12 1 1 9 12 10 100 12 1 1 1 10 12 1 1 8 1 10 7 12 1 1 1 9 12 1 1 100 1 100 1 100 1 1 1 1 1 1 5 0 1 1 1 1 1 1 1 1 1 1 3 1 1 1 1 1 1 1 1 1 1 1 1 1 1 1 1 1 1 1 1 100 1 1 1 1 1 1 1 1 1 1 100 1 1 1 1 1 1 1 1
staticfield java/lang/Boolean TRUE Ljava/lang/Boolean; java/lang/Boolean
staticfield java/lang/Boolean FALSE Ljava/lang/Boolean; java/lang/Boolean
staticfield java/lang/Boolean TYPE Ljava/lang/Class; java/lang/Class
instanceKlass java/util/concurrent/locks/AbstractQueuedSynchronizer
ciInstanceKlass java/util/concurrent/locks/AbstractOwnableSynchronizer 1 1 32 10 7 12 1 1 1 9 7 12 1 1 1 100 1 1 1 1 5 0 1 1 1 1 1 1 1 1 1 1 1 1
instanceKlass java/math/BigInteger
instanceKlass java/util/concurrent/atomic/AtomicLong
instanceKlass java/util/concurrent/atomic/AtomicInteger
instanceKlass java/lang/Long
instanceKlass java/lang/Integer
instanceKlass java/lang/Short
instanceKlass java/lang/Byte
instanceKlass java/lang/Double
instanceKlass java/lang/Float
ciInstanceKlass java/lang/Number 1 1 37 10 7 12 1 1 1 10 100 12 1 1 1 100 1 1 1 1 5 0 1 1 1 1 1 1 1 1 1 1 1 1 1 1 1 1 1
instanceKlass java/lang/LiveStackFrameInfo
ciInstanceKlass java/lang/StackFrameInfo 0 0 132 10 100 12 1 1 1 9 100 12 1 1 1 9 100 1 9 12 1 1 11 100 12 1 1 1 9 12 1 1 11 12 1 1 10 12 1 1 10 100 12 1 1 1 10 12 1 11 12 1 11 12 1 1 11 12 1 10 12 1 1 9 12 1 1 10 12 1 1 10 100 12 1 1 10 12 1 1 11 12 1 1 10 12 1 9 12 1 1 10 12 1 1 100 1 8 1 10 12 1 10 100 12 1 1 1 100 1 1 1 1 1 1 1 1 1 1 1 1 1 1 1 1 1 1 100 1 1 1 1 1 1
ciInstanceKlass java/lang/LiveStackFrameInfo 0 0 97 10 100 12 1 1 1 9 100 12 1 1 1 9 12 1 9 12 1 9 12 1 9 12 1 1 100 1 10 12 1 1 10 12 1 8 1 10 12 1 1 8 1 8 1 8 1 10 100 1 10 12 1 100 1 10 12 1 100 1 100 1 1 1 3 1 3 1 1 1 1 1 1 1 1 1 1 1 1 1 1 1 1 1 1 1 1 1 1 1 1 1 1 1 100 1 1
ciInstanceKlass java/lang/Character 1 1 576 7 1 100 1 100 1 9 12 1 1 8 1 9 12 1 1 100 1 9 12 1 1 10 100 12 1 1 1 10 100 12 1 1 1 10 100 12 1 1 1 10 7 12 1 1 1 9 7 12 1 1 1 10 12 1 10 12 1 1 10 12 1 1 10 7 12 1 1 10 12 1 1 3 3 3 3 3 10 12 1 1 10 12 1 3 11 7 12 1 1 1 11 12 1 1 10 12 1 1 10 12 1 1 100 1 10 10 12 1 3 10 12 1 1 10 12 1 10 12 1 1 100 1 8 1 10 12 1 1 10 12 1 10 12 1 10 12 1 10 12 1 10 12 1 1 10 12 1 10 7 12 1 1 10 10 12 1 10 10 12 1 10 12 1 1 10 12 1 10 10 12 1 10 12 1 10 12 1 10 12 1 10 12 1 10 12 1 10 12 1 10 12 10 10 12 10 10 12 1 10 10 12 1 10 10 12 1 10 10 12 1 10 10 12 1 10 10 12 1 10 10 12 1 1 10 10 12 1 10 5 0 10 12 1 10 12 1 10 10 12 1 10 10 12 1 1 10 10 12 1 10 10 12 1 9 12 1 1 100 1 10 10 12 1 10 12 1 1 3 10 100 12 1 1 1 10 12 1 10 100 12 1 1 100 1 10 10 12 1 1 10 12 1 1 10 12 1 1 8 1 10 12 1 9 100 12 1 1 1 10 12 1 10 10 12 1 10 12 1 1 10 12 1 10 10 12 1 1 10 10 12 1 1 100 1 8 1 10 12 1 1 10 7 12 1 1 1 8 1 10 12 1 1 9 12 1 1 100 1 100 1 100 1 1 1 1 3 1 3 1 3 1 3 1 1 1 1 1 3 1 1 3 1 3 1 3 1 3 1 3 1 3 1 3 1 3 1 3 1 3 1 3 1 3 1 3 1 3 1 3 1 3 1 3 1 3 1 3 1 3 1 3 1 3 1 3 1 3 1 3 1 3 1 3 1 3 1 1 1 1 1 1 1 1 1 1 1 1 1 1 1 1 1 1 1 3 1 1 1 1 1 1 1 3 1 1 3 1 1 1 1 1 3 1 1 5 0 1 1 1 1 1 1 1 1 1 1 1 1 1 1 1 1 1 1 1 1 1 1 1 1 1 1 1 1 1 1 1 1 1 1 1 1 1 1 1 1 1 1 1 1 1 1 1 1 1 1 1 1 1 1 1 1 1 1 1 1 1 1 1 1 1 1 1 1 1 1 1 1 1 1 1 1 1 1 1 1 1 1 1 1 1 1 1 1 1 100 1 100 1 1 1 1 1 1
staticfield java/lang/Character TYPE Ljava/lang/Class; java/lang/Class
staticfield java/lang/Character $assertionsDisabled Z 1
ciInstanceKlass java/lang/Float 1 1 223 7 1 100 1 10 7 12 1 1 1 10 100 12 1 1 1 4 100 1 10 12 1 1 10 12 1 1 8 1 8 1 10 100 12 1 1 1 10 12 1 1 10 12 1 1 10 4 4 4 10 7 12 1 1 9 12 1 1 10 12 1 1 10 12 1 10 12 1 10 12 1 1 10 12 1 10 12 1 3 10 12 1 1 10 12 1 1 10 12 1 10 100 12 1 1 1 10 12 1 1 10 12 1 1 8 1 10 7 12 1 1 1 9 12 1 1 100 1 100 1 100 1 1 1 1 1 4 1 1 1 4 1 1 3 1 3 1 3 1 3 1 1 1 1 5 0 1 1 1 1 1 1 1 1 1 1 100 1 1 1 1 1 1 1 1 1 1 1 1 1 3 1 1 1 1 1 1 1 1 1 1 1 1 1 1 1 1 1 1 1 1 1 1 1 1 1 1 1 1 1 1 1 1 1 1 1 1 1 1 100 1 1 1 1 1 1 1 100 1 100 1 1
staticfield java/lang/Float TYPE Ljava/lang/Class; java/lang/Class
ciInstanceKlass java/lang/Double 1 1 285 7 1 100 1 10 7 12 1 1 1 10 12 1 1 10 12 1 100 1 10 12 1 1 10 100 12 1 1 1 6 0 8 1 10 12 1 1 8 1 10 12 1 1 8 1 6 0 10 12 1 1 100 1 5 0 5 0 8 1 8 1 10 100 12 1 1 1 10 100 12 1 1 1 8 1 10 12 1 1 8 1 8 1 8 1 10 12 1 1 10 12 1 10 12 1 1 10 12 1 10 12 1 10 12 1 1 10 12 1 10 6 0 6 0 6 0 10 7 12 1 1 9 12 1 1 10 12 1 10 12 1 10 12 1 10 12 1 5 0 10 12 1 1 10 12 1 10 12 1 10 100 12 1 1 1 10 12 1 1 10 12 1 1 8 1 10 7 12 1 1 1 9 12 1 1 100 1 100 1 100 1 1 1 1 1 6 0 1 1 1 6 0 1 1 3 1 3 1 3 1 3 1 1 1 1 5 0 1 1 1 1 1 1 1 1 1 1 1 1 1 1 1 1 100 1 1 1 1 1 1 1 1 1 1 1 1 3 1 1 1 1 1 1 1 1 1 1 1 1 1 1 1 1 1 1 1 1 1 1 1 1 1 1 1 1 1 1 1 1 1 1 100 1 1 1 1 1 1 1 100 1 100 1 1
staticfield java/lang/Double TYPE Ljava/lang/Class; java/lang/Class
ciInstanceKlass java/lang/Byte 1 1 215 7 1 100 1 10 100 12 1 1 1 9 12 1 1 8 1 9 12 1 1 100 1 10 12 1 1 10 12 1 1 10 100 12 1 1 1 10 100 12 1 1 1 9 7 12 1 1 1 10 12 1 1 100 1 100 1 10 12 1 1 8 1 10 12 1 1 8 1 10 12 1 10 12 1 10 12 1 10 12 1 1 10 12 1 10 12 1 10 12 1 1 10 8 1 8 1 10 7 1 9 12 1 1 10 12 1 10 12 1 1 10 12 1 1 10 12 1 1 10 12 1 5 0 10 12 1 1 8 1 10 7 12 1 1 1 9 12 1 1 100 1 100 1 1 1 3 1 3 1 1 1 1 3 1 3 1 1 5 0 1 1 1 1 1 1 1 1 1 1 1 1 1 1 1 1 1 1 1 1 1 1 1 1 1 1 1 1 1 1 1 1 1 1 1 1 1 1 1 1 1 1 1 1 1 1 1 1 1 1 1 1 1 1 1
staticfield java/lang/Byte TYPE Ljava/lang/Class; java/lang/Class
ciInstanceKlass java/lang/Short 1 1 224 7 1 100 1 100 1 10 100 12 1 1 1 10 12 1 1 100 1 100 1 10 12 1 1 8 1 10 12 1 1 8 1 10 12 1 10 12 1 10 12 1 10 12 1 1 10 12 1 1 10 12 1 9 12 1 1 8 1 9 12 1 1 100 1 10 12 1 1 10 12 1 10 100 12 1 1 1 10 100 12 1 1 1 9 7 12 1 1 1 10 12 1 10 12 1 1 10 8 1 8 1 10 7 1 9 12 1 1 10 12 1 10 12 1 1 10 12 1 1 10 12 1 1 10 12 1 3 3 5 0 10 12 1 1 8 1 10 7 12 1 1 1 9 12 1 1 100 1 100 1 1 1 3 1 3 1 1 1 1 3 1 3 1 1 5 0 1 1 1 1 1 1 1 1 1 1 1 1 1 1 1 1 1 1 1 1 1 1 1 1 1 1 1 3 1 1 1 1 1 1 1 1 1 1 1 1 1 1 1 1 1 1 1 1 1 1 1 1 1 1 1 1 1
staticfield java/lang/Short TYPE Ljava/lang/Class; java/lang/Class
ciInstanceKlass java/lang/Integer 1 1 445 7 1 100 1 7 1 7 1 10 12 1 1 9 12 1 1 9 12 1 1 10 100 12 1 1 1 10 12 1 1 10 100 12 1 1 1 10 10 12 1 1 10 100 12 1 1 1 10 12 1 10 12 1 1 10 7 12 1 1 1 10 12 1 1 10 12 1 1 10 12 1 10 12 1 10 12 1 1 10 10 12 1 9 12 1 1 9 12 1 100 1 8 1 10 12 1 100 1 10 12 1 8 1 10 12 1 1 10 12 1 8 1 10 12 1 8 1 10 12 1 1 3 10 12 1 1 3 10 12 1 1 10 12 1 1 10 7 12 1 1 1 11 7 1 100 1 10 11 10 12 1 1 8 1 10 12 1 1 8 1 100 1 10 12 1 1 10 12 1 1 5 0 8 1 10 12 1 10 12 1 10 12 1 10 12 1 1 7 1 9 12 1 1 9 12 1 1 10 12 1 10 7 1 9 12 1 10 12 1 10 12 1 10 12 1 1 10 7 12 1 1 1 100 1 100 1 10 12 1 1 10 12 1 1 8 1 8 1 10 12 1 1 8 1 8 1 8 1 8 1 8 1 8 1 10 12 1 10 12 1 10 12 1 5 0 3 3 3 3 10 12 1 3 10 12 1 10 100 12 1 1 1 10 12 1 1 10 12 1 1 8 1 10 7 12 1 1 1 9 12 1 1 3 3 3 3 3 3 9 12 1 1 100 1 100 1 100 1 1 1 1 1 1 1 3 1 3 1 1 5 0 1 1 1 1 1 1 1 1 1 100 1 1 1 1 1 1 1 1 1 1 1 1 1 1 1 1 1 1 1 1 1 1 1 1 1 1 1 1 1 1 1 1 1 1 1 1 1 1 1 3 1 1 1 1 1 1 1 1 1 1 1 1 1 1 1 1 100 1 1 1 1 1 1 1 1 1 1 1 1 1 1 1 1 1 1 1 1 1 1 1 1 1 1 1 1 1 1 1 100 1 1 1 1 1 1 1 1 1 100 1 100 1 1
staticfield java/lang/Integer TYPE Ljava/lang/Class; java/lang/Class
staticfield java/lang/Integer digits [C 36
staticfield java/lang/Integer DigitTens [B 100
staticfield java/lang/Integer DigitOnes [B 100
staticfield java/lang/Integer sizeTable [I 10
ciMethod java/lang/Integer intValue ()I 1110 0 555 0 -1
ciMethod java/lang/Integer valueOf (I)Ljava/lang/Integer; 702 0 189316 0 -1
ciInstanceKlass java/lang/Long 1 1 506 7 1 100 1 7 1 7 1 10 12 1 1 9 12 1 1 9 7 12 1 1 1 10 100 12 1 1 1 10 12 1 1 10 100 12 1 1 1 10 10 12 10 12 1 10 12 1 10 12 1 5 0 5 0 100 1 10 12 1 1 10 12 1 1 10 12 1 10 12 1 10 12 1 10 12 1 1 10 100 12 1 1 10 12 1 10 12 1 1 10 12 1 1 10 12 1 1 10 12 1 1 10 100 12 1 1 1 10 12 1 1 10 12 1 10 12 1 10 12 1 10 12 1 1 10 10 12 1 5 0 5 0 9 12 1 1 9 12 1 5 0 100 1 8 1 10 12 1 8 1 10 12 1 8 1 8 1 10 12 1 1 5 0 10 12 1 1 5 0 10 12 1 1 10 12 1 1 10 100 12 1 1 1 11 100 1 100 1 10 11 10 12 1 1 8 1 10 12 1 1 8 1 100 1 10 12 1 1 10 12 1 8 1 8 1 11 12 1 1 10 12 1 10 12 1 10 12 1 5 0 5 0 9 7 12 1 1 1 10 12 1 10 12 1 1 8 1 8 1 10 12 1 1 8 1 8 1 8 1 8 1 8 1 8 1 10 12 1 10 12 1 10 12 1 1 10 7 1 9 12 1 1 10 12 1 10 12 1 1 10 7 12 1 1 1 100 1 100 1 10 12 1 1 10 12 1 1 5 0 10 12 1 10 12 1 5 0 5 0 5 0 10 12 1 1 5 0 5 0 10 12 1 10 12 1 10 100 12 1 1 1 10 12 1 1 10 12 1 1 8 1 10 7 12 1 1 1 9 12 1 1 100 1 100 1 100 1 1 1 1 5 0 1 1 1 1 3 1 3 1 5 0 1 1 1 1 1 1 1 1 1 100 1 1 1 1 1 1 1 1 1 1 1 1 1 1 1 1 1 1 1 1 1 1 1 1 1 1 1 1 1 1 1 1 1 1 1 1 1 1 1 1 1 1 1 1 1 1 1 1 1 1 1 1 1 1 3 1 1 1 1 1 1 1 1 1 1 1 1 1 1 1 100 1 1 1 1 1 1 1 1 1 1 1 1 1 1 1 1 1 1 1 1 1 1 1 1 1 1 1 100 1 1 1 1 1 1 1 1 1 100 1 100 1 1
staticfield java/lang/Long TYPE Ljava/lang/Class; java/lang/Class
instanceKlass java/lang/ref/PhantomReference
instanceKlass java/lang/ref/FinalReference
instanceKlass java/lang/ref/WeakReference
instanceKlass java/lang/ref/SoftReference
ciInstanceKlass java/lang/ref/Reference 1 1 195 9 7 12 1 1 1 9 7 12 1 1 10 12 1 1 10 12 1 1 9 12 1 1 10 12 1 1 9 12 1 1 9 12 1 1 7 1 10 12 1 10 7 12 1 1 10 12 1 10 12 1 1 10 12 1 9 12 1 10 12 1 1 10 12 1 10 12 1 9 12 1 100 1 100 1 10 12 1 9 12 1 9 12 1 100 1 10 10 12 1 10 10 7 12 1 1 10 7 12 1 1 1 10 12 1 1 10 7 12 1 1 7 1 8 1 10 12 1 10 12 1 1 10 12 1 1 10 12 1 7 1 10 10 7 12 1 1 1 1 1 1 1 1 1 1 1 1 1 1 1 1 1 1 1 100 1 1 1 100 1 1 1 1 1 1 1 1 1 1 1 1 1 1 1 1 1 1 1 1 1 1 1 1 1 1 1 1 1 1 1 1 1 1 1
staticfield java/lang/ref/Reference processPendingLock Ljava/lang/Object; java/lang/Object
staticfield java/lang/ref/Reference $assertionsDisabled Z 1
instanceKlass org/jetbrains/kotlin/com/intellij/util/containers/ConcurrentSoftHashMap$SoftKey
instanceKlass org/jetbrains/kotlin/com/intellij/util/containers/ConcurrentSoftKeySoftValueHashMap$SoftKey
instanceKlass org/jetbrains/kotlin/com/intellij/util/containers/ConcurrentSoftValueHashMap$MySoftReference
instanceKlass org/jetbrains/kotlin/com/intellij/util/containers/ConcurrentWeakKeySoftValueHashMap$SoftValue
instanceKlass org/jetbrains/kotlin/com/intellij/util/containers/SoftKeySoftValueHashMap$ValueReference
instanceKlass org/jetbrains/kotlin/com/intellij/reference/SoftReference
instanceKlass java/lang/invoke/LambdaFormEditor$Transform
ciInstanceKlass java/lang/ref/SoftReference 1 1 47 10 7 12 1 1 1 9 7 12 1 1 1 9 12 1 10 12 1 10 12 1 1 1 1 1 1 1 1 1 1 1 1 1 1 1 1 1 1 1 1 100 1 1 1 1 1
instanceKlass org/jetbrains/kotlin/com/intellij/util/containers/ConcurrentWeakHashMap$WeakKey
instanceKlass org/jetbrains/kotlin/com/intellij/util/containers/ConcurrentWeakKeyWeakValueHashMap$WeakValue
instanceKlass org/jetbrains/kotlin/com/intellij/util/PatchedWeakReference
instanceKlass org/jetbrains/kotlin/com/intellij/util/containers/ConcurrentWeakValueHashMap$MyWeakReference
instanceKlass org/jetbrains/kotlin/com/intellij/util/containers/ConcurrentWeakKeySoftValueHashMap$WeakKey
instanceKlass org/jetbrains/kotlin/com/intellij/util/containers/UnsafeWeakList$MyReference
instanceKlass org/jetbrains/kotlin/com/intellij/util/containers/IntKeyWeakValueHashMap$MyReference
instanceKlass java/lang/WeakPairMap$WeakRefPeer
instanceKlass java/lang/ClassValue$Entry
instanceKlass java/util/logging/Level$KnownLevel
instanceKlass java/lang/invoke/MethodType$ConcurrentWeakInternSet$WeakEntry
instanceKlass java/lang/ThreadLocal$ThreadLocalMap$Entry
instanceKlass java/util/WeakHashMap$Entry
ciInstanceKlass java/lang/ref/WeakReference 1 1 31 10 7 12 1 1 1 10 12 1 100 1 1 1 1 1 1 1 1 1 1 1 1 1 1 1 1 1 1 1 1
instanceKlass java/lang/ref/Finalizer
ciInstanceKlass java/lang/ref/FinalReference 1 1 47 10 100 12 1 1 1 10 100 12 1 1 1 10 12 1 1 100 1 8 1 10 12 1 1 1 1 1 1 1 1 1 1 1 1 1 1 1 1 1 1 1 1 1 1 1 1
ciInstanceKlass java/lang/ref/Finalizer 1 1 152 9 7 12 1 1 1 10 100 12 1 1 1 9 12 1 1 9 12 1 1 9 12 1 9 12 1 10 12 1 10 12 1 1 9 12 1 1 100 1 10 12 1 100 1 11 100 12 1 1 100 1 10 12 1 100 1 10 12 1 10 100 12 1 1 1 10 100 12 1 1 1 100 1 10 10 12 1 10 7 12 1 1 1 7 1 10 7 1 10 10 7 12 1 1 1 10 12 1 1 10 7 12 1 1 7 1 10 12 1 10 12 1 1 10 12 1 1 10 12 1 1 1 1 1 1 1 1 1 1 1 1 1 1 1 1 1 1 1 1 1 1 1 1 1 1 1 1 1 1 1 1
staticfield java/lang/ref/Finalizer lock Ljava/lang/Object; java/lang/Object
staticfield java/lang/ref/Finalizer $assertionsDisabled Z 1
instanceKlass jdk/internal/ref/PhantomCleanable
instanceKlass jdk/internal/ref/Cleaner
ciInstanceKlass java/lang/ref/PhantomReference 1 1 39 10 100 12 1 1 1 10 7 12 1 1 1 1 1 1 1 1 1 1 1 1 1 1 1 1 1 1 1 1 1 1 1 1 1 1 1 1 1
instanceKlass java/lang/reflect/Executable
instanceKlass java/lang/reflect/Field
ciInstanceKlass java/lang/reflect/AccessibleObject 1 1 398 10 7 12 1 1 1 9 100 12 1 1 1 10 100 12 1 1 1 10 7 12 1 1 10 7 12 1 1 1 10 100 12 1 1 1 10 12 1 1 10 12 1 1 9 12 1 1 100 1 10 7 12 1 1 1 11 12 1 100 1 10 12 1 7 1 100 1 10 12 1 10 12 1 1 7 1 10 7 12 1 1 1 10 12 1 1 7 1 10 12 1 1 7 1 10 10 10 7 12 1 1 1 10 12 1 1 10 12 1 10 12 1 10 12 1 1 10 12 1 8 1 100 1 10 10 12 1 1 8 1 10 12 1 10 12 1 8 1 8 1 8 1 8 1 8 1 8 1 100 1 10 12 1 10 12 1 9 12 1 1 10 12 1 1 10 12 1 10 11 100 1 100 1 8 1 10 10 12 1 10 12 1 1 8 1 10 12 1 8 1 10 12 1 1 10 100 1 8 1 10 11 7 12 1 1 10 12 1 1 10 12 1 1 10 12 1 1 9 12 1 1 100 1 10 12 1 7 1 10 12 1 10 12 1 1 10 100 1 10 12 1 10 12 10 12 1 10 12 1 1 10 12 1 10 12 1 1 10 12 1 9 12 1 10 100 12 1 1 8 1 10 100 12 1 1 1 8 1 10 100 12 1 1 1 9 12 1 100 1 10 7 1 10 10 7 12 1 1 1 7 1 10 10 7 12 1 1 1 7 1 9 12 1 1 1 1 1 1 1 1 1 1 1 1 1 1 1 1 1 1 1 1 1 1 1 1 1 1 1 1 1 1 1 1 1 1 1 1 1 1 1 1 1 1 1 1 1 1 1 1 1 1 1 1 1 1 1 1 1 1 1 1 1 1 1 1 1 1 1 1 1 1 1 1 1 1 1 1 1 1 1 1 1 1 1 1 1
staticfield java/lang/reflect/AccessibleObject reflectionFactory Ljdk/internal/reflect/ReflectionFactory; jdk/internal/reflect/ReflectionFactory
instanceKlass java/lang/reflect/Constructor
instanceKlass java/lang/reflect/Method
ciInstanceKlass java/lang/reflect/Executable 1 1 548 10 7 12 1 1 1 10 7 12 1 1 1 10 7 12 1 1 1 11 7 12 1 1 1 10 7 12 1 1 1 10 12 1 1 10 7 12 1 1 1 10 100 12 1 1 1 10 12 1 8 1 10 10 12 1 1 10 12 1 1 10 100 12 1 1 1 18 12 1 1 11 100 12 1 1 1 8 1 8 1 8 1 10 100 12 1 1 1 11 12 1 1 100 1 8 1 8 1 10 12 1 100 1 8 1 10 12 1 8 1 11 100 12 1 1 1 100 1 10 12 1 1 11 12 1 8 1 18 8 1 10 12 1 10 12 1 1 18 8 1 10 12 1 100 1 10 12 1 10 12 1 11 100 12 1 1 10 12 1 1 8 1 8 1 10 12 1 1 10 12 1 1 10 10 12 1 100 1 10 10 12 1 10 12 1 1 10 100 12 1 1 10 12 1 10 12 1 10 12 1 1 10 100 12 1 1 10 12 1 10 12 1 10 100 12 1 1 1 10 12 1 8 1 10 12 1 10 12 1 3 100 1 8 1 10 12 1 10 12 1 10 10 12 1 10 12 1 1 8 1 8 1 8 1 9 12 1 10 12 1 100 1 8 1 9 12 1 10 12 1 10 12 1 1 10 12 1 1 10 12 1 10 12 10 12 1 100 1 10 12 1 10 12 1 1 100 1 10 100 12 1 1 1 100 1 10 7 12 1 1 1 10 12 1 1 11 7 12 1 1 10 7 12 1 1 10 100 12 1 1 1 10 12 1 1 9 12 1 10 12 1 1 10 12 1 10 12 1 1 9 100 12 1 1 1 10 100 12 1 1 1 10 12 1 10 12 1 1 9 12 1 10 10 10 10 100 12 1 1 1 10 12 1 9 12 1 10 12 1 1 9 12 1 100 1 100 1 1 1 1 1 1 1 1 1 1 1 1 1 1 1 1 1 1 1 1 1 1 1 1 1 1 1 1 1 1 1 1 1 1 100 1 1 1 1 1 1 1 1 100 1 1 1 1 1 1 1 1 1 1 1 1 100 1 1 1 1 1 1 1 1 1 1 1 1 1 1 1 1 1 1 1 1 1 1 1 1 1 1 1 1 1 1 1 1 1 1 1 1 1 1 1 1 1 100 1 1 1 1 1 1 1 1 1 1 1 1 1 1 1 1 1 1 1 1 1 100 1 100 1 1 15 10 100 12 1 1 1 16 15 16 1 16 1 15 10 12 16 1 100 1 1 100 1 100 1 1
ciInstanceKlass java/lang/reflect/Constructor 1 1 433 10 100 12 1 1 1 10 100 12 1 1 9 7 12 1 1 1 10 12 1 1 10 12 1 1 10 100 12 1 1 9 12 1 1 10 7 12 1 1 1 9 12 1 1 9 12 1 1 9 12 1 9 12 1 1 9 12 1 9 12 1 1 9 12 1 1 9 12 1 100 1 8 1 10 12 1 10 12 1 9 12 1 1 10 7 12 1 1 10 7 12 1 1 1 10 12 1 1 10 12 1 1 10 12 1 7 1 100 1 8 1 10 10 12 1 10 12 1 10 12 1 1 10 12 1 1 9 100 12 1 1 1 10 7 12 1 1 10 12 1 1 10 12 1 10 12 1 1 10 100 12 1 1 1 10 100 12 1 1 10 12 1 1 10 12 1 10 100 12 1 1 1 8 1 10 10 12 1 100 1 8 1 10 12 1 10 12 1 1 10 12 1 1 10 12 1 10 12 1 10 12 1 1 10 12 1 1 9 12 1 1 10 12 1 1 10 12 1 1 10 12 1 8 1 10 12 1 1 11 7 12 1 1 1 10 12 1 1 10 12 1 10 12 1 9 12 1 1 10 7 12 1 1 1 10 12 1 1 10 12 1 1 10 12 1 1 10 12 1 1 10 12 1 9 100 12 1 1 10 12 1 10 12 1 10 12 1 100 1 8 1 10 10 12 1 1 10 12 1 10 10 12 1 1 10 12 1 1 10 100 12 1 1 1 11 100 12 1 1 1 10 12 1 1 9 100 12 1 1 1 10 100 12 1 1 1 10 12 1 1 1 1 1 1 1 1 1 1 1 1 1 1 1 1 1 1 1 1 1 1 1 1 1 1 1 1 1 1 1 1 1 1 1 1 1 1 1 1 1 1 1 1 1 1 1 1 1 1 1 100 1 100 1 100 1 100 1 1 1 1 1 1 1 1 1 1 1 1 1 1 1 1 1 1 1 1 1 1 1 1 1 1 1 1 1 1 1 1 1 100 1 1
ciInstanceKlass java/lang/reflect/Method 1 1 450 9 7 12 1 1 1 10 100 12 1 1 1 10 100 12 1 1 9 12 1 1 10 12 1 1 10 12 1 1 10 100 12 1 1 10 7 12 1 1 1 9 12 1 1 9 12 1 9 12 1 1 9 12 1 9 12 1 9 12 1 1 9 12 1 9 12 1 1 9 12 1 9 12 1 9 12 1 1 100 1 8 1 10 12 1 10 12 1 9 12 1 1 8 1 10 7 12 1 1 10 7 12 1 1 1 10 12 1 1 10 12 1 1 10 12 1 10 12 1 1 10 12 1 1 9 100 12 1 1 1 10 12 1 1 10 12 10 7 12 1 1 10 12 1 1 10 12 1 10 12 1 10 12 1 10 7 12 1 1 1 10 12 1 1 10 7 1 10 100 12 1 1 1 10 7 12 1 1 10 12 1 1 10 12 1 1 10 12 1 10 7 12 1 1 1 10 12 1 10 8 1 10 12 1 10 12 1 7 1 8 1 8 1 8 1 10 12 1 10 12 1 1 10 12 1 1 10 10 12 1 1 10 12 1 11 100 1 9 12 1 1 10 12 1 1 10 12 1 10 12 1 1 10 12 1 1 11 7 12 1 1 1 10 12 1 10 12 1 10 12 1 10 12 1 10 12 1 9 12 1 1 10 7 12 1 1 1 10 12 1 1 10 7 12 1 1 1 10 7 12 1 1 1 10 7 12 1 1 1 11 7 12 1 1 1 10 7 12 1 1 1 7 1 100 1 100 1 10 12 1 10 12 1 1 10 12 1 100 1 8 1 10 12 1 10 10 12 1 1 10 12 1 1 10 12 1 1 10 12 1 1 8 1 10 12 1 1 1 1 1 1 1 1 1 1 1 1 1 1 1 1 1 1 1 1 1 1 1 1 1 1 1 1 1 1 1 1 1 1 1 1 1 1 1 1 1 1 1 1 1 1 1 1 1 1 1 1 1 100 1 100 1 100 1 1 1 1 1 1 1 1 1 1 1 1 1 1 1 1 1 1 1 1 1 1 1 1 1 1
ciInstanceKlass java/lang/reflect/Field 1 1 437 9 7 12 1 1 1 10 12 1 1 10 100 12 1 1 1 10 100 12 1 1 9 12 1 1 10 12 1 1 10 12 1 1 10 100 12 1 1 10 7 12 1 1 1 9 12 1 1 9 12 1 9 12 1 9 12 1 1 9 12 1 1 9 12 1 9 12 1 1 9 12 1 1 100 1 8 1 10 12 1 10 12 1 9 12 1 1 9 12 1 10 12 1 10 7 12 1 1 10 12 1 1 10 12 1 1 10 12 1 10 12 1 1 7 1 10 12 1 1 10 12 1 1 10 12 1 1 10 12 1 10 12 1 10 7 1 10 7 12 1 1 100 1 10 8 1 10 12 1 1 10 12 1 1 8 1 10 12 10 12 1 8 1 8 1 10 11 100 1 9 12 1 10 12 1 1 10 12 1 1 11 7 12 1 1 1 11 12 1 1 11 12 1 1 11 12 1 1 11 12 1 1 11 12 1 1 11 12 1 1 11 12 1 1 11 12 1 1 11 12 1 1 11 12 1 1 11 12 1 1 11 12 1 1 11 12 1 1 11 12 1 1 11 12 1 1 11 12 1 1 11 12 1 1 10 12 1 10 100 12 1 1 10 12 1 10 12 1 1 10 12 9 12 1 1 10 7 12 1 1 1 10 12 1 1 10 7 12 1 1 10 12 1 1 11 7 1 10 12 1 7 1 10 100 12 1 1 1 10 7 12 1 1 1 9 12 1 10 7 12 1 1 1 11 7 12 1 1 1 10 12 1 1 10 12 1 1 9 100 12 1 1 1 10 100 12 1 1 1 10 12 1 1 100 1 1 1 1 1 1 1 1 1 1 1 1 1 1 1 1 1 1 1 1 1 1 1 1 1 1 1 1 1 1 1 1 1 1 1 100 1 1 1 1 1 1 1 1 1 1 1 1 1 1 1 1 1 1 1 1 1 1 1 1 1 1 1 1 1 1 1 1 1 1 100 1 1 1 1 1 1 1 1 100 1 1
ciInstanceKlass java/lang/reflect/Parameter 0 0 226 10 100 12 1 1 1 9 100 12 1 1 1 9 12 1 1 9 12 1 1 9 12 1 10 12 1 1 10 12 1 1 10 100 12 1 1 1 100 1 10 10 12 1 1 11 100 12 1 1 1 10 12 1 10 100 12 1 1 1 10 12 1 1 10 12 1 10 12 1 8 1 8 1 10 100 12 1 1 1 10 12 1 10 12 10 12 1 8 1 10 12 1 9 12 1 1 10 12 1 1 9 12 1 1 10 12 1 1 10 12 1 1 10 12 1 1 10 12 1 10 10 12 1 10 100 12 1 1 1 10 12 1 1 11 100 12 1 1 10 100 12 1 1 100 1 10 100 12 1 1 1 10 12 1 1 10 12 1 1 10 12 1 1 10 12 1 1 9 12 1 100 1 10 11 12 1 1 11 12 1 1 100 1 1 1 1 1 1 1 1 1 1 1 1 1 1 1 1 1 1 1 1 1 1 1 1 1 1 1 1 1 1 1 1 1 1 1 1 1 1 100 1 1 1 1
ciInstanceKlass java/lang/StringBuffer 1 1 470 10 7 12 1 1 1 10 12 1 10 12 1 10 12 1 1 9 7 12 1 1 1 10 12 1 1 10 12 1 10 12 1 1 9 12 1 1 10 12 1 10 12 1 1 10 12 1 1 10 12 1 10 12 1 1 10 12 1 10 12 1 1 10 12 1 1 10 100 12 1 1 1 10 12 1 1 10 12 1 10 12 1 10 12 1 10 12 1 10 12 1 10 12 1 10 12 1 10 12 1 10 12 1 10 12 1 10 12 1 10 12 1 10 12 1 10 12 1 1 10 12 1 10 12 1 1 10 12 1 1 10 10 12 1 1 10 12 1 10 12 1 10 12 1 10 12 1 10 12 1 10 12 1 10 12 10 12 1 10 12 1 10 12 1 10 12 1 1 10 12 1 10 12 1 10 10 12 1 1 10 12 1 1 9 12 1 1 10 7 12 1 1 1 10 100 1 10 10 100 12 1 1 1 10 10 12 1 10 8 10 100 12 1 1 1 8 10 12 1 8 1 10 12 1 10 12 1 10 100 12 1 1 1 10 100 12 1 1 1 7 1 10 12 100 1 8 1 10 10 12 1 1 10 12 1 1 10 12 1 1 10 12 1 10 12 1 10 12 1 10 12 1 10 12 1 10 12 1 10 12 1 10 12 1 10 12 1 10 12 1 10 12 1 10 12 1 10 12 1 10 12 1 10 12 1 10 12 1 10 12 10 12 10 12 1 10 12 1 10 12 1 10 12 10 12 1 10 12 1 10 12 1 10 12 1 10 12 1 10 12 1 10 12 1 10 12 1 10 12 1 10 12 1 10 12 1 7 1 10 12 1 9 7 12 1 1 1 9 7 1 9 12 1 1 100 1 100 1 100 1 1 1 1 5 0 1 1 1 1 1 1 1 1 1 1 1 1 1 1 1 1 1 1 1 1 1 1 1 1 1 1 1 1 1 1 1 1 1 1 1 1 1 1 1 1 1 1 1 1 1 1 1 1 1 1 1 1 1 1 1 1 1 1 1 1 100 1 1 1 1 1 100 1 1 1 1 1 1 1 1 1 1 1 1 1 1 1 1 1
staticfield java/lang/StringBuffer serialPersistentFields [Ljava/io/ObjectStreamField; 3 [Ljava/io/ObjectStreamField;
ciInstanceKlass java/lang/CharSequence 1 1 130 11 100 12 1 1 1 18 12 1 1 100 1 10 100 12 1 1 1 18 10 100 12 1 1 1 10 100 12 1 1 1 100 1 11 12 1 1 10 100 12 1 1 1 11 12 1 1 100 1 10 12 1 1 10 100 12 1 1 1 100 1 10 10 12 1 1 1 1 1 1 1 1 1 1 1 1 1 1 1 1 1 1 1 1 1 1 1 1 1 1 1 1 1 1 1 1 1 1 15 10 100 12 1 1 1 16 1 15 11 12 16 15 11 12 1 1 100 1 100 1 1 100 1 1 100 1 100 1 1
ciMethod java/lang/CharSequence length ()I 0 0 1 0 -1
ciMethod java/lang/CharSequence charAt (I)C 0 0 1 0 -1
instanceKlass java/lang/StringBuilder
instanceKlass java/lang/StringBuffer
ciInstanceKlass java/lang/AbstractStringBuilder 1 1 547 7 1 7 1 10 7 12 1 1 1 9 7 12 1 1 1 9 12 1 9 12 1 1 9 12 1 1 10 7 12 1 1 1 10 12 1 1 3 3 10 12 1 10 12 1 1 11 7 1 100 1 100 1 10 8 1 10 12 1 10 12 1 10 12 1 1 10 12 1 10 12 1 10 12 1 9 12 1 1 10 12 1 1 10 7 12 1 1 1 10 10 12 1 10 12 1 10 12 1 1 10 12 1 1 10 7 12 1 1 1 10 7 12 1 1 1 100 1 8 1 10 10 12 1 1 100 1 10 12 10 12 1 1 10 10 12 1 1 10 12 1 1 10 12 1 1 10 12 1 1 100 1 10 10 12 1 10 100 12 1 1 1 10 12 1 1 10 12 1 10 12 1 1 10 10 12 1 1 10 12 10 12 1 10 12 1 1 10 12 1 1 10 12 1 1 10 12 1 10 10 12 1 1 10 12 1 10 12 1 1 8 1 10 12 1 1 10 12 1 10 12 1 10 12 1 10 12 1 10 12 1 10 12 1 10 7 12 1 1 10 12 1 10 12 1 10 100 12 1 1 1 10 12 1 10 12 1 10 12 1 10 12 1 10 12 1 1 10 12 1 10 12 1 1 10 12 1 1 10 10 7 12 1 1 1 10 12 1 10 12 1 10 12 1 1 10 12 1 10 12 1 10 12 1 10 12 1 10 12 1 10 12 1 10 12 1 10 12 1 10 12 1 1 10 12 1 10 12 1 10 12 10 12 1 1 18 12 1 1 100 1 10 100 12 1 1 1 18 10 12 1 1 10 12 1 10 12 1 1 11 12 1 10 12 1 10 12 1 10 10 12 1 10 8 1 8 1 8 1 10 10 100 1 10 12 1 100 1 10 100 1 10 100 1 1 1 3 1 1 1 1 1 1 1 1 1 1 100 1 1 1 1 1 1 1 1 1 1 1 1 1 1 1 1 1 1 1 1 1 1 1 1 1 1 1 1 1 1 1 1 1 1 1 1 1 1 1 1 1 1 1 1 1 1 1 1 1 1 1 1 1 1 1 1 1 1 1 1 1 1 1 1 1 1 1 1 1 1 1 1 1 1 1 1 1 1 1 1 1 1 1 1 1 1 1 1 1 1 1 1 1 1 1 1 1 100 1 1 100 1 1 1 1 1 100 1 1 1 1 1 1 15 10 100 12 1 1 1 16 1 15 10 12 16 15 10 12 1 1 1 1 100 1 100 1 1
staticfield java/lang/AbstractStringBuilder EMPTYVALUE [B 0
ciMethod java/lang/AbstractStringBuilder append (Ljava/lang/String;)Ljava/lang/AbstractStringBuilder; 342 0 13580 0 1728
ciMethod java/lang/AbstractStringBuilder append (C)Ljava/lang/AbstractStringBuilder; 876 0 104597 0 -1
ciMethod java/lang/AbstractStringBuilder <init> (I)V 182 0 5224 0 576
ciMethod java/lang/AbstractStringBuilder inflate ()V 0 0 9 0 0
ciMethod java/lang/AbstractStringBuilder isLatin1 ()Z 696 0 423853 0 0
ciMethod java/lang/AbstractStringBuilder getCoder ()B 526 0 6161 0 0
ciMethod java/lang/AbstractStringBuilder newCapacity (I)I 122 0 890 0 0
ciMethod java/lang/AbstractStringBuilder ensureCapacityInternal (I)V 722 0 5535 0 1152
ciMethod java/lang/AbstractStringBuilder appendNull ()Ljava/lang/AbstractStringBuilder; 0 0 14 0 -1
ciMethod java/lang/AbstractStringBuilder putStringAt (ILjava/lang/String;)V 522 0 5403 0 384
ciMethod java/lang/AbstractStringBuilder putStringAt (ILjava/lang/String;II)V 522 0 5403 0 0
ciInstanceKlass java/lang/SecurityManager 0 0 576 10 100 12 1 1 1 9 100 12 1 1 1 10 100 12 1 1 1 100 1 8 1 10 12 1 10 12 1 1 10 100 12 1 1 1 10 100 1 10 100 1 10 9 100 12 1 1 1 10 100 12 1 1 1 10 12 1 1 10 100 12 1 1 100 1 8 1 10 9 12 1 1 9 12 1 8 1 9 12 1 100 1 10 8 1 10 12 1 1 10 12 1 10 12 1 1 100 1 10 10 12 1 1 100 1 8 1 10 12 1 8 1 8 1 8 1 8 1 8 1 8 1 10 12 1 8 1 8 1 8 1 8 1 8 1 10 100 12 1 1 1 10 12 1 1 8 1 100 1 8 1 10 8 1 8 1 8 1 8 1 8 1 10 100 12 1 1 8 1 100 1 8 1 8 1 10 8 1 10 12 1 100 1 8 1 10 10 12 1 1 10 12 1 10 12 1 10 12 1 10 100 12 1 1 1 10 12 1 10 100 12 1 1 11 100 12 1 1 1 18 12 1 1 11 100 12 1 1 1 18 12 1 1 11 12 1 1 18 18 11 12 1 18 12 1 11 12 1 1 9 12 1 1 9 12 1 9 12 1 9 12 1 100 1 10 100 12 1 1 10 12 1 10 12 1 18 12 1 18 10 100 12 1 1 1 18 12 1 10 12 1 18 18 8 1 10 12 1 9 12 1 1 11 100 12 1 1 1 8 1 100 1 10 12 1 10 12 1 1 10 12 1 1 9 12 1 1 10 12 1 10 12 1 1 8 1 100 1 10 9 12 1 8 1 10 12 1 8 1 100 1 10 10 100 12 1 1 10 100 1 9 100 12 1 1 1 11 12 1 1 10 12 1 11 12 1 10 12 1 100 1 10 10 12 1 1 10 12 1 1 1 1 1 1 1 1 1 1 1 100 1 1 1 1 1 1 1 1 1 1 1 1 1 1 1 1 1 1 1 1 1 1 1 1 1 1 1 1 1 1 1 1 1 1 1 1 1 1 1 1 1 1 1 1 1 1 1 1 1 1 1 1 1 1 1 1 3 1 1 1 1 1 1 1 1 1 1 100 1 1 1 1 1 1 1 1 1 1 1 1 1 1 1 1 1 1 1 1 1 1 1 1 1 1 1 1 1 1 1 1 1 1 1 1 1 1 15 10 100 12 1 1 1 16 15 10 100 12 1 1 1 16 1 16 15 10 12 16 1 15 10 12 16 15 11 100 1 16 1 16 1 15 10 12 16 15 10 12 16 15 10 12 1 16 1 15 11 12 1 15 10 12 16 15 10 16 1 1 1 1 100 1 100 1 1
instanceKlass org/jetbrains/kotlin/codegen/inline/InplaceArgumentsMethodTransformer$ParseErrorException
instanceKlass java/lang/TypeNotPresentException
instanceKlass org/jetbrains/org/objectweb/asm/tree/UnsupportedClassVersionException
instanceKlass org/jetbrains/kotlin/backend/common/CompilationException
instanceKlass org/jetbrains/kotlin/codegen/ClassFileFactory$ModuleMappingException
instanceKlass org/jetbrains/kotlin/com/intellij/psi/impl/compiled/OutOfOrderInnerClassException
instanceKlass org/jetbrains/kotlin/com/intellij/psi/impl/compiled/ClsElementImpl$InvalidMirrorException
instanceKlass org/jetbrains/kotlin/com/intellij/psi/impl/DebugUtil$IncorrectTreeStructureException
instanceKlass org/jetbrains/kotlin/com/intellij/psi/text/BlockSupport$ReparsedSuccessfullyException
instanceKlass org/jetbrains/kotlin/lexer/KotlinLexerException
instanceKlass org/jetbrains/kotlin/protobuf/UninitializedMessageException
instanceKlass org/jetbrains/kotlin/com/intellij/openapi/util/RecursionManager$CachingPreventedException
instanceKlass org/jetbrains/kotlin/com/intellij/core/CoreJavaCodeStyleManager$1CancelException
instanceKlass org/jetbrains/kotlin/com/intellij/openapi/util/StackOverflowPreventedException
instanceKlass org/jetbrains/kotlin/com/intellij/openapi/vfs/InvalidVirtualFileAccessException
instanceKlass org/jetbrains/kotlin/com/intellij/psi/PsiInvalidElementAccessException
instanceKlass org/jetbrains/kotlin/com/fasterxml/aalto/UncheckedStreamException
instanceKlass java/util/concurrent/RejectedExecutionException
instanceKlass java/io/UncheckedIOException
instanceKlass org/jetbrains/kotlin/com/intellij/openapi/extensions/SortingException
instanceKlass org/jetbrains/kotlin/com/intellij/diagnostic/ImplementationConflictException
instanceKlass java/util/EmptyStackException
instanceKlass org/jetbrains/kotlin/com/intellij/openapi/diagnostic/RuntimeExceptionWithAttachments
instanceKlass org/jetbrains/kotlin/com/intellij/diagnostic/PluginException
instanceKlass org/jetbrains/kotlin/com/intellij/openapi/project/IndexNotReadyException
instanceKlass java/lang/SecurityException
instanceKlass org/jetbrains/kotlin/com/intellij/openapi/editor/ReadOnlyModificationException
instanceKlass org/jetbrains/kotlin/com/intellij/openapi/editor/ReadOnlyFragmentModificationException
instanceKlass org/jetbrains/kotlin/com/intellij/util/lang/CompoundRuntimeException
instanceKlass org/jetbrains/kotlin/com/intellij/util/pico/PicoException
instanceKlass org/jetbrains/kotlin/com/intellij/openapi/extensions/ExtensionNotApplicableException
instanceKlass java/util/MissingResourceException
instanceKlass java/nio/file/FileSystemNotFoundException
instanceKlass org/jetbrains/kotlin/util/ServiceLoaderLite$ServiceLoadingException
instanceKlass org/jetbrains/kotlin/compiler/plugin/PluginProcessingException
instanceKlass org/jetbrains/kotlin/compiler/plugin/CliOptionProcessingException
instanceKlass org/jetbrains/kotlin/com/intellij/util/IncorrectOperationException
instanceKlass org/jetbrains/kotlin/utils/WrappedValues$WrappedProcessCanceledException
instanceKlass java/util/ConcurrentModificationException
instanceKlass java/lang/reflect/UndeclaredThrowableException
instanceKlass java/util/NoSuchElementException
instanceKlass kotlin/NoWhenBranchMatchedException
instanceKlass java/lang/IndexOutOfBoundsException
instanceKlass java/lang/UnsupportedOperationException
instanceKlass kotlin/UninitializedPropertyAccessException
instanceKlass java/lang/IllegalStateException
instanceKlass org/jetbrains/kotlin/cli/jvm/compiler/CompileEnvironmentException
instanceKlass org/jetbrains/kotlin/utils/KotlinExceptionWithAttachments
instanceKlass org/jetbrains/kotlin/analyzer/CompilationErrorException
instanceKlass org/jetbrains/kotlin/com/intellij/openapi/progress/ProcessCanceledException
instanceKlass java/lang/IllegalArgumentException
instanceKlass java/lang/ArithmeticException
instanceKlass java/lang/NullPointerException
instanceKlass java/lang/IllegalMonitorStateException
instanceKlass java/lang/ArrayStoreException
instanceKlass java/lang/ClassCastException
ciInstanceKlass java/lang/RuntimeException 1 1 40 10 100 12 1 1 1 10 12 1 10 12 1 10 12 1 10 12 1 100 1 1 1 1 5 0 1 1 1 1 1 1 1 1 1 1 1 1 1 1
instanceKlass org/jetbrains/kotlin/utils/exceptions/KotlinIllegalArgumentExceptionWithAttachments
instanceKlass java/nio/charset/UnsupportedCharsetException
instanceKlass java/nio/charset/IllegalCharsetNameException
instanceKlass org/jetbrains/kotlin/container/UnresolvedServiceException
instanceKlass java/nio/file/InvalidPathException
instanceKlass java/lang/NumberFormatException
ciInstanceKlass java/lang/IllegalArgumentException 1 1 35 10 100 12 1 1 1 10 12 1 10 12 1 10 12 1 100 1 1 1 1 5 0 1 1 1 1 1 1 1 1 1 1 1 1
ciInstanceKlass java/lang/ArithmeticException 1 1 26 10 100 12 1 1 1 10 12 1 100 1 1 1 1 5 0 1 1 1 1 1 1 1 1 1
instanceKlass kotlin/KotlinNullPointerException
ciInstanceKlass java/lang/NullPointerException 1 1 52 10 100 12 1 1 1 10 12 1 9 100 12 1 1 1 10 12 1 1 9 12 1 1 10 12 1 1 10 12 1 1 1 1 5 0 1 1 1 1 1 1 1 1 100 1 100 1 100 1 1 1
instanceKlass kotlin/collections/AbstractMutableMap
instanceKlass java/util/Collections$SingletonMap
instanceKlass org/jetbrains/kotlin/protobuf/SmallSortedMap
instanceKlass org/jetbrains/kotlin/com/intellij/util/containers/ConcurrentRefHashMap
instanceKlass org/jetbrains/kotlin/com/intellij/util/containers/RefHashMap
instanceKlass java/util/EnumMap
instanceKlass java/util/TreeMap
instanceKlass java/util/IdentityHashMap
instanceKlass java/util/WeakHashMap
instanceKlass java/util/Collections$EmptyMap
instanceKlass sun/util/PreHashedMap
instanceKlass java/util/HashMap
instanceKlass java/util/ImmutableCollections$AbstractImmutableMap
instanceKlass java/util/concurrent/ConcurrentHashMap
ciInstanceKlass java/util/AbstractMap 1 1 192 10 7 12 1 1 1 10 7 12 1 1 1 11 7 12 1 1 1 10 11 12 1 1 11 7 12 1 1 1 11 12 1 1 7 1 11 12 1 10 12 1 1 11 12 1 100 1 10 11 12 1 11 7 1 10 12 1 1 11 12 1 9 12 1 1 7 1 10 12 1 9 12 1 1 100 1 10 11 11 12 1 1 11 12 1 100 1 100 1 11 12 1 8 1 100 1 10 10 12 1 1 8 1 10 12 1 10 12 1 1 10 12 1 1 1 1 1 1 1 1 1 1 1 1 1 1 1 1 1 1 1 1 1 1 1 1 1 1 1 1 1 1 1 1 1 1 1 1 1 1 1 1 100 1 1 1 1 1 1 1 1 1 1 1 1 1 1 1 1 100 1 1 1 1 1 1 1 1 1 100 1 100 1 100 1 100 1 1 1 1 1
ciMethod java/lang/IllegalArgumentException <init> (Ljava/lang/String;)V 0 0 1 0 -1
ciInstanceKlass java/security/AccessControlContext 1 1 373 9 7 12 1 1 1 9 12 1 1 10 100 12 1 1 1 8 1 10 100 12 1 1 1 10 7 12 1 1 1 9 12 1 9 12 1 1 9 12 1 1 10 7 12 1 1 100 1 10 12 1 11 100 12 1 1 1 11 12 1 11 12 1 11 12 1 1 100 1 11 12 1 1 10 12 1 10 100 12 1 1 1 9 100 12 1 1 1 10 100 12 1 1 1 11 100 12 1 1 1 10 100 1 100 1 8 1 10 12 1 10 12 1 1 100 1 10 100 12 1 1 1 9 12 1 9 12 1 9 12 1 9 12 1 1 9 12 1 1 9 12 1 9 12 1 10 7 12 1 1 1 9 12 1 10 12 1 1 10 12 1 1 8 1 10 12 1 1 10 12 1 1 10 100 12 1 1 1 100 1 10 10 12 1 1 10 100 12 1 1 1 10 8 1 10 100 12 1 1 8 1 10 100 12 1 1 8 1 8 1 10 12 1 8 1 10 12 1 8 1 10 12 1 10 12 1 10 12 1 1 8 1 8 1 100 1 10 12 1 10 12 1 1 100 1 10 12 1 8 1 10 12 1 10 12 1 10 8 1 10 12 1 1 10 12 1 1 10 12 1 1 10 12 1 1 10 12 1 10 12 1 10 12 1 10 12 1 1 10 10 10 12 1 1 1 1 1 1 1 1 1 1 1 1 1 1 1 1 1 1 1 1 1 1 1 1 100 1 1 1 1 1 1 1 1 1 1 1 1 1 1 1 1 1 1 1 1 1 1 1 1 1 1 1 1 1 1 1 1 1 1 1 1 1 1 1 1 1 1 1 1 1 1 1 1 1 1 1 1 3 1 1
ciInstanceKlass java/net/URL 1 1 743 10 7 12 1 1 1 10 12 1 10 7 12 1 1 9 12 1 1 9 12 1 10 7 12 1 1 1 10 12 1 1 10 12 1 1 9 12 1 1 10 7 12 1 1 1 8 1 10 12 1 1 100 1 10 10 12 1 1 8 1 10 12 1 1 9 12 1 100 1 8 1 10 12 1 10 12 1 8 1 9 12 1 10 12 1 1 9 12 1 10 12 1 10 12 1 9 12 1 9 12 1 8 1 9 12 1 10 12 1 1 8 1 9 12 1 1 10 12 1 1 10 7 12 1 1 1 8 1 10 12 1 7 1 10 12 1 10 12 1 10 12 1 10 12 1 1 10 12 1 1 8 1 10 12 1 1 10 12 1 8 1 9 12 1 8 1 10 12 1 10 7 12 1 1 1 100 1 10 12 1 10 12 1 1 10 7 12 1 1 1 100 1 8 1 10 10 12 1 8 1 10 12 1 1 10 12 1 10 12 1 10 12 1 10 12 1 10 12 1 8 1 10 12 1 10 10 7 12 1 1 1 10 12 1 9 100 12 1 1 1 10 100 12 1 1 1 9 12 1 1 10 12 1 10 100 12 1 1 1 100 1 100 1 10 12 1 10 12 1 10 12 1 10 12 1 10 12 1 10 12 10 10 10 12 1 100 1 10 12 1 10 12 1 1 8 1 9 100 12 1 1 1 10 100 12 1 1 1 10 12 1 1 9 100 12 1 1 1 10 12 1 1 100 1 10 12 1 10 12 1 10 10 12 1 1 10 12 1 1 10 12 1 10 12 1 10 12 1 10 7 12 1 1 1 10 12 1 1 10 12 1 9 12 1 1 9 12 1 1 100 1 8 1 10 10 12 1 9 12 1 1 10 7 12 1 1 8 1 10 7 12 1 1 8 1 10 12 1 1 10 12 1 8 1 8 1 10 7 12 1 1 1 100 1 10 100 12 1 1 1 10 12 1 10 12 1 100 1 10 9 12 1 1 10 7 12 1 1 8 1 10 12 1 1 100 1 10 10 100 12 1 1 1 8 9 100 12 1 1 1 10 12 1 10 12 1 10 12 1 10 12 1 10 7 12 1 1 11 7 12 1 1 10 12 1 10 12 1 9 12 1 10 12 1 1 10 100 12 1 1 10 100 12 1 1 1 8 10 100 12 1 1 100 1 10 8 8 10 12 1 8 8 8 100 1 10 12 1 9 12 1 1 10 12 1 10 12 1 1 10 12 1 10 12 10 12 1 1 10 12 1 1 10 10 10 12 1 10 12 1 10 12 1 10 12 1 10 12 1 10 10 12 1 100 1 8 1 10 10 10 12 1 1 10 12 1 10 12 1 1 8 1 7 1 10 10 10 7 1 10 12 1 9 7 12 1 1 1 9 12 1 1 7 1 10 10 7 12 1 1 1 100 1 1 1 1 1 5 0 1 1 1 1 1 1 1 1 1 1 1 1 1 1 1 1 1 1 1 1 1 1 1 1 1 1 1 1 1 1 1 1 1 1 1 1 1 1 1 100 1 1 1 1 1 1 1 1 1 1 1 1 1 1 1 1 1 1 1 1 1 1 1 1 1 1 1 1 1 1 1 1 1 1 1 1 1 100 1 1 1 1 1 1 1 1 1 1 1 1 1 1 1 1 100 1 1 1 1 1 1 1 1 1 1 1 1 1 1 1 1 1 1
staticfield java/net/URL defaultFactory Ljava/net/URLStreamHandlerFactory; java/net/URL$DefaultFactory
staticfield java/net/URL streamHandlerLock Ljava/lang/Object; java/lang/Object
staticfield java/net/URL serialPersistentFields [Ljava/io/ObjectStreamField; 7 [Ljava/io/ObjectStreamField;
ciInstanceKlass java/util/jar/Manifest 1 1 336 10 7 12 1 1 1 7 1 10 9 7 12 1 1 1 7 1 10 9 12 1 1 9 12 1 1 10 12 1 10 12 1 1 10 12 1 1 10 12 1 1 10 12 1 1 11 7 1 11 12 1 1 10 12 1 1 10 100 12 1 1 1 100 1 100 1 10 8 1 10 12 1 1 10 12 1 1 10 12 1 10 12 1 11 100 1 10 12 1 10 12 1 1 11 12 1 1 10 12 1 11 12 1 1 11 100 12 1 1 1 11 100 12 1 1 11 12 1 1 100 1 10 12 1 8 1 11 12 1 100 1 10 12 1 1 11 12 1 10 12 1 10 12 1 10 100 12 1 1 1 8 1 10 12 1 1 10 9 100 12 1 1 1 10 12 1 1 10 100 12 1 10 12 1 10 12 1 9 100 12 1 1 1 8 1 10 12 1 8 1 8 1 7 1 10 12 1 10 12 1 10 12 1 1 100 1 8 1 10 12 1 1 8 1 10 10 12 1 1 8 1 10 12 1 1 10 100 12 1 1 1 10 12 1 10 11 12 1 1 10 12 1 10 100 12 1 1 1 10 12 1 1 10 12 1 1 11 10 12 1 11 10 12 1 100 1 1 1 1 1 1 1 1 1 1 1 1 1 1 1 1 1 1 1 1 1 1 1 1 1 1 1 1 1 1 1 1 1 1 1 1 1 1 1 1 1 1 1 100 1 1 1 1 1 1 1 1 1 1 1 1 1 1 100 1 1 1 1 1 1 1 1 1 1 1
ciInstanceKlass java/lang/Iterable 1 1 62 10 7 12 1 1 1 11 7 12 1 1 1 11 7 12 1 1 1 11 12 1 1 11 7 12 1 1 1 10 100 12 1 1 1 100 1 1 1 1 1 1 1 1 1 1 1 1 1 1 1 1 1 1 1 1 1 1 1 1 1 1
ciInstanceKlass java/util/Collection 1 1 115 11 100 12 1 1 1 100 1 11 7 12 1 1 1 10 7 12 1 1 1 11 12 1 1 11 7 12 1 1 1 11 12 1 1 11 7 12 1 1 1 11 12 1 1 10 100 12 1 1 1 11 12 1 10 7 12 1 1 1 100 1 100 1 1 1 1 1 1 1 1 1 1 1 1 1 1 1 1 1 1 1 1 1 1 1 1 1 1 1 1 1 1 1 1 1 1 1 1 1 1 1 1 1 1 1 1 1 1 1 1 1 1 1 1
instanceKlass kotlin/collections/AbstractMutableCollection
instanceKlass org/jetbrains/kotlin/com/google/common/collect/ImmutableCollection
instanceKlass org/jetbrains/kotlin/it/unimi/dsi/fastutil/ints/AbstractIntCollection
instanceKlass org/jetbrains/kotlin/it/unimi/dsi/fastutil/objects/AbstractObjectCollection
instanceKlass org/jetbrains/kotlin/com/intellij/util/containers/UnsafeWeakList
instanceKlass java/util/AbstractQueue
instanceKlass org/jetbrains/kotlin/com/google/common/collect/Multimaps$Entries
instanceKlass org/jetbrains/kotlin/com/google/common/collect/AbstractMapBasedMultimap$WrappedCollection
instanceKlass java/util/HashMap$Values
instanceKlass java/util/LinkedHashMap$LinkedValues
instanceKlass org/jetbrains/kotlin/com/intellij/util/containers/ImmutableList
instanceKlass java/util/ArrayDeque
instanceKlass java/util/AbstractSet
instanceKlass java/util/ImmutableCollections$AbstractImmutableCollection
instanceKlass java/util/AbstractList
ciInstanceKlass java/util/AbstractCollection 1 1 160 10 7 12 1 1 1 10 7 12 1 1 1 10 12 1 1 11 7 12 1 1 1 11 12 1 1 10 12 1 1 10 100 12 1 1 1 10 12 1 1 10 12 1 1 10 7 12 1 1 10 7 12 1 1 1 7 1 10 100 12 1 1 1 10 100 12 1 1 1 100 1 10 11 12 1 11 7 1 10 12 1 10 12 1 10 7 12 1 1 1 11 8 1 7 1 10 10 12 1 1 8 1 10 12 1 10 12 1 1 1 1 1 1 1 1 1 1 1 1 1 1 1 1 1 1 1 1 1 1 1 1 1 1 1 1 1 1 1 1 1 1 1 1 1 1 1 1 1 1 1 1 1 1 1 1 1 1 1 1
ciInstanceKlass java/util/List 1 1 217 10 7 12 1 1 1 11 7 12 1 1 1 11 7 12 1 1 1 11 12 1 1 11 7 12 1 1 11 12 1 1 11 12 1 1 10 100 12 1 1 1 100 1 100 1 10 12 1 1 100 1 10 100 12 1 1 1 9 7 12 1 1 1 7 1 10 12 10 12 1 7 1 10 12 1 1 10 12 1 10 12 1 1 100 1 1 1 1 1 1 1 1 1 1 1 1 1 1 1 1 1 1 1 1 1 1 1 1 1 1 1 1 1 1 1 1 1 1 1 1 1 1 1 1 1 1 1 1 1 1 1 1 1 1 100 1 100 1 1 1 1 1 1 1 1 1 1 1 1 1 1 1 1 1 1 1 1 1 1 1 1 1 1 1 1 1 1 1 1 1 1 1 1 1 1 1 1 1 1 1 1 1 1 1 1 1 1 1 1 1 1 1 1 1 1 1 1 1 1 1 1 1 1 1 1 1 1 1 1 100 1 1 100 1 1 1
instanceKlass sun/security/jca/ProviderList$3
instanceKlass java/util/AbstractList$SubList
instanceKlass org/jetbrains/kotlin/com/intellij/psi/stubs/StubList$1
instanceKlass org/jetbrains/kotlin/com/intellij/psi/stubs/StubList
instanceKlass org/jetbrains/kotlin/com/intellij/util/containers/ContainerUtilRt$EmptyList
instanceKlass org/jetbrains/kotlin/com/intellij/lang/impl/PsiBuilderImpl$1
instanceKlass org/jetbrains/kotlin/com/intellij/lang/impl/PsiBuilderImpl$RelativeTokenTypesView
instanceKlass java/util/AbstractSequentialList
instanceKlass kotlin/collections/AbstractMutableList
instanceKlass org/jetbrains/kotlin/protobuf/UnmodifiableLazyStringList
instanceKlass org/jetbrains/kotlin/protobuf/LazyStringArrayList
instanceKlass java/util/ArrayList$SubList
instanceKlass org/jetbrains/kotlin/com/intellij/util/containers/DisposableWrapperList
instanceKlass org/jetbrains/kotlin/com/intellij/util/SmartList
instanceKlass java/util/Vector
instanceKlass java/util/Collections$SingletonList
instanceKlass org/jetbrains/kotlin/utils/SmartList
instanceKlass java/util/Arrays$ArrayList
instanceKlass java/util/Collections$EmptyList
instanceKlass java/util/ArrayList
ciInstanceKlass java/util/AbstractList 1 1 218 10 7 12 1 1 1 9 7 12 1 1 1 10 12 1 1 10 12 1 1 100 1 10 10 12 1 1 11 7 12 1 1 1 11 12 1 1 11 12 1 10 7 12 1 1 1 10 12 1 11 12 1 11 12 1 11 12 1 10 12 1 1 10 12 1 1 11 100 12 1 1 1 11 100 1 11 7 1 10 12 1 7 1 10 12 1 10 12 1 1 7 1 7 1 10 12 1 7 1 10 100 1 100 1 10 8 1 10 12 1 1 10 12 1 10 12 1 1 10 12 1 8 1 100 1 8 1 8 1 8 1 10 7 1 11 10 10 12 1 11 12 1 10 12 1 1 8 1 8 1 1 1 1 1 1 1 1 1 1 1 1 1 1 1 1 1 1 1 1 1 1 1 1 1 1 1 1 1 1 1 1 1 1 1 1 1 1 1 1 1 1 1 1 1 1 1 1 1 1 1 1 1 1 1 1 1 1 100 1 100 1 1 1 1 1 1 1
ciInstanceKlass java/lang/AssertionStatusDirectives 0 0 24 10 100 12 1 1 1 100 1 1 1 1 1 1 1 1 1 1 1 1 1 1 1 1
ciInstanceKlass java/lang/invoke/MethodHandleNatives$CallSiteContext 1 1 49 10 7 12 1 1 1 7 1 10 10 7 12 1 1 1 10 7 12 1 1 1 10 7 12 1 1 1 100 1 1 1 1 1 1 1 1 1 1 1 1 1 1 1 1 1 100 1 1
ciInstanceKlass jdk/internal/invoke/NativeEntryPoint 0 0 92 10 100 12 1 1 1 9 100 12 1 1 1 10 100 12 1 1 1 100 1 9 12 1 9 12 1 9 12 1 1 9 12 1 1 9 12 1 1 100 1 8 1 10 12 1 11 100 12 1 1 1 10 12 1 1 10 12 1 11 100 12 1 1 11 12 1 10 12 1 1 10 12 1 1 1 1 1 1 1 1 1 1 1 1 1 1 1 1 1 1 1
instanceKlass java/lang/invoke/VolatileCallSite
instanceKlass java/lang/invoke/MutableCallSite
instanceKlass java/lang/invoke/ConstantCallSite
ciInstanceKlass java/lang/invoke/CallSite 1 1 302 10 7 12 1 1 1 10 7 12 1 1 1 9 7 12 1 1 1 10 12 1 1 9 12 1 1 10 7 12 1 1 1 10 12 1 100 1 10 12 1 1 10 12 1 1 9 100 12 1 1 1 10 100 12 1 1 10 12 1 1 100 1 100 1 10 10 100 12 1 1 1 10 12 1 1 8 1 10 12 1 10 12 1 1 10 12 1 10 12 1 1 10 12 1 1 10 10 100 12 1 1 10 12 1 1 9 12 1 9 100 12 1 1 1 8 1 10 7 12 1 1 1 10 12 1 1 100 1 10 12 1 1 9 12 1 8 1 100 1 10 12 1 10 12 1 100 1 8 1 10 10 12 1 10 12 1 1 100 1 10 12 1 1 10 12 1 10 12 1 10 12 1 1 10 12 1 1 9 12 1 1 8 10 12 1 1 9 12 1 1 100 1 10 10 12 1 10 100 12 1 1 1 10 12 1 1 10 12 1 1 10 12 1 10 7 12 1 1 1 100 1 8 1 10 10 12 10 12 1 1 100 1 100 1 100 1 8 1 10 12 1 10 7 12 1 1 1 1 1 1 1 1 1 1 1 1 1 1 1 1 1 1 1 1 1 1 1 1 1 1 1 1 1 1 1 1 1 1 1 1 1 1 1 1 1 1 1 1 1 1 1 1 1 1 1 1 1 1 1 1 1
staticfield java/lang/invoke/CallSite $assertionsDisabled Z 1
ciInstanceKlass java/lang/invoke/VolatileCallSite 0 0 37 10 100 12 1 1 1 10 12 1 10 100 12 1 1 1 10 12 1 10 12 1 1 1 1 1 1 1 1 1 1 1 1 1 1 1 1
ciInstanceKlass java/lang/invoke/MethodType 1 1 771 7 1 10 7 12 1 1 1 9 12 1 1 9 12 1 1 9 12 1 1 10 7 12 1 1 1 9 7 12 1 1 8 1 10 100 12 1 1 1 9 7 1 9 7 1 10 12 1 1 100 1 10 8 1 10 12 1 1 10 12 1 10 12 1 1 100 1 8 1 10 12 1 100 1 10 10 12 1 10 12 1 1 10 12 1 1 11 7 12 1 1 1 9 12 1 11 12 1 1 7 7 1 10 7 12 1 1 1 10 12 1 9 12 1 1 10 7 12 1 1 10 12 1 1 10 7 12 1 1 1 10 7 12 1 1 1 10 12 1 9 12 1 1 10 12 1 1 100 1 10 12 1 1 10 12 1 1 10 12 1 1 10 12 1 1 10 12 1 1 10 12 1 10 12 1 10 12 1 1 10 12 1 8 1 8 1 10 12 1 1 9 12 1 1 100 1 10 10 12 1 1 10 12 1 10 12 1 1 10 12 1 1 10 12 1 10 12 1 1 10 12 1 8 1 10 12 1 1 10 100 12 1 1 1 10 12 1 10 12 1 1 10 12 1 10 12 1 10 12 1 1 10 12 1 10 12 1 9 12 1 10 12 1 10 10 12 1 1 10 12 1 9 12 1 1 10 12 1 1 10 12 1 1 10 12 1 1 10 12 1 1 7 1 10 12 10 12 1 10 12 1 100 1 8 1 8 1 8 1 10 12 1 10 12 1 10 12 1 10 11 12 1 1 11 12 1 10 100 12 1 1 1 9 12 1 10 12 1 10 12 1 1 10 12 1 1 10 12 1 10 12 1 10 100 12 1 1 1 10 12 1 1 10 12 1 10 12 1 10 12 1 10 9 12 1 1 7 1 10 12 1 10 12 1 1 9 100 12 1 1 1 10 100 12 1 1 1 10 100 12 1 1 1 10 12 1 1 10 100 12 1 1 1 10 12 1 1 8 1 10 7 12 1 1 1 11 12 1 1 9 12 1 1 10 12 1 1 10 12 1 10 12 1 1 10 12 1 1 10 100 12 1 1 100 1 10 12 1 1 11 100 12 1 1 1 18 12 1 1 11 12 1 1 18 12 1 11 12 1 100 1 11 100 12 1 1 10 12 1 100 1 10 12 1 10 100 12 1 1 10 12 1 1 9 12 1 1 9 100 12 1 1 1 10 100 12 1 1 1 9 12 1 10 100 12 1 1 10 12 1 100 10 12 1 1 10 12 1 10 7 1 7 1 9 12 1 1 100 1 100 1 100 1 1 1 5 0 1 1 1 1 1 1 1 3 1 3 1 3 1 1 1 1 1 1 1 1 1 1 1 1 1 1 1 1 1 1 1 1 1 1 1 1 1 1 1 1 1 1 1 1 1 1 1 1 1 1 1 1 1 1 1 1 1 1 1 1 1 1 1 1 1 1 1 1 1 1 1 1 1 1 1 1 1 1 1 1 1 1 1 1 1 1 1 1 1 1 1 1 1 1 1 1 1 1 1 1 1 1 1 1 1 1 1 1 1 1 1 1 1 1 1 1 1 1 1 1 1 1 1 1 1 1 1 1 1 1 1 1 1 1 1 1 1 1 1 100 1 100 1 1 1 1 1 1 1 1 1 1 1 1 1 100 1 1 1 100 1 1 1 1 1 1 1 1 1 1 1 1 1 1 1 1 1 1 1 1 1 15 10 100 12 1 1 1 16 15 10 12 16 16 15 10 12 16 1 1 1 1 100 1 1 100 1 1 100 1 100 1 1
staticfield java/lang/invoke/MethodType internTable Ljava/lang/invoke/MethodType$ConcurrentWeakInternSet; java/lang/invoke/MethodType$ConcurrentWeakInternSet
staticfield java/lang/invoke/MethodType NO_PTYPES [Ljava/lang/Class; 0 [Ljava/lang/Class;
staticfield java/lang/invoke/MethodType objectOnlyTypes [Ljava/lang/invoke/MethodType; 20 [Ljava/lang/invoke/MethodType;
staticfield java/lang/invoke/MethodType METHOD_HANDLE_ARRAY [Ljava/lang/Class; 1 [Ljava/lang/Class;
staticfield java/lang/invoke/MethodType serialPersistentFields [Ljava/io/ObjectStreamField; 0 [Ljava/io/ObjectStreamField;
staticfield java/lang/invoke/MethodType $assertionsDisabled Z 1
ciInstanceKlass java/lang/BootstrapMethodError 0 0 45 10 100 12 1 1 1 10 12 1 10 12 1 10 100 12 1 1 1 10 100 12 1 1 1 1 1 1 5 0 1 1 1 1 1 1 1 1 1 1 1 100 1 1 1
ciInstanceKlass jdk/internal/loader/ClassLoaders$AppClassLoader 1 1 119 8 1 10 7 12 1 1 1 10 7 12 1 1 1 10 100 12 1 1 1 10 12 1 1 10 100 12 1 1 1 10 12 1 1 10 12 1 1 7 1 8 1 10 12 10 7 12 1 1 1 10 100 12 1 1 10 12 1 1 10 12 1 1 10 7 12 1 1 1 100 1 10 12 1 1 1 1 1 1 1 1 1 1 1 1 1 1 1 1 1 1 1 1 1 100 1 1 1 1 1 1 1 1 1 1 1 1 1 1 1 1 1 1 1 100 1 1 1
ciInstanceKlass jdk/internal/loader/ClassLoaders$PlatformClassLoader 1 1 42 8 1 10 7 12 1 1 1 10 7 12 1 1 1 100 1 10 12 1 100 1 1 1 1 1 1 1 1 1 1 1 1 1 1 100 1 1 1 100 1 1
ciInstanceKlass java/lang/ArrayStoreException 1 1 26 10 100 12 1 1 1 10 12 1 100 1 1 1 1 5 0 1 1 1 1 1 1 1 1 1
ciInstanceKlass java/lang/ClassCastException 1 1 26 10 100 12 1 1 1 10 12 1 100 1 1 1 1 5 0 1 1 1 1 1 1 1 1 1
ciInstanceKlass java/lang/NoClassDefFoundError 0 0 26 10 100 12 1 1 1 10 12 1 100 1 1 1 1 5 0 1 1 1 1 1 1 1 1 1
ciInstanceKlass java/lang/IllegalMonitorStateException 1 1 26 10 100 12 1 1 1 10 12 1 100 1 1 1 1 5 0 1 1 1 1 1 1 1 1 1
ciInstanceKlass java/lang/StackOverflowError 1 1 26 10 100 12 1 1 1 10 12 1 100 1 1 1 1 5 0 1 1 1 1 1 1 1 1 1
instanceKlass java/lang/StackOverflowError
instanceKlass java/lang/OutOfMemoryError
instanceKlass java/lang/InternalError
ciInstanceKlass java/lang/VirtualMachineError 1 1 34 10 100 12 1 1 1 10 12 1 10 12 1 10 12 1 100 1 1 1 1 5 0 1 1 1 1 1 1 1 1 1 1 1
ciInstanceKlass java/lang/OutOfMemoryError 1 1 26 10 100 12 1 1 1 10 12 1 100 1 1 1 1 5 0 1 1 1 1 1 1 1 1 1
ciInstanceKlass java/lang/InternalError 0 0 34 10 100 12 1 1 1 10 12 1 10 12 1 10 12 1 100 1 1 1 1 5 0 1 1 1 1 1 1 1 1 1 1 1
ciInstanceKlass java/lang/StackTraceElement 0 0 224 10 100 12 1 1 1 10 100 12 1 1 9 12 1 1 9 12 1 1 9 12 1 9 12 1 8 1 10 100 12 1 1 1 100 1 9 12 1 8 1 9 12 1 9 12 1 9 12 1 1 8 1 10 12 1 1 10 12 1 100 1 10 10 12 1 1 8 1 10 12 1 1 10 12 1 8 1 8 1 8 1 10 12 1 8 1 8 1 10 12 1 8 1 8 1 10 12 1 1 10 12 1 10 12 1 1 10 12 1 9 12 1 1 10 100 12 1 1 1 10 12 1 1 100 1 10 12 1 1 10 100 12 1 1 10 100 12 1 1 1 10 100 12 1 1 10 100 12 1 1 10 10 12 1 1 10 12 1 10 12 1 1 100 1 1 1 1 1 3 1 3 1 1 5 0 1 1 1 1 1 1 1 1 1 1 1 1 1 1 1 1 1 1 1 1 1 1 1 1 1 1 100 1 100 1 1 1 1 1 1 1 1 1 1 100 1 1 1 1 1 1 1 1
instanceKlass java/nio/CharBuffer
instanceKlass java/nio/IntBuffer
instanceKlass java/nio/LongBuffer
instanceKlass java/nio/ByteBuffer
ciInstanceKlass java/nio/Buffer 1 1 224 100 1 10 7 12 1 1 1 9 7 12 1 1 1 9 12 1 9 12 1 1 9 12 1 9 12 1 1 10 12 1 1 10 12 1 1 10 12 100 1 100 1 10 8 1 10 12 1 1 10 12 1 8 1 8 1 10 12 1 1 10 12 1 8 1 9 12 1 1 100 1 8 1 10 12 1 8 1 8 1 9 12 10 12 1 8 1 8 1 8 1 10 12 1 8 1 8 1 8 1 100 1 10 100 1 10 100 1 10 100 1 10 10 100 12 1 1 1 10 11 100 12 1 1 10 7 12 1 1 1 10 7 12 1 1 1 9 12 1 1 10 7 12 1 1 1 9 12 1 1 7 1 10 10 7 12 1 1 1 1 1 3 1 1 1 1 1 1 1 1 1 1 1 1 1 1 1 1 1 1 100 1 1 1 1 1 1 1 1 1 1 1 1 1 1 1 1 1 1 1 1 1 1 1 1 1 1 1 1 1 1 1 1 1 1 1 1 1 1 1 1 1 1
staticfield java/nio/Buffer UNSAFE Ljdk/internal/misc/Unsafe; jdk/internal/misc/Unsafe
staticfield java/nio/Buffer SCOPED_MEMORY_ACCESS Ljdk/internal/misc/ScopedMemoryAccess; jdk/internal/misc/ScopedMemoryAccess
staticfield java/nio/Buffer $assertionsDisabled Z 1
ciInstanceKlass jdk/internal/util/ArraysSupport 1 1 271 7 1 100 1 8 1 10 12 1 1 10 12 1 1 10 100 12 1 1 9 7 12 1 1 1 9 12 1 1 10 7 12 1 1 1 9 12 1 1 10 100 12 1 1 1 9 12 1 10 12 9 12 1 10 12 1 1 10 12 9 12 1 9 12 1 10 12 1 1 9 12 1 9 12 1 9 12 1 9 12 1 9 12 1 9 12 1 9 12 1 10 12 1 1 10 100 12 1 1 1 9 12 1 9 12 1 10 12 1 1 10 12 1 9 12 1 10 12 1 10 100 12 1 1 1 9 12 1 9 12 1 10 12 1 10 12 1 10 7 12 1 1 1 3 10 12 1 100 1 100 1 10 8 1 10 12 1 1 10 12 1 8 1 8 1 10 12 1 1 10 10 12 1 1 10 12 1 1 9 12 1 10 12 1 9 12 1 9 12 1 9 12 1 9 12 1 9 12 1 9 12 1 9 12 1 100 1 1 1 1 1 1 1 1 1 1 1 1 1 1 1 1 1 1 1 1 1 1 1 1 1 1 1 1 1 1 1 1 1 1 1 1 1 1 1 1 1 1 1 1 1 1 1 1 1 1 1 1 1 1 1 1 1 1 1 1 1 1 1 1
staticfield jdk/internal/util/ArraysSupport U Ljdk/internal/misc/Unsafe; jdk/internal/misc/Unsafe
staticfield jdk/internal/util/ArraysSupport BIG_ENDIAN Z 0
staticfield jdk/internal/util/ArraysSupport LOG2_ARRAY_BOOLEAN_INDEX_SCALE I 0
staticfield jdk/internal/util/ArraysSupport LOG2_ARRAY_BYTE_INDEX_SCALE I 0
staticfield jdk/internal/util/ArraysSupport LOG2_ARRAY_CHAR_INDEX_SCALE I 1
staticfield jdk/internal/util/ArraysSupport LOG2_ARRAY_SHORT_INDEX_SCALE I 1
staticfield jdk/internal/util/ArraysSupport LOG2_ARRAY_INT_INDEX_SCALE I 2
staticfield jdk/internal/util/ArraysSupport LOG2_ARRAY_LONG_INDEX_SCALE I 3
staticfield jdk/internal/util/ArraysSupport LOG2_ARRAY_FLOAT_INDEX_SCALE I 2
staticfield jdk/internal/util/ArraysSupport LOG2_ARRAY_DOUBLE_INDEX_SCALE I 3
staticfield jdk/internal/util/ArraysSupport LOG2_BYTE_BIT_SIZE I 3
ciMethod jdk/internal/util/ArraysSupport newLength (III)I 512 0 3688 0 0
ciMethod jdk/internal/util/ArraysSupport hugeLength (II)I 0 0 1 0 -1
ciInstanceKlass jdk/internal/misc/UnsafeConstants 1 1 34 10 100 12 1 1 1 9 7 12 1 1 1 9 12 1 9 12 1 1 9 12 1 9 12 1 1 1 1 1 1 1 1 1
staticfield jdk/internal/misc/UnsafeConstants ADDRESS_SIZE0 I 8
staticfield jdk/internal/misc/UnsafeConstants PAGE_SIZE I 4096
staticfield jdk/internal/misc/UnsafeConstants BIG_ENDIAN Z 0
staticfield jdk/internal/misc/UnsafeConstants UNALIGNED_ACCESS Z 1
staticfield jdk/internal/misc/UnsafeConstants DATA_CACHE_LINE_FLUSH_SIZE I 0
instanceKlass java/lang/invoke/DelegatingMethodHandle
instanceKlass java/lang/invoke/BoundMethodHandle
instanceKlass java/lang/invoke/DirectMethodHandle
ciInstanceKlass java/lang/invoke/MethodHandle 1 1 641 100 1 9 7 12 1 1 1 10 7 12 1 1 1 10 7 12 1 1 1 7 1 7 1 10 12 1 1 9 12 1 1 10 12 1 10 12 1 1 10 12 1 1 10 100 12 1 1 1 10 12 1 1 10 12 1 1 11 100 12 1 1 1 10 12 1 1 10 12 1 10 12 1 9 12 1 1 10 12 1 1 100 1 100 1 10 8 1 10 12 1 1 10 12 1 8 1 10 12 1 1 10 12 1 10 7 12 1 1 1 10 12 1 10 12 1 1 10 12 1 1 10 12 1 1 10 12 1 1 10 7 12 1 1 1 10 100 12 1 1 1 7 1 10 12 1 1 10 12 1 1 10 12 1 1 8 1 10 7 12 1 1 1 8 1 10 12 1 1 10 12 1 1 10 12 1 1 10 12 1 8 1 10 12 1 1 8 1 10 12 1 8 1 10 100 12 1 1 1 9 12 1 1 100 1 10 9 100 12 1 1 1 9 100 1 8 1 10 12 1 1 10 12 1 10 12 1 1 10 12 1 10 12 1 1 10 12 1 10 12 1 1 10 12 1 10 12 1 1 10 12 1 1 8 1 10 12 1 1 8 1 10 12 1 10 12 1 1 10 12 1 10 12 1 10 12 1 1 9 100 12 1 1 1 10 12 1 1 11 12 1 10 12 1 10 12 1 1 10 100 12 1 1 1 100 1 11 12 1 10 100 1 11 12 1 100 1 10 12 1 11 12 1 9 100 12 1 1 1 11 12 1 1 11 100 12 1 1 1 10 12 1 1 9 12 1 11 12 1 9 12 1 9 12 1 9 12 1 11 12 1 1 9 12 1 9 12 1 9 12 1 9 12 1 9 12 1 9 12 1 9 12 1 8 1 10 12 1 10 12 1 8 1 10 12 1 10 12 1 10 10 7 12 1 1 10 12 1 1 100 1 8 1 10 12 1 1 10 12 1 1 10 12 1 10 12 1 100 1 10 100 12 1 1 1 10 12 1 9 7 12 1 1 1 10 12 1 1 10 12 1 1 8 1 9 12 1 9 12 1 1 9 12 1 1 10 12 1 7 1 10 12 1 10 12 1 1 9 12 1 1 9 12 1 1 10 7 12 1 1 1 11 7 12 1 1 9 12 1 10 12 1 1 9 12 1 10 12 1 8 10 12 1 1 8 1 1 1 1 1 1 100 1 1 1 1 1 1 1 1 1 1 1 1 1 1 1 1 1 1 1 1 1 1 1 1 1 1 1 1 1 1 1 1 1 1 1 1 1 1 1 1 1 1 1 1 1 1 1 1 1 1 1 1 1 1 1 1 1 1 1 1 1 1 1 1 1 1 1 1 1 100 1 1 1 1 1 1 1 1 1 100 1 1 1 1 1 1 1 1 1 1 1 1 1 1 1 1 1 1 1 1 1 1 1 1 1 1 1 100 1 1 100 1 1 100 1 1 1 1
staticfield java/lang/invoke/MethodHandle FORM_OFFSET J 20
staticfield java/lang/invoke/MethodHandle UPDATE_OFFSET J 13
staticfield java/lang/invoke/MethodHandle $assertionsDisabled Z 1
instanceKlass java/lang/ProcessEnvironment
instanceKlass java/util/LinkedHashMap
ciInstanceKlass java/util/HashMap 1 1 610 10 7 12 1 1 1 100 1 10 12 1 1 100 1 10 7 12 1 1 1 100 1 11 12 1 1 11 12 1 11 12 1 1 10 7 12 1 1 1 7 1 3 10 7 12 1 1 1 100 1 100 1 10 8 1 10 12 1 1 10 12 1 10 12 1 1 10 12 1 10 7 12 1 1 1 8 1 10 12 1 9 12 1 1 10 12 1 9 12 1 1 4 10 12 1 10 12 1 1 11 7 12 1 1 9 12 1 1 4 10 12 1 1 11 12 1 1 11 7 12 1 1 1 11 7 12 1 1 1 11 12 1 1 7 1 11 12 1 11 12 1 10 12 1 10 12 1 1 9 12 10 12 1 1 9 7 12 1 1 1 9 12 9 12 1 10 12 1 1 9 12 1 7 1 10 12 1 1 10 12 1 1 10 12 1 1 10 12 1 1 10 12 1 1 9 12 1 10 12 1 1 3 10 12 1 1 10 12 1 1 9 12 1 1 9 10 12 1 1 10 12 1 1 10 12 1 1 10 12 1 9 12 1 1 7 1 10 12 1 10 12 1 10 7 12 1 1 1 7 1 9 12 1 1 7 1 10 9 12 7 1 10 100 1 10 11 7 12 1 1 1 100 1 10 11 7 12 1 1 11 100 12 1 1 1 10 12 1 100 1 100 1 10 12 1 10 12 1 10 12 1 10 100 12 1 1 10 12 1 1 10 12 1 1 10 100 12 1 1 1 8 10 100 12 1 1 1 100 1 10 4 10 100 12 1 1 1 4 10 12 1 10 100 12 1 1 1 10 12 1 8 1 4 10 100 12 1 1 1 100 1 11 100 12 1 1 1 10 12 1 10 12 1 10 10 12 1 1 100 1 100 1 1 1 1 5 0 1 3 1 1 1 3 1 3 1 3 1 1 1 1 1 1 1 1 1 1 1 1 1 1 1 1 1 1 1 1 1 1 100 1 1 1 1 1 1 1 1 1 1 1 1 1 1 1 1 1 1 1 1 1 1 1 1 1 1 1 1 1 1 1 1 100 1 1 1 1 1 1 1 1 1 1 1 1 1 1 1 1 1 1 1 1 1 1 1 1 1 1 1 1 1 1 1 1 1 1 1 1 1 1 1 1 1 1 1 1 1 1 1 1 1 1 100 1 1 1 1 1 1 1 1 1 1 1 1 1 1 1 1 1 1 1 1 1 1 1 1 1 1 1 1 1 1 1 1 1 1 1 1 1 1 1 1 1 1 1 1 1 1 1 1 100 1 1 1 1 1 1 1 1 100 1 1 1 1 1 1 1 1 1 1 1 1 1 1 100 1 100 1 100 1 100 1 100 1 100 1 100 1 100 1 1 1 1 1 1 1 1 1 1 1 1 1 1 1 1 1 1
ciMethod java/util/HashMap get (Ljava/lang/Object;)Ljava/lang/Object; 1024 0 49672 0 704
instanceKlass java/lang/invoke/DirectMethodHandle$Special
instanceKlass java/lang/invoke/DirectMethodHandle$Interface
instanceKlass java/lang/invoke/DirectMethodHandle$Constructor
instanceKlass java/lang/invoke/DirectMethodHandle$Accessor
ciInstanceKlass java/lang/invoke/DirectMethodHandle 1 1 940 7 1 7 1 100 1 7 1 7 1 10 7 12 1 1 1 10 7 12 1 1 1 100 1 10 12 1 10 12 1 1 10 7 12 1 1 10 12 1 1 10 12 1 10 12 1 7 1 10 12 1 1 10 12 1 1 10 12 1 10 12 1 1 10 7 12 1 1 1 10 12 1 9 12 1 1 100 1 10 9 12 1 1 9 12 1 10 12 1 10 12 1 10 12 1 1 10 12 1 10 12 1 10 12 1 10 7 12 1 1 1 10 12 1 10 12 1 1 8 1 10 12 1 1 7 1 10 12 1 7 1 10 10 12 1 10 12 1 10 12 1 10 7 12 1 1 1 10 12 1 1 100 1 10 12 1 10 12 1 7 1 10 12 1 10 12 1 1 10 12 1 1 10 12 1 8 10 100 12 1 1 1 10 12 1 10 12 1 10 12 1 1 10 12 1 9 7 12 1 1 1 7 1 10 12 1 10 7 12 1 1 1 10 12 1 10 12 1 1 9 12 1 1 100 1 10 8 1 10 12 1 1 10 12 1 10 12 1 10 10 12 1 10 12 1 10 12 1 10 12 1 10 12 1 1 10 12 1 10 12 1 1 10 12 1 10 12 1 1 10 10 7 12 1 1 1 10 12 1 10 12 1 1 10 12 1 10 12 1 1 8 1 9 7 12 1 1 1 8 1 9 12 1 9 12 1 8 1 9 12 1 9 12 1 8 1 9 12 1 9 12 1 8 1 10 12 1 10 12 1 1 9 12 1 1 7 1 10 12 1 1 100 1 10 7 12 1 1 1 10 12 1 1 10 12 1 10 12 1 1 7 1 10 12 1 1 10 12 1 10 12 1 1 7 1 10 12 1 1 10 7 12 1 1 1 10 12 1 10 12 1 10 12 1 9 12 1 1 10 7 1 9 12 9 12 1 10 7 12 1 1 1 10 12 1 7 1 7 1 7 1 9 12 1 1 10 7 12 1 10 12 1 1 10 12 1 100 1 10 12 1 10 12 1 1 9 100 12 1 1 1 10 12 1 1 100 1 10 100 12 1 1 1 10 12 1 10 12 1 8 1 9 12 1 9 12 1 10 12 1 9 12 1 1 10 100 12 1 1 1 9 12 1 1 9 12 1 1 10 12 1 10 12 1 10 12 1 10 12 1 10 12 1 1 10 12 1 10 7 12 1 1 9 12 1 10 12 1 10 12 1 10 12 1 10 12 1 1 10 12 1 1 9 12 1 1 10 12 1 1 9 7 12 1 1 1 9 12 1 9 12 1 9 12 1 9 12 1 9 12 1 9 12 1 9 12 1 9 12 1 9 12 1 9 12 1 9 12 1 9 12 1 9 12 1 9 12 1 9 12 1 9 12 1 9 12 1 9 12 1 9 12 1 9 12 1 9 12 1 9 12 1 9 12 1 9 12 1 9 12 1 9 12 1 9 12 1 9 12 1 9 12 1 9 12 1 9 12 1 9 12 1 9 12 1 9 12 1 9 12 1 9 12 1 8 1 9 12 1 1 9 12 1 1 10 12 1 10 12 1 1 9 7 1 10 12 1 9 12 1 1 10 12 10 12 1 10 12 1 10 12 1 10 8 1 8 1 8 1 8 1 10 12 1 1 9 12 1 1 10 12 1 10 100 12 1 1 1 8 9 12 1 1 10 12 1 1 8 1 8 8 9 12 1 8 1 8 8 8 8 8 1 8 10 12 1 10 12 1 8 1 8 1 10 12 1 10 12 1 10 12 1 10 12 1 1 7 1 1 1 1 3 1 3 1 3 1 3 1 3 1 3 1 3 1 3 1 3 1 3 1 1 1 1 1 1 1 1 1 1 3 1 3 1 1 1 1 3 1 1 1 1 1 1 1 1 1 1 1 1 1 1 1 1 1 1 1 1 1 1 1 1 1 1 1 1 1 1 1 1 1 1 1 1 1 1 1 1 1 1 1 1 1 1 1 1 1 1 1 1 1 1 1 1 100 1 1 1 1 1 1 1 1 1 1 1 1 100 1 1 1 1 1 1 1 1 1 1 1 1 1 1 1 1 1 1 1 1 1 1 1 1 1 1 1 1 1 1 1 1 1 1 1 1 1 1 1 1 1 1 1 1 1 1 1 1 1 1 1
staticfield java/lang/invoke/DirectMethodHandle IMPL_NAMES Ljava/lang/invoke/MemberName$Factory; java/lang/invoke/MemberName$Factory
staticfield java/lang/invoke/DirectMethodHandle FT_UNCHECKED_REF I 8
staticfield java/lang/invoke/DirectMethodHandle ACCESSOR_FORMS [Ljava/lang/invoke/LambdaForm; 132 [Ljava/lang/invoke/LambdaForm;
staticfield java/lang/invoke/DirectMethodHandle ALL_WRAPPERS [Lsun/invoke/util/Wrapper; 10 [Lsun/invoke/util/Wrapper;
staticfield java/lang/invoke/DirectMethodHandle NFS [Ljava/lang/invoke/LambdaForm$NamedFunction; 12 [Ljava/lang/invoke/LambdaForm$NamedFunction;
staticfield java/lang/invoke/DirectMethodHandle OBJ_OBJ_TYPE Ljava/lang/invoke/MethodType; java/lang/invoke/MethodType
staticfield java/lang/invoke/DirectMethodHandle LONG_OBJ_TYPE Ljava/lang/invoke/MethodType; java/lang/invoke/MethodType
staticfield java/lang/invoke/DirectMethodHandle $assertionsDisabled Z 1
ciInstanceKlass java/lang/invoke/LambdaForm 1 1 1052 100 1 9 7 12 1 1 1 10 7 12 1 1 1 10 7 12 1 1 9 12 1 1 9 12 1 1 10 12 1 1 100 1 10 9 12 1 10 12 1 1 9 12 1 10 7 12 1 1 1 9 12 1 9 12 1 9 12 1 1 9 12 1 10 12 1 1 7 1 10 12 1 10 100 12 1 1 1 10 100 12 1 1 1 10 12 1 10 12 1 1 9 100 12 1 1 1 10 12 1 1 9 12 1 10 12 1 1 10 12 1 10 12 1 1 10 12 1 1 10 100 12 1 1 1 7 1 10 10 12 1 1 8 1 10 12 1 10 12 1 10 12 1 1 7 1 10 7 12 1 1 1 10 12 1 1 10 12 1 10 12 1 1 9 12 1 1 9 12 1 9 12 1 1 10 12 1 9 12 1 10 100 12 1 1 1 10 12 1 1 10 12 1 9 12 1 1 10 100 12 1 1 1 10 12 1 10 12 1 10 12 1 10 12 1 10 12 1 10 12 1 1 10 12 1 10 12 1 1 8 1 10 12 1 10 12 1 8 1 8 1 9 12 1 9 12 1 9 12 1 1 10 12 1 1 10 12 1 9 12 1 10 12 1 1 10 7 12 1 1 1 10 12 1 1 10 12 1 10 12 1 10 12 1 1 9 12 1 10 12 1 8 1 8 1 8 1 8 1 8 1 8 1 8 1 8 1 10 12 1 9 12 1 7 1 10 12 1 1 9 12 1 10 12 1 10 12 1 1 10 12 10 12 1 10 12 1 1 10 12 1 1 10 10 12 1 1 10 12 1 1 7 1 8 1 10 12 1 1 10 12 1 10 12 1 1 10 8 1 10 12 1 1 8 1 8 1 8 1 10 12 1 9 12 1 1 10 12 1 1 10 12 1 1 100 1 10 12 1 1 10 12 1 10 7 12 1 1 1 10 12 1 1 9 12 1 1 8 1 10 100 12 1 1 1 10 7 12 1 1 10 12 10 10 12 1 1 9 12 1 8 10 12 1 1 100 1 10 12 1 1 10 12 1 9 7 12 1 1 9 12 1 1 8 1 10 100 12 1 1 10 12 1 1 100 1 100 1 10 10 12 1 1 10 12 1 1 8 1 8 1 100 1 8 1 10 12 10 12 1 10 12 1 10 12 1 1 8 1 8 1 9 100 12 1 1 1 10 12 1 10 12 1 1 8 1 8 1 8 1 100 1 8 1 100 1 8 1 100 1 8 1 10 12 1 8 1 9 10 7 12 1 1 1 10 12 1 9 12 1 1 10 12 1 10 10 12 1 10 12 1 10 12 1 10 12 1 1 10 12 1 10 12 1 1 10 12 1 1 10 12 1 1 8 1 100 10 12 1 10 12 1 9 12 1 1 10 7 12 1 1 8 1 8 1 100 1 8 1 8 1 8 1 8 1 8 1 8 1 8 1 8 1 10 12 1 1 10 12 1 1 10 12 1 10 12 1 8 1 8 1 8 1 10 12 1 8 1 10 12 1 8 1 8 1 8 1 8 1 8 1 10 12 1 10 12 1 10 12 1 1 10 7 12 1 1 1 10 12 1 10 12 1 10 12 1 10 12 1 10 12 1 10 12 1 10 12 1 9 12 1 1 8 1 10 12 1 1 9 12 1 1 10 12 1 1 9 12 1 9 12 1 1 9 12 1 9 12 1 1 7 1 10 7 12 1 1 1 9 12 1 10 12 1 10 12 1 8 1 10 12 1 9 12 1 1 7 1 10 7 12 1 1 1 8 1 100 1 10 12 1 9 12 1 9 12 1 10 12 1 10 12 1 10 7 12 1 1 1 10 12 1 9 7 12 1 1 10 12 1 1 10 12 1 10 12 1 9 12 10 12 1 10 10 12 1 9 9 12 1 7 9 12 1 1 10 12 1 1 9 12 1 10 12 1 10 7 1 9 1 1 1 1 3 1 3 1 3 1 1 1 1 1 1 1 1 1 1 1 1 1 1 1 1 1 1 1 1 1 1 1 1 1 1 1 1 1 1 1 1 1 1 1 1 1 1 1 1 1 1 1 1 1 1 1 1 1 1 1 1 1 1 1 1 100 1 1 1 1 1 1 1 1 1 1 1 1 1 1 1 1 1 1 1 1 1 1 1 1 1 1 1 1 1 1 1 1 1 1 1 1 1 1 1 1 1 1 1 1 1 1 1 1 1 1 1 1 1 1 1 1 1 1 1 100 1 1 1 1 1 1 1 1 1 1 1 1 1 1 1 1 1 1 1 1 1 1 1 1 1 1 1 1 1 1 1 1 1 1 100 1 1 1 1 1 1 1 1 1 1 1 1 1 1 1 1 1 1 1 1 1 1 100 1 1 1 100 1 1 100 1 1 1 1 1 1 1 1 1 1 1
staticfield java/lang/invoke/LambdaForm COMPILE_THRESHOLD I 0
staticfield java/lang/invoke/LambdaForm INTERNED_ARGUMENTS [[Ljava/lang/invoke/LambdaForm$Name; 5 [[Ljava/lang/invoke/LambdaForm$Name;
staticfield java/lang/invoke/LambdaForm IMPL_NAMES Ljava/lang/invoke/MemberName$Factory; java/lang/invoke/MemberName$Factory
staticfield java/lang/invoke/LambdaForm LF_identity [Ljava/lang/invoke/LambdaForm; 6 [Ljava/lang/invoke/LambdaForm;
staticfield java/lang/invoke/LambdaForm LF_zero [Ljava/lang/invoke/LambdaForm; 6 [Ljava/lang/invoke/LambdaForm;
staticfield java/lang/invoke/LambdaForm NF_identity [Ljava/lang/invoke/LambdaForm$NamedFunction; 6 [Ljava/lang/invoke/LambdaForm$NamedFunction;
staticfield java/lang/invoke/LambdaForm NF_zero [Ljava/lang/invoke/LambdaForm$NamedFunction; 6 [Ljava/lang/invoke/LambdaForm$NamedFunction;
staticfield java/lang/invoke/LambdaForm createFormsLock Ljava/lang/Object; java/lang/Object
staticfield java/lang/invoke/LambdaForm DEBUG_NAME_COUNTERS Ljava/util/HashMap; null
staticfield java/lang/invoke/LambdaForm DEBUG_NAMES Ljava/util/HashMap; null
staticfield java/lang/invoke/LambdaForm TRACE_INTERPRETER Z 0
staticfield java/lang/invoke/LambdaForm $assertionsDisabled Z 1
ciInstanceKlass java/lang/invoke/MethodHandleNatives 1 1 684 100 1 10 7 12 1 1 1 9 7 12 1 1 1 10 12 1 1 100 1 10 10 12 1 1 10 12 1 10 12 1 8 1 8 1 8 1 8 1 8 1 8 1 8 1 8 1 8 1 8 1 10 12 1 1 7 1 10 7 12 1 1 1 10 100 12 1 1 1 7 1 10 10 12 1 1 8 1 10 12 1 8 1 10 12 1 1 8 1 10 12 1 1 9 100 12 1 1 1 8 1 10 100 12 1 1 1 100 1 10 12 100 1 100 1 8 1 7 1 10 10 12 1 7 1 9 7 12 1 1 10 12 1 1 10 12 1 10 7 12 1 1 1 7 1 10 12 1 1 10 7 12 1 1 1 10 12 1 10 12 1 1 10 12 1 1 9 12 1 8 1 10 12 1 8 1 10 12 1 8 1 8 1 8 1 100 1 10 12 1 8 1 10 12 1 1 10 12 1 10 100 12 1 1 1 100 1 8 1 10 100 12 1 1 1 7 1 8 1 10 12 1 8 1 8 1 8 1 8 1 8 1 10 12 1 1 10 12 1 1 10 12 1 10 12 1 1 10 12 1 1 7 1 10 12 1 100 1 100 1 10 12 1 10 12 1 8 1 8 1 10 10 12 1 1 10 12 1 1 8 1 10 100 12 1 1 1 8 1 8 1 10 12 1 1 10 7 12 1 1 1 100 1 10 12 1 1 7 1 9 12 1 1 10 7 12 1 1 1 10 10 12 1 9 12 1 10 12 1 1 9 12 1 9 12 1 10 12 1 1 10 12 1 10 12 1 1 7 1 7 1 10 12 1 1 10 12 1 10 12 1 1 10 7 12 1 1 1 10 12 1 8 1 10 12 1 10 12 1 10 12 1 1 10 12 1 10 7 12 1 1 1 10 12 1 1 100 1 8 1 10 9 7 12 1 1 1 10 12 1 1 10 12 1 1 100 1 10 12 1 1 10 12 1 1 100 1 100 1 10 10 100 1 100 1 10 100 1 10 10 12 1 1 10 100 1 10 12 1 10 12 1 10 12 1 1 10 12 1 1 10 12 1 1 10 12 1 10 12 1 1 10 8 1 100 1 10 12 1 10 12 1 10 12 1 10 12 1 10 12 1 1 10 12 1 9 12 1 1 10 7 12 1 1 1 9 12 1 1 11 7 12 1 1 1 10 12 1 10 12 1 10 10 12 1 10 7 12 1 1 1 1 1 1 1 1 1 1 1 1 1 1 1 100 1 1 1 1 1 1 1 1 1 1 1 1 1 1 1 1 1 1 1 1 1 1 1 1 1 1 1 1 1 1 1 1 1 1 1 1 1 1 1 1 1 1 1 1 1 1 1 1 1 1 1 1 1 1 1 1 1 1 1 1 1 1 1 1 1 1 1 1 1 1 1 1 1 1 1 1 1 1 1 1 1 1 1 1 1 1 1 1 1 1 1 1 1 1 1 1 1 1 100 1 1 1 1 1 1 1 1 1 1 1 1 1 1 1 1 1 1 1 1 1 1 1 1 1 1 1 1 100 1 1 1 1 1 1 1 100 1 1 1
staticfield java/lang/invoke/MethodHandleNatives JLA Ljdk/internal/access/JavaLangAccess; java/lang/System$2
staticfield java/lang/invoke/MethodHandleNatives $assertionsDisabled Z 1
ciInstanceKlass jdk/internal/reflect/CallerSensitive 0 0 17 100 1 100 1 100 1 1 1 1 1 1 1 1 1 1 1
ciInstanceKlass jdk/internal/reflect/ConstantPool 1 1 142 10 100 12 1 1 1 9 7 12 1 1 1 10 12 1 1 10 12 1 1 10 12 1 10 12 1 1 10 12 1 1 10 12 1 10 12 1 1 10 12 1 10 12 1 1 10 12 1 10 12 1 10 12 1 10 12 1 1 10 12 1 1 10 12 1 1 10 12 1 1 10 12 1 10 12 1 1 10 100 12 1 1 1 8 11 7 12 1 1 1 10 7 12 1 1 1 1 1 1 1 1 1 1 1 1 1 1 1 1 1 1 1 1 1 1 1 1 1 1 1 1 1 1 1 1 1 1 1 1 1 1 1 1 1 1 1 1 1 1 1 1
instanceKlass jdk/internal/reflect/UnsafeStaticIntegerFieldAccessorImpl
instanceKlass jdk/internal/reflect/UnsafeQualifiedStaticFieldAccessorImpl
ciInstanceKlass jdk/internal/reflect/UnsafeStaticFieldAccessorImpl 1 1 47 10 7 12 1 1 1 9 7 12 1 1 1 10 7 12 1 1 1 9 12 1 1 8 11 7 12 1 1 1 10 7 12 1 1 1 1 1 1 1 1 1 1 1 1 1 1
instanceKlass jdk/internal/reflect/UnsafeFieldAccessorImpl
ciInstanceKlass jdk/internal/reflect/FieldAccessorImpl 1 1 59 10 7 12 1 1 1 100 1 100 1 1 1 1 1 1 1 1 1 100 1 1 1 1 1 1 1 1 1 1 1 1 1 1 1 1 1 1 1 100 1 1 1 1 1 1 1 1 1 1 1 1 1 1 1 1 1 1 1
instanceKlass jdk/internal/reflect/UnsafeStaticFieldAccessorImpl
ciInstanceKlass jdk/internal/reflect/UnsafeFieldAccessorImpl 1 1 254 10 7 12 1 1 1 9 7 12 1 1 1 10 7 12 1 1 1 10 7 12 1 1 1 9 12 1 1 10 7 12 1 1 1 9 12 1 1 10 12 1 10 12 1 9 12 1 10 12 1 1 10 100 12 1 1 10 100 12 1 1 1 10 12 1 1 100 1 10 10 12 1 1 10 12 1 1 8 1 10 10 12 1 100 1 8 1 10 12 1 8 1 10 12 1 8 1 10 12 1 100 1 10 12 1 1 10 8 1 10 12 1 1 8 1 10 100 12 1 1 8 1 10 100 12 1 1 8 1 10 100 12 1 1 8 1 10 100 12 1 1 8 1 10 100 12 1 1 8 1 10 100 12 1 1 8 1 10 100 12 1 1 8 1 10 100 12 1 1 10 12 1 1 8 1 8 1 8 1 8 1 8 1 8 1 10 100 12 1 1 1 8 1 8 1 8 1 10 12 10 12 1 1 1 1 1 1 1 1 1 1 1 1 1 1 1 1 1 1 1 1 1 1 1 1 1 1 1 1 1 1 1 1 1 1 1 1 1 1 1 1 1 1 1 1 1 1 1 1 1 1 1 1
staticfield jdk/internal/reflect/UnsafeFieldAccessorImpl unsafe Ljdk/internal/misc/Unsafe; jdk/internal/misc/Unsafe
ciInstanceKlass jdk/internal/reflect/NativeConstructorAccessorImpl 1 1 126 10 7 12 1 1 1 9 7 12 1 1 1 9 12 1 1 10 7 12 1 1 1 10 7 12 1 1 1 10 7 12 1 1 1 9 12 1 9 12 1 1 9 12 1 1 10 7 12 1 1 1 7 1 10 10 12 1 1 10 12 1 10 12 1 10 12 1 1 9 12 1 1 10 7 12 1 1 1 100 1 10 12 1 1 10 12 1 1 8 10 12 1 1 1 1 1 1 1 1 1 1 1 1 1 1 1 1 1 1 1 1 1 1 100 1 100 1 100 1 1 1 1 1 1 1
staticfield jdk/internal/reflect/NativeConstructorAccessorImpl U Ljdk/internal/misc/Unsafe; jdk/internal/misc/Unsafe
staticfield jdk/internal/reflect/NativeConstructorAccessorImpl GENERATED_OFFSET J 16
ciInstanceKlass java/lang/invoke/ConstantCallSite 1 1 65 10 7 12 1 1 1 9 7 12 1 1 1 9 12 1 1 10 7 12 1 1 1 10 12 1 100 1 10 12 9 12 1 1 100 1 10 10 12 1 1 10 12 1 1 1 1 1 1 1 1 1 1 1 1 1 100 1 1 1 1 1 1 1 1
staticfield java/lang/invoke/ConstantCallSite UNSAFE Ljdk/internal/misc/Unsafe; jdk/internal/misc/Unsafe
ciInstanceKlass java/lang/invoke/MutableCallSite 0 0 63 10 100 12 1 1 1 10 12 1 9 100 12 1 1 1 10 12 1 10 12 1 1 9 12 1 1 10 100 12 1 1 1 10 100 12 1 1 1 10 12 1 1 1 1 1 1 1 1 1 1 1 1 1 1 1 1 1 1 100 1 1 1
instanceKlass java/lang/invoke/VarHandleByteArrayAsLongs$ByteArrayViewVarHandle
instanceKlass java/lang/invoke/VarHandleByteArrayAsInts$ByteArrayViewVarHandle
instanceKlass java/lang/invoke/VarHandleReferences$Array
instanceKlass java/lang/invoke/VarHandleInts$FieldInstanceReadOnly
instanceKlass java/lang/invoke/VarHandleReferences$FieldInstanceReadOnly
ciInstanceKlass java/lang/invoke/VarHandle 1 1 390 10 7 12 1 1 1 10 7 12 1 1 9 12 1 1 9 12 1 1 100 1 10 8 1 10 12 1 1 10 7 12 1 1 1 10 12 1 1 10 100 12 1 1 1 9 100 12 1 1 1 10 12 1 1 10 100 12 1 1 1 10 12 1 1 9 12 1 10 12 1 9 12 1 1 10 100 12 1 1 10 12 1 9 100 12 1 1 1 9 12 1 1 10 12 1 1 100 1 100 1 10 8 1 10 12 1 1 10 12 1 8 1 10 12 1 10 12 1 10 12 1 1 9 7 12 1 1 1 10 12 1 10 12 1 1 10 12 1 10 10 100 12 1 1 1 10 12 1 1 10 12 1 1 10 100 12 1 1 1 10 100 12 1 1 1 10 100 12 1 1 1 9 12 1 1 10 9 12 1 1 10 12 1 10 12 1 10 12 1 1 10 12 1 10 100 12 1 1 1 9 12 1 1 10 12 1 1 9 12 1 10 12 1 10 12 1 10 100 12 1 1 100 1 10 9 7 12 1 1 1 9 12 1 1 10 7 12 1 1 1 10 12 1 10 12 1 10 12 1 10 12 1 10 12 1 10 12 1 1 7 1 10 10 7 12 1 1 1 9 12 1 1 8 10 12 1 1 7 1 10 12 1 1 100 1 1 1 1 1 1 1 1 1 1 1 1 1 1 1 1 1 1 1 1 1 1 1 1 1 1 1 1 1 1 1 1 1 1 1 1 1 1 1 1 1 1 1 1 1 1 1 1 1 1 1 1 1 1 1 1 1 1 1 1 1 1 1 1 1 1 1 1 1 1 1 1 1 1 1 1 1 1 1 1 1 1 1 1 1 1 1 1 1 100 1 100 1 100 1 1 1 1 1 1 1 100 1 1 1
staticfield java/lang/invoke/VarHandle AIOOBE_SUPPLIER Ljava/util/function/BiFunction; jdk/internal/util/Preconditions$1
staticfield java/lang/invoke/VarHandle VFORM_OFFSET J 16
staticfield java/lang/invoke/VarHandle $assertionsDisabled Z 1
ciInstanceKlass java/lang/invoke/MemberName 1 1 757 7 1 7 1 100 1 9 12 1 1 10 7 12 1 1 1 9 12 1 1 10 12 1 1 10 12 1 1 10 12 1 1 10 12 1 10 12 1 1 10 7 12 1 1 1 10 12 1 9 100 12 1 1 10 12 1 100 1 100 1 10 12 1 8 1 10 12 1 1 10 12 1 10 12 1 1 10 12 1 9 12 1 1 8 1 10 100 12 1 1 1 7 1 10 10 12 1 1 100 1 100 1 10 12 1 1 9 12 1 1 100 1 8 1 10 12 1 10 12 1 10 12 1 10 12 1 10 12 1 1 10 12 1 10 12 1 10 12 1 1 10 12 1 1 10 12 1 8 1 8 1 8 1 10 100 12 1 1 1 10 12 1 9 12 1 1 3 10 12 1 10 12 1 10 12 1 10 10 7 12 1 1 1 10 12 1 10 12 1 10 12 1 10 12 1 7 1 8 10 12 1 1 10 12 1 1 8 1 9 100 1 8 9 100 1 10 12 1 1 10 12 1 10 12 1 8 1 10 12 1 1 10 12 1 10 12 1 10 12 1 10 12 1 1 100 1 10 12 1 1 10 12 1 8 1 10 12 1 10 12 1 8 1 10 12 1 1 10 12 1 1 100 1 10 12 1 1 10 12 8 1 8 1 100 1 10 12 1 10 100 12 1 1 1 100 1 10 12 10 12 1 10 12 1 10 12 1 10 12 1 10 10 12 1 10 12 1 10 12 1 3 10 12 1 3 10 12 1 3 3 3 3 3 3 3 100 1 10 12 1 10 7 12 1 1 1 10 12 1 3 9 12 1 10 12 1 1 3 10 12 1 10 10 7 12 1 1 1 10 12 1 1 10 100 1 10 10 12 1 10 12 1 10 12 1 10 10 12 1 1 10 12 1 10 12 1 10 12 1 100 1 10 10 10 12 100 1 10 10 10 12 1 1 10 12 1 1 10 10 12 1 8 10 100 1 10 12 1 10 100 1 10 12 1 10 12 1 10 12 1 10 10 12 1 10 12 1 1 10 12 1 1 10 12 1 10 12 1 10 12 1 100 1 10 12 1 1 100 1 8 1 10 7 1 10 12 1 10 12 10 12 1 1 10 12 1 10 12 1 8 1 8 1 8 1 8 1 10 12 1 10 12 1 10 12 1 1 8 1 8 1 10 12 1 8 1 10 10 12 1 10 12 1 8 1 8 1 10 10 12 1 8 1 10 100 12 1 1 1 8 1 10 12 1 10 12 1 1 10 12 1 8 1 8 1 8 1 8 1 100 1 10 8 1 8 1 8 1 8 1 10 12 1 100 1 100 1 100 1 10 100 1 10 100 1 10 100 12 1 1 1 9 7 12 1 1 1 100 1 100 1 1 1 1 1 1 1 3 1 3 1 3 1 3 1 3 1 3 1 1 1 1 1 1 1 1 3 1 3 1 1 1 1 3 1 1 1 1 1 1 1 1 1 1 1 1 1 1 1 1 1 1 1 1 1 1 1 1 1 1 1 1 1 1 1 1 1 1 1 1 1 1 1 1 1 1 1 1 1 1 1 1 1 1 1 1 1 1 1 1 1 1 1 1 1 1 1 1 1 1 1 1 1 1 1 1 1 1 1 1 1 1 1 1 1 1 1 1 1 1 1 1 1 1 1 1 1 1 1 1 1 1 1 1 1 1 1 1 1 1 100 1 1 1 1 1 1 1 1 1 1 1 1 1 1 1
staticfield java/lang/invoke/MemberName $assertionsDisabled Z 1
ciInstanceKlass java/lang/invoke/ResolvedMethodName 1 1 16 10 100 12 1 1 1 100 1 1 1 1 1 1 1 1
ciInstanceKlass java/lang/StackWalker 0 0 235 9 100 12 1 1 1 10 100 12 1 1 1 100 1 10 100 12 1 1 1 10 12 1 1 11 100 12 1 1 1 10 12 1 1 10 12 1 1 10 12 1 1 100 1 8 1 10 12 1 10 12 1 10 12 1 10 100 12 1 1 9 12 1 1 9 12 1 1 9 12 1 1 9 12 1 1 10 12 1 1 9 12 1 1 10 100 12 1 1 1 11 12 1 1 100 1 8 1 10 10 100 12 1 1 9 12 1 1 10 12 1 1 10 100 12 1 1 1 10 100 12 1 1 1 18 12 1 1 100 1 8 1 10 10 12 1 1 10 100 12 1 1 1 9 100 12 1 1 11 100 12 1 1 1 10 12 1 1 1 1 1 1 1 1 1 1 1 1 1 1 1 1 1 1 1 1 1 1 1 1 1 1 1 1 1 1 1 1 1 1 1 1 1 1 1 1 1 1 1 1 1 1 1 1 1 1 1 100 1 1 15 10 100 12 1 1 1 16 15 10 12 16 1 1 1 1 1 1 1 100 1 100 1 1
ciInstanceKlass java/lang/StackStreamFactory$AbstractStackWalker 1 0 306 100 1 100 1 3 10 100 12 1 1 1 10 100 12 1 1 10 100 12 1 1 1 9 12 1 1 10 12 1 1 9 12 1 1 9 12 1 1 9 12 1 1 9 12 1 9 100 12 1 1 1 10 100 12 1 1 1 10 12 1 1 9 12 1 1 10 100 12 1 1 1 10 12 1 1 9 12 1 1 9 100 12 1 1 1 100 1 10 8 1 10 12 1 1 10 12 1 8 1 10 12 1 1 10 100 12 1 1 1 100 1 8 1 10 12 1 8 1 10 12 9 100 12 1 1 1 10 100 12 1 1 9 12 1 8 1 5 0 8 1 8 1 9 12 1 1 10 12 1 1 10 12 1 1 10 12 1 9 12 1 10 12 1 10 12 1 10 12 1 10 12 1 1 10 12 1 10 12 1 1 8 1 10 12 1 10 12 1 10 12 1 10 12 1 1 8 1 10 12 1 1 10 12 1 1 10 12 1 1 10 12 1 10 12 1 10 100 12 1 1 1 9 12 1 8 1 10 12 1 10 12 1 10 12 1 10 12 1 10 12 1 10 12 1 10 12 1 1 10 12 1 1 10 12 1 1 10 12 1 8 1 1 1 1 1 1 1 1 1 1 1 1 1 1 1 1 1 1 100 1 1 1 1 100 1 1 1 1 1 1 1 1 1 1 1 1 1 1 1 1 1 1 1 1 1
ciInstanceKlass jdk/internal/module/Modules 1 1 504 10 100 12 1 1 1 9 7 12 1 1 1 11 7 12 1 1 1 11 12 1 1 11 12 1 1 11 12 1 1 11 12 1 11 12 1 11 12 1 11 12 1 11 12 1 1 10 100 12 1 1 1 10 100 12 1 1 1 18 12 1 1 10 100 12 1 1 1 100 1 10 100 12 1 1 1 10 100 12 1 1 1 10 100 12 1 1 10 12 1 1 11 12 1 9 12 1 1 11 100 12 1 1 1 10 12 1 1 10 10 12 1 10 9 12 1 1 10 100 12 1 1 10 12 1 1 10 100 12 1 1 100 1 11 100 12 1 1 1 10 100 12 1 1 1 11 100 12 1 1 10 12 1 1 10 100 12 1 1 10 100 12 1 1 1 10 12 1 1 10 12 1 1 11 12 1 1 18 12 1 1 11 100 12 1 1 10 100 12 1 1 1 11 100 12 1 1 1 100 1 11 12 1 1 11 100 12 1 1 1 11 12 1 1 10 12 1 1 10 100 12 1 1 18 12 1 1 11 12 1 1 18 12 1 1 11 12 1 1 10 12 1 18 18 10 12 1 1 9 12 1 1 11 100 12 1 1 1 100 1 10 11 12 1 11 12 1 1 11 12 1 1 10 100 1 10 12 1 1 10 100 12 1 1 10 12 1 1 11 12 10 12 1 1 100 1 10 18 12 1 10 12 1 1 100 1 8 1 10 12 1 10 100 12 1 1 18 12 1 11 11 12 10 12 1 10 10 100 1 18 12 1 10 10 10 7 12 1 1 10 7 12 1 1 1 10 12 1 1 1 1 1 1 1 1 1 1 1 1 1 1 1 1 1 1 1 1 1 1 1 1 1 1 1 1 1 1 1 1 1 100 1 1 1 1 1 1 1 1 1 1 1 1 1 1 1 1 1 1 1 1 1 1 1 1 1 1 1 1 1 1 1 1 1 1 1 100 1 1 1 1 1 1 1 1 1 1 1 1 1 1 1 1 1 1 1 1 1 1 1 15 10 100 12 1 1 1 16 15 10 12 1 16 16 15 10 12 1 16 1 16 1 15 10 12 1 16 1 16 1 15 10 12 16 1 15 10 16 1 15 10 12 16 1 15 10 12 16 15 10 12 16 15 10 12 1 1 1 100 1 100 1 1
staticfield jdk/internal/module/Modules JLA Ljdk/internal/access/JavaLangAccess; java/lang/System$2
staticfield jdk/internal/module/Modules JLMA Ljdk/internal/access/JavaLangModuleAccess; java/lang/module/ModuleDescriptor$1
staticfield jdk/internal/module/Modules $assertionsDisabled Z 1
ciInstanceKlass java/util/EnumMap 1 1 340 9 7 12 1 1 1 10 7 12 1 1 1 9 12 1 1 9 12 1 1 10 12 1 1 9 12 1 1 7 1 9 12 1 1 10 100 12 1 1 11 7 12 1 1 1 100 1 8 1 10 12 1 11 12 1 1 11 7 12 1 1 1 11 7 12 1 1 7 1 10 12 1 1 10 12 1 1 10 12 1 1 10 12 1 1 10 12 1 10 12 1 1 10 12 1 10 12 1 1 10 12 1 10 100 12 1 1 10 100 1 100 1 10 10 12 1 1 8 1 10 12 1 10 12 1 1 10 10 10 100 12 1 1 1 9 12 1 100 1 10 12 1 9 12 1 1 100 1 10 9 12 1 7 1 10 10 12 1 11 12 11 12 1 11 12 1 10 12 1 1 10 12 1 10 10 100 1 100 1 10 10 7 12 1 1 1 11 7 12 1 1 10 100 12 1 1 10 12 1 1 10 12 1 1 10 100 12 1 1 10 12 1 10 12 1 10 12 1 1 10 12 1 7 1 10 100 1 100 1 1 1 1 1 1 1 1 5 0 1 1 1 1 1 1 1 1 1 1 1 1 1 1 1 1 1 1 1 1 1 1 1 1 1 1 1 1 1 1 1 1 1 1 1 1 1 1 1 1 1 1 1 1 1 1 100 1 1 1 1 1 1 1 1 1 1 1 1 1 1 1 1 1 1 1 1 1 100 1 1 1 100 1 1 1 1 1 1 1 100 1 100 1 100 1 100 1 100 1 1 1 1 1 1 1 1 1 100 1 1
staticfield java/util/EnumMap NULL Ljava/lang/Object; java/util/EnumMap$1
instanceKlass java/util/LinkedHashMap$Entry
ciInstanceKlass java/util/HashMap$Node 1 1 95 10 7 12 1 1 1 9 7 12 1 1 1 9 12 1 1 9 12 1 9 12 1 1 100 1 10 10 12 1 1 8 1 10 12 1 10 12 1 1 10 7 12 1 1 1 100 1 11 12 1 1 10 12 1 1 11 12 1 1 1 1 1 1 1 1 1 1 1 1 1 1 1 1 1 1 1 1 1 1 1 1 1 1 1 1 1 1 100 1 1 1 100 1 1
ciInstanceKlass java/util/HashMap$TreeNode 0 0 250 100 1 10 100 12 1 1 1 9 100 12 1 1 1 9 12 1 1 9 12 1 9 12 1 1 9 12 1 1 10 12 1 1 100 1 10 12 1 9 12 1 9 12 1 9 12 1 1 10 100 12 1 1 1 10 12 1 1 10 12 1 1 10 12 1 1 10 12 1 1 10 12 1 1 10 100 12 1 1 1 10 100 12 1 1 1 10 100 12 1 1 1 9 12 1 10 12 1 1 10 12 1 1 10 12 1 1 10 12 1 1 9 100 1 10 12 1 1 10 12 1 1 10 12 1 10 12 1 1 10 12 1 10 12 1 10 12 1 1 1 1 1 1 1 1 1 1 1 1 1 1 1 1 1 1 1 1 1 1 1 1 1 1 100 1 1 1 1 1 1 1 1 1 1 1 1 1 1 1 1 1 1 1 1 1 1 1 1 1 1 1 1 1 1 1 1 1 1 1 1 1 1 1 1 1 1 1 1 1 1 1 1 1 1 1 1 1 1 1 1 1 1 1 1 1 1 1 1 1 1 1 1 1 1 1 1 1 1 1 1 1 1 1 1 100 1 1 1 1
instanceKlass java/util/ArrayList$ListItr
ciInstanceKlass java/util/ArrayList$Itr 1 1 103 9 7 12 1 1 1 10 7 12 1 1 1 9 12 1 1 9 7 12 1 1 9 12 1 9 12 1 9 12 1 10 12 1 100 1 10 9 12 1 1 100 1 10 100 1 10 10 12 1 1 100 1 10 100 12 1 1 1 10 12 1 1 11 100 12 1 1 1 100 1 1 1 1 1 1 1 1 1 1 1 1 1 1 1 100 1 1 1 1 1 1 1 1 1 1 1 1 1 1 1 1 1
ciInstanceKlass java/util/zip/ZipFile$Source$Key 1 1 84 10 7 12 1 1 1 9 7 12 1 1 1 9 12 1 1 10 7 12 1 1 1 9 12 1 1 100 1 5 0 11 7 12 1 1 1 10 7 12 1 1 1 10 7 12 1 1 1 10 12 1 1 11 12 1 1 10 10 1 1 1 1 1 1 1 1 1 1 1 1 1 1 1 1 1 1 100 1 1 100 1 1 1
ciInstanceKlass java/util/Collections$1 1 1 67 9 7 12 1 1 1 10 7 12 1 1 1 9 12 1 1 100 1 10 100 1 10 10 100 12 1 1 1 11 100 12 1 1 1 100 1 1 1 1 1 1 1 1 1 1 1 1 1 1 1 1 1 1 1 1 1 1 1 1 100 1 12 1 1 1 1
ciMethod java/util/HashMap$TreeNode getTreeNode (ILjava/lang/Object;)Ljava/util/HashMap$TreeNode; 0 0 1 0 -1
ciMethod java/util/HashMap getNode (Ljava/lang/Object;)Ljava/util/HashMap$Node; 1024 40 16974 0 672
ciMethod java/util/HashMap hash (Ljava/lang/Object;)I 1024 0 52713 0 0
ciMethod java/util/Collection isEmpty ()Z 0 0 1 0 -1
ciMethod java/lang/Iterable iterator ()Ljava/util/Iterator; 0 0 1 0 -1
ciMethod java/util/Arrays copyOfRange ([BII)[B 512 0 5452 0 768
ciMethod java/util/Arrays copyOf ([BI)[B 126 0 5189 0 704
ciMethod java/lang/Math max (II)I 522 0 107394 0 -1
ciMethod java/lang/Math min (II)I 536 0 121212 0 -1
ciMethod java/lang/StringConcatHelper newArray (J)[B 510 0 13354 0 -1
ciMethod java/util/Map get (Ljava/lang/Object;)Ljava/lang/Object; 0 0 1 0 -1
ciMethod jdk/internal/misc/Unsafe allocateUninitializedArray0 (Ljava/lang/Class;I)Ljava/lang/Object; 526 0 5389 0 -1
ciMethod jdk/internal/misc/Unsafe allocateUninitializedArray (Ljava/lang/Class;I)Ljava/lang/Object; 510 0 5517 0 384
ciMethod java/lang/StringBuilder <init> ()V 172 0 127900 0 416
ciMethod java/lang/StringBuilder toString ()Ljava/lang/String; 180 0 150913 0 1120
ciMethod java/lang/StringBuilder append (Ljava/lang/String;)Ljava/lang/StringBuilder; 342 0 292665 0 1760
ciMethod java/lang/StringBuilder append (Ljava/lang/Object;)Ljava/lang/StringBuilder; 16 0 16311 0 -1
ciMethod java/lang/StringBuilder append (C)Ljava/lang/StringBuilder; 876 0 568447 0 1472
ciMethod java/lang/String isEmpty ()Z 516 0 190045 0 96
ciMethod java/lang/String charAt (I)C 558 0 1258467 0 160
ciMethod java/lang/String length ()I 628 0 789824 0 96
ciMethod java/lang/String <init> ([BB)V 520 0 29891 0 320
ciMethod java/lang/String equals (Ljava/lang/Object;)Z 590 0 17763 0 384
ciMethod java/lang/String hashCode ()I 888 0 5632 0 480
ciMethod java/lang/String indexOf (I)I 772 0 95294 0 416
ciMethod java/lang/String indexOf (II)I 612 0 88048 0 512
ciMethod java/lang/String checkIndex (II)V 0 0 5531 0 128
ciMethod java/lang/String coder ()B 980 0 959256 0 64
ciMethod java/lang/String isLatin1 ()Z 986 0 1500627 0 96
ciMethod java/lang/String getBytes ([BIIBI)V 528 0 5403 0 352
ciMethod java/lang/String regionMatches (ILjava/lang/String;II)Z 0 0 2237 0 0
ciMethod java/lang/String startsWith (Ljava/lang/String;I)Z 512 2632 14620 0 1120
ciMethod java/lang/String startsWith (Ljava/lang/String;)Z 512 0 71969 0 960
ciMethod java/lang/String substring (II)Ljava/lang/String; 512 0 13834 0 -1
ciMethod java/lang/String substring (I)Ljava/lang/String; 262 0 64629 0 1184
ciMethod java/lang/String replace (CC)Ljava/lang/String; 514 0 11550 0 1696
ciMethod java/lang/Enum ordinal ()I 268 0 134 0 0
ciMethod java/util/Iterator hasNext ()Z 0 0 1 0 -1
ciMethod java/util/Iterator next ()Ljava/lang/Object; 0 0 1 0 -1
ciMethod java/lang/Object getClass ()Ljava/lang/Class; 256 0 128 0 -1
ciMethod java/lang/Object <init> ()V 1024 0 5921154 0 64
ciInstanceKlass kotlin/jvm/internal/Intrinsics 1 1 278 10 7 10 10 10 10 10 10 100 10 10 10 100 10 10 100 10 8 8 10 100 10 10 100 10 10 100 10 10 8 8 8 8 10 10 10 10 10 100 10 10 10 10 8 8 10 10 10 8 10 100 10 10 10 10 100 8 8 10 8 10 10 10 100 10 7 100 1 1 1 1 1 1 1 1 1 1 1 1 1 1 1 1 1 1 1 1 1 1 1 1 1 1 1 1 1 1 1 1 1 1 1 1 1 1 1 1 1 1 1 1 1 1 1 1 1 1 1 1 1 1 1 1 1 1 100 1 1 1 1 1 1 1 1 1 1 1 1 1 1 1 1 1 1 1 1 1 1 1 1 1 1 1 1 1 1 1 1 1 100 1 1 1 1 1 1 1 1 1 1 1 1 1 1 1 1 1 100 1 1 1 12 1 12 12 12 12 12 1 12 12 1 1 1 1 12 1 12 1 1 1 1 1 1 12 12 12 100 12 12 1 100 12 100 12 100 12 12 1 1 100 12 100 12 1 12 1 12 12 12 1 1 1 12 1 12 100 100 12 12 1 1 1 1 1 1 1 1 1 1 1 1 1 1 1 1 1 1 1 1 1 1 1 1 1 1 1 1 1 1 1 1 1 1 1 1 1
instanceKlass kotlin/text/StringsKt___StringsJvmKt
ciInstanceKlass kotlin/text/StringsKt__StringsKt 1 1 976 1 7 1 100 1 1 1 1 1 8 1 7 1 1 12 10 1 8 1 7 1 1 12 11 1 1 12 11 1 100 1 1 12 10 1 7 1 1 12 11 1 100 1 1 12 10 1 1 12 11 1 1 1 1 1 1 1 1 1 1 1 1 1 1 7 1 1 12 10 1 1 1 1 1 1 1 1 7 1 1 8 1 1 1 1 1 1 1 1 1 8 1 7 1 1 12 10 1 1 1 1 100 1 1 1 1 1 1 1 1 1 1 1 1 1 1 1 1 7 1 1 12 10 1 1 1 1 1 7 12 10 1 12 10 1 12 10 1 1 1 100 1 100 1 1 12 10 1 8 1 1 12 10 1 12 10 1 8 10 1 12 10 1 12 10 1 12 10 1 12 10 1 1 1 1 1 1 1 12 10 1 1 12 10 1 1 1 12 10 12 10 1 1 1 1 1 1 1 1 1 1 1 1 1 1 12 10 1 1 1 1 1 1 100 1 12 10 1 100 1 1 1 1 1 1 1 1 1 1 8 1 100 1 12 11 1 1 1 1 1 1 1 7 1 12 10 1 1 1 1 1 1 1 12 10 1 12 10 1 1 1 1 8 1 1 12 10 1 7 1 12 10 1 12 10 1 12 10 1 8 1 12 10 1 1 1 1 1 1 1 1 1 1 1 1 1 10 1 1 1 1 1 1 1 1 1 1 8 1 1 12 10 1 1 1 1 12 10 1 8 1 12 10 1 12 10 1 10 1 1 12 10 12 10 1 1 12 10 1 1 12 10 12 10 12 10 1 1 1 12 10 12 10 1 1 1 8 1 100 1 8 1 8 1 8 10 1 12 10 1 8 1 1 12 10 1 1 12 10 1 1 1 1 12 10 12 10 1 1 1 8 1 1 12 10 1 1 1 12 10 1 1 8 1 12 10 1 1 1 1 1 12 10 12 10 1 1 1 1 1 12 10 1 1 12 10 1 1 1 12 10 12 10 1 1 1 12 10 12 10 1 1 1 12 10 12 10 1 1 1 8 1 100 1 12 10 1 1 1 1 1 8 1 12 10 1 12 10 1 1 1 1 1 1 1 1 1 1 10 1 1 12 10 1 1 1 1 12 10 1 1 12 10 1 1 1 1 8 1 1 12 10 1 1 1 1 1 1 1 1 1 12 10 1 12 10 1 12 10 1 1 12 10 12 10 12 10 1 1 12 10 1 12 10 12 10 12 10 1 1 1 100 1 1 12 10 12 10 1 1 1 1 12 10 1 1 1 1 1 12 10 1 1 1 1 12 10 1 12 10 1 100 1 12 10 1 1 1 1 1 1 1 12 10 1 1 12 10 1 12 10 1 1 1 12 10 1 1 1 100 1 1 12 10 1 12 10 1 12 10 1 12 10 1 1 12 10 1 1 1 1 1 1 12 10 1 1 1 1 100 1 12 11 1 100 1 100 1 12 10 1 12 10 1 100 1 1 12 10 1 12 11 1 100 1 12 11 1 12 11 1 1 1 1 1 1 1 1 1 1 1 1 100 1 1 1 1 8 12 10 1 1 12 10 1 1 1 12 10 1 1 12 10 1 100 10 1 12 10 12 10 1 12 10 1 8 12 10 1 12 10 12 10 1 12 10 12 10 12 10 1 1 12 10 12 10 1 12 10 1 1 1 1 12 10 1 7 1 7 1 12 10 1 7 1 12 10 1 7 1 1 1 1 1 12 10 1 1 1 1 12 10 1 100 1 12 10 1 1 1 1 12 10 1 8 1 1 1 1 8 12 10 1 100 10 1 7 1 1 12 10 1 1 1 12 10 1 1 1 1 1 12 10 1 1 12 10 1 7 1 1 12 10 10 12 10 1 1 12 11 1 7 1 1 1 1 1 1 1 1 100 1 1 12 10 1 1 12 10 1 7 10 1 12 10 1 1 1 12 10 1 1 12 10 1 1 1 12 10 10 10 1 1 1 1 1 1 1 1 12 10 1 1 1 1 1 1 12 10 1 1 1 1 1 1 8 1 8 1 8 12 10 1 1 1 1 12 10 1 1 12 10 1 1 1 1 12 10 1 1 1 1 12 10 1 1 1 1 8 1 8 1 8 1 1 1 1 12 10 1 1 1 10 1 1 1 1 3 3 3 1 3 1 3 1 1 1 1 1 1 1 1 1 1 1 1 1 1 1 1 1 1 1 1 1 1 1 1 1 1 1 1 1 1 1
ciInstanceKlass kotlin/text/StringsKt 0 0 36 1 100 1 100 1 1 12 10 1 1 1 1 3 3 3 1 3 1 3 1 1 1 1 1 1 1 1 1 1 1 1 1 1 1 1
ciInstanceKlass kotlin/NoWhenBranchMatchedException 0 0 47 1 100 1 100 1 1 12 10 1 1 1 1 12 10 1 1 1 12 10 1 1 1 12 10 1 1 3 3 3 1 1 3 1 1 1 1 1 1 1 1 1 1 1 1 1 1
instanceKlass kotlin/text/StringsKt__StringsJVMKt
ciInstanceKlass kotlin/text/StringsKt__StringNumberConversionsKt 1 1 172 1 100 1 100 1 1 1 1 1 1 1 1 8 1 7 1 1 12 10 1 7 1 12 10 1 1 1 1 12 10 1 7 1 1 12 10 1 100 1 1 12 10 1 1 1 1 1 1 12 10 1 1 100 1 12 10 1 1 1 7 1 1 12 10 1 7 1 12 10 1 1 12 10 1 1 12 10 3 3 3 1 1 12 10 1 12 10 1 1 1 1 1 1 1 1 1 1 1 1 1 1 12 10 1 5 0 5 0 5 0 1 100 1 12 10 1 1 1 1 8 1 100 1 100 1 1 12 10 1 8 1 1 12 10 1 12 10 1 1 12 10 1 12 10 10 1 1 1 1 3 3 3 1 3 1 3 1 1 1 1 1 1 1 1 1 1 1 1 1 1 1
instanceKlass kotlin/text/StringsKt__StringsKt
ciInstanceKlass kotlin/text/StringsKt__StringsJVMKt 1 1 735 1 100 1 100 1 1 1 1 8 1 7 1 1 12 10 1 7 1 1 12 10 1 1 1 1 1 1 1 1 8 1 12 10 1 1 12 10 1 12 10 1 1 1 1 12 10 1 1 12 10 1 1 1 1 1 1 1 7 12 10 1 1 1 1 12 10 1 8 1 12 10 1 1 12 10 1 7 1 1 12 10 1 7 11 1 1 12 11 1 100 1 12 10 1 1 12 10 1 1 12 10 1 8 1 1 1 1 1 1 1 1 1 1 1 1 1 1 12 10 1 1 8 1 8 1 12 10 1 7 1 12 10 1 100 1 12 10 1 12 10 1 12 10 1 1 1 1 1 1 1 1 1 12 10 1 1 1 12 10 1 1 12 10 1 1 12 10 1 7 10 1 1 1 12 10 1 12 10 12 10 1 1 1 1 1 1 1 1 1 1 1 1 1 1 12 10 1 8 1 1 1 1 1 1 1 1 100 1 1 12 9 1 12 10 1 1 1 1 12 10 1 8 1 1 12 10 1 1 1 1 1 12 10 1 1 1 1 100 1 1 12 9 1 100 1 1 12 10 1 12 10 1 1 1 1 12 10 1 1 1 1 12 10 1 1 1 12 10 1 1 1 100 1 1 12 9 1 12 10 1 1 1 1 12 10 1 100 1 1 12 10 1 100 1 1 12 9 1 100 1 1 12 10 1 12 10 1 100 1 1 12 10 1 1 12 10 1 100 10 1 1 1 1 1 12 10 1 1 1 1 12 10 1 8 1 1 1 1 12 10 1 8 1 8 1 12 10 1 1 12 10 1 100 1 12 10 12 10 1 12 10 1 1 12 10 1 1 12 10 1 12 10 1 12 10 1 1 12 10 1 12 10 1 1 12 10 1 1 1 1 1 1 100 1 1 12 10 1 1 12 10 1 8 1 1 8 1 1 1 1 1 1 8 1 100 1 1 12 10 12 10 1 8 1 1 1 8 1 1 1 12 10 1 1 1 1 1 1 8 1 12 10 1 100 1 12 10 1 8 100 1 100 1 1 12 10 1 1 1 1 1 12 10 1 1 12 10 1 1 1 1 8 12 10 1 1 12 10 1 1 12 10 1 1 12 10 1 12 10 1 1 8 12 10 1 1 12 10 1 1 1 8 1 8 1 1 1 1 8 1 1 8 1 12 10 1 1 1 8 1 12 10 1 1 8 1 12 10 1 1 12 10 1 1 12 10 1 1 1 12 10 1 1 1 1 8 1 1 12 10 12 10 1 1 1 12 10 1 1 1 8 1 12 10 1 1 1 12 10 1 1 12 10 1 1 12 10 12 10 1 12 10 1 8 1 1 12 10 1 1 1 1 12 10 1 1 1 1 1 12 10 1 12 10 1 12 10 1 1 1 8 1 1 1 1 1 1 1 1 1 1 12 10 1 8 1 1 1 1 1 1 1 1 1 1 12 10 1 8 12 10 1 1 1 10 1 100 1 1 12 10 10 1 1 12 10 12 10 1 1 1 1 1 1 1 1 1 1 1 8 1 12 10 1 100 1 12 10 1 8 1 12 10 1 1 1 1 1 1 100 1 1 1 1 1 12 9 8 1 10 1 1 1 1 3 3 3 1 3 1 3 1 1 1 1 1 1 1 1 1 1 1 1 1 1 1 1 1 1 1 1 1 1 1
ciInstanceKlass kotlin/collections/EmptyList 1 1 194 1 7 1 7 1 7 1 100 1 100 1 100 1 1 12 10 1 1 1 1 1 1 1 12 11 1 1 1 1 1 1 1 1 8 1 1 1 1 8 1 7 1 1 12 10 1 1 1 1 8 1 7 11 1 1 1 1 100 1 100 10 1 8 1 1 12 10 1 12 10 1 12 10 12 10 1 12 10 1 1 1 1 1 1 1 1 7 1 1 12 9 1 7 1 1 1 7 1 1 8 1 1 1 8 1 8 1 1 1 1 12 9 1 1 100 1 8 10 1 1 1 1 1 1 1 1 1 1 1 12 10 1 7 12 10 12 10 1 12 10 12 10 1 1 1 1 1 1 8 1 7 1 12 10 1 1 1 12 10 1 10 1 1 5 0 1 1 3 3 3 1 1 3 1 1 1 1 1 1 1 1 1 1 1 1 1 1 1 1 1 1 1 1
staticfield kotlin/collections/EmptyList INSTANCE Lkotlin/collections/EmptyList; kotlin/collections/EmptyList
ciInstanceKlass org/jetbrains/kotlin/utils/SmartList 1 1 226 1 7 1 1 7 1 100 1 1 100 1 7 1 1 100 1 1 7 1 1 1 1 1 1 1 12 10 1 1 1 1 1 1 1 12 10 1 1 1 1 1 1 1 12 10 1 7 1 1 12 11 1 7 1 1 12 11 1 1 12 11 1 100 1 1 12 11 1 7 12 9 1 1 12 11 12 9 1 1 1 1 1 1 7 1 100 1 1 12 10 1 1 1 100 1 100 10 1 8 1 1 12 10 1 12 10 1 8 1 1 12 10 1 12 10 1 1 1 7 1 1 12 10 1 12 9 1 1 1 1 1 1 1 1 1 1 1 1 1 1 1 1 1 1 12 10 1 12 10 10 1 1 1 1 12 10 1 1 1 1 1 1 1 12 10 1 100 1 12 10 1 100 1 1 12 10 1 12 10 1 1 1 1 1 1 1 1 1 1 1 1 1 8 1 8 1 100 8 8 8 8 8 8 1 1 12 10 1 100 10 1 100 10 1 100 1 1 1 1 1 1 1 1 1 1
instanceKlass kotlin/text/CharsKt
ciInstanceKlass kotlin/text/CharsKt__CharKt 1 1 173 1 100 1 100 1 1 1 1 1 1 1 1 1 100 1 1 12 10 1 100 1 100 1 1 12 10 1 8 1 1 12 10 1 12 10 1 8 1 1 12 10 1 12 10 1 1 1 1 1 1 1 12 10 1 100 1 1 12 10 1 8 1 12 10 1 1 1 1 1 12 10 1 100 10 1 1 1 1 12 10 1 1 1 1 8 1 1 1 8 1 8 1 8 1 8 1 1 1 1 100 1 12 10 1 1 1 1 1 8 1 100 1 1 12 10 1 1 1 1 1 7 1 1 12 10 1 12 10 1 1 1 1 1 1 1 12 10 1 1 3 3 1 10 1 1 1 1 3 3 3 1 3 1 3 1 1 1 1 1 1 1 1 1 1 1 1 1 1 1 1 1 1
ciInstanceKlass kotlin/text/CharsKt 0 0 26 1 100 1 100 1 1 12 10 1 1 1 1 3 3 3 1 3 1 3 1 1 1 1 1 1
ciInstanceKlass org/jetbrains/kotlin/name/FqName 1 1 171 1 7 1 7 1 1 1 1 1 1 1 1 1 1 1 1 12 10 1 8 1 7 1 1 12 10 1 1 12 10 1 1 1 1 12 10 1 7 1 12 10 12 9 1 1 1 1 12 9 1 1 12 10 1 100 1 1 1 1 12 10 1 10 1 100 1 8 10 12 10 12 10 1 1 1 12 10 12 10 1 1 1 1 12 10 1 100 1 12 10 1 1 1 12 10 1 100 1 1 12 10 1 1 1 12 10 1 1 12 10 1 12 10 1 1 12 10 1 1 1 1 1 12 10 1 1 8 12 9 1 8 1 8 1 100 8 8 8 8 8 8 8 8 8 8 8 8 8 8 8 8 8 1 1 12 10 1 100 10 1 100 1 1 1 1 1 1 1 1 1
staticfield org/jetbrains/kotlin/name/FqName ROOT Lorg/jetbrains/kotlin/name/FqName; org/jetbrains/kotlin/name/FqName
ciInstanceKlass org/jetbrains/kotlin/name/FqNameUnsafe 1 1 245 1 7 1 7 1 1 7 1 1 1 1 1 1 1 1 1 1 1 1 1 1 1 1 1 1 1 12 10 1 12 10 12 9 12 9 1 1 1 12 9 12 9 1 1 1 1 7 1 1 12 10 1 1 1 12 10 1 1 12 10 1 7 1 1 12 10 1 12 10 12 10 1 7 1 12 9 1 1 12 10 1 1 1 1 1 1 12 10 1 1 1 12 10 1 1 12 10 12 10 1 100 1 8 10 12 10 1 1 10 1 7 10 1 1 12 10 1 8 1 12 10 12 10 1 1 1 1 12 9 12 10 1 1 1 1 100 1 12 10 12 9 1 7 1 1 12 10 12 9 1 7 1 1 12 10 1 100 1 1 1 1 12 10 1 1 12 10 1 1 1 1 1 1 1 12 10 1 1 1 1 1 1 12 10 1 1 1 1 12 10 1 1 8 1 12 10 1 8 1 1 12 10 10 1 8 1 8 1 100 8 8 8 8 8 8 8 8 8 8 8 8 8 8 8 8 8 1 1 12 10 1 100 10 1 100 1 1 1 1 1 1 1 1 1
staticfield org/jetbrains/kotlin/name/FqNameUnsafe ROOT_NAME Lorg/jetbrains/kotlin/name/Name; org/jetbrains/kotlin/name/Name
staticfield org/jetbrains/kotlin/name/FqNameUnsafe SPLIT_BY_DOTS Ljava/util/regex/Pattern; java/util/regex/Pattern
staticfield org/jetbrains/kotlin/name/FqNameUnsafe STRING_TO_NAME Lkotlin/jvm/functions/Function1; org/jetbrains/kotlin/name/FqNameUnsafe$1
ciInstanceKlass org/jetbrains/kotlin/name/Name 1 1 157 1 7 1 1 7 1 100 1 1 1 1 1 1 1 1 1 1 12 10 1 12 10 12 9 12 9 1 1 1 1 1 7 1 1 100 1 100 10 1 8 1 1 12 10 1 12 10 1 12 10 1 12 10 12 10 1 1 1 12 10 1 1 12 10 1 1 12 10 1 1 1 12 10 1 1 1 12 10 1 1 1 12 10 1 8 1 12 10 1 1 12 10 1 1 1 1 1 1 12 10 12 10 1 100 1 8 10 1 12 10 1 1 1 12 10 1 1 1 1 12 10 1 1 12 10 1 8 1 8 1 100 8 8 8 8 8 8 8 8 8 8 8 1 1 12 10 1 100 1 1 1 1 1 1 1 1
ciInstanceKlass org/jetbrains/kotlin/name/ClassId 1 1 257 1 7 1 7 1 1 1 3 3 1 3 1 3 1 1 1 1 1 1 1 1 1 1 1 1 1 1 1 1 1 1 1 1 1 1 1 1 1 1 1 1 1 1 1 1 1 1 1 1 1 1 1 1 1 1 1 1 1 1 1 1 1 1 7 1 1 1 8 1 7 1 1 12 10 8 1 12 10 12 9 12 9 12 9 1 7 1 12 10 1 7 1 12 9 1 7 10 1 8 1 1 12 10 1 12 10 1 8 8 1 100 1 12 10 1 100 1 12 10 1 1 1 8 1 1 12 10 1 8 1 12 10 12 10 1 12 10 1 12 10 1 8 1 1 1 1 12 10 1 8 1 1 8 1 12 10 1 8 12 10 1 12 10 1 12 10 1 8 12 10 1 1 12 10 1 8 1 7 1 1 12 10 1 8 1 8 1 1 1 1 12 10 1 8 1 1 10 1 1 1 12 10 1 12 10 1 7 1 12 10 1 1 1 1 12 10 1 1 7 1 1 12 10 1 1 1 1 1 12 9 12 10 1 1 1 1 12 10 1 1 12 10 1 1 12 10 1 1 1 1 1 1 1 1 1 1
staticfield org/jetbrains/kotlin/name/ClassId Companion Lorg/jetbrains/kotlin/name/ClassId$Companion; org/jetbrains/kotlin/name/ClassId$Companion
ciInstanceKlass kotlin/jvm/internal/Reflection 1 1 234 10 9 10 10 8 10 10 10 9 7 10 10 10 10 10 10 10 10 10 10 10 10 10 100 10 10 10 10 10 10 10 8 10 10 7 100 100 100 100 10 7 100 1 1 1 1 1 8 1 1 1 1 1 1 1 1 1 1 1 1 1 1 1 1 1 1 1 1 1 1 1 1 1 1 1 1 1 1 1 1 1 100 1 1 1 1 1 1 1 1 1 1 1 1 1 1 1 1 1 1 1 1 1 1 1 1 1 1 1 1 1 1 1 1 1 1 1 1 1 1 1 1 1 1 1 1 1 1 1 1 1 1 1 1 1 1 1 1 1 1 1 1 1 1 1 1 1 1 1 1 1 1 1 1 1 1 1 1 1 1 1 1 1 1 100 100 100 100 100 1 1 12 12 12 12 1 12 12 12 12 1 12 12 12 12 12 12 12 12 12 100 12 12 12 1 100 12 100 12 12 12 12 12 12 1 7 12 12 1 1 1 1 1 1 1 1 1 1 1 1 1 1 1 1 1 1 1 1 1 1 1 1 1
staticfield kotlin/jvm/internal/Reflection factory Lkotlin/jvm/internal/ReflectionFactory; kotlin/reflect/jvm/internal/ReflectionFactoryImpl
staticfield kotlin/jvm/internal/Reflection EMPTY_K_CLASS_ARRAY [Lkotlin/reflect/KClass; 0 [Lkotlin/reflect/KClass;
ciInstanceKlass kotlin/reflect/KClass 1 0 113 1 100 1 1 100 1 100 1 100 1 100 1 1 1 1 1 1 1 1 1 1 1 1 1 1 1 1 1 1 1 1 1 1 1 1 1 1 1 1 1 1 1 1 1 1 1 1 1 1 1 1 1 1 1 1 3 3 3 1 1 3 1 1 1 1 1 1 1 1 1 1 1 1 1 1 1 1 1 1 1 1 1 1 1 1 1 1 1 1 1 1 1 1 1 1 1 1 1 1 1 1 1 1 100 1 1 1 1 1 1 1 1
ciInstanceKlass kotlin/jvm/internal/DefaultConstructorMarker 1 1 16 10 100 100 1 1 1 1 1 1 1 1 1 12 1 1
instanceKlass org/jetbrains/kotlin/com/google/common/collect/RegularImmutableMap
instanceKlass org/jetbrains/kotlin/com/google/common/collect/ImmutableBiMap
instanceKlass org/jetbrains/kotlin/com/google/common/collect/ImmutableMap$IteratorBasedImmutableMap
ciInstanceKlass org/jetbrains/kotlin/com/google/common/collect/ImmutableMap 1 1 517 1 7 1 1 7 1 100 1 100 1 1 1 1 1 100 1 1 100 1 1 100 1 1 7 1 1 7 1 7 1 1 100 1 100 1 1 1 1 1 1 1 1 1 1 1 1 1 1 1 1 1 1 1 5 0 1 1 1 1 1 1 1 100 12 10 1 1 1 1 1 1 12 10 1 1 1 1 1 1 100 1 1 12 9 1 1 1 1 1 100 1 12 10 1 1 1 1 1 1 1 1 1 12 10 1 1 12 10 1 1 1 1 1 1 1 1 1 1 1 1 1 1 1 1 1 1 1 1 1 1 1 1 1 1 1 1 1 1 1 1 1 1 1 1 1 1 1 1 1 1 7 1 1 12 10 1 1 1 1 12 10 1 1 1 1 8 1 100 1 1 12 10 1 12 10 1 1 1 1 1 1 1 1 1 12 10 1 1 1 100 1 100 10 1 8 1 1 12 10 1 8 1 12 10 1 8 1 1 12 10 1 12 10 1 1 1 1 1 100 1 1 12 10 1 100 1 1 12 10 1 12 11 1 12 10 1 1 1 1 1 12 9 1 100 1 1 12 10 100 12 10 1 100 1 1 12 10 1 1 12 11 1 12 11 12 10 1 1 1 1 1 1 1 1 1 12 10 10 1 100 1 1 12 11 1 100 1 12 11 1 12 11 1 12 10 1 100 1 12 10 1 1 1 1 1 10 1 1 1 1 1 1 1 1 1 1 1 100 10 1 1 1 1 1 1 1 1 1 1 1 1 1 1 1 1 1 1 1 1 1 1 1 1 1 1 1 1 1 1 1 1 1 1 1 1 1 12 10 1 1 1 12 10 1 1 12 10 1 100 1 12 10 1 1 1 1 1 1 12 9 1 12 10 1 7 1 12 9 1 12 10 1 1 1 12 10 12 10 1 12 10 1 1 1 1 1 1 1 12 10 16 15 1 16 1 100 1 1 12 10 15 1 1 12 18 1 100 1 12 10 1 12 9 1 12 10 1 1 1 12 10 1 100 12 10 12 9 1 12 10 1 12 10 1 1 1 100 1 1 12 10 1 1 100 1 1 12 10 1 1 1 12 10 1 1 12 10 1 1 1 100 1 1 8 10 1 1 12 10 1 1 1 1 1 1 1 1 1 1 1 1 1 1 1 1 1 1 100 1 8 1 1 12 10 1 1
staticfield org/jetbrains/kotlin/com/google/common/collect/ImmutableMap EMPTY_ENTRY_ARRAY [Ljava/util/Map$Entry; 0 [Ljava/util/Map$Entry;
instanceKlass org/jetbrains/kotlin/descriptors/InvalidModuleException
instanceKlass org/jetbrains/kotlin/backend/common/IrValidationError
instanceKlass org/jetbrains/kotlin/utils/exceptions/KotlinIllegalStateExceptionWithAttachments
instanceKlass java/util/concurrent/CancellationException
ciInstanceKlass java/lang/IllegalStateException 0 0 35 10 100 12 1 1 1 10 12 1 10 12 1 10 12 1 100 1 1 1 1 5 0 1 1 1 1 1 1 1 1 1 1 1 1
ciInstanceKlass java/lang/UnsupportedOperationException 0 0 34 10 100 12 1 1 1 10 12 1 10 12 1 10 12 1 100 1 1 1 1 5 0 1 1 1 1 1 1 1 1 1 1 1
ciInstanceKlass java/util/Collections$SingletonList 1 1 131 10 7 12 1 1 1 9 7 12 1 1 1 10 7 12 1 1 1 10 12 1 1 100 1 100 1 10 8 1 10 12 1 1 10 12 1 8 1 10 12 1 1 10 12 1 11 100 12 1 1 1 100 1 10 10 12 1 1 10 7 12 1 1 1 100 1 100 1 1 1 1 5 0 1 1 1 1 1 1 1 1 1 1 1 1 1 1 1 1 1 1 1 1 1 1 1 1 1 1 1 1 1 1 1 1 1 1 1 1 1 1 1 1 1 1 1 1 1 1 1 1 1 1 1 1 1 1 1 1 1
ciInstanceKlass org/jetbrains/kotlin/ir/declarations/IrAnnotationContainer 1 0 30 1 100 1 100 1 1 1 3 3 1 3 1 3 1 1 1 1 1 1 1 1 1 1 1 1 1 1 1 1
ciInstanceKlass org/jetbrains/kotlin/ir/declarations/IrDeclarationParent 1 0 24 1 100 1 100 1 100 1 1 1 3 3 1 3 1 3 1 1 1 1 1 1 1 1
ciInstanceKlass org/jetbrains/kotlin/ir/declarations/IrSymbolOwner 1 0 30 1 100 1 100 1 100 1 1 1 3 3 1 3 1 3 1 1 1 1 1 1 1 1 1 1 1 1 1 1
instanceKlass org/jetbrains/kotlin/ir/expressions/IrSpreadElement
instanceKlass org/jetbrains/kotlin/ir/expressions/IrCatch
instanceKlass org/jetbrains/kotlin/ir/expressions/IrBranch
instanceKlass org/jetbrains/kotlin/ir/expressions/IrExpression
instanceKlass org/jetbrains/kotlin/ir/expressions/IrBody
instanceKlass org/jetbrains/kotlin/ir/declarations/IrDeclarationBase
instanceKlass org/jetbrains/kotlin/ir/declarations/IrModuleFragment
instanceKlass org/jetbrains/kotlin/ir/declarations/IrPackageFragment
ciInstanceKlass org/jetbrains/kotlin/ir/IrElementBase 1 1 178 1 7 1 7 1 7 1 1 1 3 3 1 3 1 3 1 1 1 1 1 1 1 1 1 1 1 1 1 1 1 1 1 1 1 1 1 1 1 1 1 1 1 1 1 1 1 1 1 1 1 1 1 1 1 1 1 1 1 1 1 1 1 1 1 12 10 1 1 1 8 1 7 1 1 12 10 1 7 1 1 12 10 1 1 8 1 1 12 9 1 100 1 12 10 100 1 1 12 10 1 100 1 1 12 10 1 100 1 100 1 1 12 10 1 1 12 11 1 1 12 10 1 1 1 1 1 1 8 1 12 10 1 8 12 10 1 1 1 8 12 10 1 1 1 1 1 1 1 12 10 12 10 12 10 1 1 7 1 1 12 10 1 8 1 12 10 1 1 1 1 1 1 1 1 1 1 1
instanceKlass org/jetbrains/kotlin/ir/declarations/IrExternalPackageFragment
instanceKlass org/jetbrains/kotlin/ir/declarations/IrFile
ciInstanceKlass org/jetbrains/kotlin/ir/declarations/IrPackageFragment 1 1 49 1 100 1 7 1 100 1 100 1 1 1 3 3 1 3 1 3 1 1 1 1 1 1 1 1 1 1 1 1 1 1 1 1 1 1 1 1 12 10 1 1 1 1 1 1 1 1 1
instanceKlass org/jetbrains/kotlin/ir/declarations/impl/IrFileImpl
ciInstanceKlass org/jetbrains/kotlin/ir/declarations/IrFile 1 1 147 1 7 1 7 1 100 1 100 1 1 1 3 3 1 3 1 3 1 1 1 1 1 1 1 1 1 1 1 1 1 1 1 1 1 1 1 1 1 1 1 1 1 1 1 1 1 1 1 1 1 1 1 1 1 1 1 1 1 1 1 1 1 12 10 1 1 1 8 1 7 1 1 12 10 1 7 1 1 12 11 1 1 8 12 10 1 8 1 12 10 1 1 1 12 10 1 7 1 1 12 11 1 100 1 7 1 1 12 11 1 1 12 11 1 7 11 1 1 1 1 1 1 1 1 1 1 7 1 1 12 10 1 12 10 1 7 1 1 1 1 1 1 1 1 1 1
ciInstanceKlass org/jetbrains/kotlin/cli/jvm/compiler/jarfs/ByteArrayCharSequence 1 1 103 1 7 1 7 1 7 1 1 1 3 3 1 3 1 3 1 1 1 1 1 1 1 1 1 1 1 1 1 1 1 1 1 1 1 1 1 1 1 1 1 1 8 1 7 1 1 12 10 1 12 10 12 9 12 9 12 9 1 1 12 10 1 100 1 8 1 12 10 1 12 10 1 1 1 8 1 1 1 12 10 1 100 1 7 1 12 10 1 1 12 10 1 12 10 1 1 1 1 1 1 1 1
instanceKlass org/jetbrains/kotlin/fir/contracts/FirContractDescription
instanceKlass org/jetbrains/kotlin/fir/contracts/FirContractElementDeclaration
instanceKlass org/jetbrains/kotlin/fir/declarations/FirOuterClassTypeParameterRef
instanceKlass org/jetbrains/kotlin/fir/expressions/FirAugmentedAssignment
instanceKlass org/jetbrains/kotlin/fir/FirFunctionTypeParameter
instanceKlass org/jetbrains/kotlin/fir/expressions/FirLoop
instanceKlass org/jetbrains/kotlin/fir/expressions/FirCatch
instanceKlass org/jetbrains/kotlin/fir/FirLabel
instanceKlass org/jetbrains/kotlin/fir/declarations/FirConstructedClassTypeParameterRef
instanceKlass org/jetbrains/kotlin/fir/expressions/FirWhenBranch
instanceKlass org/jetbrains/kotlin/fir/expressions/FirVariableAssignment
instanceKlass org/jetbrains/kotlin/fir/expressions/FirAnnotationArgumentMapping
instanceKlass org/jetbrains/kotlin/fir/expressions/FirArgumentList
instanceKlass org/jetbrains/kotlin/fir/expressions/FirDelegatedConstructorCall
instanceKlass org/jetbrains/kotlin/fir/declarations/FirImport
instanceKlass org/jetbrains/kotlin/fir/FirPackageDirective
instanceKlass org/jetbrains/kotlin/fir/types/FirTypeProjection
instanceKlass org/jetbrains/kotlin/fir/references/FirReference
instanceKlass org/jetbrains/kotlin/fir/expressions/FirExpression
instanceKlass org/jetbrains/kotlin/fir/declarations/impl/FirDeclarationStatusImpl
instanceKlass org/jetbrains/kotlin/fir/FirElementWithResolveState
instanceKlass org/jetbrains/kotlin/fir/declarations/FirReceiverParameter
instanceKlass org/jetbrains/kotlin/fir/types/FirTypeRef
ciInstanceKlass org/jetbrains/kotlin/fir/FirPureAbstractElement 1 1 60 1 100 1 7 1 100 1 1 1 3 3 1 3 1 3 1 1 1 1 1 1 1 1 1 1 1 1 1 1 1 1 1 1 1 1 12 10 1 1 1 1 1 1 1 1 1 1 1 1 1 100 1 8 1 1 12 10 1 1
ciInstanceKlass org/jetbrains/kotlin/types/model/TypeConstructorMarker 1 0 22 1 100 1 100 1 1 1 3 3 1 3 1 3 1 1 1 1 1 1 1 1
ciInstanceKlass org/jetbrains/kotlin/types/model/KotlinTypeMarker 1 0 22 1 100 1 100 1 1 1 3 3 1 3 1 3 1 1 1 1 1 1 1 1
ciInstanceKlass org/jetbrains/kotlin/types/model/SimpleTypeMarker 1 0 24 1 100 1 100 1 100 1 1 1 3 3 1 3 1 3 1 1 1 1 1 1 1 1
ciInstanceKlass org/jetbrains/kotlin/types/model/TypeSystemContext 1 1 428 1 7 1 100 1 100 1 1 1 3 3 1 3 1 3 1 1 1 1 1 1 1 1 1 1 1 1 1 1 1 1 1 1 1 1 1 1 1 1 1 1 1 1 1 1 1 1 1 1 1 1 1 1 1 1 1 1 1 1 1 1 1 1 1 1 1 1 1 1 1 1 1 1 1 1 1 1 1 1 1 1 1 1 1 1 1 1 1 1 1 1 1 1 1 1 1 1 1 1 1 1 1 1 1 1 1 1 1 1 1 1 1 1 1 1 1 1 1 1 1 1 1 1 1 1 1 1 1 1 1 1 1 1 1 1 1 1 1 1 1 1 1 1 1 1 1 1 1 1 1 1 1 1 1 100 1 100 1 1 100 1 1 1 1 1 1 1 1 1 1 8 1 7 1 1 12 10 12 11 12 11 1 7 1 100 1 1 1 1 1 12 11 12 11 1 1 1 12 11 1 1 12 11 1 1 1 1 1 1 1 1 1 1 1 1 1 7 12 11 12 11 1 1 1 1 1 1 1 1 1 1 1 1 1 1 1 1 1 1 1 1 1 1 1 1 1 1 100 1 8 1 1 12 10 12 11 1 12 11 12 11 1 1 12 10 1 12 11 1 12 11 12 11 12 11 1 1 12 10 1 12 11 12 11 1 1 12 11 1 7 1 100 1 12 11 12 11 12 11 1 100 12 11 12 11 1 1 1 1 100 1 1 1 1 1 1 12 11 12 11 12 11 1 12 11 1 12 11 12 11 1 1 1 1 1 8 1 12 11 1 1 1 1 1 1 1 100 1 100 1 12 10 1 8 1 12 10 1 100 1 100 1 12 10 1 8 1 1 12 10 1 12 10 1 8 1 1 12 10 1 100 1 1 12 10 1 1 12 10 10 10 1 1 1 12 10 1 1 1 1 12 10 1 100 1 1 1 1 1 1 1 1 1 1 1 1 1 1 1 1 1 1 1 1 1 1 1
ciInstanceKlass org/jetbrains/kotlin/types/TypeSystemCommonBackendContext 1 1 387 1 100 1 100 1 100 1 1 1 3 3 1 3 1 3 1 1 1 1 1 1 1 1 1 1 1 1 1 1 1 1 1 1 1 1 1 1 1 1 1 1 1 1 1 1 1 1 1 1 1 1 1 1 1 1 1 1 1 1 1 1 1 1 1 1 1 1 8 1 100 1 1 12 10 1 12 11 1 1 12 11 1 100 1 100 1 1 1 1 1 1 1 1 1 1 1 1 1 1 1 1 100 1 8 1 1 12 10 1 1 1 8 1 1 1 8 1 1 1 8 1 1 1 8 1 1 1 8 1 1 1 8 1 1 1 8 1 8 1 1 1 8 1 1 1 8 1 1 1 8 1 1 1 8 1 1 8 1 1 8 1 1 8 1 1 1 8 1 1 1 8 1 1 8 1 1 1 8 1 1 1 8 1 1 1 8 1 1 1 8 1 1 8 1 1 1 8 1 1 8 1 1 8 1 1 1 8 1 1 1 8 1 1 1 8 1 1 1 8 1 1 8 1 1 8 1 1 1 8 1 1 1 8 1 1 1 8 1 1 8 1 1 1 8 1 1 8 1 1 8 1 1 1 8 1 1 1 8 1 1 8 1 1 8 1 1 8 1 1 1 8 1 1 1 8 1 1 8 1 1 8 1 1 8 1 1 1 8 1 1 1 8 1 1 8 1 1 1 8 1 1 1 8 1 1 1 8 1 1 1 8 1 1 8 1 1 8 1 1 1 8 1 1 1 8 1 1 8 1 1 1 8 1 1 1 8 1 1 1 8 1 1 1 8 1 1 1 8 1 1 1 8 1 1 8 1 1 8 1 1 8 1 1 1 8 1 1 8 1 1 8 1 1 1 8 1 1 8 1 1 8 1 1 8 1 1
ciInstanceKlass org/jetbrains/kotlin/fir/types/TypeComponents$typeContext$1 1 1 50 1 7 1 7 1 100 1 1 7 1 1 12 1 1 3 3 1 3 1 3 1 1 1 1 1 1 1 1 1 1 1 1 12 9 1 12 10 1 1 1 12 10 1 1 1 1 1 1 1
instanceKlass org/jetbrains/kotlin/fir/declarations/FirDeclaration
ciInstanceKlass org/jetbrains/kotlin/fir/FirElementWithResolveState 1 1 107 1 7 1 7 1 100 1 1 1 3 3 1 3 1 3 1 1 1 1 1 1 1 1 1 1 1 1 1 1 1 1 1 1 1 1 1 1 1 1 1 1 1 1 1 1 1 1 1 1 1 1 12 10 1 1 1 12 9 1 100 8 1 7 1 1 12 10 1 8 1 1 12 10 1 1 8 1 100 1 1 12 10 1 1 8 1 100 1 1 12 10 1 8 1 12 10 1 1 1 1 1 1 1 1 1 1
instanceKlass org/jetbrains/kotlin/fir/declarations/FirCodeFragment
instanceKlass org/jetbrains/kotlin/fir/declarations/FirDanglingModifierList
instanceKlass org/jetbrains/kotlin/fir/declarations/FirScript
instanceKlass org/jetbrains/kotlin/fir/declarations/FirAnonymousInitializer
instanceKlass org/jetbrains/kotlin/fir/declarations/FirTypeParameter
instanceKlass org/jetbrains/kotlin/fir/declarations/FirFile
instanceKlass org/jetbrains/kotlin/fir/declarations/FirMemberDeclaration
ciInstanceKlass org/jetbrains/kotlin/fir/declarations/FirDeclaration 1 1 136 1 7 1 7 1 100 1 1 1 3 3 1 3 1 3 1 1 1 1 1 1 1 1 1 1 1 1 1 1 1 1 1 1 1 1 1 1 1 1 1 1 1 1 1 1 1 1 1 1 1 1 1 1 1 1 1 1 1 1 1 1 1 1 1 1 1 1 1 1 1 1 1 1 12 10 1 1 1 1 1 1 8 1 100 1 1 12 10 1 100 1 1 12 10 1 1 8 1 100 1 1 12 10 1 8 1 12 10 1 100 1 1 1 1 10 1 1 1 1 1 1 1 1 1 1 1 100 1 8 1 1 12 10 1 1
instanceKlass org/jetbrains/kotlin/fir/declarations/FirCallableDeclaration
instanceKlass org/jetbrains/kotlin/fir/declarations/FirClassLikeDeclaration
ciInstanceKlass org/jetbrains/kotlin/fir/declarations/FirMemberDeclaration 1 1 149 1 7 1 7 1 100 1 1 1 3 3 1 3 1 3 1 1 1 1 1 1 1 1 1 1 1 1 1 1 1 1 1 1 1 1 1 1 1 1 1 1 1 1 1 1 1 1 1 1 1 1 1 1 1 1 1 1 1 1 1 1 1 1 1 1 1 1 1 1 1 1 1 1 1 1 1 1 1 1 1 12 10 1 1 1 1 1 1 1 8 1 100 1 1 12 10 1 100 1 1 12 10 1 1 8 1 100 1 1 12 10 1 8 1 12 10 1 100 1 1 1 1 12 10 1 1 1 1 1 1 1 1 1 1 1 100 1 8 1 1 12 10 1 1 1 8 1 1
instanceKlass org/jetbrains/kotlin/fir/declarations/FirTypeAlias
instanceKlass org/jetbrains/kotlin/fir/declarations/FirClass
ciInstanceKlass org/jetbrains/kotlin/fir/declarations/FirClassLikeDeclaration 1 1 159 1 7 1 7 1 100 1 1 1 3 3 1 3 1 3 1 1 1 1 1 1 1 1 1 1 1 1 1 1 1 1 1 1 1 1 1 1 1 1 1 1 1 1 1 1 1 1 1 1 1 1 1 1 1 1 1 1 1 1 1 1 1 1 1 1 1 1 1 1 1 1 1 1 1 1 1 1 1 1 1 1 1 1 1 1 1 12 10 1 1 1 1 1 1 1 8 1 100 1 1 12 10 1 100 1 1 12 10 1 1 8 1 100 1 1 12 10 1 8 1 12 10 1 100 1 1 1 1 1 12 10 1 1 1 1 1 1 1 1 1 1 1 100 1 8 1 1 12 10 1 1 1 8 1 1 8 1 1
instanceKlass org/jetbrains/kotlin/fir/declarations/FirAnonymousObject
instanceKlass org/jetbrains/kotlin/fir/declarations/FirRegularClass
ciInstanceKlass org/jetbrains/kotlin/fir/declarations/FirClass 1 1 193 1 7 1 7 1 100 1 100 1 100 1 1 1 3 3 1 3 1 3 1 1 1 1 1 1 1 1 1 1 1 1 1 1 1 1 1 1 1 1 1 1 1 1 1 1 1 1 1 1 1 1 1 1 1 1 1 1 1 1 1 1 1 1 1 1 1 1 1 1 1 1 1 1 1 1 1 1 1 1 1 1 1 1 1 1 1 1 1 1 1 1 1 1 1 1 1 1 1 1 1 1 1 1 1 1 1 1 1 1 1 1 1 1 1 1 1 12 10 1 1 1 1 1 1 1 1 1 8 1 100 1 1 12 10 1 100 1 1 12 10 1 1 8 1 100 1 1 12 10 1 8 1 12 10 1 100 1 1 1 1 1 1 1 12 10 1 1 1 1 1 1 1 1 1 1 1 100 1 8 1 1 12 10 1 1 1 8 1 1 8 1 1
ciInstanceKlass org/jetbrains/kotlin/types/model/FlexibleTypeMarker 1 0 24 1 100 1 100 1 100 1 1 1 3 3 1 3 1 3 1 1 1 1 1 1 1 1
instanceKlass org/jetbrains/kotlin/types/UnwrappedType
ciInstanceKlass org/jetbrains/kotlin/types/KotlinType 1 1 130 1 7 1 7 1 100 1 100 1 1 1 3 3 1 3 1 3 1 1 1 1 1 1 1 1 1 1 1 1 1 1 1 1 1 1 1 1 1 1 1 1 1 1 1 1 1 1 1 1 1 1 1 1 1 1 1 1 1 1 1 1 1 1 1 12 10 1 1 1 12 10 1 7 1 12 10 1 1 1 1 1 100 1 1 12 10 12 10 12 10 12 10 12 10 1 12 9 12 10 1 1 1 1 100 1 1 12 9 12 10 1 1 12 10 1 1 10 1 1 1 1 1 1 1 1 1 1 1 1
instanceKlass org/jetbrains/kotlin/types/FlexibleType
instanceKlass org/jetbrains/kotlin/types/SimpleType
ciInstanceKlass org/jetbrains/kotlin/types/UnwrappedType 1 1 55 1 7 1 7 1 1 1 3 3 1 3 1 3 1 1 1 1 1 1 1 1 1 1 1 1 1 1 1 1 1 1 1 1 1 12 10 1 1 1 1 1 1 1 12 10 1 1 1 1 1 1 1 1 1
ciInstanceKlass org/jetbrains/kotlin/descriptors/DeclarationDescriptor 1 0 42 1 100 1 100 1 100 1 100 1 100 1 100 1 1 1 1 1 1 1 1 1 1 1 1 1 1 1 1 100 1 8 1 1 12 10 1 1 1 8 1 1
ciInstanceKlass org/jetbrains/kotlin/descriptors/ClassifierDescriptor 1 1 58 1 100 1 100 1 100 1 100 1 1 1 1 1 1 1 1 1 12 11 1 1 1 1 1 1 1 1 1 100 1 8 1 1 12 10 1 1 1 8 1 1 1 8 1 1 1 8 1 1 1 8 1 1 1 8 1 1
ciInstanceKlass org/jetbrains/kotlin/builtins/StandardNames 1 1 386 1 7 1 7 1 1 1 3 3 1 3 1 3 1 1 1 1 1 1 1 1 1 1 1 1 1 1 1 1 1 1 1 1 1 1 1 1 1 1 1 1 1 1 1 1 1 1 1 1 1 1 1 1 1 1 1 1 1 1 1 1 1 1 1 1 1 1 1 1 1 1 1 1 1 1 1 1 1 1 1 7 1 100 1 100 1 1 100 1 1 100 1 1 1 1 1 1 8 1 8 8 8 1 1 1 1 12 10 1 12 9 1 1 1 7 10 1 8 1 1 12 10 1 12 10 1 1 12 10 1 1 1 7 12 9 12 9 12 10 1 7 1 1 12 10 1 8 1 7 1 1 12 10 1 12 10 1 1 12 9 1 12 10 1 1 12 10 12 10 1 100 1 1 12 10 1 12 10 1 8 1 1 12 10 1 8 1 1 12 9 10 12 9 12 10 1 12 9 10 12 10 1 8 1 12 10 1 1 12 9 1 7 1 1 12 11 1 8 1 7 1 12 10 1 7 1 1 12 10 1 8 1 10 1 8 12 9 1 8 12 9 1 8 12 9 1 8 12 9 1 8 12 9 1 8 12 9 1 8 12 9 1 8 12 9 8 12 9 1 8 12 9 1 8 12 9 1 8 12 9 1 8 12 9 1 8 12 9 1 8 12 9 1 8 12 9 1 8 1 12 10 12 9 1 8 1 8 12 9 1 8 12 9 1 8 12 9 1 8 12 9 1 8 12 9 1 7 1 7 1 1 12 10 12 9 1 8 12 9 1 12 10 1 8 1 8 12 9 1 8 12 9 1 8 12 9 1 8 12 9 1 8 12 9 1 8 1 7 1 1 12 10 12 9 1 1 1 1 1 1 1 1 1 1 1
staticfield org/jetbrains/kotlin/builtins/StandardNames INSTANCE Lorg/jetbrains/kotlin/builtins/StandardNames; org/jetbrains/kotlin/builtins/StandardNames
staticfield org/jetbrains/kotlin/builtins/StandardNames BACKING_FIELD Lorg/jetbrains/kotlin/name/Name; org/jetbrains/kotlin/name/Name
staticfield org/jetbrains/kotlin/builtins/StandardNames DEFAULT_VALUE_PARAMETER Lorg/jetbrains/kotlin/name/Name; org/jetbrains/kotlin/name/Name
staticfield org/jetbrains/kotlin/builtins/StandardNames ENUM_VALUES Lorg/jetbrains/kotlin/name/Name; org/jetbrains/kotlin/name/Name
staticfield org/jetbrains/kotlin/builtins/StandardNames ENUM_ENTRIES Lorg/jetbrains/kotlin/name/Name; org/jetbrains/kotlin/name/Name
staticfield org/jetbrains/kotlin/builtins/StandardNames ENUM_VALUE_OF Lorg/jetbrains/kotlin/name/Name; org/jetbrains/kotlin/name/Name
staticfield org/jetbrains/kotlin/builtins/StandardNames DATA_CLASS_COPY Lorg/jetbrains/kotlin/name/Name; org/jetbrains/kotlin/name/Name
staticfield org/jetbrains/kotlin/builtins/StandardNames DATA_CLASS_COMPONENT_PREFIX Ljava/lang/String; "component"staticfield org/jetbrains/kotlin/builtins/StandardNames HASHCODE_NAME Lorg/jetbrains/kotlin/name/Name; org/jetbrains/kotlin/name/Name
staticfield org/jetbrains/kotlin/builtins/StandardNames TO_STRING_NAME Lorg/jetbrains/kotlin/name/Name; org/jetbrains/kotlin/name/Name
staticfield org/jetbrains/kotlin/builtins/StandardNames EQUALS_NAME Lorg/jetbrains/kotlin/name/Name; org/jetbrains/kotlin/name/Name
staticfield org/jetbrains/kotlin/builtins/StandardNames CHAR_CODE Lorg/jetbrains/kotlin/name/Name; org/jetbrains/kotlin/name/Name
staticfield org/jetbrains/kotlin/builtins/StandardNames NAME Lorg/jetbrains/kotlin/name/Name; org/jetbrains/kotlin/name/Name
staticfield org/jetbrains/kotlin/builtins/StandardNames MAIN Lorg/jetbrains/kotlin/name/Name; org/jetbrains/kotlin/name/Name
staticfield org/jetbrains/kotlin/builtins/StandardNames NEXT_CHAR Lorg/jetbrains/kotlin/name/Name; org/jetbrains/kotlin/name/Name
staticfield org/jetbrains/kotlin/builtins/StandardNames IMPLICIT_LAMBDA_PARAMETER_NAME Lorg/jetbrains/kotlin/name/Name; org/jetbrains/kotlin/name/Name
staticfield org/jetbrains/kotlin/builtins/StandardNames CONTEXT_FUNCTION_TYPE_PARAMETER_COUNT_NAME Lorg/jetbrains/kotlin/name/Name; org/jetbrains/kotlin/name/Name
staticfield org/jetbrains/kotlin/builtins/StandardNames DYNAMIC_FQ_NAME Lorg/jetbrains/kotlin/name/FqName; org/jetbrains/kotlin/name/FqName
staticfield org/jetbrains/kotlin/builtins/StandardNames COROUTINES_PACKAGE_FQ_NAME Lorg/jetbrains/kotlin/name/FqName; org/jetbrains/kotlin/name/FqName
staticfield org/jetbrains/kotlin/builtins/StandardNames COROUTINES_JVM_INTERNAL_PACKAGE_FQ_NAME Lorg/jetbrains/kotlin/name/FqName; org/jetbrains/kotlin/name/FqName
staticfield org/jetbrains/kotlin/builtins/StandardNames COROUTINES_INTRINSICS_PACKAGE_FQ_NAME Lorg/jetbrains/kotlin/name/FqName; org/jetbrains/kotlin/name/FqName
staticfield org/jetbrains/kotlin/builtins/StandardNames CONTINUATION_INTERFACE_FQ_NAME Lorg/jetbrains/kotlin/name/FqName; org/jetbrains/kotlin/name/FqName
staticfield org/jetbrains/kotlin/builtins/StandardNames RESULT_FQ_NAME Lorg/jetbrains/kotlin/name/FqName; org/jetbrains/kotlin/name/FqName
staticfield org/jetbrains/kotlin/builtins/StandardNames KOTLIN_REFLECT_FQ_NAME Lorg/jetbrains/kotlin/name/FqName; org/jetbrains/kotlin/name/FqName
staticfield org/jetbrains/kotlin/builtins/StandardNames PREFIXES Ljava/util/List; java/util/Arrays$ArrayList
staticfield org/jetbrains/kotlin/builtins/StandardNames BUILT_INS_PACKAGE_NAME Lorg/jetbrains/kotlin/name/Name; org/jetbrains/kotlin/name/Name
staticfield org/jetbrains/kotlin/builtins/StandardNames BUILT_INS_PACKAGE_FQ_NAME Lorg/jetbrains/kotlin/name/FqName; org/jetbrains/kotlin/name/FqName
staticfield org/jetbrains/kotlin/builtins/StandardNames ANNOTATION_PACKAGE_FQ_NAME Lorg/jetbrains/kotlin/name/FqName; org/jetbrains/kotlin/name/FqName
staticfield org/jetbrains/kotlin/builtins/StandardNames COLLECTIONS_PACKAGE_FQ_NAME Lorg/jetbrains/kotlin/name/FqName; org/jetbrains/kotlin/name/FqName
staticfield org/jetbrains/kotlin/builtins/StandardNames RANGES_PACKAGE_FQ_NAME Lorg/jetbrains/kotlin/name/FqName; org/jetbrains/kotlin/name/FqName
staticfield org/jetbrains/kotlin/builtins/StandardNames TEXT_PACKAGE_FQ_NAME Lorg/jetbrains/kotlin/name/FqName; org/jetbrains/kotlin/name/FqName
staticfield org/jetbrains/kotlin/builtins/StandardNames KOTLIN_INTERNAL_FQ_NAME Lorg/jetbrains/kotlin/name/FqName; org/jetbrains/kotlin/name/FqName
staticfield org/jetbrains/kotlin/builtins/StandardNames NON_EXISTENT_CLASS Lorg/jetbrains/kotlin/name/FqName; org/jetbrains/kotlin/name/FqName
staticfield org/jetbrains/kotlin/builtins/StandardNames BUILT_INS_PACKAGE_FQ_NAMES Ljava/util/Set; java/util/LinkedHashSet
instanceKlass org/jetbrains/kotlin/fir/java/declarations/FirJavaClass
instanceKlass org/jetbrains/kotlin/fir/declarations/impl/FirRegularClassImpl
ciInstanceKlass org/jetbrains/kotlin/fir/declarations/FirRegularClass 1 1 193 1 100 1 7 1 1 1 3 3 1 3 1 3 1 1 1 1 1 1 1 1 1 1 1 1 1 1 1 1 1 1 1 1 1 1 1 1 1 1 1 1 1 1 1 1 1 1 1 1 1 1 1 1 1 1 1 1 1 1 1 1 1 1 1 1 1 1 1 1 1 1 1 1 1 1 1 1 1 1 1 1 1 1 1 1 1 1 1 1 1 1 1 1 1 1 1 1 1 1 1 1 1 1 1 1 1 1 1 1 1 1 1 1 1 1 1 1 1 1 12 10 1 1 1 1 1 1 1 1 1 8 1 7 1 1 12 10 1 7 1 1 12 10 1 1 8 1 7 1 1 12 10 1 8 1 12 10 1 7 1 1 1 1 1 1 1 1 1 1 1 1 1 1 1 1 1 100 1 8 1 1 12 10 1 1 1 8 1 1 8 1 1
ciInstanceKlass org/jetbrains/kotlin/fir/declarations/impl/FirRegularClassImpl 1 1 413 1 7 1 7 1 1 1 3 3 1 3 1 3 1 1 1 1 1 1 1 1 1 1 1 1 1 1 1 1 1 1 1 1 1 1 1 1 1 1 1 1 1 1 1 1 1 1 1 1 1 1 1 1 1 1 1 1 1 1 1 1 1 1 1 1 1 1 1 1 1 1 1 1 1 1 1 1 1 1 1 1 1 1 1 1 1 1 1 1 1 1 1 1 1 1 1 1 1 1 1 1 1 1 1 1 1 1 1 1 1 1 1 1 1 1 1 1 1 1 1 1 1 1 1 1 1 1 1 1 1 1 1 1 1 1 1 1 1 1 1 1 8 1 7 1 1 12 10 8 8 8 8 8 8 8 8 8 8 8 8 1 12 10 12 9 12 9 12 9 12 9 12 9 12 9 12 9 12 9 12 9 12 9 12 9 12 9 12 9 12 9 12 9 12 9 12 10 1 7 1 7 1 1 12 10 1 7 1 1 12 10 1 7 1 1 12 10 1 1 1 8 1 1 1 1 12 9 1 8 12 10 1 7 1 1 12 11 1 7 1 12 11 1 1 12 11 1 7 1 1 12 11 12 10 1 7 11 12 10 1 7 10 12 10 10 12 10 1 7 1 1 12 10 1 7 10 12 10 1 7 10 12 10 1 100 1 100 1 100 10 1 1 1 1 1 1 1 1 1 1 1 1 1 8 12 10 12 10 1 1 12 10 1 100 12 10 12 10 12 10 12 10 1 7 1 1 12 10 1 12 10 11 12 10 8 8 12 10 1 8 1 7 1 1 12 10 12 10 12 10 1 8 1 7 1 12 11 1 7 1 1 12 11 1 1 1 7 1 1 7 1 1 7 1 12 10 1 7 1 1 1 7 1 1 100 1 1 100 1 1 100 1 1 1 7 1 1 100 12 10 1 1 1 1 1 1 1 1 1 1 1 1
ciInstanceKlass org/jetbrains/kotlin/resolve/jvm/JvmPrimitiveType 1 1 319 1 7 1 1 7 1 1 1 1 1 1 1 1 1 1 1 1 1 1 1 1 1 1 1 1 1 1 1 1 1 1 1 1 1 1 1 1 12 9 7 1 1 12 10 1 1 1 12 10 1 1 1 1 1 12 10 12 9 1 7 1 1 12 11 1 1 1 12 9 1 7 1 1 12 11 1 7 1 12 10 1 1 12 9 1 100 1 7 1 1 12 10 1 8 1 1 12 10 1 1 12 10 1 12 10 1 1 12 9 1 1 1 12 9 1 1 1 12 10 12 9 12 9 12 9 1 7 1 12 10 12 9 1 1 1 1 1 7 1 1 1 1 1 8 12 9 1 8 1 8 1 8 12 10 12 9 8 12 9 1 8 1 8 1 8 12 9 8 12 9 1 8 1 8 1 8 12 9 8 12 9 1 8 1 8 1 8 12 9 8 12 9 1 8 1 8 1 8 12 9 8 12 9 1 8 1 8 1 8 12 9 8 12 9 1 8 1 8 1 8 12 9 8 12 9 1 8 1 8 1 8 12 9 1 7 10 1 7 1 12 10 1 7 10 12 10 12 10 1 1 12 11 12 10 12 10 1 12 10 1 1 12 10 1 12 11 1 8 1 8 1 8 1 8 1 8 1 100 1 100 8 8 8 8 8 8 8 8 8 8 8 8 8 8 8 8 8 8 1 1 12 10 1 100 10 1 100 10 1 100 1 1 1 1 1 1 1 1
staticfield org/jetbrains/kotlin/resolve/jvm/JvmPrimitiveType BOOLEAN Lorg/jetbrains/kotlin/resolve/jvm/JvmPrimitiveType; org/jetbrains/kotlin/resolve/jvm/JvmPrimitiveType
staticfield org/jetbrains/kotlin/resolve/jvm/JvmPrimitiveType CHAR Lorg/jetbrains/kotlin/resolve/jvm/JvmPrimitiveType; org/jetbrains/kotlin/resolve/jvm/JvmPrimitiveType
staticfield org/jetbrains/kotlin/resolve/jvm/JvmPrimitiveType BYTE Lorg/jetbrains/kotlin/resolve/jvm/JvmPrimitiveType; org/jetbrains/kotlin/resolve/jvm/JvmPrimitiveType
staticfield org/jetbrains/kotlin/resolve/jvm/JvmPrimitiveType SHORT Lorg/jetbrains/kotlin/resolve/jvm/JvmPrimitiveType; org/jetbrains/kotlin/resolve/jvm/JvmPrimitiveType
staticfield org/jetbrains/kotlin/resolve/jvm/JvmPrimitiveType INT Lorg/jetbrains/kotlin/resolve/jvm/JvmPrimitiveType; org/jetbrains/kotlin/resolve/jvm/JvmPrimitiveType
staticfield org/jetbrains/kotlin/resolve/jvm/JvmPrimitiveType FLOAT Lorg/jetbrains/kotlin/resolve/jvm/JvmPrimitiveType; org/jetbrains/kotlin/resolve/jvm/JvmPrimitiveType
staticfield org/jetbrains/kotlin/resolve/jvm/JvmPrimitiveType LONG Lorg/jetbrains/kotlin/resolve/jvm/JvmPrimitiveType; org/jetbrains/kotlin/resolve/jvm/JvmPrimitiveType
staticfield org/jetbrains/kotlin/resolve/jvm/JvmPrimitiveType DOUBLE Lorg/jetbrains/kotlin/resolve/jvm/JvmPrimitiveType; org/jetbrains/kotlin/resolve/jvm/JvmPrimitiveType
staticfield org/jetbrains/kotlin/resolve/jvm/JvmPrimitiveType TYPE_BY_NAME Ljava/util/Map; java/util/HashMap
staticfield org/jetbrains/kotlin/resolve/jvm/JvmPrimitiveType TYPE_BY_PRIMITIVE_TYPE Ljava/util/Map; java/util/EnumMap
staticfield org/jetbrains/kotlin/resolve/jvm/JvmPrimitiveType TYPE_BY_DESC Ljava/util/Map; java/util/HashMap
staticfield org/jetbrains/kotlin/resolve/jvm/JvmPrimitiveType WRAPPER_CLASS_INTERNAL_NAMES Ljava/util/Set; java/util/HashSet
staticfield org/jetbrains/kotlin/resolve/jvm/JvmPrimitiveType OWNER_TO_BOXING_METHOD_DESCRIPTOR Ljava/util/Map; java/util/HashMap
staticfield org/jetbrains/kotlin/resolve/jvm/JvmPrimitiveType $VALUES [Lorg/jetbrains/kotlin/resolve/jvm/JvmPrimitiveType; 8 [Lorg/jetbrains/kotlin/resolve/jvm/JvmPrimitiveType;
ciInstanceKlass org/jetbrains/kotlin/builtins/PrimitiveType 1 1 267 1 7 1 1 7 1 1 1 3 3 1 3 1 3 1 1 1 1 1 1 1 1 1 1 1 1 1 1 1 1 1 1 1 1 1 1 1 1 1 1 1 1 1 1 1 1 1 7 1 1 1 1 1 1 1 1 1 1 1 1 12 10 1 7 1 1 12 10 1 8 1 7 1 1 12 10 12 9 1 7 1 12 10 1 1 12 10 1 8 1 1 12 10 12 9 1 7 1 1 12 9 1 16 1 1 12 10 15 16 1 7 1 1 12 10 15 1 1 12 18 1 7 1 1 12 10 12 9 1 12 10 15 18 12 9 1 1 1 1 1 1 7 1 12 11 1 7 1 1 12 9 1 7 1 12 10 7 1 1 1 12 10 1 1 1 1 12 9 1 7 1 12 9 1 1 12 10 1 8 1 1 12 9 12 9 12 9 12 9 12 9 12 9 12 9 12 9 1 1 1 12 9 12 10 1 1 12 10 1 8 1 8 12 10 8 1 8 8 1 8 8 1 8 8 1 8 8 1 8 8 1 8 8 1 8 12 10 1 7 1 7 1 1 12 10 1 12 10 1 7 1 1 12 10 12 9 1 1 1 1 1 1 1 1 1 1
staticfield org/jetbrains/kotlin/builtins/PrimitiveType Companion Lorg/jetbrains/kotlin/builtins/PrimitiveType$Companion; org/jetbrains/kotlin/builtins/PrimitiveType$Companion
staticfield org/jetbrains/kotlin/builtins/PrimitiveType NUMBER_TYPES Ljava/util/Set; java/util/LinkedHashSet
staticfield org/jetbrains/kotlin/builtins/PrimitiveType BOOLEAN Lorg/jetbrains/kotlin/builtins/PrimitiveType; org/jetbrains/kotlin/builtins/PrimitiveType
staticfield org/jetbrains/kotlin/builtins/PrimitiveType CHAR Lorg/jetbrains/kotlin/builtins/PrimitiveType; org/jetbrains/kotlin/builtins/PrimitiveType
staticfield org/jetbrains/kotlin/builtins/PrimitiveType BYTE Lorg/jetbrains/kotlin/builtins/PrimitiveType; org/jetbrains/kotlin/builtins/PrimitiveType
staticfield org/jetbrains/kotlin/builtins/PrimitiveType SHORT Lorg/jetbrains/kotlin/builtins/PrimitiveType; org/jetbrains/kotlin/builtins/PrimitiveType
staticfield org/jetbrains/kotlin/builtins/PrimitiveType INT Lorg/jetbrains/kotlin/builtins/PrimitiveType; org/jetbrains/kotlin/builtins/PrimitiveType
staticfield org/jetbrains/kotlin/builtins/PrimitiveType FLOAT Lorg/jetbrains/kotlin/builtins/PrimitiveType; org/jetbrains/kotlin/builtins/PrimitiveType
staticfield org/jetbrains/kotlin/builtins/PrimitiveType LONG Lorg/jetbrains/kotlin/builtins/PrimitiveType; org/jetbrains/kotlin/builtins/PrimitiveType
staticfield org/jetbrains/kotlin/builtins/PrimitiveType DOUBLE Lorg/jetbrains/kotlin/builtins/PrimitiveType; org/jetbrains/kotlin/builtins/PrimitiveType
staticfield org/jetbrains/kotlin/builtins/PrimitiveType $VALUES [Lorg/jetbrains/kotlin/builtins/PrimitiveType; 8 [Lorg/jetbrains/kotlin/builtins/PrimitiveType;
staticfield org/jetbrains/kotlin/builtins/PrimitiveType $ENTRIES Lkotlin/enums/EnumEntries; kotlin/enums/EnumEntriesList
ciInstanceKlass org/jetbrains/kotlin/builtins/PrimitiveType$Companion 1 1 124 1 7 1 7 1 1 1 3 3 1 3 1 3 1 1 1 1 1 1 1 1 1 1 1 1 1 1 7 1 12 10 1 1 1 1 1 8 1 7 1 1 12 10 1 7 1 1 12 10 1 8 1 1 12 10 1 8 1 8 1 8 1 8 1 8 1 8 1 8 1 12 9 1 12 9 1 12 9 1 12 9 1 12 9 1 12 9 1 12 9 1 12 9 1 1 8 1 8 1 8 1 8 1 8 1 8 1 8 1 8 1 10 1 1 1 1 1 1 1 1 1 1 1
ciInstanceKlass org/jetbrains/kotlin/com/google/common/collect/RegularImmutableMap 1 1 318 1 7 1 1 7 1 1 100 1 1 100 1 1 100 1 1 7 1 100 1 1 7 1 7 1 1 100 1 100 1 1 1 1 1 1 6 0 1 6 0 1 1 3 1 1 1 1 1 1 1 1 1 1 5 0 1 1 1 1 1 12 10 1 1 1 1 1 7 1 1 12 10 12 9 1 12 10 1 100 1 12 10 1 1 1 1 1 1 1 12 10 100 1 7 1 1 12 10 100 1 100 1 7 1 1 12 10 1 1 12 11 1 12 11 1 7 1 1 12 10 1 7 1 1 12 10 1 1 12 10 1 1 12 10 1 1 12 10 1 1 12 10 1 12 10 1 100 1 1 12 10 1 1 12 10 1 12 10 1 1 12 10 1 12 10 1 1 1 1 1 1 1 1 1 1 1 1 1 1 1 1 1 1 1 1 1 1 1 1 12 10 1 1 12 10 1 1 1 1 1 1 1 12 10 12 10 1 1 1 1 10 12 9 12 9 12 9 1 1 1 1 1 1 10 1 1 12 10 8 1 100 10 1 1 12 10 1 8 1 12 10 1 1 12 10 1 1 12 10 10 1 1 12 10 1 1 1 12 10 1 1 10 1 1 1 1 1 1 1 1 1 12 10 1 100 1 12 11 1 1 1 1 1 1 1 1 12 10 1 1 1 12 10 1 1 1 10 1 12 10 1 1 12 9 1 1 1 1 1 1 1 1 1 1 1 1 1
staticfield org/jetbrains/kotlin/com/google/common/collect/RegularImmutableMap EMPTY Lorg/jetbrains/kotlin/com/google/common/collect/ImmutableMap; org/jetbrains/kotlin/com/google/common/collect/RegularImmutableMap
ciInstanceKlass org/jetbrains/kotlin/resolve/jvm/JvmClassName 1 1 150 1 7 1 7 1 1 1 1 1 1 1 1 1 1 12 10 1 1 12 10 1 1 1 1 12 10 1 1 1 7 1 1 12 10 1 12 10 1 7 1 1 12 10 1 7 1 1 12 10 1 1 12 10 1 7 1 12 10 1 1 12 10 1 8 1 12 10 1 1 1 1 12 9 1 1 10 12 10 10 12 9 1 1 1 1 1 12 10 1 12 9 1 1 12 10 1 1 1 1 1 1 1 12 10 12 10 1 1 1 1 12 10 1 8 1 8 1 100 8 8 8 8 8 8 8 8 8 8 8 8 1 1 12 10 1 100 10 1 100 10 1 100 1 1 1 1 1 1 1
ciInstanceKlass org/jetbrains/kotlin/load/java/JvmAnnotationNames 1 1 217 1 7 1 100 1 1 1 1 1 1 1 8 1 1 8 1 1 8 1 1 8 1 1 8 1 1 8 1 1 1 8 1 1 3 1 3 1 3 1 3 1 3 1 3 1 3 1 3 1 1 1 1 1 1 1 1 1 1 1 1 1 1 1 1 1 1 1 1 1 1 8 1 1 8 1 1 1 1 12 10 1 1 1 1 7 1 8 1 12 10 12 9 1 7 10 1 8 1 1 12 10 1 7 1 1 12 10 1 1 12 10 1 8 1 12 10 12 9 1 8 1 7 1 1 12 10 12 9 1 7 1 7 1 12 10 12 9 1 7 12 9 1 7 12 9 1 7 12 9 1 7 12 9 1 7 12 9 1 8 12 9 1 7 12 9 1 8 12 9 1 8 12 9 1 8 12 9 1 8 12 9 1 8 12 9 1 8 12 9 1 8 12 9 1 8 12 9 1 8 12 9 12 9 1 8 12 9 1 8 12 9 1 1 1 1 1
staticfield org/jetbrains/kotlin/load/java/JvmAnnotationNames METADATA_FQ_NAME Lorg/jetbrains/kotlin/name/FqName; org/jetbrains/kotlin/name/FqName
staticfield org/jetbrains/kotlin/load/java/JvmAnnotationNames METADATA_DESC Ljava/lang/String; "Lkotlin/Metadata;"staticfield org/jetbrains/kotlin/load/java/JvmAnnotationNames DEFAULT_ANNOTATION_MEMBER_NAME Lorg/jetbrains/kotlin/name/Name; org/jetbrains/kotlin/name/Name
staticfield org/jetbrains/kotlin/load/java/JvmAnnotationNames TARGET_ANNOTATION Lorg/jetbrains/kotlin/name/FqName; org/jetbrains/kotlin/name/FqName
staticfield org/jetbrains/kotlin/load/java/JvmAnnotationNames ELEMENT_TYPE_ENUM Lorg/jetbrains/kotlin/name/FqName; org/jetbrains/kotlin/name/FqName
staticfield org/jetbrains/kotlin/load/java/JvmAnnotationNames RETENTION_ANNOTATION Lorg/jetbrains/kotlin/name/FqName; org/jetbrains/kotlin/name/FqName
staticfield org/jetbrains/kotlin/load/java/JvmAnnotationNames RETENTION_POLICY_ENUM Lorg/jetbrains/kotlin/name/FqName; org/jetbrains/kotlin/name/FqName
staticfield org/jetbrains/kotlin/load/java/JvmAnnotationNames DEPRECATED_ANNOTATION Lorg/jetbrains/kotlin/name/FqName; org/jetbrains/kotlin/name/FqName
staticfield org/jetbrains/kotlin/load/java/JvmAnnotationNames DOCUMENTED_ANNOTATION Lorg/jetbrains/kotlin/name/FqName; org/jetbrains/kotlin/name/FqName
staticfield org/jetbrains/kotlin/load/java/JvmAnnotationNames REPEATABLE_ANNOTATION Lorg/jetbrains/kotlin/name/FqName; org/jetbrains/kotlin/name/FqName
staticfield org/jetbrains/kotlin/load/java/JvmAnnotationNames OVERRIDE_ANNOTATION Lorg/jetbrains/kotlin/name/FqName; org/jetbrains/kotlin/name/FqName
staticfield org/jetbrains/kotlin/load/java/JvmAnnotationNames JETBRAINS_NOT_NULL_ANNOTATION Lorg/jetbrains/kotlin/name/FqName; org/jetbrains/kotlin/name/FqName
staticfield org/jetbrains/kotlin/load/java/JvmAnnotationNames JETBRAINS_NULLABLE_ANNOTATION Lorg/jetbrains/kotlin/name/FqName; org/jetbrains/kotlin/name/FqName
staticfield org/jetbrains/kotlin/load/java/JvmAnnotationNames JETBRAINS_MUTABLE_ANNOTATION Lorg/jetbrains/kotlin/name/FqName; org/jetbrains/kotlin/name/FqName
staticfield org/jetbrains/kotlin/load/java/JvmAnnotationNames JETBRAINS_READONLY_ANNOTATION Lorg/jetbrains/kotlin/name/FqName; org/jetbrains/kotlin/name/FqName
staticfield org/jetbrains/kotlin/load/java/JvmAnnotationNames READONLY_ANNOTATION Lorg/jetbrains/kotlin/name/FqName; org/jetbrains/kotlin/name/FqName
staticfield org/jetbrains/kotlin/load/java/JvmAnnotationNames MUTABLE_ANNOTATION Lorg/jetbrains/kotlin/name/FqName; org/jetbrains/kotlin/name/FqName
staticfield org/jetbrains/kotlin/load/java/JvmAnnotationNames PURELY_IMPLEMENTS_ANNOTATION Lorg/jetbrains/kotlin/name/FqName; org/jetbrains/kotlin/name/FqName
staticfield org/jetbrains/kotlin/load/java/JvmAnnotationNames KOTLIN_JVM_INTERNAL Lorg/jetbrains/kotlin/name/FqName; org/jetbrains/kotlin/name/FqName
staticfield org/jetbrains/kotlin/load/java/JvmAnnotationNames SERIALIZED_IR_FQ_NAME Lorg/jetbrains/kotlin/name/FqName; org/jetbrains/kotlin/name/FqName
staticfield org/jetbrains/kotlin/load/java/JvmAnnotationNames SERIALIZED_IR_DESC Ljava/lang/String; "Lkotlin/jvm/internal/SerializedIr;"staticfield org/jetbrains/kotlin/load/java/JvmAnnotationNames ENHANCED_NULLABILITY_ANNOTATION Lorg/jetbrains/kotlin/name/FqName; org/jetbrains/kotlin/name/FqName
staticfield org/jetbrains/kotlin/load/java/JvmAnnotationNames ENHANCED_MUTABILITY_ANNOTATION Lorg/jetbrains/kotlin/name/FqName; org/jetbrains/kotlin/name/FqName
ciInstanceKlass org/jetbrains/org/objectweb/asm/Type 1 1 353 1 7 1 7 1 1 1 3 1 3 1 3 1 3 1 3 1 3 1 3 1 3 1 3 1 3 1 3 1 3 1 1 1 1 1 1 1 1 1 1 1 1 1 1 1 1 1 1 12 10 12 9 12 9 12 9 12 9 1 1 1 1 7 1 1 12 10 1 1 12 10 1 1 1 1 7 1 1 12 10 1 7 1 1 12 9 12 9 1 100 9 12 9 1 100 9 12 9 1 100 9 12 9 1 100 9 12 9 1 100 9 12 9 1 100 9 12 9 1 100 9 12 9 1 100 9 12 9 1 100 10 1 1 12 10 12 10 1 1 1 1 1 1 12 10 1 1 1 1 1 1 12 10 1 1 1 1 1 12 10 1 1 1 1 12 10 12 10 1 1 1 1 1 12 10 1 1 1 1 1 1 12 10 1 12 10 1 1 12 10 1 7 1 12 10 1 1 1 1 1 1 1 100 1 1 12 10 12 10 1 1 1 1 1 1 12 10 1 1 12 10 1 12 10 1 100 10 1 1 1 1 1 8 1 8 1 8 1 8 1 8 1 8 1 8 1 8 1 8 1 7 12 10 12 10 1 12 10 1 8 1 1 12 10 1 12 10 1 1 12 10 1 1 12 10 1 1 1 1 1 12 10 10 1 12 10 1 1 12 10 1 1 100 10 1 8 1 1 1 12 10 1 1 12 10 1 1 12 10 1 12 10 12 10 1 1 1 1 1 1 12 10 1 1 1 1 1 1 100 10 1 1 1 1 1 1 1 1 1 1 1 1 1 1 8 1 1 1 1 1 1 1
staticfield org/jetbrains/org/objectweb/asm/Type VOID_TYPE Lorg/jetbrains/org/objectweb/asm/Type; org/jetbrains/org/objectweb/asm/Type
staticfield org/jetbrains/org/objectweb/asm/Type BOOLEAN_TYPE Lorg/jetbrains/org/objectweb/asm/Type; org/jetbrains/org/objectweb/asm/Type
staticfield org/jetbrains/org/objectweb/asm/Type CHAR_TYPE Lorg/jetbrains/org/objectweb/asm/Type; org/jetbrains/org/objectweb/asm/Type
staticfield org/jetbrains/org/objectweb/asm/Type BYTE_TYPE Lorg/jetbrains/org/objectweb/asm/Type; org/jetbrains/org/objectweb/asm/Type
staticfield org/jetbrains/org/objectweb/asm/Type SHORT_TYPE Lorg/jetbrains/org/objectweb/asm/Type; org/jetbrains/org/objectweb/asm/Type
staticfield org/jetbrains/org/objectweb/asm/Type INT_TYPE Lorg/jetbrains/org/objectweb/asm/Type; org/jetbrains/org/objectweb/asm/Type
staticfield org/jetbrains/org/objectweb/asm/Type FLOAT_TYPE Lorg/jetbrains/org/objectweb/asm/Type; org/jetbrains/org/objectweb/asm/Type
staticfield org/jetbrains/org/objectweb/asm/Type LONG_TYPE Lorg/jetbrains/org/objectweb/asm/Type; org/jetbrains/org/objectweb/asm/Type
staticfield org/jetbrains/org/objectweb/asm/Type DOUBLE_TYPE Lorg/jetbrains/org/objectweb/asm/Type; org/jetbrains/org/objectweb/asm/Type
ciInstanceKlass org/jetbrains/kotlin/builtins/jvm/JavaToKotlinClassMap 1 1 624 1 7 1 7 1 1 1 3 3 1 3 1 3 1 1 1 1 1 1 1 1 1 1 1 1 1 1 1 1 1 1 1 1 1 1 1 1 1 1 1 1 1 1 1 1 1 1 1 1 1 1 1 1 1 1 1 1 1 1 1 1 1 1 1 1 1 1 1 1 1 1 1 1 1 1 1 1 1 1 7 1 7 1 1 7 1 7 1 1 7 1 100 1 1 7 1 1 7 1 1 7 1 1 7 1 7 1 7 1 1 1 1 1 1 1 1 1 12 10 1 12 9 1 12 9 1 1 8 1 7 1 1 12 10 12 9 1 7 1 1 12 10 1 7 1 1 12 10 12 9 1 12 10 1 1 12 10 12 9 12 10 1 8 12 9 1 12 10 12 9 12 9 12 9 12 9 12 9 1 7 12 9 1 1 12 10 1 8 1 12 10 1 7 1 1 12 10 1 7 1 1 12 10 1 1 12 10 1 8 1 7 1 12 10 1 1 12 10 1 100 1 12 10 1 1 1 1 1 1 1 12 10 1 12 10 1 12 10 1 12 10 1 12 10 12 9 1 1 12 11 12 9 12 9 12 9 1 1 1 1 12 10 1 1 1 12 10 1 8 1 12 10 1 1 12 10 1 12 9 1 12 10 1 1 11 1 8 1 1 1 12 11 1 1 1 7 1 1 12 10 1 12 10 1 7 1 1 12 9 1 7 10 1 8 1 1 12 10 1 12 10 1 12 10 1 100 1 12 10 1 1 12 10 1 12 10 1 12 10 1 12 10 1 7 1 1 12 10 1 8 1 1 12 10 1 1 1 1 10 12 9 1 12 9 1 12 10 1 12 10 1 12 10 1 12 9 10 10 1 12 9 10 10 1 12 9 10 10 1 8 1 7 1 12 9 1 12 10 1 12 10 10 1 12 9 1 12 9 10 1 7 1 1 12 10 1 12 10 1 7 1 12 10 1 12 9 1 12 9 1 7 1 12 9 1 12 9 1 7 1 12 9 1 12 9 1 7 1 12 9 1 12 9 1 7 1 12 9 1 12 9 1 7 1 12 9 1 12 9 1 12 9 1 1 12 10 1 8 1 12 9 1 7 1 1 12 10 1 12 9 12 10 1 12 9 1 12 9 1 7 1 12 9 1 7 1 12 9 1 7 1 12 9 1 7 1 12 9 1 7 1 12 9 1 7 1 12 9 1 12 11 1 12 11 1 1 12 11 12 10 1 7 1 1 12 10 1 100 1 12 10 1 8 1 1 12 10 1 8 1 1 12 10 1 7 1 12 9 1 1 12 10 11 1 8 1 12 10 10 1 8 1 7 1 1 12 9 1 8 1 12 10 1 1 12 10 1 12 9 1 7 1 1 1 1 1 1 1 1 1 1 1 1 1 1 1 1 1 1 1 1 1 1
staticfield org/jetbrains/kotlin/builtins/jvm/JavaToKotlinClassMap INSTANCE Lorg/jetbrains/kotlin/builtins/jvm/JavaToKotlinClassMap; org/jetbrains/kotlin/builtins/jvm/JavaToKotlinClassMap
staticfield org/jetbrains/kotlin/builtins/jvm/JavaToKotlinClassMap NUMBERED_FUNCTION_PREFIX Ljava/lang/String; "kotlin.Function"staticfield org/jetbrains/kotlin/builtins/jvm/JavaToKotlinClassMap NUMBERED_K_FUNCTION_PREFIX Ljava/lang/String; "kotlin.reflect.KFunction"staticfield org/jetbrains/kotlin/builtins/jvm/JavaToKotlinClassMap NUMBERED_SUSPEND_FUNCTION_PREFIX Ljava/lang/String; "kotlin.coroutines.SuspendFunction"staticfield org/jetbrains/kotlin/builtins/jvm/JavaToKotlinClassMap NUMBERED_K_SUSPEND_FUNCTION_PREFIX Ljava/lang/String; "kotlin.reflect.KSuspendFunction"staticfield org/jetbrains/kotlin/builtins/jvm/JavaToKotlinClassMap FUNCTION_N_CLASS_ID Lorg/jetbrains/kotlin/name/ClassId; org/jetbrains/kotlin/name/ClassId
staticfield org/jetbrains/kotlin/builtins/jvm/JavaToKotlinClassMap FUNCTION_N_FQ_NAME Lorg/jetbrains/kotlin/name/FqName; org/jetbrains/kotlin/name/FqName
staticfield org/jetbrains/kotlin/builtins/jvm/JavaToKotlinClassMap K_FUNCTION_CLASS_ID Lorg/jetbrains/kotlin/name/ClassId; org/jetbrains/kotlin/name/ClassId
staticfield org/jetbrains/kotlin/builtins/jvm/JavaToKotlinClassMap K_CLASS_CLASS_ID Lorg/jetbrains/kotlin/name/ClassId; org/jetbrains/kotlin/name/ClassId
staticfield org/jetbrains/kotlin/builtins/jvm/JavaToKotlinClassMap CLASS_CLASS_ID Lorg/jetbrains/kotlin/name/ClassId; org/jetbrains/kotlin/name/ClassId
staticfield org/jetbrains/kotlin/builtins/jvm/JavaToKotlinClassMap javaToKotlin Ljava/util/HashMap; java/util/HashMap
staticfield org/jetbrains/kotlin/builtins/jvm/JavaToKotlinClassMap kotlinToJava Ljava/util/HashMap; java/util/HashMap
staticfield org/jetbrains/kotlin/builtins/jvm/JavaToKotlinClassMap mutableToReadOnly Ljava/util/HashMap; java/util/HashMap
staticfield org/jetbrains/kotlin/builtins/jvm/JavaToKotlinClassMap readOnlyToMutable Ljava/util/HashMap; java/util/HashMap
staticfield org/jetbrains/kotlin/builtins/jvm/JavaToKotlinClassMap mutableToReadOnlyClassId Ljava/util/HashMap; java/util/HashMap
staticfield org/jetbrains/kotlin/builtins/jvm/JavaToKotlinClassMap readOnlyToMutableClassId Ljava/util/HashMap; java/util/HashMap
staticfield org/jetbrains/kotlin/builtins/jvm/JavaToKotlinClassMap mutabilityMappings Ljava/util/List; java/util/Arrays$ArrayList
ciInstanceKlass org/jetbrains/kotlin/builtins/jvm/JavaToKotlinClassMap$PlatformMutabilityMapping 1 1 113 1 7 1 7 1 1 1 3 3 1 3 1 3 1 1 1 1 1 1 1 1 1 1 1 1 1 1 1 1 1 1 1 1 1 1 1 1 1 100 1 1 8 1 7 1 1 12 10 8 8 1 12 10 12 9 12 9 12 9 1 1 12 10 1 1 12 10 1 1 100 10 1 8 1 1 12 10 1 12 10 1 8 1 8 1 12 10 12 10 1 1 100 12 10 1 1 1 1 1 1 12 10 1 1 1 1 1 1 1 1 1 1
ciInstanceKlass org/jetbrains/kotlin/utils/SmartList$SingletonIterator 1 1 86 1 7 1 1 7 1 1 7 1 1 1 100 1 1 1 1 1 1 12 9 1 12 10 1 1 12 10 12 9 1 1 1 1 1 1 1 1 12 10 1 1 1 12 10 1 100 1 100 12 10 1 8 1 1 12 10 1 12 10 1 12 10 1 8 1 1 12 10 1 12 10 1 12 10 1 12 10 1 1 1 1 1 1 1 1
ciInstanceKlass org/jetbrains/kotlin/fir/java/declarations/FirJavaClass 1 1 569 1 7 1 7 1 1 1 3 3 1 3 1 3 1 1 1 1 1 1 1 1 1 1 1 1 1 1 1 1 1 1 1 1 1 1 1 1 1 1 1 1 1 1 1 1 1 1 1 1 1 1 1 1 1 1 1 1 1 1 1 1 1 1 1 1 1 1 1 1 1 1 1 1 1 1 1 1 1 1 1 1 1 1 1 1 1 1 1 1 1 1 1 1 1 1 1 1 1 1 1 1 1 1 1 1 1 1 1 1 1 1 1 1 1 1 1 1 1 1 1 1 1 1 1 1 1 1 1 1 1 1 1 1 1 1 1 1 1 1 1 1 1 1 1 7 1 7 1 1 100 1 7 1 1 1 1 1 1 1 1 1 1 1 8 1 7 1 1 12 10 8 8 8 8 8 8 8 8 8 8 8 8 1 12 10 12 9 12 9 12 9 12 9 12 9 12 9 12 9 12 9 12 9 12 9 12 9 12 9 12 9 12 9 12 9 12 9 12 10 1 7 1 7 1 1 12 10 1 7 1 1 12 10 1 7 1 1 12 10 1 7 10 12 9 1 16 1 1 12 10 15 16 1 7 1 1 12 10 15 1 1 12 18 1 7 1 1 12 10 12 9 1 12 10 15 18 12 9 1 1 12 10 15 16 18 12 9 1 1 8 1 1 1 1 1 7 1 12 10 1 1 7 1 12 11 1 7 1 1 7 1 1 8 1 100 1 100 10 1 8 1 1 12 10 1 100 1 1 12 10 1 100 1 1 12 10 1 100 1 1 12 11 1 8 12 10 1 8 1 12 10 10 1 12 10 1 8 1 8 12 10 1 8 1 1 1 8 12 10 1 100 1 1 12 11 1 100 1 12 11 1 12 11 1 1 12 10 12 10 1 100 10 12 10 1 100 11 12 10 1 100 11 1 100 1 100 10 1 1 1 1 1 1 1 1 1 1 1 1 8 12 10 12 10 1 100 1 100 1 1 12 10 12 10 12 10 12 10 1 1 8 1 8 1 1 12 10 8 1 1 1 8 1 1 7 12 10 1 7 1 1 12 10 1 16 12 10 15 16 1 12 18 1 12 10 1 1 12 10 1 1 1 1 7 1 1 12 10 12 10 1 1 12 9 1 7 1 1 12 10 1 100 1 100 1 7 1 1 12 10 1 7 1 7 1 12 10 1 12 10 1 1 7 1 1 7 1 1 7 1 12 10 1 1 100 12 10 1 1 100 1 1 100 1 1 1 1 100 1 1 100 1 12 10 1 1 1 1 1 1 1 1 1 1 1 1 1 1
ciInstanceKlass org/jetbrains/kotlin/load/java/typeEnhancement/TypeEnhancementUtilsKt 1 1 225 1 7 1 100 1 1 1 3 3 1 1 3 1 1 1 1 1 1 1 1 1 1 1 1 1 1 1 1 1 1 1 1 1 1 1 1 1 1 1 1 1 1 7 1 1 12 11 1 7 1 1 12 10 1 7 1 1 12 10 1 7 1 7 1 1 12 10 1 1 12 10 1 1 1 1 1 1 1 1 1 1 1 1 7 1 12 9 1 12 9 1 12 9 12 10 1 7 1 1 12 10 1 1 12 10 1 1 1 1 1 8 1 1 12 10 8 1 7 1 1 12 10 1 7 1 1 12 11 1 7 1 12 11 1 1 12 11 12 10 1 12 11 1 7 12 10 1 1 12 10 1 7 1 1 12 9 1 12 9 1 12 10 1 12 11 1 12 10 1 1 1 1 1 1 1 1 1 1 1 1 1 1 1 1 1 1 1 1 1 1 1 1 1 1 1 1 8 1 7 1 1 12 9 8 1 12 10 1 7 1 1 12 11 1 1 1 1 1 1 1 1 1 1 1
instanceKlass org/jetbrains/kotlin/ir/declarations/impl/IrExternalPackageFragmentImpl
ciInstanceKlass org/jetbrains/kotlin/ir/declarations/IrExternalPackageFragment 1 1 115 1 100 1 7 1 1 1 3 3 1 3 1 3 1 1 1 1 1 1 1 1 1 1 1 1 1 1 1 1 1 1 1 1 1 1 1 1 1 1 1 1 1 12 10 1 1 1 8 1 100 1 1 12 10 1 100 1 1 12 11 1 1 1 1 12 10 1 100 1 1 12 11 1 100 1 100 1 1 12 11 1 1 12 11 1 100 12 11 1 1 1 1 1 1 1 1 1 8 1 100 1 1 12 10 1 1 1 1 1 1 1 1 1 1
ciInstanceKlass org/jetbrains/kotlin/ir/declarations/impl/IrExternalPackageFragmentImpl 1 1 109 1 7 1 7 1 1 1 3 3 1 3 1 3 1 1 1 1 1 1 1 1 1 1 1 1 1 1 1 1 1 1 1 1 1 1 1 1 1 1 1 1 1 1 1 1 7 1 1 1 1 8 1 7 1 1 12 10 8 12 10 12 9 12 9 1 7 10 1 7 12 9 12 10 1 7 1 7 1 1 12 11 1 1 8 1 1 1 1 100 1 1 7 1 1 12 10 12 9 1 1 1 1 1 1 1 1 1 1
staticfield org/jetbrains/kotlin/ir/declarations/impl/IrExternalPackageFragmentImpl Companion Lorg/jetbrains/kotlin/ir/declarations/impl/IrExternalPackageFragmentImpl$Companion; org/jetbrains/kotlin/ir/declarations/impl/IrExternalPackageFragmentImpl$Companion
ciInstanceKlass org/jetbrains/kotlin/ir/symbols/IrSymbol 1 0 57 1 100 1 100 1 100 1 1 1 3 3 1 3 1 3 1 1 1 1 1 1 1 1 1 1 1 1 1 1 1 1 1 1 1 1 1 1 1 1 1 1 1 1 1 1 1 1 100 1 1 1 1 1 1 1 1
ciInstanceKlass org/jetbrains/kotlin/ir/util/IrUtilsKt 1 1 3155 1 7 1 100 1 1 1 3 3 1 1 3 1 1 1 1 1 1 1 1 1 1 1 1 1 1 1 1 1 1 1 1 1 1 1 1 1 1 1 1 1 1 1 1 1 1 1 1 1 1 1 1 1 1 1 1 1 1 1 1 1 1 1 1 1 1 1 1 1 1 1 1 1 1 1 1 1 1 1 1 1 1 1 1 1 1 1 1 1 1 1 1 1 1 1 1 1 1 1 1 1 1 1 1 1 1 1 1 1 1 1 1 1 1 1 1 1 1 1 1 1 1 1 1 1 1 1 1 1 1 1 1 1 1 1 1 1 1 1 1 1 1 1 1 1 1 1 1 1 1 1 1 1 1 1 1 1 1 1 1 1 1 1 1 1 1 1 1 1 1 1 1 1 1 1 1 1 1 1 1 1 1 1 1 1 1 1 1 1 1 1 1 1 1 1 1 1 1 1 1 1 1 1 1 1 1 1 1 1 1 1 1 1 1 1 1 1 1 1 1 1 1 1 1 1 1 1 1 1 1 1 1 1 1 1 1 1 1 1 1 1 1 1 1 1 1 1 1 1 1 1 1 1 1 1 1 1 1 1 1 1 1 1 1 1 1 1 1 1 1 1 1 1 1 1 1 1 1 1 1 1 1 1 1 1 1 1 1 1 1 1 1 1 1 1 1 1 1 1 1 1 1 1 1 1 1 1 1 1 1 1 1 1 1 1 1 1 1 1 1 1 1 1 1 1 1 1 1 1 1 1 1 1 1 1 1 1 1 1 1 1 1 1 1 1 1 1 1 1 1 1 1 1 1 1 1 1 1 1 1 1 1 1 1 1 1 1 1 1 1 1 1 1 1 1 1 1 1 1 1 1 1 1 1 1 1 1 1 1 1 1 1 1 1 1 1 1 1 1 1 1 1 1 1 1 1 1 1 1 1 1 1 1 1 1 1 7 1 100 1 1 7 1 100 1 1 7 1 7 1 1 7 1 100 1 1 7 1 1 7 1 1 7 1 7 1 7 1 7 1 7 1 1 7 1 7 1 100 1 100 1 1 7 1 1 100 1 7 1 1 1 1 1 1 8 1 7 1 1 12 10 1 7 1 1 12 10 1 7 1 7 1 1 12 10 1 7 1 1 12 11 1 8 1 12 10 1 100 1 1 12 10 1 7 1 1 12 11 1 12 10 1 7 1 12 10 1 1 12 11 1 7 1 12 10 1 12 11 1 1 12 11 1 8 1 12 10 1 7 1 1 12 11 1 7 1 1 12 11 1 1 12 11 1 100 1 1 12 11 1 12 10 1 1 1 1 1 1 1 1 1 1 1 1 1 1 1 1 1 1 1 7 10 1 7 1 1 12 11 10 1 7 1 12 10 1 7 1 12 10 10 12 10 10 1 12 10 1 8 10 1 1 1 1 1 1 7 10 1 100 1 1 12 10 1 7 1 1 12 9 1 7 10 1 8 1 1 12 10 1 7 1 100 1 1 12 10 1 12 10 1 1 12 10 1 100 12 10 1 1 12 10 1 7 11 1 100 10 1 12 10 1 12 10 1 1 1 8 1 7 1 12 10 1 1 1 1 1 1 1 1 12 10 1 7 1 12 10 1 1 1 1 1 1 1 1 1 1 1 8 1 7 1 1 12 11 1 1 12 10 1 100 1 12 10 1 1 12 10 1 1 1 1 1 1 1 100 1 1 12 10 1 7 1 12 10 1 7 1 100 1 1 1 1 12 10 1 1 12 9 1 1 12 10 1 1 12 9 1 12 10 1 7 1 1 12 10 1 1 1 1 12 9 1 7 1 12 10 1 1 8 8 1 1 12 10 1 12 10 1 8 8 1 100 1 12 10 1 7 1 1 12 10 1 12 10 1 12 10 1 100 1 1 12 9 1 7 1 1 12 10 1 1 8 1 7 1 1 12 10 1 7 1 12 9 1 1 1 12 11 10 1 7 1 1 12 10 1 12 10 1 1 1 1 1 1 1 12 10 10 1 8 1 1 12 10 1 12 10 1 1 12 10 1 100 1 1 12 10 1 1 7 1 12 10 1 12 10 12 10 1 12 10 1 1 12 10 1 7 1 12 9 1 7 1 1 12 10 1 12 9 1 1 12 10 1 1 1 1 1 7 1 12 10 1 1 12 10 1 7 1 12 9 1 7 1 7 1 1 12 10 1 8 1 1 1 1 1 1 12 10 1 7 12 10 1 12 10 1 7 1 1 12 10 1 7 1 12 11 1 1 1 1 1 12 10 16 1 1 12 10 15 16 1 7 1 1 12 10 15 1 1 12 18 1 12 10 1 1 7 1 12 9 1 12 10 1 7 11 1 7 10 1 1 1 1 1 1 1 1 1 12 10 15 16 18 1 1 7 1 12 9 1 1 1 100 1 12 9 1 1 12 10 1 1 12 10 15 16 18 1 7 12 10 1 1 1 1 1 1 10 1 7 1 12 10 8 1 1 1 1 1 1 7 11 1 7 1 12 9 1 1 1 8 1 7 1 12 10 1 12 10 1 1 12 10 1 1 12 11 1 12 10 1 1 1 12 10 1 12 11 1 1 12 10 1 12 10 12 10 1 1 1 1 1 7 12 10 1 100 1 1 12 10 1 100 1 8 1 8 1 1 12 10 1 8 1 7 1 1 8 1 7 10 1 7 1 1 12 10 1 1 1 1 12 10 1 7 1 1 12 9 1 1 12 9 1 1 12 9 1 1 12 9 1 1 12 9 1 1 12 9 1 12 10 10 1 7 1 12 9 1 12 10 1 12 10 1 1 12 10 1 7 10 1 1 1 7 1 1 12 11 1 7 1 7 1 1 12 10 1 12 10 1 7 1 12 11 11 11 1 8 1 100 1 12 10 1 1 1 12 10 1 1 8 1 8 1 7 1 12 10 1 7 11 12 10 12 10 1 1 1 7 1 12 11 12 10 1 1 1 1 1 12 10 1 1 1 8 1 100 1 1 12 10 1 1 8 1 12 10 1 1 10 1 7 1 1 1 100 1 8 10 1 100 1 8 10 1 8 1 8 1 1 1 1 1 12 10 1 8 1 1 12 10 1 1 1 1 100 1 1 12 10 1 1 1 1 1 1 1 1 1 1 1 8 8 12 10 1 1 11 1 1 12 10 1 12 10 1 12 11 1 1 1 1 1 12 9 12 10 1 12 9 1 12 10 1 12 10 1 7 1 12 10 1 7 11 1 7 10 1 8 1 7 1 12 10 1 1 1 1 1 1 1 10 1 8 1 10 10 1 12 10 12 10 1 1 1 1 7 1 12 10 12 10 1 1 12 10 1 1 1 7 1 12 11 1 12 10 1 12 10 1 1 8 8 12 11 1 12 10 1 1 1 1 1 16 1 1 12 10 15 16 1 1 12 18 1 1 12 10 15 16 18 1 1 12 10 1 8 1 1 8 1 100 1 100 1 1 12 11 1 100 1 1 12 10 1 7 1 100 1 100 1 1 12 10 1 100 1 1 12 10 1 8 1 1 8 1 100 1 1 12 10 1 100 1 1 12 10 1 8 1 1 8 8 1 100 10 10 10 1 12 10 10 1 12 10 1 12 10 1 12 10 1 1 1 1 1 1 1 12 10 1 8 10 1 12 10 1 1 12 10 1 7 10 1 12 10 1 1 1 1 1 1 1 8 1 7 1 1 12 10 1 12 10 1 1 1 1 8 10 1 1 1 1 1 1 1 7 1 12 10 1 8 1 100 1 8 10 1 12 10 1 1 1 1 1 12 10 15 16 18 1 1 12 10 1 1 1 12 10 10 1 1 12 10 1 1 1 12 10 10 1 12 10 12 10 1 12 10 11 1 7 1 1 12 10 1 7 10 1 12 10 1 8 10 1 7 1 1 12 10 1 7 1 7 1 1 12 10 1 12 10 1 1 12 11 1 1 12 10 1 7 10 10 1 1 12 10 1 12 10 1 1 1 1 1 1 1 1 1 1 1 1 1 1 12 10 1 1 11 1 12 10 1 12 10 1 12 10 1 1 12 10 12 10 1 1 7 1 12 10 1 1 12 9 1 1 12 10 1 12 10 1 1 7 1 1 12 11 1 10 1 1 7 1 7 1 7 1 1 7 1 12 10 1 100 1 12 11 1 100 11 1 12 10 1 1 12 10 1 8 1 1 12 10 1 1 12 10 10 1 1 12 10 1 7 10 10 10 10 10 1 1 12 10 10 10 10 1 12 10 1 1 10 10 10 1 1 12 10 1 1 100 12 10 1 12 10 12 10 1 100 10 10 1 1 12 10 1 7 10 10 10 10 10 10 10 10 12 10 1 1 1 1 1 8 8 11 10 1 8 10 10 1 1 1 10 1 1 8 1 100 10 1 100 1 100 1 12 10 1 7 1 1 12 11 10 1 8 1 1 1 8 10 1 7 10 10 1 12 10 10 1 12 10 1 7 1 1 12 10 1 1 12 10 1 1 12 10 1 1 12 10 12 10 1 1 12 10 1 7 1 1 12 10 11 1 1 12 10 11 1 1 12 10 1 1 12 10 1 1 12 10 1 100 10 1 12 10 1 100 10 10 1 1 12 10 10 1 100 1 12 9 1 1 12 10 1 12 10 1 1 12 10 1 1 12 10 1 1 1 1 1 1 1 1 1 1 1 1 1 1 1 1 1 1 1 1 1 1 1 1 1 1 1 1 1 1 1 12 10 12 10 1 12 10 1 10 1 7 1 12 9 10 12 10 1 1 1 10 1 1 7 1 1 1 8 8 1 7 1 12 10 10 10 1 7 1 12 10 1 7 1 7 1 1 12 10 1 7 1 7 1 12 10 1 7 1 7 1 12 10 1 7 1 1 12 11 1 100 1 8 10 1 7 1 12 10 1 12 10 1 1 12 10 10 1 1 12 10 1 7 1 12 10 1 1 1 1 1 1 1 1 1 1 1 1 1 1 1 1 1 10 10 10 1 8 12 10 1 12 10 1 12 10 12 10 12 10 12 10 12 10 1 8 1 7 10 1 1 12 10 10 1 1 12 10 10 1 12 10 11 1 1 12 10 1 1 1 1 1 1 1 1 1 10 10 12 10 1 1 8 8 1 1 12 10 1 12 10 1 1 12 10 1 12 10 1 1 1 1 12 10 1 1 12 10 1 7 1 1 12 10 10 1 1 1 1 1 1 1 1 1 1 12 10 12 10 1 1 12 10 12 10 1 1 8 11 1 1 12 10 1 12 11 1 1 12 10 1 12 10 1 12 10 1 12 10 1 1 1 1 1 1 1 1 1 1 1 1 12 10 1 1 8 1 12 10 1 10 10 1 12 10 1 1 1 1 1 1 1 1 1 12 9 1 1 12 10 1 12 10 1 8 1 1 11 12 10 1 12 11 1 1 8 8 1 12 10 1 1 12 10 1 1 1 1 1 12 10 1 8 1 12 10 1 8 1 1 12 10 1 8 1 1 12 10 1 8 1 12 10 1 8 11 1 1 1 1 1 1 1 1 1 12 10 1 1 1 12 10 1 1 1 1 1 12 10 1 1 1 12 10 11 1 100 1 7 1 1 12 10 10 1 12 10 1 100 1 7 11 1 1 12 11 1 7 1 1 12 10 1 100 1 100 10 1 1 1 1 1 1 8 12 10 1 1 1 8 12 10 1 1 1 8 1 7 1 12 9 1 10 1 12 10 1 1 1 12 10 1 1 12 10 1 12 10 1 1 8 1 7 10 1 1 12 10 1 12 10 10 1 1 12 10 12 10 10 1 1 1 1 1 1 1 1 1 1 1 1 1 8 1 100 1 100 1 12 10 10 1 7 1 12 9 1 12 9 1 12 9 1 1 12 10 1 12 10 1 1 1 1 12 10 1 12 10 1 1 1 1 1 1 1 1 1 10 10 10 1 12 9 1 1 1 1 1 12 10 12 10 1 1 12 10 10 12 10 1 1 1 1 1 8 8 1 7 1 7 1 12 9 1 7 1 12 10 1 1 12 10 1 7 1 1 1 1 1 12 10 1 1 8 8 8 8 8 8 1 12 10 12 10 1 12 10 1 7 1 12 10 12 10 1 12 10 1 7 1 100 1 12 10 1 1 12 10 1 1 12 10 10 1 12 10 10 1 1 12 10 10 10 1 12 10 10 1 12 9 1 12 10 1 12 10 1 1 12 10 15 1 16 1 12 18 1 12 10 1 12 10 12 10 1 12 10 15 18 1 12 10 10 1 12 11 1 1 12 10 1 1 12 10 1 7 1 1 12 10 1 1 1 1 1 1 1 1 1 1 1 1 1 1 10 10 1 7 12 10 12 10 1 8 8 1 100 1 7 1 1 12 10 1 1 1 7 10 1 1 1 1 12 10 1 8 1 12 10 15 1 16 18 1 7 1 12 10 1 12 10 1 12 11 1 8 11 10 1 1 1 1 1 1 1 1 1 1 1 1 1 1 1 1 1 1 1 1 1 7 11 11 1 8 12 10 1 1 12 10 1 1 1 1 1 1 12 10 1 1 8 1 1 1 1 8 8 1 1 12 10 1 12 10 1 1 12 10 1 1 1 100 1 1 1 1 1 1 12 10 1 12 10 1 12 10 1 1 1 8 1 1 1 100 1 12 10 1 1 1 1 8 8 1 100 1 12 10 1 8 1 1 1 1 1 12 9 1 1 12 10 1 1 12 10 1 12 10 1 1 12 10 1 7 1 1 12 9 1 12 10 1 1 12 10 1 100 1 1 12 10 1 1 12 10 1 1 12 10 1 1 12 10 1 1 12 10 1 1 12 10 1 1 12 10 1 1 12 10 1 1 12 10 1 1 12 10 1 1 12 10 1 1 12 10 1 1 12 10 1 1 12 10 1 100 1 12 9 10 1 12 10 1 1 12 10 1 1 8 12 10 1 100 1 8 10 1 1 1 12 10 1 1 1 12 10 15 16 18 1 1 12 10 15 18 1 10 10 1 1 11 1 100 11 1 12 10 1 100 1 1 8 1 1 12 10 1 1 8 1 1 1 100 10 1 8 1 100 10 1 1 10 1 1 8 1 100 1 12 10 1 1 12 10 1 8 10 1 1 1 1 1 1 1 1 1 1 1 1 1 1 1 1 1 1 1 1 1 1 1 1 1 1 1 1 1 1 1 1 1 1 1
ciInstanceKlass org/jetbrains/kotlin/ir/symbols/IrClassifierSymbol 1 0 42 1 100 1 100 1 100 1 100 1 1 1 3 3 1 3 1 3 1 1 1 1 1 1 1 1 1 1 1 1 1 1 1 1 1 100 1 1 1 1 1 1
ciInstanceKlass org/jetbrains/kotlin/ir/symbols/IrClassSymbol 1 0 34 1 100 1 1 100 1 100 1 100 1 100 1 1 1 3 3 1 3 1 3 1 1 1 1 1 1 1 1 1 1 1 1 1
instanceKlass org/jetbrains/kotlin/ir/symbols/impl/IrVariableSymbolImpl
instanceKlass org/jetbrains/kotlin/ir/symbols/impl/IrAnonymousInitializerSymbolImpl
instanceKlass org/jetbrains/kotlin/ir/symbols/impl/IrExternalPackageFragmentSymbolImpl
instanceKlass org/jetbrains/kotlin/ir/symbols/impl/IrFileSymbolImpl
instanceKlass org/jetbrains/kotlin/ir/symbols/impl/IrSymbolWithSignature
ciInstanceKlass org/jetbrains/kotlin/ir/symbols/impl/IrSymbolBase 1 1 217 1 7 1 1 7 1 7 1 1 1 3 3 1 3 1 3 1 1 1 1 1 1 1 1 1 1 1 1 1 1 1 1 1 1 1 1 1 1 1 1 1 1 1 1 1 1 1 1 1 1 1 1 1 1 1 1 1 1 1 1 12 10 12 9 1 12 10 1 7 1 7 1 1 12 9 1 100 10 1 8 1 1 12 10 1 12 10 1 8 1 7 1 1 12 10 1 12 11 1 12 10 1 100 12 10 1 7 1 1 12 10 1 12 11 1 8 1 8 1 1 1 1 1 1 1 12 10 1 8 1 12 10 1 7 1 7 1 1 12 10 1 8 1 1 12 9 1 100 1 1 12 10 1 100 1 12 10 1 8 12 10 10 1 12 10 1 100 12 9 1 1 7 1 12 11 1 1 12 10 1 8 1 12 10 1 8 1 8 1 100 1 100 1 1 12 10 1 100 12 10 1 8 1 8 1 8 1 1 1 1 1 1 1 1 1 1
instanceKlass org/jetbrains/kotlin/ir/symbols/impl/IrEnumEntrySymbolImpl
instanceKlass org/jetbrains/kotlin/ir/symbols/impl/IrFieldSymbolImpl
instanceKlass org/jetbrains/kotlin/ir/symbols/impl/IrPropertySymbolImpl
instanceKlass org/jetbrains/kotlin/ir/symbols/impl/IrTypeParameterSymbolImpl
instanceKlass org/jetbrains/kotlin/ir/symbols/impl/IrSimpleFunctionSymbolImpl
instanceKlass org/jetbrains/kotlin/ir/symbols/impl/IrConstructorSymbolImpl
instanceKlass org/jetbrains/kotlin/ir/symbols/impl/IrValueParameterSymbolImpl
instanceKlass org/jetbrains/kotlin/ir/symbols/impl/IrClassSymbolImpl
ciInstanceKlass org/jetbrains/kotlin/ir/symbols/impl/IrSymbolWithSignature 1 1 48 1 7 1 1 7 1 1 1 3 3 1 3 1 3 1 1 1 1 1 1 1 1 1 1 1 1 1 1 1 1 1 1 1 1 12 10 12 9 1 1 1 1 1 1 1 1 1
ciInstanceKlass org/jetbrains/kotlin/ir/symbols/impl/IrClassSymbolImpl 1 1 59 1 7 1 1 7 1 100 1 1 1 3 3 1 3 1 3 1 1 1 1 1 1 1 1 1 1 1 1 1 1 1 1 100 1 12 10 1 1 12 10 1 12 10 1 1 1 12 10 1 7 1 1 1 1 1 1 1 1
ciInstanceKlass org/jetbrains/kotlin/ir/declarations/IrDeclaration 1 0 59 1 100 1 100 1 100 1 100 1 100 1 1 1 3 3 1 3 1 3 1 1 1 1 1 1 1 1 1 1 1 1 1 1 1 1 1 1 1 1 1 1 1 1 1 1 1 1 1 1 1 100 1 1 1 1 1 1 1
ciInstanceKlass org/jetbrains/kotlin/ir/declarations/IrDeclarationWithName 1 0 33 1 100 1 100 1 100 1 1 1 3 3 1 3 1 3 1 1 1 1 1 1 1 1 1 1 1 1 1 1 1 1 1
instanceKlass org/jetbrains/kotlin/ir/declarations/IrTypeAlias
instanceKlass org/jetbrains/kotlin/ir/declarations/IrLocalDelegatedProperty
instanceKlass org/jetbrains/kotlin/ir/declarations/IrScript
instanceKlass org/jetbrains/kotlin/ir/declarations/IrVariable
instanceKlass org/jetbrains/kotlin/ir/declarations/IrAnonymousInitializer
instanceKlass org/jetbrains/kotlin/ir/declarations/IrEnumEntry
instanceKlass org/jetbrains/kotlin/ir/declarations/IrTypeParameter
instanceKlass org/jetbrains/kotlin/ir/declarations/IrProperty
instanceKlass org/jetbrains/kotlin/ir/declarations/IrField
instanceKlass org/jetbrains/kotlin/ir/declarations/IrFunction
instanceKlass org/jetbrains/kotlin/ir/declarations/IrValueParameter
instanceKlass org/jetbrains/kotlin/ir/declarations/IrClass
ciInstanceKlass org/jetbrains/kotlin/ir/declarations/IrDeclarationBase 1 1 60 1 7 1 7 1 100 1 1 1 3 3 1 3 1 3 1 1 1 1 1 1 1 1 1 1 1 1 1 1 1 12 10 1 1 12 9 1 100 8 1 7 1 1 12 10 1 8 1 1 12 10 1 1 1 1 1 1 1 1
instanceKlass org/jetbrains/kotlin/fir/lazy/Fir2IrLazyClass
instanceKlass org/jetbrains/kotlin/ir/declarations/impl/IrClassImpl
ciInstanceKlass org/jetbrains/kotlin/ir/declarations/IrClass 1 1 224 1 7 1 7 1 100 1 100 1 100 1 100 1 100 1 100 1 1 1 3 3 1 3 1 3 1 1 1 1 1 1 1 1 1 1 1 1 1 1 1 1 1 1 1 1 1 1 1 1 1 1 1 1 1 1 1 1 1 1 1 1 1 1 1 1 1 1 1 1 1 1 1 1 1 1 1 1 1 1 1 1 1 1 1 1 1 1 1 1 1 1 1 1 1 1 1 1 1 1 1 1 1 1 1 1 1 1 1 1 1 1 1 1 1 1 1 1 1 1 1 12 10 1 1 1 1 1 1 1 1 1 1 1 8 1 7 1 1 12 10 1 7 1 1 12 11 1 1 1 12 10 1 7 1 1 12 11 1 7 1 12 11 1 1 12 11 1 7 12 10 1 12 10 1 7 11 12 10 1 7 10 1 1 1 1 1 1 1 1 1 1 1 8 1 7 1 1 12 10 1 12 10 1 1 12 10 1 1 12 10 12 10 1 1 1 1 1 1 1 1 1 1 1
instanceKlass org/jetbrains/kotlin/backend/jvm/JvmFileFacadeClass
instanceKlass org/jetbrains/kotlin/fir/backend/Fir2IrDeclarationStorage$NonCachedSourceFileFacadeClass
ciInstanceKlass org/jetbrains/kotlin/ir/declarations/impl/IrClassImpl 1 1 288 1 7 1 7 1 1 1 3 3 1 3 1 3 1 1 1 1 1 1 1 1 1 1 1 1 1 1 1 1 1 1 1 1 1 1 1 1 1 1 1 1 1 1 1 1 1 1 1 1 1 1 1 1 1 1 1 1 1 1 1 1 1 1 1 1 1 1 1 1 1 1 1 1 1 1 1 1 1 1 1 1 1 1 1 1 1 1 1 1 1 1 1 1 1 1 1 1 1 1 1 1 1 1 1 1 1 1 1 1 1 1 1 1 1 1 1 1 1 1 1 1 1 1 1 1 1 1 1 1 1 1 1 1 1 1 1 1 1 1 1 1 1 1 1 1 1 1 1 1 1 1 1 1 1 1 8 1 7 1 1 12 10 8 8 8 8 8 8 8 12 10 12 9 12 9 12 9 12 9 12 9 12 9 12 9 12 9 12 9 12 9 1 7 1 12 10 12 9 12 9 1 7 10 1 7 12 9 1 7 12 9 12 9 12 9 12 10 1 7 1 7 1 1 12 11 1 1 8 1 1 12 9 1 1 1 1 12 9 12 9 1 12 11 1 7 1 12 9 12 9 12 9 12 9 12 9 12 9 12 9 1 1 12 9 1 12 9 1 1 1 1 1 7 1 12 10 1 7 1 1 1 1 1 1 1 1 1
ciInstanceKlass org/jetbrains/kotlin/ir/types/SimpleTypeNullability 1 1 100 1 7 1 1 7 1 1 1 3 3 1 3 1 3 1 1 1 1 1 1 1 1 1 1 1 1 1 7 1 1 1 1 1 1 1 12 10 1 1 1 1 1 1 1 12 9 1 7 1 1 12 10 7 1 1 1 12 10 1 1 1 1 12 9 1 12 9 12 9 12 9 1 8 10 8 8 12 10 1 7 1 7 1 1 12 10 1 12 10 12 9 1 1 1 1 1 1 1 1
staticfield org/jetbrains/kotlin/ir/types/SimpleTypeNullability Companion Lorg/jetbrains/kotlin/ir/types/SimpleTypeNullability$Companion; org/jetbrains/kotlin/ir/types/SimpleTypeNullability$Companion
staticfield org/jetbrains/kotlin/ir/types/SimpleTypeNullability MARKED_NULLABLE Lorg/jetbrains/kotlin/ir/types/SimpleTypeNullability; org/jetbrains/kotlin/ir/types/SimpleTypeNullability
staticfield org/jetbrains/kotlin/ir/types/SimpleTypeNullability NOT_SPECIFIED Lorg/jetbrains/kotlin/ir/types/SimpleTypeNullability; org/jetbrains/kotlin/ir/types/SimpleTypeNullability
staticfield org/jetbrains/kotlin/ir/types/SimpleTypeNullability DEFINITELY_NOT_NULL Lorg/jetbrains/kotlin/ir/types/SimpleTypeNullability; org/jetbrains/kotlin/ir/types/SimpleTypeNullability
staticfield org/jetbrains/kotlin/ir/types/SimpleTypeNullability $VALUES [Lorg/jetbrains/kotlin/ir/types/SimpleTypeNullability; 3 [Lorg/jetbrains/kotlin/ir/types/SimpleTypeNullability;
staticfield org/jetbrains/kotlin/ir/types/SimpleTypeNullability $ENTRIES Lkotlin/enums/EnumEntries; kotlin/enums/EnumEntriesList
instanceKlass org/jetbrains/kotlin/ir/types/IrDynamicType
instanceKlass org/jetbrains/kotlin/ir/types/IrErrorType
instanceKlass org/jetbrains/kotlin/ir/types/IrSimpleType
ciInstanceKlass org/jetbrains/kotlin/ir/types/IrType 1 1 65 1 7 1 7 1 100 1 100 1 100 1 100 1 1 1 3 3 1 3 1 3 1 1 1 1 1 1 1 1 1 1 1 1 1 1 1 1 1 1 1 1 1 1 1 1 1 12 10 1 1 1 1 1 1 10 1 1 1 1 1 1 1 1 1
instanceKlass org/jetbrains/kotlin/ir/types/impl/IrCapturedType
instanceKlass org/jetbrains/kotlin/ir/types/impl/IrAbstractSimpleType
ciInstanceKlass org/jetbrains/kotlin/ir/types/IrSimpleType 1 1 87 1 100 1 7 1 100 1 100 1 1 1 3 3 1 3 1 3 1 1 1 1 1 1 1 1 1 1 1 1 1 1 1 1 1 1 1 1 1 1 1 1 1 1 1 1 1 1 1 1 1 1 1 1 12 10 1 1 1 1 12 10 1 100 1 12 9 1 1 1 1 1 1 1 7 1 12 9 1 1 1 1 1 1 1 1 1
instanceKlass org/jetbrains/kotlin/ir/types/impl/IrSimpleTypeImpl
ciInstanceKlass org/jetbrains/kotlin/ir/types/impl/IrAbstractSimpleType 1 1 96 1 7 1 7 1 1 1 3 3 1 3 1 3 1 1 1 1 1 1 1 1 1 1 1 1 1 1 1 1 1 1 1 1 1 1 1 1 1 1 1 1 1 1 1 12 10 1 1 1 1 1 1 1 7 1 1 12 9 12 10 1 1 12 10 12 10 12 10 1 7 1 12 10 1 1 1 1 12 10 1 7 12 10 1 7 10 1 1 1 1 1 1 1 1 1
ciInstanceKlass org/jetbrains/kotlin/ir/types/impl/IrSimpleTypeImpl 1 1 114 1 7 1 7 1 1 1 3 3 1 3 1 3 1 1 1 1 1 1 1 1 1 1 1 1 1 1 1 1 1 1 1 1 1 1 1 1 1 1 1 1 1 1 1 7 1 7 1 1 1 1 1 1 1 8 1 7 1 1 12 10 8 8 8 1 12 10 12 9 12 9 12 9 12 9 1 7 1 12 9 1 12 9 12 9 1 1 12 10 1 1 1 1 12 9 1 1 12 10 1 1 12 10 1 1 1 1 1 1 1 1 1 1
ciInstanceKlass org/jetbrains/kotlin/ir/symbols/IrTypeParameterSymbol 1 0 37 1 100 1 1 100 1 100 1 100 1 100 1 100 1 1 1 3 3 1 3 1 3 1 1 1 1 1 1 1 1 1 1 1 1 1 1
instanceKlass org/jetbrains/kotlin/ir/declarations/impl/IrValueParameterImpl
ciInstanceKlass org/jetbrains/kotlin/ir/declarations/IrValueParameter 1 1 133 1 7 1 7 1 100 1 1 1 3 3 1 3 1 3 1 1 1 1 1 1 1 1 1 1 1 1 1 1 1 1 1 1 1 1 1 1 1 1 1 1 1 1 1 1 1 1 1 1 1 1 1 1 1 1 1 1 1 1 1 1 1 1 1 1 1 1 1 1 1 1 1 1 1 1 12 10 1 1 1 1 1 8 1 7 1 1 12 10 1 7 1 1 12 11 1 1 8 12 10 1 8 1 12 10 1 12 10 1 7 10 1 1 12 10 12 10 1 12 10 1 7 1 1 1 1 1 1 1 1 1 1
ciInstanceKlass org/jetbrains/kotlin/ir/symbols/IrFunctionSymbol 1 0 41 1 100 1 100 1 100 1 100 1 1 1 3 3 1 3 1 3 1 1 1 1 1 1 1 1 1 1 1 1 1 1 1 1 100 1 1 1 1 1 1
ciInstanceKlass org/jetbrains/kotlin/ir/symbols/IrConstructorSymbol 1 0 34 1 100 1 1 100 1 100 1 100 1 100 1 1 1 3 3 1 3 1 3 1 1 1 1 1 1 1 1 1 1 1 1 1
ciInstanceKlass org/jetbrains/kotlin/ir/symbols/impl/IrConstructorSymbolImpl 1 1 69 1 7 1 1 7 1 100 1 1 1 3 3 1 3 1 3 1 1 1 1 1 1 1 1 1 1 1 1 1 1 1 1 100 1 12 10 1 1 12 10 1 12 10 1 1 1 12 10 1 100 1 1 1 12 10 1 7 1 1 100 1 1 1 1 1 1 1 1
instanceKlass org/jetbrains/kotlin/ir/declarations/IrSimpleFunction
instanceKlass org/jetbrains/kotlin/ir/declarations/IrConstructor
ciInstanceKlass org/jetbrains/kotlin/ir/declarations/IrFunction 1 1 211 1 7 1 7 1 100 1 100 1 100 1 100 1 100 1 100 1 100 1 100 1 1 1 3 3 1 3 1 3 1 1 1 1 1 1 1 1 1 1 1 1 1 1 1 1 1 1 1 1 1 1 1 1 1 1 1 1 1 1 1 1 1 1 1 1 1 1 1 1 1 1 1 1 1 1 1 1 1 1 1 1 1 1 1 1 1 1 1 1 1 1 1 1 1 1 1 1 1 1 1 1 1 1 1 1 12 10 1 1 1 1 1 1 1 8 1 7 1 1 12 10 1 12 10 1 7 1 1 12 11 1 7 1 12 11 1 1 12 11 1 7 1 1 12 10 12 10 1 7 10 12 10 12 10 12 10 1 7 10 1 1 1 1 1 1 1 1 1 1 1 8 1 7 1 1 12 10 1 12 10 1 1 12 10 1 100 1 100 12 10 12 10 12 10 1 12 10 12 10 1 1 1 1 1 1 1 1 1 1 1
instanceKlass org/jetbrains/kotlin/builtins/DefaultBuiltIns
ciInstanceKlass org/jetbrains/kotlin/builtins/KotlinBuiltIns 1 1 1329 1 7 1 7 1 1 100 1 1 100 1 7 1 7 1 7 1 7 1 7 1 1 7 1 100 1 1 7 1 100 1 1 100 1 100 1 1 7 1 7 1 1 100 1 100 1 100 1 100 1 1 1 1 1 1 1 1 1 1 1 1 1 1 1 1 1 1 1 1 1 1 1 12 10 1 12 10 12 9 1 12 10 1 7 1 1 12 11 12 9 10 12 9 10 1 1 12 11 12 9 1 1 1 1 1 7 12 9 1 12 10 12 9 1 12 9 1 1 12 10 1 1 12 10 1 1 12 10 1 1 12 10 1 1 12 11 1 1 12 10 1 1 12 10 1 1 1 1 12 10 1 1 12 11 1 1 1 1 12 9 1 1 1 1 1 12 9 1 12 9 1 1 7 1 1 12 10 1 12 10 1 7 1 1 12 10 1 100 1 1 12 9 1 100 1 8 1 12 10 1 100 1 1 12 11 1 1 1 1 100 1 1 1 7 1 7 1 1 12 10 1 1 1 1 7 1 7 1 1 12 11 1 12 9 1 7 1 1 12 10 1 1 12 11 1 1 1 1 1 12 9 1 1 12 10 1 100 1 12 11 1 100 1 1 1 100 1 1 12 9 1 100 1 1 12 10 1 100 10 1 8 1 1 12 10 1 12 10 1 1 12 10 1 7 1 1 1 1 1 7 1 1 12 10 1 100 1 12 11 1 1 1 1 1 8 12 10 1 1 8 1 1 1 7 1 1 12 10 1 12 10 1 1 1 1 12 9 12 10 1 1 12 9 1 1 12 9 1 1 12 9 1 1 12 9 1 1 12 9 1 1 12 9 1 1 12 9 1 1 8 1 1 12 10 1 1 8 1 1 8 1 1 1 1 12 10 1 1 1 1 12 9 1 12 10 1 1 12 10 12 10 1 1 1 12 10 1 7 1 12 10 1 1 12 9 1 12 10 1 12 10 1 1 1 8 1 1 8 1 1 8 1 1 8 1 1 8 1 1 8 1 1 1 12 9 1 1 12 9 1 1 12 9 1 1 12 9 1 1 12 9 1 1 12 9 1 1 12 9 1 1 12 9 1 1 12 9 1 1 12 9 1 1 12 9 1 1 12 9 1 1 12 9 1 1 12 9 1 1 12 9 1 1 12 9 1 1 12 9 1 1 12 9 1 1 12 9 1 1 12 9 1 1 12 9 1 1 12 9 1 12 10 1 8 1 1 12 10 1 8 1 1 12 10 1 8 1 8 1 1 12 9 1 1 12 9 1 1 1 1 12 11 1 100 1 1 12 10 1 12 10 1 1 12 10 1 12 10 1 12 10 1 12 10 1 1 1 12 10 1 12 10 1 1 1 1 1 1 1 1 12 10 1 12 10 1 1 12 10 1 1 1 1 12 10 1 7 1 1 12 10 1 1 12 11 1 100 10 1 1 12 11 1 100 1 12 11 1 100 1 12 10 1 1 12 9 1 7 12 11 1 1 12 10 1 1 12 10 1 8 1 12 10 1 1 1 1 1 1 1 1 1 12 10 1 7 1 1 12 11 1 100 1 7 1 100 1 12 9 1 12 11 1 12 10 1 100 1 1 12 10 1 100 1 1 12 10 1 100 1 1 12 10 1 1 1 1 1 1 1 12 9 1 1 1 12 9 1 12 10 1 12 10 1 8 1 12 10 1 8 1 1 1 1 1 1 1 1 1 12 9 11 1 7 1 1 12 11 1 12 9 1 12 10 1 1 12 9 1 12 9 1 1 1 100 1 12 10 1 100 1 1 12 10 12 10 1 100 1 1 12 10 1 1 1 1 1 1 1 1 1 1 12 9 1 1 12 10 12 10 1 1 1 100 1 12 9 1 12 9 1 1 12 10 12 10 1 12 10 1 12 9 1 1 12 10 1 1 1 1 12 10 12 10 1 12 10 1 1 12 10 1 1 1 12 10 1 12 10 1 12 10 1 1 12 10 1 1 1 12 10 1 1 1 12 10 1 12 10 10 1 1 1 12 9 1 12 9 1 1 12 10 1 1 12 9 1 1 1 12 9 1 1 12 9 1 1 1 12 9 1 1 12 9 1 1 12 9 1 1 1 12 9 1 1 12 10 1 12 9 1 1 12 10 1 1 12 9 1 1 12 9 1 1 12 9 1 1 12 9 1 1 12 9 1 1 12 9 1 1 12 9 1 1 12 9 1 12 10 12 10 12 10 12 10 1 12 9 1 1 12 10 1 1 1 12 10 1 12 10 1 1 12 9 12 10 1 1 1 100 1 12 11 1 8 12 10 1 1 12 11 1 12 11 1 12 11 1 100 1 12 11 1 12 11 1 1 1 1 1 1 1 100 1 1 12 9 12 10 1 1 12 11 1 1 1 12 9 1 1 12 9 1 1 12 9 1 1 12 9 1 12 10 12 10 12 10 12 10 1 1 1 12 10 1 1 1 1 1 1 12 9 1 1 1 1 1 12 9 1 12 11 1 12 11 1 12 9 1 1 12 11 1 100 1 12 11 1 1 12 11 1 1 12 11 12 10 1 1 1 1 1 1 1 12 9 1 1 12 10 1 1 1 1 1 1 1 1 7 1 12 10 1 8 1 12 10 1 8 1 8 1 100 1 100 8 8 8 8 8 8 8 8 8 8 8 8 8 8 8 8 8 8 8 8 8 8 8 8 8 8 8 8 8 8 8 8 8 8 8 8 8 8 8 8 8 8 8 8 8 8 8 8 8 8 8 8 8 8 8 8 8 8 8 8 8 8 8 8 8 8 8 8 8 8 8 8 8 8 8 8 8 8 8 8 8 8 8 8 8 8 8 8 8 8 8 8 8 8 8 8 8 8 8 8 8 8 8 8 8 8 8 8 8 8 8 8 8 8 8 8 8 8 8 8 8 8 8 8 8 8 8 8 8 8 8 8 8 8 8 8 8 8 8 8 8 8 8 8 8 8 8 8 8 8 8 8 8 8 1 1 12 10 1 100 10 1 100 1 1 1 1 1 1 1 1 1 1
staticfield org/jetbrains/kotlin/builtins/KotlinBuiltIns BUILTINS_MODULE_NAME Lorg/jetbrains/kotlin/name/Name; org/jetbrains/kotlin/name/Name
staticfield org/jetbrains/kotlin/builtins/KotlinBuiltIns $assertionsDisabled Z 1
instanceKlass org/jetbrains/kotlin/types/AbstractStubType
instanceKlass org/jetbrains/kotlin/types/SimpleTypeImpl
instanceKlass org/jetbrains/kotlin/types/DelegatingSimpleType
instanceKlass org/jetbrains/kotlin/types/error/ErrorType
ciInstanceKlass org/jetbrains/kotlin/types/SimpleType 1 1 162 1 100 1 7 1 100 1 100 1 1 1 3 3 1 3 1 3 1 1 1 1 1 1 1 1 1 1 1 1 1 1 1 1 1 1 1 1 1 12 10 1 1 1 1 1 1 1 1 100 12 10 1 1 12 10 1 100 1 1 12 11 1 100 1 1 12 11 1 1 12 11 1 100 1 100 1 8 1 100 1 1 12 9 1 1 12 10 1 8 1 100 1 1 12 10 1 1 12 10 1 12 10 1 1 12 10 1 100 1 12 11 1 100 1 100 1 8 1 100 1 8 1 8 1 100 1 1 12 10 1 12 10 1 8 1 12 10 12 10 1 8 1 100 1 1 12 10 1 1 1 1 1 1 1 1 1 1 1 1 1 1
ciInstanceKlass org/jetbrains/kotlin/descriptors/ClassDescriptor 1 1 121 1 100 1 100 1 100 1 100 1 100 1 1 1 1 1 1 1 1 1 1 1 1 1 1 1 1 1 1 1 1 1 1 1 1 1 1 1 1 1 1 1 1 1 1 1 1 1 1 1 1 1 1 1 1 1 1 1 1 1 1 1 12 11 1 1 1 1 1 1 1 1 1 1 1 100 1 8 1 1 12 10 1 1 1 8 1 1 1 8 1 1 1 8 1 1 1 8 1 1 1 8 1 1 1 8 1 1 1 8 1 1 8 1 1 8 1 1 8 1 1
ciInstanceKlass org/jetbrains/kotlin/resolve/descriptorUtil/DescriptorUtilsKt 1 1 1360 1 7 1 100 1 1 1 3 3 1 1 3 1 1 1 1 1 1 1 1 1 1 1 1 1 1 1 1 1 1 1 1 1 1 1 1 1 1 1 1 1 1 1 1 1 1 1 1 1 1 1 1 1 1 1 1 1 1 1 1 1 1 1 1 1 1 1 1 1 1 1 1 1 1 1 1 1 1 1 1 1 1 1 1 1 1 1 1 1 1 1 1 1 1 1 1 1 1 1 1 1 1 1 1 1 1 1 1 1 1 1 1 1 1 1 1 1 1 1 1 1 1 1 1 1 1 1 1 1 1 1 1 1 1 1 1 1 1 1 1 1 1 1 1 1 1 1 1 1 1 1 1 1 1 1 1 1 1 1 1 1 1 1 1 1 1 1 1 1 1 1 1 1 1 1 1 1 1 1 1 1 7 1 100 1 1 100 1 100 1 1 100 1 7 1 1 100 1 1 100 1 7 1 100 1 7 1 7 1 1 100 1 100 1 1 100 1 7 1 1 7 1 1 1 8 1 7 1 1 12 10 1 100 1 1 12 11 1 1 1 100 1 1 12 11 1 100 1 100 1 1 12 11 1 8 1 12 10 1 7 1 1 12 11 1 8 1 1 7 1 12 10 1 8 1 12 10 1 8 1 1 100 1 1 12 11 1 1 12 10 1 8 1 1 12 10 1 7 1 12 11 1 1 8 8 1 100 1 1 12 10 1 100 1 1 12 9 1 8 1 100 1 1 12 10 1 1 12 10 1 8 1 1 12 11 1 100 1 1 12 11 1 1 12 10 1 8 1 100 1 1 12 11 1 1 100 1 100 1 12 11 1 100 1 100 1 12 10 1 8 1 1 12 10 1 12 10 1 1 12 10 1 12 10 1 1 100 12 10 1 1 1 1 1 1 1 1 12 11 1 100 1 100 12 11 1 12 11 1 8 1 12 10 1 1 12 10 1 1 1 12 10 1 12 10 1 1 1 12 11 1 100 1 12 10 1 1 1 12 9 1 1 12 10 11 1 1 12 9 1 8 1 12 10 1 1 1 1 12 10 1 1 12 11 1 100 1 100 1 1 100 1 1 12 10 1 100 1 12 10 1 1 12 10 1 11 1 1 12 11 1 100 1 1 12 10 1 12 11 12 10 1 1 8 1 12 9 1 1 1 1 1 12 10 1 100 1 1 12 11 1 7 1 1 12 11 1 100 1 12 11 1 1 12 11 1 100 1 1 12 10 10 1 1 12 11 1 12 10 1 1 1 12 10 12 10 1 12 10 1 8 1 1 1 8 1 7 1 100 10 11 1 1 12 11 1 100 1 12 10 1 1 1 1 1 1 1 1 1 1 1 1 1 1 1 1 1 1 1 1 1 1 1 1 12 11 1 8 1 100 1 12 11 1 1 1 12 11 1 1 1 12 11 1 1 12 9 11 1 12 11 1 100 11 1 1 1 7 1 1 12 10 1 16 1 1 12 10 15 16 1 7 1 1 12 10 15 1 1 12 18 1 1 12 9 1 100 1 1 12 10 1 8 1 100 1 12 10 1 1 1 100 1 1 12 11 1 12 9 1 100 1 1 12 11 1 1 12 9 1 1 1 12 9 1 12 10 1 100 1 100 1 1 1 12 11 12 9 1 100 1 1 12 11 1 100 1 12 10 1 7 1 12 10 1 8 1 1 12 10 1 100 1 100 1 12 10 1 1 12 10 1 1 1 1 1 1 1 1 1 1 1 12 10 1 1 12 10 1 1 1 12 10 12 10 1 12 9 1 1 1 16 1 12 10 15 16 1 1 12 18 1 100 1 1 12 10 1 12 10 1 1 12 10 1 1 12 10 1 100 1 12 10 1 12 10 1 1 1 1 8 10 1 1 12 10 15 1 16 1 12 18 1 12 10 1 1 12 10 1 1 1 1 1 1 12 10 1 8 1 1 12 11 1 1 1 1 1 12 11 1 1 12 10 1 12 11 1 8 1 1 12 10 1 1 12 10 15 1 16 1 12 18 1 1 12 10 1 1 12 10 1 1 1 1 1 100 10 1 1 12 10 1 1 1 1 1 1 12 11 1 8 11 1 100 1 1 12 11 1 1 1 1 1 1 1 1 1 8 8 1 12 10 1 100 11 12 10 1 12 10 1 1 1 12 10 15 16 18 1 1 1 8 1 100 10 10 1 12 10 1 8 1 100 1 1 12 10 1 100 1 1 12 9 1 1 12 10 1 1 1 1 100 11 1 12 10 1 8 1 1 12 10 1 12 9 11 1 12 11 1 100 1 1 12 9 1 12 11 1 12 11 1 1 12 11 1 1 1 1 100 11 1 1 1 1 12 9 1 100 10 1 1 12 10 1 1 1 1 1 12 10 1 1 12 10 1 8 11 1 12 9 1 1 12 11 1 1 8 1 12 10 1 12 10 1 1 8 1 12 10 1 11 1 1 1 12 11 1 1 12 10 1 100 1 1 1 100 1 12 11 12 10 1 1 12 11 1 100 11 1 12 11 1 1 12 11 1 100 11 1 1 12 10 1 1 1 1 1 8 1 100 11 12 10 1 12 11 1 12 10 1 11 1 8 1 100 1 12 10 1 1 1 1 7 1 1 12 10 1 1 12 11 1 100 1 12 10 1 1 12 10 1 12 9 1 1 1 1 1 12 10 1 1 100 11 1 12 10 1 12 10 1 8 1 1 1 12 11 1 8 1 1 12 10 15 1 16 18 1 1 12 10 1 12 11 1 12 10 15 18 11 1 12 10 15 18 1 12 10 15 18 1 1 1 1 1 1 100 1 12 10 12 10 1 1 1 1 1 1 1 12 11 1 100 1 100 1 1 1 100 1 11 1 1 12 10 1 12 10 1 12 11 1 1 1 1 1 1 8 1 12 10 1 12 10 12 10 1 1 1 1 1 12 11 1 8 1 12 10 1 1 12 10 1 8 11 1 8 12 10 15 1 16 1 12 18 1 1 1 1 12 11 11 12 11 1 1 1 12 11 12 10 1 12 11 12 10 15 1 16 1 12 18 1 1 100 1 1 8 1 1 12 10 1 8 1 1 1 1 1 1 1 1 1 1 1 1 1
staticfield org/jetbrains/kotlin/resolve/descriptorUtil/DescriptorUtilsKt RETENTION_PARAMETER_NAME Lorg/jetbrains/kotlin/name/Name; org/jetbrains/kotlin/name/Name
instanceKlass org/jetbrains/kotlin/ir/expressions/impl/IrConstructorCallImpl
ciInstanceKlass org/jetbrains/kotlin/ir/expressions/IrConstructorCall 1 1 77 1 100 1 7 1 100 1 1 1 3 3 1 3 1 3 1 1 1 1 1 1 1 1 1 1 1 1 1 1 1 1 1 1 1 1 1 1 1 1 1 1 1 1 1 1 1 1 1 1 12 10 1 1 1 8 1 7 1 1 12 10 1 7 1 1 12 11 1 1 1 1 1 1 1 1 1
ciInstanceKlass org/jetbrains/kotlin/ir/expressions/impl/IrConstructorCallImpl 1 1 177 1 7 1 7 1 1 1 3 3 1 3 1 3 1 1 1 1 1 1 1 1 1 1 1 1 1 1 1 1 1 1 1 1 1 1 1 1 1 1 1 1 1 1 1 1 1 1 1 1 1 1 1 1 1 1 1 1 1 1 1 1 1 1 1 1 1 1 1 1 1 1 1 1 1 1 1 1 1 1 1 1 1 1 1 1 1 1 1 7 1 1 1 1 8 1 7 1 1 12 10 8 8 1 12 10 12 9 12 9 12 9 12 9 12 9 12 9 12 9 1 7 1 1 12 10 12 9 1 1 12 10 12 9 1 7 12 9 1 1 1 7 1 12 9 12 10 1 8 12 9 12 9 12 9 12 9 1 12 10 1 7 1 1 12 10 12 9 1 1 1 1 1 1 1 1 1
staticfield org/jetbrains/kotlin/ir/expressions/impl/IrConstructorCallImpl Companion Lorg/jetbrains/kotlin/ir/expressions/impl/IrConstructorCallImpl$Companion; org/jetbrains/kotlin/ir/expressions/impl/IrConstructorCallImpl$Companion
ciInstanceKlass org/jetbrains/kotlin/ir/types/IrErrorType 0 0 61 1 100 1 100 1 100 1 1 1 3 3 1 3 1 3 1 1 1 1 1 1 1 1 1 1 1 1 1 1 1 1 1 1 1 8 1 100 1 1 12 10 1 12 10 12 9 12 9 1 1 12 10 1 1 1 1 1 1 1 1
ciInstanceKlass org/jetbrains/kotlin/ir/declarations/impl/IrFileImpl 1 1 157 1 7 1 7 1 1 1 3 3 1 3 1 3 1 1 1 1 1 1 1 1 1 1 1 1 1 1 1 1 1 1 1 1 1 1 1 1 1 1 1 1 1 1 1 1 1 1 1 1 1 1 1 1 1 1 1 1 1 1 1 1 1 1 1 1 1 1 1 1 1 1 1 1 1 8 1 7 1 1 12 10 8 8 12 10 12 9 12 9 12 9 1 7 10 1 7 12 9 1 7 1 12 10 12 9 12 10 1 7 1 7 1 1 12 11 1 1 8 12 10 1 100 1 12 11 1 1 1 1 12 9 12 9 1 100 8 1 1 12 10 1 1 100 1 1 7 1 1 1 1 1 1 1 1 1 1
ciInstanceKlass org/jetbrains/kotlin/fir/lazy/Fir2IrLazyClass 1 1 1253 1 7 1 1 7 1 7 1 100 1 100 1 100 1 100 1 1 1 3 3 1 3 1 3 1 1 1 1 1 1 1 1 1 1 1 1 1 1 1 1 1 1 1 1 1 1 1 1 1 1 1 1 1 1 1 1 1 1 1 1 1 1 1 1 1 1 1 1 1 1 1 1 1 1 1 1 1 1 1 1 1 1 1 1 1 1 1 1 1 1 1 1 1 1 1 1 1 1 1 1 1 1 1 1 1 1 1 1 1 1 1 1 1 1 1 1 1 1 1 1 1 1 1 1 1 1 1 1 1 1 1 1 1 1 1 1 1 1 1 1 1 1 1 1 1 1 1 1 1 1 1 1 1 1 1 1 1 1 1 1 1 1 1 1 1 1 1 1 1 1 1 1 1 1 1 1 1 1 1 1 1 1 1 1 1 1 1 1 1 1 1 1 1 1 1 1 1 1 1 1 1 1 1 1 1 1 1 1 1 1 1 1 1 1 1 1 1 1 1 1 1 1 1 1 1 1 1 1 1 1 1 1 1 1 1 1 1 1 100 1 1 100 1 100 1 1 7 1 1 100 1 1 7 1 7 1 1 1 1 1 1 1 1 1 8 1 7 1 1 12 10 8 8 8 8 12 10 12 9 12 9 12 9 12 9 12 9 12 9 1 1 12 10 12 10 1 7 1 7 1 1 12 11 1 1 12 10 12 10 1 7 1 7 1 1 12 10 1 1 12 10 12 9 1 1 12 11 1 7 1 1 12 10 1 7 1 12 11 1 7 1 1 12 10 12 9 1 1 12 10 1 16 1 1 12 10 15 16 1 7 1 1 12 10 15 1 1 12 18 1 7 1 1 12 10 12 9 1 12 10 15 18 12 9 1 1 12 10 15 16 18 12 9 1 12 10 15 18 12 9 1 1 1 1 1 1 12 11 1 1 12 11 1 1 12 11 1 1 12 11 1 1 12 11 1 1 12 11 1 1 12 11 1 1 12 11 1 1 12 11 11 11 1 1 12 11 1 1 12 11 1 1 12 11 1 1 12 11 1 1 12 11 1 1 12 11 1 1 12 11 1 1 12 11 1 1 12 11 1 1 12 11 1 1 12 11 1 1 12 11 1 1 12 11 1 1 1 12 11 8 1 12 9 1 7 1 1 12 11 1 7 1 1 12 11 1 12 9 8 1 1 12 10 1 1 7 1 100 1 1 12 10 1 100 1 12 9 8 1 12 10 1 12 11 1 100 1 1 7 12 10 8 1 100 1 1 12 10 1 12 10 1 7 1 12 9 1 100 1 12 9 12 11 1 1 12 10 1 1 1 1 1 7 1 100 1 8 1 100 1 12 10 12 10 10 12 11 1 1 1 12 11 1 1 12 11 1 1 12 11 1 1 1 12 11 1 1 12 11 1 1 12 11 1 1 1 7 1 7 1 12 10 1 1 1 1 1 7 1 1 7 1 1 12 10 1 1 1 1 1 7 1 1 12 10 1 12 10 1 7 1 12 10 1 1 12 10 1 12 10 1 12 10 10 1 1 12 9 1 1 12 10 1 7 1 1 12 10 1 7 1 1 12 10 1 12 9 1 7 1 7 1 1 12 10 1 12 10 1 7 1 12 9 1 1 12 10 1 7 1 1 12 10 10 1 7 1 1 12 10 1 1 12 10 1 12 10 1 7 1 7 1 1 12 10 1 1 1 1 1 1 1 1 1 1 1 1 1 1 1 1 1 7 1 12 10 1 12 11 1 7 1 7 1 12 10 1 1 1 1 1 1 8 1 12 10 1 12 10 1 1 12 10 1 100 1 100 1 12 9 1 8 1 100 12 10 12 9 1 12 10 10 1 100 1 1 12 11 1 1 1 1 1 12 10 1 1 1 1 1 12 10 1 1 1 12 10 1 7 1 7 1 7 1 1 12 10 1 12 10 1 7 1 1 12 11 1 7 1 12 11 1 12 11 1 7 10 1 7 1 1 12 10 1 1 12 11 1 1 1 1 1 1 1 1 1 1 1 1 1 12 9 1 100 1 1 12 10 1 12 10 1 1 12 10 1 7 1 7 1 12 11 1 7 10 1 7 1 1 12 10 1 7 1 12 10 1 7 1 12 10 1 7 1 7 1 12 9 1 1 12 10 1 1 12 10 1 1 1 1 1 1 8 1 7 10 12 10 10 1 12 10 1 7 1 1 12 10 1 7 1 1 12 11 1 7 1 12 9 1 1 1 1 1 1 1 7 10 1 7 1 1 12 10 1 7 1 1 12 10 1 1 12 10 1 12 11 1 1 1 1 1 7 10 1 7 1 1 12 10 1 7 11 1 1 1 1 1 1 7 10 12 10 1 1 12 10 1 7 11 1 8 12 10 1 7 1 7 1 1 12 10 1 1 1 1 1 7 1 12 10 1 7 11 1 7 1 16 12 10 15 1 16 1 12 18 1 1 12 10 12 10 15 1 16 18 1 12 10 1 1 1 1 10 1 7 1 1 12 10 1 7 1 1 12 10 12 10 15 1 16 1 12 18 1 7 1 1 12 10 1 12 10 1 100 1 7 12 10 15 1 16 18 1 7 12 10 1 7 1 1 12 10 1 12 9 12 10 11 1 100 1 1 12 10 1 100 11 12 10 10 1 7 1 1 12 10 1 1 12 10 1 1 12 11 1 1 1 1 1 1 1 1 1 1 7 1 1 1 12 10 1 100 1 1 7 1 7 1 7 1 1 12 10 1 7 8 1 8 1 12 10 1 7 1 1 12 10 8 1 8 8 1 8 8 1 8 1 7 8 1 8 10 1 7 1 1 12 10 1 1 1 1 1 1 1 1 1 1 1 1 1
staticfield org/jetbrains/kotlin/fir/lazy/Fir2IrLazyClass $$delegatedProperties [Lkotlin/reflect/KProperty; 5 [Lkotlin/reflect/KProperty;
ciInstanceKlass org/jetbrains/kotlin/ir/symbols/impl/IrTypeParameterSymbolImpl 1 1 59 1 7 1 1 7 1 100 1 1 1 3 3 1 3 1 3 1 1 1 1 1 1 1 1 1 1 1 1 1 1 1 1 100 1 12 10 1 1 12 10 1 12 10 1 1 1 12 10 1 7 1 1 1 1 1 1 1 1
instanceKlass org/jetbrains/kotlin/ir/declarations/impl/IrTypeParameterImpl
ciInstanceKlass org/jetbrains/kotlin/ir/declarations/IrTypeParameter 1 1 112 1 7 1 7 1 100 1 1 1 3 3 1 3 1 3 1 1 1 1 1 1 1 1 1 1 1 1 1 1 1 1 1 1 1 1 1 1 1 1 1 1 1 1 1 1 1 1 1 1 1 1 1 1 1 1 1 1 1 1 1 1 1 1 1 1 1 12 10 1 1 1 1 1 1 8 1 7 1 1 12 10 1 7 1 1 12 11 1 1 8 12 10 1 8 1 12 10 1 12 10 1 7 1 1 1 1 1 1 1 1 1
ciInstanceKlass org/jetbrains/kotlin/ir/declarations/impl/IrTypeParameterImpl 1 1 165 1 7 1 7 1 1 1 3 3 1 3 1 3 1 1 1 1 1 1 1 1 1 1 1 1 1 1 1 1 1 1 1 1 1 1 1 1 1 1 1 1 1 1 1 1 1 1 1 1 1 1 1 1 1 1 1 1 1 1 1 1 1 1 1 1 1 1 1 1 1 1 1 1 1 1 1 1 1 1 1 1 1 1 1 8 1 7 1 1 12 10 8 8 8 8 12 10 12 9 12 9 12 9 12 9 12 9 12 9 12 9 12 9 12 9 1 7 1 12 10 12 9 12 9 12 10 1 7 1 7 1 1 12 11 1 1 8 1 1 1 12 11 1 7 1 1 1 1 1 100 1 12 10 1 7 1 1 1 1 1 1 1 1 1
ciInstanceKlass org/jetbrains/kotlin/ir/types/impl/IrCapturedType 0 0 146 1 100 1 100 1 100 1 1 1 3 3 1 3 1 3 1 1 1 1 1 1 1 1 1 1 1 1 1 1 1 1 1 1 1 1 1 1 1 1 1 1 1 1 1 1 1 1 1 1 1 1 1 1 1 1 1 1 1 1 1 1 1 1 1 1 100 1 1 1 1 1 8 1 100 1 1 12 10 8 8 8 8 1 12 10 12 9 12 9 12 9 12 9 12 9 1 12 10 12 9 1 1 1 100 1 8 1 100 1 12 10 1 12 10 1 1 100 1 12 10 1 1 1 1 100 1 1 12 10 1 100 1 1 12 10 1 1 1 1 1 1 1 1 1 1
ciInstanceKlass org/jetbrains/kotlin/ir/declarations/impl/IrFunctionImpl 1 1 297 1 7 1 7 1 1 1 3 3 1 3 1 3 1 1 1 1 1 1 1 1 1 1 1 1 1 1 1 1 1 1 1 1 1 1 1 1 1 1 1 1 1 1 1 1 1 1 1 1 1 1 1 1 1 1 1 1 1 1 1 1 1 1 1 1 1 1 1 1 1 1 1 1 1 1 1 1 1 1 1 1 1 1 1 1 1 1 1 1 1 1 1 1 1 1 1 1 1 1 1 1 1 1 1 1 1 1 1 1 1 1 1 1 1 1 1 1 1 1 1 1 1 1 1 1 1 1 1 1 1 1 1 1 1 1 1 1 1 1 1 1 1 1 1 1 1 1 1 1 1 1 1 1 1 1 1 1 1 1 1 1 8 1 7 1 1 12 10 8 8 8 8 8 12 10 12 9 12 9 12 9 12 9 12 9 12 9 12 9 12 9 12 9 12 9 12 9 12 9 12 9 12 9 12 9 12 9 12 9 1 7 1 12 10 12 9 12 9 12 9 1 7 12 9 12 9 12 10 1 7 1 7 1 1 12 11 1 1 8 1 1 1 1 12 9 12 9 1 100 8 1 1 12 10 12 9 12 9 1 1 12 9 12 9 12 9 12 11 1 1 1 12 9 1 1 7 1 1 7 1 1 100 1 10 1 100 1 1 1 1 1 1 1 1 1 1
ciInstanceKlass org/jetbrains/kotlin/ir/util/AdditionalIrUtilsKt 1 1 893 1 7 1 100 1 1 1 3 3 1 1 3 1 1 1 1 1 1 1 1 1 1 1 1 1 1 1 1 1 1 1 1 1 1 1 1 1 1 1 1 1 1 1 1 1 1 1 1 1 1 1 1 1 1 1 1 1 1 1 1 1 1 1 1 1 1 1 1 1 1 1 1 1 1 1 1 1 1 1 1 1 1 1 1 1 1 1 1 1 1 1 1 1 1 1 1 1 1 1 1 1 1 1 1 1 1 1 1 1 1 1 1 1 1 1 1 1 1 1 1 1 1 1 1 1 1 1 1 1 1 1 1 1 1 1 1 1 1 1 100 1 100 1 1 7 1 7 1 1 100 1 100 1 100 1 1 7 1 7 1 3 1 1 8 1 7 1 1 12 10 1 7 1 1 12 10 1 8 1 12 10 1 7 1 1 1 8 1 7 1 1 12 10 1 1 12 10 1 1 12 10 1 7 1 1 12 11 1 1 8 1 7 1 1 12 10 1 7 1 1 12 11 12 10 1 12 10 1 7 12 10 1 1 7 1 12 10 1 100 1 7 1 7 11 12 10 1 1 12 11 1 7 1 1 12 10 1 8 1 12 10 1 100 1 1 12 10 1 1 12 10 1 1 7 1 12 10 10 12 10 10 1 12 10 1 12 10 1 11 12 10 1 1 12 10 1 12 9 1 1 12 10 1 7 1 12 10 1 7 1 1 12 11 10 1 100 10 1 1 1 1 12 10 1 1 7 1 12 10 1 8 1 1 12 10 1 12 10 10 1 12 10 1 1 12 11 1 8 1 100 1 12 10 1 12 10 1 8 1 1 1 7 1 12 9 1 7 1 1 1 1 1 1 1 1 1 1 1 1 1 1 1 7 1 1 12 10 1 1 7 1 12 10 1 1 12 10 1 1 1 8 1 7 1 12 11 1 7 1 1 12 11 1 7 1 12 11 1 1 12 11 1 7 11 1 8 12 10 1 1 1 1 1 1 1 1 7 1 12 10 1 7 1 12 11 1 1 8 12 10 1 12 10 1 1 1 12 11 12 10 1 7 1 1 12 10 1 1 12 10 12 10 1 8 1 1 8 8 1 12 10 1 12 10 10 1 1 1 11 1 8 1 100 1 12 10 12 10 1 12 10 1 1 12 10 1 100 1 1 12 10 1 12 10 1 1 1 1 1 1 1 1 8 1 12 10 1 12 10 1 1 1 1 7 1 12 11 1 1 1 1 1 1 1 1 1 1 12 10 1 8 1 100 1 8 10 12 10 1 8 1 100 1 1 1 1 1 12 10 1 12 10 1 1 1 1 1 1 1 1 1 12 10 1 7 11 1 7 1 1 12 10 1 1 12 10 1 12 10 12 10 1 1 1 7 10 1 10 1 8 1 12 10 12 10 1 1 12 9 1 1 1 8 1 100 10 1 7 1 1 12 11 1 7 1 1 12 9 12 10 1 1 12 10 1 12 9 1 1 12 10 1 1 1 1 1 12 11 1 7 1 12 10 1 1 1 100 1 12 10 1 100 10 10 1 16 1 1 12 10 15 1 16 1 100 1 1 12 10 15 1 1 12 18 1 100 1 1 12 10 1 12 9 1 100 1 1 12 10 1 12 11 1 7 1 1 12 10 1 1 1 1 1 1 100 1 1 12 10 1 100 12 11 10 1 12 10 1 12 10 12 10 1 100 1 1 1 12 10 1 7 10 10 11 1 8 1 8 1 1 12 10 1 8 1 8 1 100 1 1 12 9 1 100 1 1 12 10 1 1 12 10 1 1 1 1 1 1 1 1 1 1 1 8 1 7 11 1 12 10 1 7 1 1 1 1 1 1 1 1 12 10 1 8 1 12 10 12 10 11 1 7 1 12 9 1 8 1 100 12 10 1 1 1 8 1 1 1 12 10 12 10 1 1 8 1 1 1 1 1 1 8 1 100 1 12 9 1 1 12 10 1 1 8 1 12 9 1 1 8 1 100 1 12 9 1 1 1 1 1 1 1 1 1 1 1 1 1 1 1 1 1
ciInstanceKlass org/jetbrains/kotlin/ir/symbols/IrScriptSymbol 0 0 31 1 100 1 1 100 1 100 1 100 1 1 1 3 3 1 3 1 3 1 1 1 1 1 1 1 1 1 1 1 1
ciInstanceKlass org/jetbrains/kotlin/ir/types/IrDynamicType 0 0 34 1 100 1 100 1 100 1 1 1 3 3 1 3 1 3 1 1 1 1 1 1 1 1 1 1 12 10 1 1 1 1 1 1
instanceKlass org/jetbrains/kotlin/ir/util/IdSignature$CommonSignature
ciInstanceKlass org/jetbrains/kotlin/ir/util/IdSignature 1 1 141 1 7 1 7 1 1 1 3 3 1 3 1 3 1 1 1 1 1 1 1 1 1 1 1 1 1 1 1 1 1 1 1 1 1 1 1 1 1 1 1 1 1 1 1 1 1 1 1 1 1 1 1 1 1 1 1 1 1 1 100 1 100 1 100 1 100 1 100 1 100 1 100 1 100 1 100 1 100 12 10 1 1 1 1 1 1 1 1 1 1 1 1 1 1 1 1 1 1 1 1 100 1 1 12 10 1 1 8 1 100 1 1 12 10 1 12 10 1 1 12 10 1 12 10 12 10 1 10 1 1 1 1 1 1 1 1 1 1 1 1
ciInstanceKlass org/jetbrains/kotlin/ir/util/IdSignature$CommonSignature 1 1 228 1 7 1 7 1 1 1 3 3 1 3 1 3 1 1 1 1 1 1 1 1 1 1 1 1 1 1 1 1 1 1 1 1 1 1 1 1 1 1 1 1 1 1 1 1 1 1 1 1 1 1 1 1 1 1 1 1 1 1 1 1 1 100 1 1 1 1 1 1 8 1 7 1 1 12 10 8 1 12 10 12 9 12 9 12 9 12 9 12 9 1 7 1 12 10 1 100 10 1 7 1 12 10 12 9 1 1 1 1 1 1 1 12 10 1 1 100 1 12 10 1 7 1 1 12 10 1 12 10 1 1 100 1 1 12 10 1 1 1 12 10 1 100 1 1 12 11 1 100 1 12 11 1 1 12 11 1 12 10 1 12 10 1 1 1 1 1 1 1 1 1 1 1 1 1 12 11 1 100 1 1 12 9 1 8 1 100 1 12 10 12 10 12 10 1 100 1 12 11 1 100 1 1 12 10 1 1 1 1 1 1 12 10 12 10 1 1 1 1 1 1 1 1 1 1 1 1
ciInstanceKlass org/jetbrains/kotlin/fir/lazy/Fir2IrLazySimpleFunction 1 1 627 1 7 1 1 7 1 1 1 3 3 1 3 1 3 1 1 1 1 1 1 1 1 1 1 1 1 1 1 1 1 1 1 1 1 1 1 1 1 1 1 1 1 1 1 1 1 1 1 1 1 1 1 1 1 1 1 1 1 1 1 1 1 1 1 1 1 1 1 1 1 1 1 1 1 1 1 1 1 1 1 1 1 1 1 1 1 1 1 1 1 1 1 1 1 1 1 1 1 1 1 1 7 1 7 1 1 1 1 1 1 1 8 1 7 1 1 12 10 8 8 8 8 1 12 10 12 9 12 9 1 7 1 7 1 1 12 11 1 1 12 10 12 10 1 7 1 7 1 1 12 10 1 1 12 10 12 9 1 1 12 10 1 16 1 1 12 10 15 16 1 7 1 1 12 10 15 1 1 12 18 1 7 1 1 12 10 12 9 1 1 12 10 15 16 1 12 18 12 9 1 1 12 10 15 18 12 9 1 7 1 7 1 1 12 10 1 7 1 12 11 12 9 1 1 12 10 15 16 1 12 18 12 9 1 1 12 10 1 1 12 10 15 1 12 18 1 7 1 1 12 10 12 9 1 1 12 10 15 16 18 1 7 1 1 12 10 12 9 1 1 1 12 9 1 7 1 1 12 11 1 8 1 1 12 11 1 1 7 12 10 8 1 100 1 1 12 10 1 7 1 7 1 1 1 1 1 7 12 11 1 7 12 10 1 1 12 10 1 1 12 10 1 7 1 1 12 10 1 1 7 1 100 1 1 12 10 1 12 9 1 7 1 7 1 1 12 10 1 100 1 8 1 100 1 1 12 10 1 12 10 1 1 12 10 1 1 1 1 1 1 1 12 10 1 100 1 12 10 1 1 12 10 1 1 1 1 1 12 10 1 1 12 10 1 7 1 7 1 1 12 10 1 7 1 12 10 1 1 12 10 1 1 12 10 12 10 1 7 1 1 12 11 1 7 1 1 12 11 1 12 11 1 7 1 1 12 10 1 7 12 10 1 1 12 10 1 1 12 10 1 1 12 11 1 1 12 10 1 12 10 1 1 1 1 1 1 1 1 1 1 1 1 1 1 1 1 1 1 7 1 12 10 1 1 12 10 1 7 1 12 10 1 7 1 1 12 10 1 7 1 1 12 10 12 10 1 7 1 12 10 1 7 1 12 10 1 7 1 7 1 1 12 10 1 8 1 12 10 1 1 1 1 1 1 1 1 1 1 1 1 1 7 1 1 12 10 1 100 1 12 10 1 100 1 1 12 10 1 100 1 12 11 1 8 1 1 1 1 1 1 7 1 1 7 1 1 7 1 7 1 7 1 1 12 10 1 7 8 1 8 1 12 10 1 7 1 1 12 10 8 1 8 8 1 8 8 1 8 8 1 8 8 1 8 1 1 1 1 1 1 1 1 1 1 1 1
staticfield org/jetbrains/kotlin/fir/lazy/Fir2IrLazySimpleFunction $$delegatedProperties [Lkotlin/reflect/KProperty; 6 [Lkotlin/reflect/KProperty;
ciInstanceKlass org/jetbrains/kotlin/ir/types/IrTypeSystemContext 1 0 359 1 100 1 100 1 100 1 100 1 100 1 1 1 3 3 1 3 1 3 1 1 1 1 1 1 1 1 1 1 1 1 1 1 1 1 1 1 1 1 1 1 1 1 1 1 1 1 1 1 1 1 1 1 1 1 1 1 1 1 1 1 1 1 1 1 1 1 1 1 1 1 1 1 1 1 1 1 1 1 1 1 1 1 1 1 1 1 1 1 1 1 1 1 1 1 1 1 1 1 1 1 1 1 1 1 1 1 1 1 1 1 1 1 1 1 1 1 1 1 1 1 1 1 1 1 1 1 1 1 1 1 1 1 1 1 1 1 1 1 1 1 1 1 1 1 1 1 1 1 1 1 1 1 1 1 1 1 1 1 1 1 1 1 1 1 1 1 1 1 1 1 1 1 1 1 1 1 1 1 1 1 1 1 1 1 1 1 1 1 1 1 1 1 1 1 1 1 1 1 1 1 1 1 1 100 1 1 100 1 1 100 1 100 1 1 1 1 1 1 1 1 1 1 1 1 1 1 1 1 1 1 1 1 1 1 1 1 1 1 1 1 1 1 1 1 1 1 1 1 1 1 1 1 1 1 1 1 1 1 1 1 1 1 1 1 1 1 1 1 1 1 1 1 1 1 1 1 1 1 1 1 1 1 1 1 1 1 1 1 1 1 1 1 1 1 1 1 1 1 1 1 1 1 1 1 1 1 1 100 1 8 1 1 12 10 1 1 1 8 1 1 1 8 1 1 1 8 1 1 1 8 1 1 1 8 1 1 1 8 1 1 1 8 1 1 1 8 1 1 8 1 1 8 1 1 8 1 1
ciInstanceKlass org/jetbrains/kotlin/backend/jvm/JvmIrTypeSystemContext 1 1 815 1 7 1 7 1 100 1 1 1 3 3 1 3 1 3 1 1 1 1 1 1 1 1 1 1 1 1 1 1 1 1 1 1 1 1 1 1 1 7 1 1 100 1 100 1 1 8 1 7 1 1 12 10 1 12 10 12 9 1 1 1 1 8 1 7 12 10 1 7 1 1 12 9 1 7 1 1 12 10 1 1 1 7 1 1 12 11 1 7 1 100 1 100 1 100 10 1 8 1 1 12 10 1 1 12 10 1 100 1 1 12 10 1 8 1 12 10 1 12 10 10 1 12 10 1 1 12 11 1 1 1 100 1 1 12 10 1 100 1 12 10 1 1 1 12 10 1 1 1 1 12 10 1 1 1 12 10 1 1 1 12 10 1 1 1 1 12 10 1 1 12 10 1 1 12 10 1 1 1 1 12 10 1 1 1 1 12 10 1 1 12 10 1 1 1 1 12 10 1 1 1 1 12 10 1 12 10 1 1 1 12 10 1 1 1 1 1 12 10 1 1 1 12 10 1 1 1 12 10 1 1 1 1 12 10 1 1 1 1 12 10 1 1 12 10 1 1 1 1 12 10 1 1 1 1 1 12 10 1 1 1 1 12 10 1 1 1 1 1 1 1 12 10 1 1 1 1 12 10 1 1 1 1 12 10 1 1 1 1 12 10 1 1 1 1 1 12 10 1 1 1 12 10 1 1 1 1 12 10 1 1 1 1 1 12 10 1 1 1 1 12 10 1 1 1 1 12 10 1 1 1 1 1 12 10 1 1 1 1 1 12 10 1 1 12 10 1 1 12 10 1 1 12 10 1 1 12 10 1 1 1 1 12 10 1 1 1 12 10 1 1 1 1 1 12 10 1 1 1 1 12 10 1 1 1 1 12 10 1 1 1 1 1 12 10 1 1 1 12 10 1 1 12 10 1 1 1 1 12 10 1 1 1 1 1 1 12 10 1 1 12 10 1 1 12 10 1 1 12 10 1 1 12 10 1 1 1 1 1 12 10 1 1 12 10 1 1 12 10 1 1 12 10 1 1 12 10 1 1 12 10 1 1 1 1 12 10 1 1 1 1 12 10 1 1 1 1 1 1 1 1 12 10 1 1 1 1 1 12 10 1 1 12 10 1 12 10 1 1 1 1 12 10 1 1 1 1 12 10 1 1 1 1 1 12 10 1 1 1 1 1 12 10 1 1 1 1 1 1 12 10 1 1 12 10 1 1 1 1 1 12 10 1 1 1 1 12 10 1 12 10 1 1 1 12 10 1 1 1 1 12 10 1 1 1 1 1 1 12 10 1 1 12 10 1 12 10 1 12 10 1 12 10 1 12 10 1 1 12 10 1 1 12 10 1 1 1 1 12 10 1 1 1 1 1 1 12 10 1 1 1 1 12 10 1 1 12 10 1 1 12 10 1 1 1 12 10 1 1 12 10 1 1 1 1 12 10 1 1 1 1 12 10 1 1 12 10 1 1 1 1 12 10 1 1 12 10 1 1 12 10 1 1 1 1 12 10 1 1 1 1 12 10 1 1 1 1 12 10 1 1 12 10 1 1 1 1 12 10 1 1 1 12 10 1 1 12 10 1 1 1 12 10 1 1 1 12 10 1 1 1 1 1 12 10 1 1 1 1 12 10 1 12 10 1 1 1 1 1 12 10 1 1 1 1 1 12 10 1 1 1 12 10 1 1 1 1 1 12 10 1 1 1 12 10 1 1 1 12 10 1 100 1 12 10 1 100 1 12 10 1 7 1 12 10 1 100 1 12 10 1 100 1 12 10 1 100 1 12 10 1 100 1 12 10 1 12 10 12 10 12 10 12 10 1 1 1 1 1 1 1 1 1 1
ciInstanceKlass org/jetbrains/kotlin/ir/types/IrTypeUtilsKt 1 1 345 1 7 1 100 1 1 1 3 3 1 1 3 1 1 1 1 1 1 1 1 1 1 1 1 1 1 1 1 1 1 1 1 1 1 1 1 1 1 1 7 1 100 1 1 7 1 1 1 1 1 8 1 7 1 1 12 10 1 7 1 1 12 11 1 7 1 1 12 10 1 7 1 7 11 1 100 10 1 100 1 7 1 12 10 1 100 1 1 12 10 1 100 1 1 8 1 7 1 1 12 9 1 1 12 10 12 10 1 12 10 1 7 1 7 1 1 12 11 1 1 12 11 1 7 1 12 11 1 1 12 11 1 7 1 12 10 1 1 1 1 1 1 1 1 1 1 7 1 1 12 10 12 10 1 8 8 1 7 1 12 9 1 7 1 1 12 10 1 7 1 1 12 10 1 1 1 12 10 1 7 1 1 12 9 1 1 12 9 1 1 12 10 12 10 1 100 1 100 1 12 10 1 1 1 1 1 7 1 1 12 10 1 7 1 7 1 1 12 10 1 100 1 1 12 9 1 7 1 1 12 10 1 12 10 1 1 8 12 10 1 12 10 1 1 12 10 1 7 1 7 1 1 12 11 1 100 1 100 1 12 10 1 100 1 8 1 1 12 10 1 12 10 1 1 12 10 1 1 12 10 1 100 1 1 12 11 1 12 10 1 100 1 100 10 1 8 1 1 12 10 1 12 10 10 12 10 1 1 1 1 100 1 1 12 10 1 12 10 1 1 12 10 1 8 1 1 12 10 1 1 12 10 1 1 1 1 1 1 1 1 1 1 1 1
ciInstanceKlass org/jetbrains/kotlin/ir/types/IrTypeUtilsKt$WhenMappings 1 1 51 1 7 1 100 1 1 1 3 3 1 3 1 3 1 100 1 1 1 1 1 1 100 1 7 1 1 12 10 1 1 12 9 1 1 12 10 100 1 12 9 1 12 9 12 9 1 1 1 1 1
staticfield org/jetbrains/kotlin/ir/types/IrTypeUtilsKt$WhenMappings $EnumSwitchMapping$0 [I 3
ciInstanceKlass org/jetbrains/kotlin/ir/overrides/FakeOverrideCopier 1 1 504 1 7 1 7 1 1 1 3 3 1 3 1 3 1 1 1 1 1 1 1 1 1 1 1 1 1 1 1 1 1 1 1 1 1 1 1 1 1 1 1 1 1 1 1 1 1 1 1 7 1 7 1 1 7 1 7 1 1 1 1 1 1 8 1 7 1 1 12 10 8 8 8 8 1 12 10 12 9 12 9 12 9 12 9 12 9 1 1 8 1 7 1 1 12 11 1 7 1 1 12 10 1 7 1 1 12 10 1 12 10 1 1 12 10 1 12 9 1 1 12 10 1 7 1 1 12 10 1 1 12 10 1 1 12 10 1 12 10 1 1 12 10 1 1 12 10 10 1 100 1 100 1 7 1 100 1 12 10 1 12 10 1 12 10 1 12 10 1 12 10 1 1 12 10 1 7 1 7 1 1 12 10 1 12 10 1 1 12 10 1 7 1 7 1 1 12 10 1 1 12 10 1 1 12 10 1 7 1 7 1 7 1 1 12 10 12 10 1 7 1 1 12 11 1 7 1 12 11 1 1 12 11 1 7 1 12 10 1 1 12 11 1 7 1 12 10 10 1 1 12 11 1 12 10 1 7 1 1 12 11 1 12 10 1 1 12 10 1 12 10 1 7 1 1 12 10 1 12 10 1 12 10 1 1 12 10 1 12 10 1 12 10 1 1 1 1 1 1 1 1 1 1 1 1 1 1 1 1 1 1 1 1 1 1 1 1 1 1 1 1 7 10 10 10 10 1 12 10 1 12 10 1 12 10 1 12 10 10 10 1 1 12 10 1 7 10 10 1 1 12 10 12 10 1 1 12 10 1 12 10 1 12 10 10 1 1 12 10 1 12 10 1 7 1 1 12 10 1 1 1 1 1 1 10 1 12 10 10 1 12 10 1 12 10 1 7 1 12 10 1 7 1 12 10 1 12 10 1 12 10 1 12 10 1 12 10 1 1 12 10 1 1 12 10 1 7 1 1 12 11 10 10 1 1 1 10 10 10 10 10 1 7 1 12 10 1 7 1 1 12 10 10 1 12 10 1 1 12 10 1 12 10 10 10 1 1 10 10 10 10 1 7 1 12 10 1 7 10 1 12 10 1 12 10 10 1 1 12 10 10 1 1 1 1 1 1 1 1 1 1 1 1 1
ciInstanceKlass org/jetbrains/kotlin/ir/types/IrTypeSystemContext$DefaultImpls 1 1 1232 1 7 1 100 1 1 1 3 3 1 3 1 3 1 1 1 1 7 1 7 1 1 7 1 7 1 1 100 1 1 100 1 100 1 1 7 1 7 1 1 100 1 100 1 1 100 1 100 1 1 1 1 1 1 8 1 7 1 1 12 10 1 7 1 1 1 1 1 1 100 1 1 1 7 1 1 1 1 1 1 1 1 1 1 1 100 1 1 1 1 1 1 12 11 1 100 1 1 12 10 1 8 1 12 10 1 7 1 100 1 100 1 1 12 10 1 8 1 1 12 10 1 1 12 10 1 100 1 1 12 10 1 8 1 12 10 1 12 10 10 1 12 10 1 1 12 10 1 1 1 100 1 1 1 1 7 1 12 10 1 1 1 7 1 7 1 1 12 10 1 12 10 1 1 1 1 1 1 1 1 12 10 1 7 1 1 12 10 1 1 12 10 1 8 1 1 100 1 1 1 1 1 1 1 12 10 1 1 1 1 1 12 10 1 7 1 1 1 1 1 12 10 1 7 1 1 12 11 1 1 8 1 12 10 1 8 1 100 1 1 12 10 1 12 10 1 7 1 1 12 11 1 7 1 8 1 8 1 1 1 1 1 1 1 1 1 12 10 1 1 1 7 1 1 1 1 7 1 12 11 1 7 1 1 12 10 1 100 1 1 12 9 1 1 1 8 1 8 1 100 10 1 100 1 12 10 1 100 10 1 1 12 11 1 1 1 1 7 1 100 1 12 10 1 7 1 1 12 11 1 7 1 7 1 1 12 10 1 8 1 1 12 10 1 1 1 7 1 12 10 1 1 1 100 1 100 1 1 12 10 1 12 10 1 100 1 1 12 11 1 100 1 1 12 11 1 1 12 11 1 1 12 11 1 1 1 1 1 1 1 1 1 1 1 1 1 1 1 1 12 10 1 7 10 11 10 1 1 1 1 1 7 1 12 10 1 1 10 1 1 1 1 8 1 1 1 12 10 1 1 1 8 1 1 1 8 1 1 1 1 1 12 11 1 1 12 10 1 12 11 1 12 11 1 12 11 1 12 11 12 10 1 1 1 1 1 1 1 12 11 1 12 11 1 12 11 1 100 1 1 1 1 8 1 8 1 7 1 7 1 1 12 9 1 12 10 1 1 1 1 12 10 1 7 1 1 12 9 1 1 12 10 1 7 1 1 12 9 1 12 9 1 1 1 1 1 1 1 1 8 1 8 1 100 1 12 11 1 12 11 1 100 1 1 12 9 1 12 10 1 12 9 1 100 1 1 12 9 1 12 10 11 1 100 1 1 12 10 1 100 1 12 10 1 100 1 12 9 1 8 1 100 1 12 10 10 1 12 10 1 12 9 1 1 12 10 1 100 1 1 12 10 1 100 1 1 12 10 1 12 10 1 12 10 1 1 1 1 1 1 1 1 1 1 1 1 1 1 1 1 1 1 1 1 1 1 1 1 1 1 1 1 1 1 1 1 1 1 1 1 1 1 12 9 1 1 12 10 1 1 12 9 1 1 12 9 1 1 1 1 1 12 10 1 12 10 1 12 10 1 12 10 1 100 1 1 12 10 1 1 1 1 1 1 1 1 100 1 1 12 10 1 100 1 12 10 1 1 1 12 10 1 7 1 100 1 1 12 9 1 1 1 8 1 1 1 8 8 1 1 12 11 1 12 11 1 100 1 12 10 1 1 1 8 1 8 1 100 1 100 1 1 12 10 1 12 9 1 8 1 1 1 1 1 1 1 1 1 1 1 1 12 9 1 12 10 1 1 1 8 12 10 1 1 1 8 1 100 1 12 9 1 1 1 12 9 1 1 12 11 1 1 12 11 1 100 1 1 12 11 1 12 10 1 1 1 1 1 8 1 1 1 1 8 1 1 1 1 8 1 1 1 1 8 1 1 7 1 1 12 10 1 1 1 1 1 12 10 1 8 1 1 1 1 1 12 10 1 1 10 1 1 1 8 1 8 1 100 1 8 10 1 1 1 1 1 1 1 1 12 10 1 1 1 12 10 1 1 8 1 12 10 1 1 12 10 1 1 12 10 1 12 10 1 1 12 10 1 1 1 1 1 8 1 7 1 12 10 1 1 1 7 1 12 10 1 100 1 12 11 1 7 1 1 12 10 1 7 1 1 12 10 1 12 10 1 1 12 10 1 100 1 12 10 1 1 1 1 1 1 1 1 1 1 1 7 1 12 10 1 12 10 1 1 1 1 12 10 1 100 1 12 10 1 1 12 10 1 1 1 1 12 10 1 12 9 1 1 12 10 1 1 1 1 1 1 12 10 1 7 1 1 12 10 1 1 12 11 1 12 10 12 10 12 10 1 100 1 12 10 10 1 1 1 1 1 1 12 10 1 12 9 1 1 12 10 1 100 1 1 1 1 12 10 1 1 1 12 11 1 1 12 10 1 12 10 1 12 9 1 12 10 1 12 10 1 1 12 10 1 7 1 12 10 1 12 9 1 12 10 1 1 1 1 1 11 1 100 11 1 1 12 10 1 1 1 1 1 1 12 10 1 1 12 10 1 100 1 10 1 1 12 10 1 1 12 10 1 1 1 100 1 1 12 10 1 1 1 1 1 12 11 1 12 11 1 12 11 1 8 1 1 8 1 1 1 8 1 1 1 8 1 1 1 1 8 1 1 1 8 1 12 10 1 1 1 1 1 1 1 1 8 1 12 10 1 100 1 1 1 1 100 1 1 12 10 1 1 1 100 10 1 1 1 1 1 12 10 1 100 1 1 12 9 1 100 1 1 12 11 1 1 1 1 1 1 1 1 1 1 1
ciInstanceKlass org/jetbrains/kotlin/ir/types/impl/IrCapturedType$Constructor 0 0 81 1 100 1 100 1 100 1 1 1 3 3 1 3 1 3 1 1 1 1 1 1 1 1 1 1 1 1 1 1 1 1 1 1 1 1 1 1 1 1 100 1 1 1 1 8 1 100 1 1 12 10 8 1 12 10 12 9 12 9 1 100 1 12 10 12 9 1 1 1 1 8 1 1 1 1 1 1 1 1 1
ciInstanceKlass org/jetbrains/kotlin/codegen/AsmUtil 1 1 654 1 7 1 100 1 1 7 1 7 1 1 7 1 100 1 1 7 1 1 7 1 1 7 1 100 1 1 7 1 1 7 1 1 7 1 1 7 1 1 7 1 1 1 3 1 1 1 1 1 1 1 8 1 1 8 1 1 8 1 1 8 1 1 8 1 1 1 8 1 1 8 1 1 8 1 1 8 1 1 8 1 1 8 1 1 1 1 1 1 1 1 1 12 10 1 1 1 1 1 12 10 1 7 10 1 1 12 10 1 1 12 10 1 7 1 1 1 1 100 1 1 12 10 1 100 1 12 10 1 1 1 1 1 1 12 10 1 7 1 1 1 1 12 9 1 1 12 10 1 7 1 1 12 10 1 1 12 10 1 7 1 1 12 10 1 1 12 10 1 1 1 1 12 10 1 100 1 8 1 12 10 1 12 10 1 12 9 1 1 1 1 12 10 12 10 1 1 1 1 1 1 12 9 1 12 9 1 12 9 1 12 9 1 12 10 1 12 9 1 1 12 10 12 9 1 1 12 10 1 100 10 1 1 12 10 1 1 12 10 1 1 1 8 1 12 10 1 1 1 1 1 12 10 1 100 1 1 1 100 1 1 12 10 1 12 10 1 1 1 1 1 1 100 1 12 9 1 1 1 1 12 10 1 7 1 1 12 10 1 12 10 1 1 12 10 8 8 1 1 12 10 8 1 12 10 1 1 1 1 1 1 8 1 1 12 10 1 1 12 10 1 12 10 1 1 1 12 9 1 1 12 10 1 12 9 1 1 12 10 1 1 12 10 1 100 1 8 10 1 1 1 1 12 10 12 10 1 12 10 1 12 10 1 12 10 1 12 10 1 12 10 1 1 1 1 1 1 12 10 1 12 10 1 1 1 8 1 8 1 12 9 1 8 1 1 1 1 1 1 100 10 1 1 12 10 1 1 1 12 10 1 12 10 10 1 1 12 10 1 12 10 1 12 10 12 10 1 8 1 8 1 1 1 8 1 7 1 1 12 10 1 100 1 1 12 10 1 12 10 1 8 1 1 1 1 1 1 1 1 1 12 10 1 1 1 1 1 7 1 12 10 1 1 12 10 1 1 1 7 1 1 12 10 10 1 1 8 1 8 1 12 9 1 7 1 12 10 1 12 10 1 1 8 1 12 9 1 100 1 1 12 9 1 7 11 1 1 1 1 1 12 10 1 1 12 10 1 1 12 9 1 1 12 10 1 12 9 1 12 9 1 12 9 1 12 9 1 12 9 1 12 9 1 12 9 1 12 9 1 1 12 10 1 1 12 10 1 100 1 12 10 1 1 1 1 1 1 1 8 1 8 1 100 8 8 8 8 8 8 8 8 8 8 8 8 8 8 8 8 8 8 8 8 8 8 8 8 8 8 8 8 8 8 8 8 8 8 8 8 8 8 8 8 8 8 8 8 8 8 8 8 8 8 1 1 12 10 1 100 10 1 100 1 1 1 1 1 1 1 1 1 1 1
staticfield org/jetbrains/kotlin/codegen/AsmUtil visibilityToAccessFlag Ljava/util/Map; org/jetbrains/kotlin/com/google/common/collect/RegularImmutableMap
staticfield org/jetbrains/kotlin/codegen/AsmUtil primitiveTypeByAsmSort Lorg/jetbrains/kotlin/com/google/common/collect/ImmutableMap; org/jetbrains/kotlin/com/google/common/collect/RegularImmutableMap
staticfield org/jetbrains/kotlin/codegen/AsmUtil primitiveTypeByBoxedType Lorg/jetbrains/kotlin/com/google/common/collect/ImmutableMap; org/jetbrains/kotlin/com/google/common/collect/RegularImmutableMap
staticfield org/jetbrains/kotlin/codegen/AsmUtil $assertionsDisabled Z 1
ciInstanceKlass org/jetbrains/kotlin/types/checker/ClassicTypeSystemContext 1 0 374 1 100 1 100 1 100 1 100 1 1 1 3 3 1 3 1 3 1 1 1 1 1 1 1 1 1 1 1 1 1 1 1 1 1 1 1 1 1 1 1 1 1 1 1 1 1 1 1 1 1 1 1 1 1 1 1 1 1 1 1 1 1 1 1 1 1 1 1 1 1 1 1 1 1 1 1 1 1 1 1 1 1 1 1 1 1 1 1 1 1 1 1 1 1 1 1 1 1 1 1 1 1 1 1 1 1 1 1 1 1 1 1 1 1 1 1 1 1 1 1 1 1 1 1 1 1 1 1 1 1 1 1 1 1 1 1 1 1 1 1 1 1 1 1 1 1 1 1 1 1 1 1 1 1 1 1 1 1 1 1 1 1 1 1 1 1 1 1 1 1 1 1 1 1 1 1 1 1 1 1 1 1 1 1 1 1 1 1 1 1 1 1 1 1 1 1 1 1 1 1 1 1 1 1 1 1 1 1 1 1 1 1 1 1 1 1 1 1 1 1 1 1 1 1 1 1 1 1 1 1 1 1 1 1 1 1 1 1 1 1 1 1 1 1 1 1 1 1 1 1 1 100 1 100 1 1 100 1 1 1 1 1 1 1 1 1 1 1 1 1 1 1 1 1 1 1 1 1 1 1 1 1 1 1 1 1 1 1 1 1 1 1 1 1 1 1 1 1 1 1 1 1 1 1 1 1 1 1 1 1 1 1 1 1 1 1 1 1 1 1 1 1 1 1 1 1 1 1 1 1 1 1 1 1 1 1 1 1 1 1 1 1 1 1 1 1 1 1 1 1 1 1 1 1 1 1 1 1 1 1 1 1 1 1 1 1 1 1 1 1 1 1 1
ciInstanceKlass org/jetbrains/kotlin/backend/jvm/mapping/IrTypeCheckerContextForTypeMapping 1 1 1028 1 7 1 7 1 7 1 100 1 1 1 3 3 1 3 1 3 1 1 1 1 1 1 1 1 1 1 1 1 1 1 1 1 1 1 1 1 1 1 1 1 1 1 1 1 1 1 1 1 1 1 1 1 1 1 1 1 1 1 1 1 1 1 1 1 1 1 1 1 1 1 1 1 1 1 1 1 1 1 1 1 1 1 1 1 1 1 1 1 1 1 1 1 1 1 1 1 1 1 1 1 1 1 1 1 1 1 1 1 1 1 1 1 1 1 1 1 1 1 1 1 1 1 1 1 1 1 1 1 1 1 1 1 1 1 1 1 1 1 1 1 1 1 1 1 1 1 1 1 1 1 1 1 1 1 1 1 1 1 1 1 1 1 1 1 1 1 1 1 1 1 1 1 1 1 1 1 1 1 1 1 1 1 1 1 1 1 1 1 1 1 1 1 1 1 1 1 1 1 1 1 1 1 1 1 1 1 1 1 1 1 1 1 1 1 1 1 1 1 1 1 1 1 1 1 1 1 1 1 1 1 1 1 1 1 1 1 1 1 1 1 100 1 7 1 1 100 1 100 1 1 1 8 1 7 1 1 12 10 1 12 10 1 1 12 10 12 9 12 9 1 1 1 1 8 12 11 1 1 12 11 1 1 12 11 1 1 12 11 1 12 11 1 12 11 1 12 11 1 1 12 11 1 1 12 11 1 1 12 11 1 12 11 1 1 12 11 1 1 12 11 1 12 11 1 12 11 1 12 11 1 1 1 12 11 1 12 11 1 1 12 11 1 1 7 12 11 1 12 11 1 1 12 11 1 12 11 1 1 12 11 1 1 12 11 1 1 12 11 1 1 1 1 12 11 1 1 12 11 1 1 12 11 1 1 12 11 1 1 12 11 1 1 12 11 1 8 12 11 1 1 12 11 1 1 12 11 1 1 12 11 1 1 1 12 11 1 1 1 12 11 1 12 11 1 12 11 1 12 11 1 12 11 1 1 12 11 1 1 12 11 1 1 1 12 11 1 1 12 11 1 1 12 11 1 1 8 8 12 11 12 11 1 12 11 1 1 8 8 12 11 1 12 11 1 12 11 1 12 11 1 12 11 1 12 11 1 1 1 12 11 1 12 11 1 12 11 1 12 11 1 12 11 1 12 11 1 1 8 8 12 11 1 1 8 8 12 11 1 1 8 12 11 1 8 12 11 12 11 1 12 11 1 1 12 11 1 1 100 12 11 1 12 11 1 1 1 8 12 11 1 1 8 12 11 1 1 1 8 12 11 12 11 1 1 1 12 11 1 1 1 12 11 12 11 1 1 12 11 1 1 8 12 11 1 1 12 11 1 12 11 12 11 12 11 12 11 8 12 11 12 11 1 12 11 1 1 8 12 11 1 1 12 11 1 1 12 11 1 12 11 1 12 11 1 1 12 11 1 12 11 1 1 12 11 1 1 12 11 1 12 11 1 1 12 11 1 12 11 1 12 11 1 1 12 11 1 1 12 11 1 1 12 11 1 12 11 1 1 12 11 12 11 1 12 11 1 12 11 1 12 11 1 12 11 1 12 11 1 1 12 11 12 11 1 1 1 8 12 11 1 1 12 11 1 12 11 1 1 12 11 12 11 1 12 11 1 1 12 11 1 12 11 1 12 11 1 12 11 1 12 11 1 12 11 1 12 11 1 12 11 1 12 11 1 1 12 11 1 12 11 1 12 11 1 12 11 1 12 11 1 12 11 1 12 11 1 1 1 12 11 1 12 11 1 1 12 11 1 1 12 11 1 1 1 12 11 1 12 11 1 1 8 8 1 100 12 11 1 1 8 12 11 1 1 1 100 12 11 1 1 1 12 11 1 1 12 11 1 1 7 1 12 10 1 8 1 100 1 1 12 10 1 12 10 1 100 1 7 1 1 1 100 1 1 12 11 1 100 1 100 1 1 12 10 1 7 11 1 7 1 100 1 12 10 1 100 1 100 10 1 8 1 1 12 10 1 12 10 10 10 1 1 100 1 1 7 1 100 1 7 1 12 10 1 1 100 12 10 1 1 7 1 100 1 12 10 1 1 1 1 100 1 100 1 12 11 1 100 1 12 11 1 1 12 11 1 100 1 1 12 10 1 1 1 1 1 1 1 1 1 1 7 1 12 10 1 1 1 1 12 10 1 1 12 10 1 100 1 12 10 1 10 1 100 1 1 12 10 1 12 10 1 1 1 10 1 100 1 10 1 100 1 10 1 10 1 10 1 10 1 7 1 10 1 100 1 10 1 10 10 10 10 12 10 1 12 10 12 10 1 12 10 1 12 10 1 1 1 1 1 1 1 1 1 1 1
ciInstanceKlass org/jetbrains/kotlin/types/TypeConstructor 1 0 31 1 100 1 100 1 100 1 1 1 1 1 1 1 1 1 1 1 1 1 1 1 1 1 1 1 1 1 1 1 1
ciInstanceKlass org/jetbrains/kotlin/resolve/jvm/AsmTypes 1 1 476 1 7 1 7 1 1 7 1 100 1 100 1 1 1 1 1 1 1 1 1 1 1 1 1 1 1 1 1 1 1 1 1 1 1 1 1 1 1 1 1 1 1 1 1 1 1 1 1 1 1 1 1 1 1 1 1 1 1 1 1 1 1 1 1 8 1 1 8 1 1 1 1 1 1 1 1 1 1 1 12 10 1 7 1 1 12 10 1 8 1 1 12 10 1 1 12 10 1 7 1 12 10 1 1 1 1 1 12 10 1 12 10 1 7 1 1 12 10 1 1 1 1 7 1 1 12 10 1 100 1 12 10 1 8 1 1 1 1 1 1 12 9 1 12 10 1 12 9 1 12 9 1 12 9 1 12 9 1 12 9 1 12 9 1 12 9 1 12 9 1 100 10 1 1 1 12 9 1 16 1 1 12 10 15 16 1 7 1 1 12 10 15 1 1 12 18 1 7 1 1 12 11 1 1 1 1 12 9 1 7 1 1 12 11 10 1 1 12 10 1 1 1 7 10 10 12 9 12 9 1 7 12 9 1 7 12 9 1 8 1 12 10 12 9 1 7 12 9 1 7 12 9 1 7 12 9 1 7 12 9 1 7 12 9 1 8 12 9 1 8 12 9 1 8 12 9 1 8 12 9 1 8 12 9 1 8 12 9 1 8 12 9 1 8 12 9 1 8 12 9 1 8 12 9 1 8 12 9 1 8 12 9 1 8 12 9 1 8 12 9 1 8 1 8 1 8 12 9 1 8 1 8 1 8 12 9 1 8 12 10 12 9 12 9 1 8 12 9 1 8 12 9 1 8 12 9 1 8 12 9 1 8 12 9 1 8 12 9 1 8 12 9 1 8 12 9 1 8 12 9 1 8 12 9 1 8 12 9 1 8 12 9 1 8 12 9 1 8 12 9 1 8 12 9 1 8 12 9 1 8 12 9 1 8 12 9 1 8 12 9 1 7 1 1 12 10 1 7 1 1 12 10 1 8 1 8 1 100 8 8 8 8 8 8 8 8 8 8 8 1 1 12 10 1 100 1 12 10 1 100 10 1 100 1 1 1 1 1 1 1 1 1 1 1 1
staticfield org/jetbrains/kotlin/resolve/jvm/AsmTypes TYPES_MAP Ljava/util/Map; java/util/concurrent/ConcurrentHashMap
staticfield org/jetbrains/kotlin/resolve/jvm/AsmTypes OBJECT_TYPE Lorg/jetbrains/org/objectweb/asm/Type; org/jetbrains/org/objectweb/asm/Type
staticfield org/jetbrains/kotlin/resolve/jvm/AsmTypes JAVA_STRING_TYPE Lorg/jetbrains/org/objectweb/asm/Type; org/jetbrains/org/objectweb/asm/Type
staticfield org/jetbrains/kotlin/resolve/jvm/AsmTypes JAVA_THROWABLE_TYPE Lorg/jetbrains/org/objectweb/asm/Type; org/jetbrains/org/objectweb/asm/Type
staticfield org/jetbrains/kotlin/resolve/jvm/AsmTypes JAVA_CLASS_TYPE Lorg/jetbrains/org/objectweb/asm/Type; org/jetbrains/org/objectweb/asm/Type
staticfield org/jetbrains/kotlin/resolve/jvm/AsmTypes JAVA_CLASS_ARRAY_TYPE Lorg/jetbrains/org/objectweb/asm/Type; org/jetbrains/org/objectweb/asm/Type
staticfield org/jetbrains/kotlin/resolve/jvm/AsmTypes ENUM_TYPE Lorg/jetbrains/org/objectweb/asm/Type; org/jetbrains/org/objectweb/asm/Type
staticfield org/jetbrains/kotlin/resolve/jvm/AsmTypes NUMBER_TYPE Lorg/jetbrains/org/objectweb/asm/Type; org/jetbrains/org/objectweb/asm/Type
staticfield org/jetbrains/kotlin/resolve/jvm/AsmTypes BOOLEAN_WRAPPER_TYPE Lorg/jetbrains/org/objectweb/asm/Type; org/jetbrains/org/objectweb/asm/Type
staticfield org/jetbrains/kotlin/resolve/jvm/AsmTypes CHARACTER_WRAPPER_TYPE Lorg/jetbrains/org/objectweb/asm/Type; org/jetbrains/org/objectweb/asm/Type
staticfield org/jetbrains/kotlin/resolve/jvm/AsmTypes VOID_WRAPPER_TYPE Lorg/jetbrains/org/objectweb/asm/Type; org/jetbrains/org/objectweb/asm/Type
staticfield org/jetbrains/kotlin/resolve/jvm/AsmTypes UNIT_TYPE Lorg/jetbrains/org/objectweb/asm/Type; org/jetbrains/org/objectweb/asm/Type
staticfield org/jetbrains/kotlin/resolve/jvm/AsmTypes LAMBDA Lorg/jetbrains/org/objectweb/asm/Type; org/jetbrains/org/objectweb/asm/Type
staticfield org/jetbrains/kotlin/resolve/jvm/AsmTypes FUNCTION_ADAPTER Lorg/jetbrains/org/objectweb/asm/Type; org/jetbrains/org/objectweb/asm/Type
staticfield org/jetbrains/kotlin/resolve/jvm/AsmTypes FUNCTION_REFERENCE Lorg/jetbrains/org/objectweb/asm/Type; org/jetbrains/org/objectweb/asm/Type
staticfield org/jetbrains/kotlin/resolve/jvm/AsmTypes FUNCTION_REFERENCE_IMPL Lorg/jetbrains/org/objectweb/asm/Type; org/jetbrains/org/objectweb/asm/Type
staticfield org/jetbrains/kotlin/resolve/jvm/AsmTypes PROPERTY_REFERENCE0 Lorg/jetbrains/org/objectweb/asm/Type; org/jetbrains/org/objectweb/asm/Type
staticfield org/jetbrains/kotlin/resolve/jvm/AsmTypes PROPERTY_REFERENCE1 Lorg/jetbrains/org/objectweb/asm/Type; org/jetbrains/org/objectweb/asm/Type
staticfield org/jetbrains/kotlin/resolve/jvm/AsmTypes PROPERTY_REFERENCE2 Lorg/jetbrains/org/objectweb/asm/Type; org/jetbrains/org/objectweb/asm/Type
staticfield org/jetbrains/kotlin/resolve/jvm/AsmTypes MUTABLE_PROPERTY_REFERENCE0 Lorg/jetbrains/org/objectweb/asm/Type; org/jetbrains/org/objectweb/asm/Type
staticfield org/jetbrains/kotlin/resolve/jvm/AsmTypes MUTABLE_PROPERTY_REFERENCE1 Lorg/jetbrains/org/objectweb/asm/Type; org/jetbrains/org/objectweb/asm/Type
staticfield org/jetbrains/kotlin/resolve/jvm/AsmTypes MUTABLE_PROPERTY_REFERENCE2 Lorg/jetbrains/org/objectweb/asm/Type; org/jetbrains/org/objectweb/asm/Type
staticfield org/jetbrains/kotlin/resolve/jvm/AsmTypes FUNCTION Lorg/jetbrains/org/objectweb/asm/Type; org/jetbrains/org/objectweb/asm/Type
staticfield org/jetbrains/kotlin/resolve/jvm/AsmTypes FUNCTION0 Lorg/jetbrains/org/objectweb/asm/Type; org/jetbrains/org/objectweb/asm/Type
staticfield org/jetbrains/kotlin/resolve/jvm/AsmTypes FUNCTION1 Lorg/jetbrains/org/objectweb/asm/Type; org/jetbrains/org/objectweb/asm/Type
staticfield org/jetbrains/kotlin/resolve/jvm/AsmTypes PROPERTY_REFERENCE_IMPL [Lorg/jetbrains/org/objectweb/asm/Type; 3 [Lorg/jetbrains/org/objectweb/asm/Type;
staticfield org/jetbrains/kotlin/resolve/jvm/AsmTypes MUTABLE_PROPERTY_REFERENCE_IMPL [Lorg/jetbrains/org/objectweb/asm/Type; 3 [Lorg/jetbrains/org/objectweb/asm/Type;
staticfield org/jetbrains/kotlin/resolve/jvm/AsmTypes K_CLASS_TYPE Lorg/jetbrains/org/objectweb/asm/Type; org/jetbrains/org/objectweb/asm/Type
staticfield org/jetbrains/kotlin/resolve/jvm/AsmTypes K_CLASS_ARRAY_TYPE Lorg/jetbrains/org/objectweb/asm/Type; org/jetbrains/org/objectweb/asm/Type
staticfield org/jetbrains/kotlin/resolve/jvm/AsmTypes K_CLASSIFIER_TYPE Lorg/jetbrains/org/objectweb/asm/Type; org/jetbrains/org/objectweb/asm/Type
staticfield org/jetbrains/kotlin/resolve/jvm/AsmTypes K_DECLARATION_CONTAINER_TYPE Lorg/jetbrains/org/objectweb/asm/Type; org/jetbrains/org/objectweb/asm/Type
staticfield org/jetbrains/kotlin/resolve/jvm/AsmTypes K_FUNCTION Lorg/jetbrains/org/objectweb/asm/Type; org/jetbrains/org/objectweb/asm/Type
staticfield org/jetbrains/kotlin/resolve/jvm/AsmTypes K_PROPERTY_TYPE Lorg/jetbrains/org/objectweb/asm/Type; org/jetbrains/org/objectweb/asm/Type
staticfield org/jetbrains/kotlin/resolve/jvm/AsmTypes K_PROPERTY0_TYPE Lorg/jetbrains/org/objectweb/asm/Type; org/jetbrains/org/objectweb/asm/Type
staticfield org/jetbrains/kotlin/resolve/jvm/AsmTypes K_PROPERTY1_TYPE Lorg/jetbrains/org/objectweb/asm/Type; org/jetbrains/org/objectweb/asm/Type
staticfield org/jetbrains/kotlin/resolve/jvm/AsmTypes K_PROPERTY2_TYPE Lorg/jetbrains/org/objectweb/asm/Type; org/jetbrains/org/objectweb/asm/Type
staticfield org/jetbrains/kotlin/resolve/jvm/AsmTypes K_MUTABLE_PROPERTY0_TYPE Lorg/jetbrains/org/objectweb/asm/Type; org/jetbrains/org/objectweb/asm/Type
staticfield org/jetbrains/kotlin/resolve/jvm/AsmTypes K_MUTABLE_PROPERTY1_TYPE Lorg/jetbrains/org/objectweb/asm/Type; org/jetbrains/org/objectweb/asm/Type
staticfield org/jetbrains/kotlin/resolve/jvm/AsmTypes K_MUTABLE_PROPERTY2_TYPE Lorg/jetbrains/org/objectweb/asm/Type; org/jetbrains/org/objectweb/asm/Type
staticfield org/jetbrains/kotlin/resolve/jvm/AsmTypes K_TYPE Lorg/jetbrains/org/objectweb/asm/Type; org/jetbrains/org/objectweb/asm/Type
staticfield org/jetbrains/kotlin/resolve/jvm/AsmTypes K_TYPE_PROJECTION Lorg/jetbrains/org/objectweb/asm/Type; org/jetbrains/org/objectweb/asm/Type
staticfield org/jetbrains/kotlin/resolve/jvm/AsmTypes K_TYPE_PROJECTION_COMPANION Lorg/jetbrains/org/objectweb/asm/Type; org/jetbrains/org/objectweb/asm/Type
staticfield org/jetbrains/kotlin/resolve/jvm/AsmTypes K_TYPE_PARAMETER Lorg/jetbrains/org/objectweb/asm/Type; org/jetbrains/org/objectweb/asm/Type
staticfield org/jetbrains/kotlin/resolve/jvm/AsmTypes K_VARIANCE Lorg/jetbrains/org/objectweb/asm/Type; org/jetbrains/org/objectweb/asm/Type
staticfield org/jetbrains/kotlin/resolve/jvm/AsmTypes SUSPEND_FUNCTION_TYPE Lorg/jetbrains/org/objectweb/asm/Type; org/jetbrains/org/objectweb/asm/Type
staticfield org/jetbrains/kotlin/resolve/jvm/AsmTypes OBJECT_REF_TYPE Lorg/jetbrains/org/objectweb/asm/Type; org/jetbrains/org/objectweb/asm/Type
staticfield org/jetbrains/kotlin/resolve/jvm/AsmTypes DEFAULT_CONSTRUCTOR_MARKER Lorg/jetbrains/org/objectweb/asm/Type; org/jetbrains/org/objectweb/asm/Type
staticfield org/jetbrains/kotlin/resolve/jvm/AsmTypes ENUM_ENTRIES Lorg/jetbrains/org/objectweb/asm/Type; org/jetbrains/org/objectweb/asm/Type
staticfield org/jetbrains/kotlin/resolve/jvm/AsmTypes OPTIMIZED_PROPERTY_REFERENCE_SUPERTYPES Ljava/util/List; java/util/ArrayList
ciInstanceKlass org/jetbrains/kotlin/load/kotlin/JvmTypeFactory 1 0 51 1 100 1 1 100 1 1 1 3 3 1 3 1 3 1 1 1 1 1 1 1 1 1 1 1 1 1 1 1 1 1 1 1 1 1 1 1 1 1 1 1 1 1 1 1 1 1 1 1 1
ciInstanceKlass org/jetbrains/kotlin/codegen/signature/AsmTypeFactory 1 1 129 1 7 1 1 7 1 100 1 1 1 3 3 1 3 1 3 1 1 1 1 1 1 1 1 1 1 1 1 1 1 1 1 1 1 1 1 1 1 1 1 1 1 12 10 1 1 8 1 7 1 1 12 10 1 7 12 10 1 8 1 12 10 1 8 1 7 1 12 10 1 8 1 1 8 1 7 1 12 10 1 8 8 1 12 10 1 8 1 8 1 1 12 10 1 8 1 12 9 8 1 10 1 1 12 10 1 12 10 12 10 1 12 10 1 12 10 1 10 12 9 1 1 1 1 1 1 1 1
staticfield org/jetbrains/kotlin/codegen/signature/AsmTypeFactory INSTANCE Lorg/jetbrains/kotlin/codegen/signature/AsmTypeFactory; org/jetbrains/kotlin/codegen/signature/AsmTypeFactory
ciInstanceKlass org/jetbrains/kotlin/load/kotlin/TypeMappingMode 1 1 167 1 7 1 7 1 1 1 3 3 1 3 1 3 1 1 1 1 1 1 1 1 1 1 1 1 1 1 1 1 1 1 1 1 1 1 1 1 1 1 1 1 1 1 1 1 1 7 1 7 1 1 1 1 1 1 1 1 1 1 1 1 1 1 1 1 1 12 10 12 9 12 9 12 9 12 9 12 9 12 9 12 9 12 9 12 9 12 9 1 1 12 10 1 8 1 7 1 1 12 10 1 1 12 9 1 7 1 1 12 10 1 1 12 10 1 12 10 1 1 1 12 10 1 1 1 12 9 12 10 1 1 1 12 10 1 1 1 12 10 12 9 12 9 12 9 12 9 12 9 12 9 12 9 12 9 12 9 1 1 1 1 1 1 1 1 1
staticfield org/jetbrains/kotlin/load/kotlin/TypeMappingMode Companion Lorg/jetbrains/kotlin/load/kotlin/TypeMappingMode$Companion; org/jetbrains/kotlin/load/kotlin/TypeMappingMode$Companion
staticfield org/jetbrains/kotlin/load/kotlin/TypeMappingMode GENERIC_ARGUMENT Lorg/jetbrains/kotlin/load/kotlin/TypeMappingMode; org/jetbrains/kotlin/load/kotlin/TypeMappingMode
staticfield org/jetbrains/kotlin/load/kotlin/TypeMappingMode GENERIC_ARGUMENT_UAST Lorg/jetbrains/kotlin/load/kotlin/TypeMappingMode; org/jetbrains/kotlin/load/kotlin/TypeMappingMode
staticfield org/jetbrains/kotlin/load/kotlin/TypeMappingMode RETURN_TYPE_BOXED Lorg/jetbrains/kotlin/load/kotlin/TypeMappingMode; org/jetbrains/kotlin/load/kotlin/TypeMappingMode
staticfield org/jetbrains/kotlin/load/kotlin/TypeMappingMode DEFAULT Lorg/jetbrains/kotlin/load/kotlin/TypeMappingMode; org/jetbrains/kotlin/load/kotlin/TypeMappingMode
staticfield org/jetbrains/kotlin/load/kotlin/TypeMappingMode DEFAULT_UAST Lorg/jetbrains/kotlin/load/kotlin/TypeMappingMode; org/jetbrains/kotlin/load/kotlin/TypeMappingMode
staticfield org/jetbrains/kotlin/load/kotlin/TypeMappingMode CLASS_DECLARATION Lorg/jetbrains/kotlin/load/kotlin/TypeMappingMode; org/jetbrains/kotlin/load/kotlin/TypeMappingMode
staticfield org/jetbrains/kotlin/load/kotlin/TypeMappingMode SUPER_TYPE Lorg/jetbrains/kotlin/load/kotlin/TypeMappingMode; org/jetbrains/kotlin/load/kotlin/TypeMappingMode
staticfield org/jetbrains/kotlin/load/kotlin/TypeMappingMode SUPER_TYPE_KOTLIN_COLLECTIONS_AS_IS Lorg/jetbrains/kotlin/load/kotlin/TypeMappingMode; org/jetbrains/kotlin/load/kotlin/TypeMappingMode
staticfield org/jetbrains/kotlin/load/kotlin/TypeMappingMode VALUE_FOR_ANNOTATION Lorg/jetbrains/kotlin/load/kotlin/TypeMappingMode; org/jetbrains/kotlin/load/kotlin/TypeMappingMode
ciInstanceKlass org/jetbrains/kotlin/load/kotlin/TypeSignatureMappingKt 1 1 238 1 7 1 100 1 1 1 3 3 1 1 3 1 1 1 1 1 1 1 1 1 1 1 1 1 1 1 1 1 1 1 1 1 1 1 1 100 1 7 1 1 1 8 1 1 1 8 1 7 1 1 12 10 8 1 7 1 1 12 11 1 1 1 1 1 8 8 8 1 7 1 1 12 11 1 1 12 11 1 100 1 1 12 11 1 1 12 11 1 1 12 11 1 7 1 1 12 10 12 10 1 7 1 12 11 1 7 1 1 12 10 1 1 12 10 1 7 1 1 12 10 1 1 12 10 1 12 10 1 12 10 1 1 12 11 1 12 11 1 1 12 11 1 1 12 9 1 1 12 10 1 100 1 100 1 1 12 10 1 1 12 10 1 100 1 100 1 12 11 1 1 12 11 1 100 1 12 11 1 1 12 11 1 1 12 10 1 1 12 10 1 7 1 1 12 10 1 8 1 12 10 1 12 11 1 1 1 1 1 1 1 1 1 1 1 1 1 1 1 1 1 1 1 1 1 1 1 1 1 1 1 1 1 1 1 1 1
ciInstanceKlass org/jetbrains/kotlin/resolve/jvm/AsmTypes$1 1 1 57 1 7 1 100 1 1 100 1 1 1 1 1 100 1 7 1 1 12 10 12 9 1 1 12 9 1 1 12 10 1 12 9 1 12 9 1 12 9 1 12 9 1 12 9 1 12 9 1 12 9 1 1 1 1 1 1
staticfield org/jetbrains/kotlin/resolve/jvm/AsmTypes$1 $SwitchMap$org$jetbrains$kotlin$builtins$PrimitiveType [I 8
ciInstanceKlass org/jetbrains/kotlin/types/TypeUtils 1 1 780 1 7 1 100 1 1 100 1 7 1 1 100 1 100 1 100 1 7 1 7 1 1 100 1 100 1 1 1 1 1 1 1 1 1 1 1 12 10 1 1 1 1 1 1 12 10 12 9 12 9 1 1 1 1 1 7 1 1 12 10 12 9 1 100 10 1 1 1 1 12 10 1 1 1 12 10 1 7 1 12 10 1 1 1 1 12 10 12 10 1 1 1 1 12 10 1 7 1 12 11 1 1 12 11 1 12 10 1 7 1 1 12 11 1 100 1 1 12 11 1 7 1 100 1 12 11 1 1 12 11 1 1 12 11 1 1 12 9 1 12 11 1 100 1 12 10 1 1 12 10 12 10 1 1 12 9 1 12 9 1 1 1 1 1 1 1 1 1 1 1 1 1 1 1 1 1 12 11 1 1 12 11 1 7 1 12 11 1 1 12 11 1 1 12 11 1 1 12 10 1 1 1 1 1 7 1 1 12 10 1 7 1 1 12 9 1 7 1 1 12 10 1 1 12 10 1 100 1 7 1 100 1 100 1 12 11 1 12 10 1 1 1 1 1 1 1 1 1 1 1 1 12 10 1 12 9 1 1 12 10 1 7 1 1 12 10 1 1 7 12 10 1 7 1 1 12 11 1 12 10 1 12 11 1 7 1 1 12 10 1 1 1 1 1 100 1 1 12 10 1 1 12 11 1 100 11 11 1 1 12 10 1 1 1 1 1 1 1 1 1 12 9 1 1 12 10 12 10 1 1 1 1 1 12 10 1 100 1 1 12 11 12 10 1 1 1 1 1 1 1 100 10 1 1 7 1 12 10 1 1 12 10 1 100 1 12 10 12 10 1 7 1 12 10 1 12 10 1 12 10 1 7 1 1 12 10 1 7 1 1 12 11 1 7 1 1 1 1 1 12 10 1 1 12 11 1 7 1 1 1 1 1 1 1 10 1 1 12 10 1 12 10 1 1 1 1 1 11 1 100 1 100 10 1 8 1 1 12 10 1 12 10 1 8 10 1 12 10 1 100 1 1 12 10 1 100 11 1 100 1 1 12 11 1 12 10 11 1 1 1 1 1 1 12 9 12 11 1 1 1 1 1 10 1 12 10 1 1 1 1 12 11 1 1 10 1 12 10 1 1 1 12 10 1 1 1 12 10 1 1 12 11 1 100 1 12 10 1 100 10 1 12 10 10 1 12 10 1 100 1 12 10 10 1 1 1 1 1 1 1 1 1 1 1 1 1 100 1 12 10 1 1 100 1 1 12 10 1 100 1 1 12 9 1 100 1 1 12 10 1 1 1 1 1 100 10 1 12 10 12 9 1 100 1 8 1 8 1 12 10 1 1 1 1 12 11 1 1 12 11 1 100 1 12 10 1 12 10 1 12 10 1 1 12 9 1 1 12 10 1 12 9 1 1 1 1 1 1 1 1 1 1 100 1 100 1 1 12 10 1 1 12 10 1 100 10 1 1 1 1 1 1 1 100 12 10 12 10 1 1 1 1 100 1 12 10 1 1 12 10 11 1 1 1 1 1 12 10 1 1 12 11 1 1 1 1 7 1 12 10 12 9 1 12 9 12 9 8 10 8 1 8 1 8 1 100 8 8 8 8 8 8 8 8 8 8 8 8 8 8 8 8 8 8 8 8 8 8 8 8 8 8 8 8 8 8 8 8 8 8 8 8 8 8 8 8 8 8 8 8 8 8 8 8 8 8 8 8 8 8 1 1 12 10 1 100 10 1 100 1 1 1 1 1 1 1 1 1 1
staticfield org/jetbrains/kotlin/types/TypeUtils DONT_CARE Lorg/jetbrains/kotlin/types/SimpleType; org/jetbrains/kotlin/types/error/ErrorType
staticfield org/jetbrains/kotlin/types/TypeUtils CANNOT_INFER_FUNCTION_PARAM_TYPE Lorg/jetbrains/kotlin/types/SimpleType; org/jetbrains/kotlin/types/error/ErrorType
staticfield org/jetbrains/kotlin/types/TypeUtils NO_EXPECTED_TYPE Lorg/jetbrains/kotlin/types/SimpleType; org/jetbrains/kotlin/types/TypeUtils$SpecialType
staticfield org/jetbrains/kotlin/types/TypeUtils UNIT_EXPECTED_TYPE Lorg/jetbrains/kotlin/types/SimpleType; org/jetbrains/kotlin/types/TypeUtils$SpecialType
staticfield org/jetbrains/kotlin/types/TypeUtils $assertionsDisabled Z 1
ciInstanceKlass org/jetbrains/kotlin/load/kotlin/JvmTypeFactoryImpl 1 1 280 1 7 1 1 7 1 100 1 1 1 3 3 1 3 1 3 1 1 1 1 1 1 1 1 1 1 1 1 1 1 1 1 1 1 1 1 1 1 1 1 1 1 1 1 1 7 1 7 1 1 7 1 1 7 1 1 7 1 1 7 1 1 1 12 10 1 1 8 1 7 1 1 12 10 1 1 12 10 1 7 1 1 12 10 1 100 1 1 12 10 1 1 12 10 1 8 1 12 10 1 12 10 1 8 1 100 1 1 12 11 1 100 1 1 12 9 1 8 1 100 1 12 10 1 100 1 1 12 10 1 1 12 10 1 100 1 12 10 1 12 10 1 1 12 10 1 8 12 10 1 12 10 1 100 1 1 12 10 1 7 10 1 8 1 1 12 10 1 8 12 10 10 1 12 10 1 12 10 1 1 1 1 1 1 1 1 1 1 1 1 1 1 1 1 8 1 1 12 9 1 7 1 12 10 1 12 9 1 1 12 10 1 12 10 1 12 10 1 12 10 1 12 10 1 12 10 1 12 10 1 12 10 1 100 10 8 1 8 1 12 10 1 12 10 12 10 1 100 1 8 10 1 8 1 12 10 1 1 12 10 1 1 12 10 1 10 12 9 1 1 1 1 1 1 1 1 1 1 1
staticfield org/jetbrains/kotlin/load/kotlin/JvmTypeFactoryImpl INSTANCE Lorg/jetbrains/kotlin/load/kotlin/JvmTypeFactoryImpl; org/jetbrains/kotlin/load/kotlin/JvmTypeFactoryImpl
ciInstanceKlass org/jetbrains/kotlin/types/checker/SimpleClassicTypeSystemContext 1 1 909 1 7 1 7 1 100 1 1 1 3 3 1 3 1 3 1 1 1 1 1 1 1 1 1 100 1 100 1 1 7 1 1 1 12 10 1 1 1 1 12 10 1 1 1 12 10 1 1 12 10 1 1 12 10 1 1 12 10 1 1 12 10 1 1 1 1 1 12 10 1 1 1 1 1 12 10 1 1 1 1 1 12 10 1 1 1 1 1 12 10 1 1 1 1 1 12 10 1 1 1 1 12 10 1 12 10 1 1 1 12 10 1 1 12 10 1 1 1 1 12 10 1 1 12 10 1 1 12 10 1 1 1 1 12 10 1 1 1 1 12 10 1 1 1 1 1 12 10 1 1 12 10 1 1 1 1 12 10 1 1 1 1 1 12 10 1 1 1 1 12 10 1 1 1 1 12 10 1 1 1 12 10 1 1 1 1 12 10 1 1 1 1 12 10 1 1 12 10 1 1 1 1 12 10 1 1 1 1 12 10 1 1 12 10 1 1 12 10 1 1 1 1 12 10 1 1 1 12 10 1 1 1 12 10 1 1 1 1 1 12 10 1 1 1 1 12 10 1 1 1 1 1 1 1 12 10 1 1 1 1 12 10 1 1 1 1 1 12 10 1 1 1 12 10 1 1 1 1 12 10 1 1 1 1 1 12 10 1 1 1 1 12 10 1 1 1 1 12 10 1 1 1 1 1 12 10 1 1 1 1 1 12 10 1 1 1 1 12 10 1 1 1 1 12 10 1 1 1 1 1 12 10 1 1 1 1 12 10 1 1 1 1 12 10 1 1 1 1 1 12 10 1 1 1 12 10 1 1 12 10 1 1 12 10 1 1 12 10 1 1 12 10 1 1 1 1 12 10 1 1 1 1 12 10 1 1 1 1 12 10 1 1 12 10 1 1 12 10 1 1 1 1 12 10 1 1 12 10 1 1 12 10 1 1 1 1 1 12 10 1 1 1 1 1 1 12 10 1 1 1 1 1 12 10 1 1 1 1 1 12 10 1 12 10 1 1 12 10 1 1 12 10 1 1 1 1 12 10 1 1 1 12 10 1 1 1 1 1 12 10 1 12 10 1 12 10 1 12 10 1 1 1 12 10 1 12 10 1 1 1 1 1 12 10 1 1 12 10 1 1 12 10 1 1 12 10 1 1 12 10 1 1 1 1 12 10 1 1 1 1 1 12 10 1 1 12 10 1 1 1 1 12 10 1 1 1 1 12 10 1 1 12 10 1 1 12 10 1 1 12 10 1 1 1 1 1 12 10 1 1 1 1 1 1 1 1 12 10 1 1 1 1 1 12 10 1 12 10 1 12 10 1 1 1 1 1 12 10 1 1 1 1 1 12 10 1 1 1 1 12 10 1 1 1 1 1 1 12 10 1 1 1 1 1 1 12 10 1 1 1 1 1 12 10 1 1 12 10 1 1 1 12 10 1 1 1 1 1 12 10 1 1 1 1 12 10 1 1 12 10 1 12 10 1 1 12 10 1 1 1 1 12 10 1 1 12 10 1 1 1 1 1 12 10 1 1 1 1 1 12 10 1 1 1 1 12 10 1 1 1 1 1 12 10 1 1 1 12 10 1 1 1 12 10 1 1 12 10 1 1 1 12 10 1 1 1 1 1 1 12 10 1 12 10 1 1 12 10 1 1 12 10 1 1 12 10 1 1 12 10 1 1 1 1 12 10 1 1 1 1 1 1 12 10 1 1 1 1 12 10 1 1 12 10 1 1 12 10 1 1 1 12 10 1 1 12 10 1 1 1 1 12 10 1 1 12 10 1 1 12 10 1 1 1 1 12 10 1 1 12 10 1 1 12 10 1 1 1 1 12 10 1 1 1 1 12 10 1 1 1 1 12 10 1 1 12 10 1 1 1 1 12 10 1 1 1 12 10 1 1 12 10 1 1 1 12 10 1 1 12 10 1 1 1 1 12 10 1 1 1 1 12 10 1 1 1 1 12 10 1 1 1 12 10 1 1 1 1 12 10 1 1 1 12 10 1 12 10 1 1 12 10 1 12 10 1 10 12 9 1 1 1 1 1 1 1 1 1
staticfield org/jetbrains/kotlin/types/checker/SimpleClassicTypeSystemContext INSTANCE Lorg/jetbrains/kotlin/types/checker/SimpleClassicTypeSystemContext; org/jetbrains/kotlin/types/checker/SimpleClassicTypeSystemContext
ciInstanceKlass org/jetbrains/kotlin/types/checker/ClassicTypeSystemContext$DefaultImpls 1 1 1603 1 100 1 100 1 1 1 3 3 1 3 1 3 1 1 1 1 100 1 100 1 1 100 1 100 1 1 100 1 1 100 1 7 1 1 100 1 100 1 100 1 100 1 1 100 1 100 1 100 1 100 1 1 100 1 100 1 100 1 100 1 1 1 1 8 1 7 1 1 12 10 1 7 1 100 1 1 12 10 1 8 1 1 12 10 1 12 10 1 8 1 1 12 10 1 100 1 1 12 10 1 1 12 10 1 100 10 1 12 10 1 7 1 12 11 1 1 1 1 1 1 1 1 1 1 1 1 12 11 1 1 1 1 12 11 1 7 1 1 12 10 1 100 1 12 10 1 1 1 1 12 10 1 100 1 100 1 1 12 9 1 1 12 10 1 1 1 1 1 100 1 100 1 1 12 11 1 100 1 1 1 1 1 1 1 12 11 1 1 12 10 1 100 1 1 1 1 1 7 1 7 1 1 12 10 1 1 1 1 1 1 7 1 100 1 100 1 12 10 1 1 1 1 1 7 1 100 1 12 10 1 100 1 1 12 9 1 100 1 8 1 1 12 10 1 1 1 12 10 1 1 1 1 100 12 10 1 1 12 10 1 1 12 10 1 1 1 1 1 1 100 1 100 1 12 10 1 8 1 12 10 1 1 1 1 1 100 1 100 1 1 12 10 1 1 1 1 100 1 1 1 1 8 1 8 1 1 12 10 1 1 1 1 1 12 10 1 1 1 1 100 1 100 1 1 1 1 100 1 100 1 1 1 1 100 1 1 1 1 100 1 8 10 1 1 1 1 12 10 1 1 1 12 10 1 1 1 1 100 1 12 10 1 12 11 1 1 1 1 100 1 100 1 1 1 100 1 12 10 1 1 1 1 12 10 1 1 1 12 10 1 100 1 1 1 1 100 1 1 12 10 1 100 1 1 1 1 10 1 100 1 1 12 11 1 1 1 1 1 12 11 1 1 1 1 1 1 1 1 100 12 11 1 1 1 1 1 1 12 11 1 8 1 12 10 1 100 1 1 12 10 1 1 1 1 8 1 12 11 1 8 1 1 1 1 1 12 11 1 1 1 1 12 11 1 1 1 1 8 1 1 1 1 8 1 1 1 1 1 1 12 11 1 8 1 1 1 100 12 11 1 8 1 1 1 1 1 12 11 1 1 1 1 1 1 8 1 1 1 12 11 1 8 1 1 1 1 1 12 10 1 1 1 1 1 1 8 1 8 1 1 1 1 7 1 1 1 100 12 10 1 1 1 100 1 1 12 10 1 1 1 1 1 1 12 11 1 100 1 1 12 9 1 12 9 1 1 1 1 1 1 1 100 1 1 1 1 8 1 8 1 100 1 100 1 12 10 1 1 1 1 1 12 9 1 7 1 1 12 10 1 1 1 12 9 1 1 1 12 9 1 1 1 1 12 10 1 1 1 12 9 1 1 1 100 1 100 1 12 10 1 1 12 11 1 1 1 1 8 1 100 1 100 1 1 12 10 1 1 1 1 1 100 1 100 1 1 12 11 1 100 1 12 11 1 1 12 11 1 12 11 1 100 1 1 12 10 1 100 1 1 12 11 1 12 10 1 1 1 1 1 1 1 1 1 8 1 100 1 12 10 1 1 1 1 12 10 1 1 1 12 10 1 1 100 12 10 1 1 1 100 1 12 10 1 1 1 8 8 1 100 1 1 12 10 1 1 1 1 12 11 1 12 11 12 11 1 12 11 1 8 1 1 1 100 1 1 12 10 1 1 1 1 1 1 12 11 1 12 10 1 8 1 1 12 10 1 8 1 1 12 10 1 8 1 1 12 10 1 8 1 1 100 1 8 10 1 1 1 12 10 1 1 1 1 1 1 12 10 1 1 1 12 9 1 1 12 10 1 1 12 10 1 1 1 12 10 1 100 10 1 100 1 100 1 1 12 10 1 1 12 11 1 1 12 10 1 1 1 1 1 1 1 1 1 1 1 1 1 1 1 1 12 10 1 1 1 12 10 1 1 1 1 1 12 10 1 1 1 1 12 10 1 8 1 1 1 12 10 1 1 12 10 10 1 12 10 1 1 1 12 10 1 1 1 12 10 1 1 1 1 1 1 1 1 7 12 10 1 1 1 1 1 8 1 8 1 100 10 1 100 1 1 12 10 1 12 11 1 1 12 10 1 1 12 10 1 1 12 11 1 1 12 9 1 1 12 10 1 100 1 1 12 9 1 1 12 10 1 1 12 10 1 1 1 1 1 1 1 1 1 1 1 1 1 1 1 1 1 8 1 100 1 100 1 12 10 1 12 10 1 1 1 1 8 1 100 1 12 10 1 1 10 1 1 1 12 11 1 1 1 1 1 8 1 100 1 1 12 10 1 1 1 1 8 11 1 1 12 10 1 12 10 1 1 12 11 1 8 1 1 1 1 1 1 1 1 1 1 1 1 1 1 1 12 10 1 1 1 1 1 1 8 1 8 8 1 1 1 1 8 1 1 1 1 1 1 8 1 1 1 100 1 100 1 100 1 1 12 9 1 12 10 1 8 1 1 1 1 1 1 1 1 8 1 1 1 8 1 1 1 1 12 10 10 1 1 1 1 8 1 12 9 1 12 10 1 1 1 10 1 8 1 1 12 10 1 1 1 1 1 1 1 1 1 1 1 1 1 1 1 1 1 1 8 1 100 1 1 12 10 10 1 100 1 1 12 10 1 100 1 1 12 10 1 12 9 1 12 10 1 1 12 10 1 1 1 1 1 1 12 10 1 1 1 12 10 1 1 1 1 1 12 10 1 1 8 1 1 1 1 1 12 9 1 12 9 1 12 10 1 1 1 100 1 100 10 1 100 1 12 10 1 12 10 1 1 12 11 1 8 1 100 1 100 1 1 12 10 1 100 1 1 12 10 10 1 100 1 12 9 1 100 1 100 1 1 12 9 1 12 10 1 1 12 10 1 1 12 11 1 12 9 1 1 12 10 1 1 12 10 1 12 11 1 1 1 1 1 1 1 1 1 1 1 1 1 1 100 10 1 100 1 1 8 1 1 12 10 1 8 1 1 1 12 10 1 1 1 8 1 100 10 1 12 11 1 1 1 1 1 12 11 1 1 12 11 1 12 11 1 1 12 10 1 100 1 12 10 1 1 1 1 1 1 1 12 11 1 100 1 100 1 1 1 100 1 1 1 1 12 10 1 1 1 12 11 1 1 1 1 12 10 1 1 1 100 1 1 12 10 1 1 1 12 10 1 1 1 1 8 1 12 10 1 1 12 10 1 1 12 10 1 100 1 1 1 1 1 1 1 12 10 1 1 1 12 11 1 8 1 1 1 12 11 1 1 1 12 9 1 1 1 1 1 8 1 8 1 1 12 10 1 12 10 10 1 8 1 1 1 1 1 1 1 1 12 10 1 1 1 12 10 1 1 1 1 1 12 10 1 1 1 12 10 1 1 1 1 12 10 1 1 1 8 1 1 12 10 1 12 9 1 1 12 10 11 1 1 1 1 12 10 1 12 9 1 12 10 1 1 1 8 1 1 12 10 1 100 1 12 10 1 1 1 1 1 1 12 10 1 100 10 1 12 10 1 1 1 1 1 1 1 100 1 12 10 1 12 10 1 1 1 1 1 1 1 1 1 1 1 1
instanceKlass org/jetbrains/kotlin/load/kotlin/JvmType$Array
instanceKlass org/jetbrains/kotlin/load/kotlin/JvmType$Primitive
instanceKlass org/jetbrains/kotlin/load/kotlin/JvmType$Object
ciInstanceKlass org/jetbrains/kotlin/load/kotlin/JvmType 1 1 124 1 7 1 7 1 1 1 3 3 1 3 1 3 1 1 1 1 1 1 1 1 1 1 1 1 1 1 1 1 1 100 1 7 1 100 1 7 1 1 1 1 1 1 1 1 1 1 12 10 1 1 1 7 1 1 12 9 1 12 10 1 10 1 1 1 1 12 9 1 12 9 1 12 9 1 12 9 1 12 9 1 12 9 1 12 9 1 12 9 1 12 10 12 9 1 7 1 12 9 1 12 10 12 9 12 9 12 9 12 9 12 9 12 9 12 9 1 1 1 1 1 1 1
staticfield org/jetbrains/kotlin/load/kotlin/JvmType Companion Lorg/jetbrains/kotlin/load/kotlin/JvmType$Companion; org/jetbrains/kotlin/load/kotlin/JvmType$Companion
staticfield org/jetbrains/kotlin/load/kotlin/JvmType BOOLEAN Lorg/jetbrains/kotlin/load/kotlin/JvmType$Primitive; org/jetbrains/kotlin/load/kotlin/JvmType$Primitive
staticfield org/jetbrains/kotlin/load/kotlin/JvmType CHAR Lorg/jetbrains/kotlin/load/kotlin/JvmType$Primitive; org/jetbrains/kotlin/load/kotlin/JvmType$Primitive
staticfield org/jetbrains/kotlin/load/kotlin/JvmType BYTE Lorg/jetbrains/kotlin/load/kotlin/JvmType$Primitive; org/jetbrains/kotlin/load/kotlin/JvmType$Primitive
staticfield org/jetbrains/kotlin/load/kotlin/JvmType SHORT Lorg/jetbrains/kotlin/load/kotlin/JvmType$Primitive; org/jetbrains/kotlin/load/kotlin/JvmType$Primitive
staticfield org/jetbrains/kotlin/load/kotlin/JvmType INT Lorg/jetbrains/kotlin/load/kotlin/JvmType$Primitive; org/jetbrains/kotlin/load/kotlin/JvmType$Primitive
staticfield org/jetbrains/kotlin/load/kotlin/JvmType FLOAT Lorg/jetbrains/kotlin/load/kotlin/JvmType$Primitive; org/jetbrains/kotlin/load/kotlin/JvmType$Primitive
staticfield org/jetbrains/kotlin/load/kotlin/JvmType LONG Lorg/jetbrains/kotlin/load/kotlin/JvmType$Primitive; org/jetbrains/kotlin/load/kotlin/JvmType$Primitive
staticfield org/jetbrains/kotlin/load/kotlin/JvmType DOUBLE Lorg/jetbrains/kotlin/load/kotlin/JvmType$Primitive; org/jetbrains/kotlin/load/kotlin/JvmType$Primitive
ciInstanceKlass org/jetbrains/kotlin/load/kotlin/JvmType$Object 1 1 50 1 7 1 7 1 1 1 3 3 1 3 1 3 1 1 1 1 1 1 1 1 1 1 1 1 1 1 1 8 1 7 1 1 12 10 1 12 10 12 9 1 1 1 1 1 1 1 1 1
ciInstanceKlass org/jetbrains/kotlin/load/kotlin/JvmType$Companion 1 1 85 1 7 1 7 1 1 1 3 3 1 3 1 3 1 1 1 1 1 1 1 1 1 1 1 1 1 1 1 1 1 1 1 1 1 1 1 1 1 1 1 7 1 1 100 1 12 10 1 1 1 12 10 1 12 10 1 12 10 1 12 10 1 12 10 1 12 10 1 12 10 1 12 10 1 10 1 1 1 1 1 1 1 1 1
ciInstanceKlass org/jetbrains/kotlin/load/kotlin/JvmType$Primitive 1 1 42 1 7 1 7 1 1 1 3 3 1 3 1 3 1 1 1 1 1 1 1 1 1 1 1 1 1 1 1 12 10 12 9 1 1 1 1 1 1 1 1 1
ciInstanceKlass org/jetbrains/kotlin/load/kotlin/JvmTypeFactoryImpl$WhenMappings 1 1 66 1 7 1 100 1 1 1 3 3 1 3 1 3 1 100 1 1 1 1 1 1 100 1 7 1 1 12 10 1 1 12 9 1 1 12 10 100 1 12 9 1 12 9 1 12 9 1 12 9 1 12 9 1 12 9 1 12 9 12 9 1 1 1 1 1
staticfield org/jetbrains/kotlin/load/kotlin/JvmTypeFactoryImpl$WhenMappings $EnumSwitchMapping$0 [I 8
compile org/jetbrains/kotlin/load/kotlin/TypeSignatureMappingKt mapBuiltInType (Lorg/jetbrains/kotlin/types/TypeSystemCommonBackendContext;Lorg/jetbrains/kotlin/types/model/KotlinTypeMarker;Lorg/jetbrains/kotlin/load/kotlin/JvmTypeFactory;Lorg/jetbrains/kotlin/load/kotlin/TypeMappingMode;)Ljava/lang/Object; -1 4 inline 327 0 -1 org/jetbrains/kotlin/load/kotlin/TypeSignatureMappingKt mapBuiltInType (Lorg/jetbrains/kotlin/types/TypeSystemCommonBackendContext;Lorg/jetbrains/kotlin/types/model/KotlinTypeMarker;Lorg/jetbrains/kotlin/load/kotlin/JvmTypeFactory;Lorg/jetbrains/kotlin/load/kotlin/TypeMappingMode;)Ljava/lang/Object; 1 3 kotlin/jvm/internal/Intrinsics checkNotNullParameter (Ljava/lang/Object;Ljava/lang/String;)V 1 9 kotlin/jvm/internal/Intrinsics checkNotNullParameter (Ljava/lang/Object;Ljava/lang/String;)V 1 15 kotlin/jvm/internal/Intrinsics checkNotNullParameter (Ljava/lang/Object;Ljava/lang/String;)V 1 21 kotlin/jvm/internal/Intrinsics checkNotNullParameter (Ljava/lang/Object;Ljava/lang/String;)V 1 26 org/jetbrains/kotlin/backend/jvm/mapping/IrTypeCheckerContextForTypeMapping typeConstructor (Lorg/jetbrains/kotlin/types/model/KotlinTypeMarker;)Lorg/jetbrains/kotlin/types/model/TypeConstructorMarker; 2 4 kotlin/jvm/internal/Intrinsics checkNotNullParameter (Ljava/lang/Object;Ljava/lang/String;)V 2 15 org/jetbrains/kotlin/types/model/TypeSystemContext typeConstructor (Lorg/jetbrains/kotlin/types/model/KotlinTypeMarker;)Lorg/jetbrains/kotlin/types/model/TypeConstructorMarker; 3 3 kotlin/jvm/internal/Intrinsics checkNotNullParameter (Ljava/lang/Object;Ljava/lang/String;)V 3 9 org/jetbrains/kotlin/backend/jvm/JvmIrTypeSystemContext asSimpleType (Lorg/jetbrains/kotlin/types/model/KotlinTypeMarker;)Lorg/jetbrains/kotlin/types/model/SimpleTypeMarker; 4 2 org/jetbrains/kotlin/ir/types/IrTypeSystemContext$DefaultImpls asSimpleType (Lorg/jetbrains/kotlin/ir/types/IrTypeSystemContext;Lorg/jetbrains/kotlin/types/model/KotlinTypeMarker;)Lorg/jetbrains/kotlin/types/model/SimpleTypeMarker; 5 3 kotlin/jvm/internal/Intrinsics checkNotNullParameter (Ljava/lang/Object;Ljava/lang/String;)V 3 26 org/jetbrains/kotlin/backend/jvm/JvmIrTypeSystemContext typeConstructor (Lorg/jetbrains/kotlin/types/model/SimpleTypeMarker;)Lorg/jetbrains/kotlin/types/model/TypeConstructorMarker; 4 2 org/jetbrains/kotlin/ir/types/IrTypeSystemContext$DefaultImpls typeConstructor (Lorg/jetbrains/kotlin/ir/types/IrTypeSystemContext;Lorg/jetbrains/kotlin/types/model/SimpleTypeMarker;)Lorg/jetbrains/kotlin/types/model/TypeConstructorMarker; 5 3 kotlin/jvm/internal/Intrinsics checkNotNullParameter (Ljava/lang/Object;Ljava/lang/String;)V 5 39 org/jetbrains/kotlin/ir/types/impl/IrSimpleTypeImpl getClassifier ()Lorg/jetbrains/kotlin/ir/symbols/IrClassifierSymbol; 1 26 org/jetbrains/kotlin/types/model/TypeSystemContext typeConstructor (Lorg/jetbrains/kotlin/types/model/KotlinTypeMarker;)Lorg/jetbrains/kotlin/types/model/TypeConstructorMarker; 2 3 kotlin/jvm/internal/Intrinsics checkNotNullParameter (Ljava/lang/Object;Ljava/lang/String;)V 2 9 org/jetbrains/kotlin/types/checker/SimpleClassicTypeSystemContext asSimpleType (Lorg/jetbrains/kotlin/types/model/KotlinTypeMarker;)Lorg/jetbrains/kotlin/types/model/SimpleTypeMarker; 2 26 org/jetbrains/kotlin/types/checker/SimpleClassicTypeSystemContext typeConstructor (Lorg/jetbrains/kotlin/types/model/SimpleTypeMarker;)Lorg/jetbrains/kotlin/types/model/TypeConstructorMarker; 1 36 org/jetbrains/kotlin/backend/jvm/mapping/IrTypeCheckerContextForTypeMapping isClassTypeConstructor (Lorg/jetbrains/kotlin/types/model/TypeConstructorMarker;)Z 2 4 kotlin/jvm/internal/Intrinsics checkNotNullParameter (Ljava/lang/Object;Ljava/lang/String;)V 2 12 org/jetbrains/kotlin/backend/jvm/JvmIrTypeSystemContext isClassTypeConstructor (Lorg/jetbrains/kotlin/types/model/TypeConstructorMarker;)Z 3 2 org/jetbrains/kotlin/ir/types/IrTypeSystemContext$DefaultImpls isClassTypeConstructor (Lorg/jetbrains/kotlin/ir/types/IrTypeSystemContext;Lorg/jetbrains/kotlin/types/model/TypeConstructorMarker;)Z 4 3 kotlin/jvm/internal/Intrinsics checkNotNullParameter (Ljava/lang/Object;Ljava/lang/String;)V 1 36 org/jetbrains/kotlin/types/checker/SimpleClassicTypeSystemContext isClassTypeConstructor (Lorg/jetbrains/kotlin/types/model/TypeConstructorMarker;)Z 1 49 org/jetbrains/kotlin/types/checker/SimpleClassicTypeSystemContext getPrimitiveType (Lorg/jetbrains/kotlin/types/model/TypeConstructorMarker;)Lorg/jetbrains/kotlin/builtins/PrimitiveType; 1 64 org/jetbrains/kotlin/codegen/signature/AsmTypeFactory createPrimitiveType (Lorg/jetbrains/kotlin/builtins/PrimitiveType;)Ljava/lang/Object; 2 2 org/jetbrains/kotlin/codegen/signature/AsmTypeFactory createPrimitiveType (Lorg/jetbrains/kotlin/builtins/PrimitiveType;)Lorg/jetbrains/org/objectweb/asm/Type; 3 3 kotlin/jvm/internal/Intrinsics checkNotNullParameter (Ljava/lang/Object;Ljava/lang/String;)V 3 7 org/jetbrains/kotlin/resolve/jvm/AsmTypes valueTypeForPrimitive (Lorg/jetbrains/kotlin/builtins/PrimitiveType;)Lorg/jetbrains/org/objectweb/asm/Type; 4 4 java/lang/Enum ordinal ()I 3 13 kotlin/jvm/internal/Intrinsics checkNotNullExpressionValue (Ljava/lang/Object;Ljava/lang/String;)V 1 64 org/jetbrains/kotlin/load/kotlin/JvmTypeFactoryImpl createPrimitiveType (Lorg/jetbrains/kotlin/builtins/PrimitiveType;)Ljava/lang/Object; 1 73 org/jetbrains/kotlin/backend/jvm/mapping/IrTypeCheckerContextForTypeMapping isNullableType (Lorg/jetbrains/kotlin/types/model/KotlinTypeMarker;)Z 2 4 kotlin/jvm/internal/Intrinsics checkNotNullParameter (Ljava/lang/Object;Ljava/lang/String;)V 2 12 org/jetbrains/kotlin/backend/jvm/JvmIrTypeSystemContext isNullableType (Lorg/jetbrains/kotlin/types/model/KotlinTypeMarker;)Z 3 2 org/jetbrains/kotlin/ir/types/IrTypeSystemContext$DefaultImpls isNullableType (Lorg/jetbrains/kotlin/ir/types/IrTypeSystemContext;Lorg/jetbrains/kotlin/types/model/KotlinTypeMarker;)Z 4 3 kotlin/jvm/internal/Intrinsics checkNotNullParameter (Ljava/lang/Object;Ljava/lang/String;)V 4 17 org/jetbrains/kotlin/ir/types/IrTypeUtilsKt isNullable (Lorg/jetbrains/kotlin/ir/types/IrType;)Z 5 3 kotlin/jvm/internal/Intrinsics checkNotNullParameter (Ljava/lang/Object;Ljava/lang/String;)V 5 19 org/jetbrains/kotlin/ir/types/impl/IrSimpleTypeImpl getClassifier ()Lorg/jetbrains/kotlin/ir/symbols/IrClassifierSymbol; 5 34 org/jetbrains/kotlin/ir/types/impl/IrSimpleTypeImpl getNullability ()Lorg/jetbrains/kotlin/ir/types/SimpleTypeNullability; 5 62 org/jetbrains/kotlin/ir/types/impl/IrSimpleTypeImpl getNullability ()Lorg/jetbrains/kotlin/ir/types/SimpleTypeNullability; 5 69 java/lang/Enum ordinal ()I 5 108 org/jetbrains/kotlin/ir/symbols/impl/IrSymbolBase getOwner ()Lorg/jetbrains/kotlin/ir/declarations/IrSymbolOwner; 5 116 org/jetbrains/kotlin/ir/declarations/impl/IrTypeParameterImpl getSuperTypes ()Ljava/util/List; 5 188 org/jetbrains/kotlin/ir/types/IrTypeUtilsKt isNullable (Lorg/jetbrains/kotlin/ir/types/IrType;)Z 6 3 kotlin/jvm/internal/Intrinsics checkNotNullParameter (Ljava/lang/Object;Ljava/lang/String;)V 6 19 org/jetbrains/kotlin/ir/types/impl/IrSimpleTypeImpl getClassifier ()Lorg/jetbrains/kotlin/ir/symbols/IrClassifierSymbol; 6 34 org/jetbrains/kotlin/ir/types/impl/IrSimpleTypeImpl getNullability ()Lorg/jetbrains/kotlin/ir/types/SimpleTypeNullability; 6 62 org/jetbrains/kotlin/ir/types/impl/IrSimpleTypeImpl getNullability ()Lorg/jetbrains/kotlin/ir/types/SimpleTypeNullability; 6 69 java/lang/Enum ordinal ()I 6 108 org/jetbrains/kotlin/ir/symbols/impl/IrSymbolBase getOwner ()Lorg/jetbrains/kotlin/ir/declarations/IrSymbolOwner; 6 116 org/jetbrains/kotlin/ir/declarations/impl/IrTypeParameterImpl getSuperTypes ()Ljava/util/List; 1 73 org/jetbrains/kotlin/types/checker/SimpleClassicTypeSystemContext isNullableType (Lorg/jetbrains/kotlin/types/model/KotlinTypeMarker;)Z 1 83 org/jetbrains/kotlin/load/java/typeEnhancement/TypeEnhancementUtilsKt hasEnhancedNullability (Lorg/jetbrains/kotlin/types/TypeSystemCommonBackendContext;Lorg/jetbrains/kotlin/types/model/KotlinTypeMarker;)Z 2 3 kotlin/jvm/internal/Intrinsics checkNotNullParameter (Ljava/lang/Object;Ljava/lang/String;)V 2 9 kotlin/jvm/internal/Intrinsics checkNotNullParameter (Ljava/lang/Object;Ljava/lang/String;)V 2 20 kotlin/jvm/internal/Intrinsics checkNotNullExpressionValue (Ljava/lang/Object;Ljava/lang/String;)V 2 23 org/jetbrains/kotlin/backend/jvm/mapping/IrTypeCheckerContextForTypeMapping hasAnnotation (Lorg/jetbrains/kotlin/types/model/KotlinTypeMarker;Lorg/jetbrains/kotlin/name/FqName;)Z 3 4 kotlin/jvm/internal/Intrinsics checkNotNullParameter (Ljava/lang/Object;Ljava/lang/String;)V 3 11 kotlin/jvm/internal/Intrinsics checkNotNullParameter (Ljava/lang/Object;Ljava/lang/String;)V 3 20 org/jetbrains/kotlin/backend/jvm/JvmIrTypeSystemContext hasAnnotation (Lorg/jetbrains/kotlin/types/model/KotlinTypeMarker;Lorg/jetbrains/kotlin/name/FqName;)Z 4 3 org/jetbrains/kotlin/ir/types/IrTypeSystemContext$DefaultImpls hasAnnotation (Lorg/jetbrains/kotlin/ir/types/IrTypeSystemContext;Lorg/jetbrains/kotlin/types/model/KotlinTypeMarker;Lorg/jetbrains/kotlin/name/FqName;)Z 5 3 kotlin/jvm/internal/Intrinsics checkNotNullParameter (Ljava/lang/Object;Ljava/lang/String;)V 5 10 kotlin/jvm/internal/Intrinsics checkNotNullParameter (Ljava/lang/Object;Ljava/lang/String;)V 1 101 org/jetbrains/kotlin/load/kotlin/TypeSignatureMappingKt boxTypeIfNeeded (Lorg/jetbrains/kotlin/load/kotlin/JvmTypeFactory;Ljava/lang/Object;Z)Ljava/lang/Object; 2 3 kotlin/jvm/internal/Intrinsics checkNotNullParameter (Ljava/lang/Object;Ljava/lang/String;)V 2 9 kotlin/jvm/internal/Intrinsics checkNotNullParameter (Ljava/lang/Object;Ljava/lang/String;)V 1 108 org/jetbrains/kotlin/backend/jvm/mapping/IrTypeCheckerContextForTypeMapping getPrimitiveArrayType (Lorg/jetbrains/kotlin/types/model/TypeConstructorMarker;)Lorg/jetbrains/kotlin/builtins/PrimitiveType; 2 4 kotlin/jvm/internal/Intrinsics checkNotNullParameter (Ljava/lang/Object;Ljava/lang/String;)V 2 12 org/jetbrains/kotlin/backend/jvm/JvmIrTypeSystemContext getPrimitiveArrayType (Lorg/jetbrains/kotlin/types/model/TypeConstructorMarker;)Lorg/jetbrains/kotlin/builtins/PrimitiveType; 3 2 org/jetbrains/kotlin/ir/types/IrTypeSystemContext$DefaultImpls getPrimitiveArrayType (Lorg/jetbrains/kotlin/ir/types/IrTypeSystemContext;Lorg/jetbrains/kotlin/types/model/TypeConstructorMarker;)Lorg/jetbrains/kotlin/builtins/PrimitiveType; 4 3 kotlin/jvm/internal/Intrinsics checkNotNullParameter (Ljava/lang/Object;Ljava/lang/String;)V 4 8 org/jetbrains/kotlin/ir/types/IrTypeSystemContext$DefaultImpls getNameForClassUnderKotlinPackage (Lorg/jetbrains/kotlin/ir/types/IrTypeSystemContext;Lorg/jetbrains/kotlin/types/model/TypeConstructorMarker;)Ljava/lang/String; 5 13 org/jetbrains/kotlin/ir/symbols/impl/IrSymbolWithSignature getSignature ()Lorg/jetbrains/kotlin/ir/util/IdSignature; 5 66 org/jetbrains/kotlin/ir/symbols/impl/IrSymbolBase getOwner ()Lorg/jetbrains/kotlin/ir/declarations/IrSymbolOwner; 5 74 org/jetbrains/kotlin/ir/declarations/IrDeclarationBase getParent ()Lorg/jetbrains/kotlin/ir/declarations/IrDeclarationParent; 5 89 org/jetbrains/kotlin/ir/declarations/impl/IrExternalPackageFragmentImpl getPackageFqName ()Lorg/jetbrains/kotlin/name/FqName; 5 89 org/jetbrains/kotlin/ir/declarations/impl/IrFileImpl getPackageFqName ()Lorg/jetbrains/kotlin/name/FqName; 5 95 kotlin/jvm/internal/Intrinsics areEqual (Ljava/lang/Object;Ljava/lang/Object;)Z 6 18 org/jetbrains/kotlin/name/FqName equals (Ljava/lang/Object;)Z 7 29 org/jetbrains/kotlin/name/FqNameUnsafe equals (Ljava/lang/Object;)Z 8 29 java/lang/String equals (Ljava/lang/Object;)Z 5 105 org/jetbrains/kotlin/ir/symbols/impl/IrSymbolBase getOwner ()Lorg/jetbrains/kotlin/ir/declarations/IrSymbolOwner; 5 113 org/jetbrains/kotlin/fir/lazy/Fir2IrLazyClass getName ()Lorg/jetbrains/kotlin/name/Name; 6 1 org/jetbrains/kotlin/fir/lazy/Fir2IrLazyClass getFir ()Lorg/jetbrains/kotlin/fir/declarations/FirRegularClass; 6 4 org/jetbrains/kotlin/fir/declarations/impl/FirRegularClassImpl getName ()Lorg/jetbrains/kotlin/name/Name; 6 4 org/jetbrains/kotlin/fir/java/declarations/FirJavaClass getName ()Lorg/jetbrains/kotlin/name/Name; 5 113 org/jetbrains/kotlin/ir/declarations/impl/IrClassImpl getName ()Lorg/jetbrains/kotlin/name/Name; 5 116 org/jetbrains/kotlin/name/Name asString ()Ljava/lang/String; 4 29 org/jetbrains/kotlin/builtins/PrimitiveType$Companion getByShortArrayName (Ljava/lang/String;)Lorg/jetbrains/kotlin/builtins/PrimitiveType; 5 3 kotlin/jvm/internal/Intrinsics checkNotNullParameter (Ljava/lang/Object;Ljava/lang/String;)V 5 9 java/lang/String hashCode ()I 6 17 java/lang/String isLatin1 ()Z 6 27 java/lang/StringLatin1 hashCode ([B)I 1 108 org/jetbrains/kotlin/types/checker/SimpleClassicTypeSystemContext getPrimitiveArrayType (Lorg/jetbrains/kotlin/types/model/TypeConstructorMarker;)Lorg/jetbrains/kotlin/builtins/PrimitiveType; 1 125 java/lang/StringBuilder <init> ()V 1 147 org/jetbrains/kotlin/codegen/signature/AsmTypeFactory createFromString (Ljava/lang/String;)Ljava/lang/Object; 1 156 org/jetbrains/kotlin/backend/jvm/mapping/IrTypeCheckerContextForTypeMapping isUnderKotlinPackage (Lorg/jetbrains/kotlin/types/model/TypeConstructorMarker;)Z 2 4 kotlin/jvm/internal/Intrinsics checkNotNullParameter (Ljava/lang/Object;Ljava/lang/String;)V 2 12 org/jetbrains/kotlin/backend/jvm/JvmIrTypeSystemContext isUnderKotlinPackage (Lorg/jetbrains/kotlin/types/model/TypeConstructorMarker;)Z 3 2 org/jetbrains/kotlin/ir/types/IrTypeSystemContext$DefaultImpls isUnderKotlinPackage (Lorg/jetbrains/kotlin/ir/types/IrTypeSystemContext;Lorg/jetbrains/kotlin/types/model/TypeConstructorMarker;)Z 4 3 kotlin/jvm/internal/Intrinsics checkNotNullParameter (Ljava/lang/Object;Ljava/lang/String;)V 4 25 org/jetbrains/kotlin/ir/symbols/impl/IrSymbolBase getOwner ()Lorg/jetbrains/kotlin/ir/declarations/IrSymbolOwner; 4 67 org/jetbrains/kotlin/ir/declarations/IrDeclarationBase getParent ()Lorg/jetbrains/kotlin/ir/declarations/IrDeclarationParent; 4 84 org/jetbrains/kotlin/ir/declarations/impl/IrExternalPackageFragmentImpl getPackageFqName ()Lorg/jetbrains/kotlin/name/FqName; 4 84 org/jetbrains/kotlin/ir/declarations/impl/IrFileImpl getPackageFqName ()Lorg/jetbrains/kotlin/name/FqName; 4 90 org/jetbrains/kotlin/name/FqName startsWith (Lorg/jetbrains/kotlin/name/Name;)Z 5 14 org/jetbrains/kotlin/name/FqNameUnsafe startsWith (Lorg/jetbrains/kotlin/name/Name;)Z 6 10 org/jetbrains/kotlin/name/FqNameUnsafe isRoot ()Z 7 4 java/lang/String isEmpty ()Z 6 24 java/lang/String indexOf (I)I 7 3 java/lang/String indexOf (II)I 8 1 java/lang/String isLatin1 ()Z 8 13 java/lang/StringLatin1 indexOf ([BII)I 9 1 java/lang/StringLatin1 canEncode (I)Z 6 37 java/lang/String length ()I 7 6 java/lang/String coder ()B 6 46 org/jetbrains/kotlin/name/Name asString ()Ljava/lang/String; 6 54 java/lang/String length ()I 7 6 java/lang/String coder ()B 6 69 java/lang/String regionMatches (ILjava/lang/String;II)Z 7 23 java/lang/String length ()I 8 6 java/lang/String coder ()B 7 38 java/lang/String length ()I 8 6 java/lang/String coder ()B 7 53 java/lang/String coder ()B 7 61 java/lang/String coder ()B 7 68 java/lang/String isLatin1 ()Z 1 156 org/jetbrains/kotlin/types/checker/SimpleClassicTypeSystemContext isUnderKotlinPackage (Lorg/jetbrains/kotlin/types/model/TypeConstructorMarker;)Z 1 167 org/jetbrains/kotlin/backend/jvm/mapping/IrTypeCheckerContextForTypeMapping getClassFqNameUnsafe (Lorg/jetbrains/kotlin/types/model/TypeConstructorMarker;)Lorg/jetbrains/kotlin/name/FqNameUnsafe; 2 4 kotlin/jvm/internal/Intrinsics checkNotNullParameter (Ljava/lang/Object;Ljava/lang/String;)V 2 12 org/jetbrains/kotlin/backend/jvm/JvmIrTypeSystemContext getClassFqNameUnsafe (Lorg/jetbrains/kotlin/types/model/TypeConstructorMarker;)Lorg/jetbrains/kotlin/name/FqNameUnsafe; 3 2 org/jetbrains/kotlin/ir/types/IrTypeSystemContext$DefaultImpls getClassFqNameUnsafe (Lorg/jetbrains/kotlin/ir/types/IrTypeSystemContext;Lorg/jetbrains/kotlin/types/model/TypeConstructorMarker;)Lorg/jetbrains/kotlin/name/FqNameUnsafe; 4 3 kotlin/jvm/internal/Intrinsics checkNotNullParameter (Ljava/lang/Object;Ljava/lang/String;)V 4 10 org/jetbrains/kotlin/ir/symbols/impl/IrSymbolBase getOwner ()Lorg/jetbrains/kotlin/ir/declarations/IrSymbolOwner; 4 25 org/jetbrains/kotlin/name/FqName toUnsafe ()Lorg/jetbrains/kotlin/name/FqNameUnsafe; 1 167 org/jetbrains/kotlin/types/checker/SimpleClassicTypeSystemContext getClassFqNameUnsafe (Lorg/jetbrains/kotlin/types/model/TypeConstructorMarker;)Lorg/jetbrains/kotlin/name/FqNameUnsafe; 1 194 org/jetbrains/kotlin/builtins/jvm/JavaToKotlinClassMap mapKotlinToJava (Lorg/jetbrains/kotlin/name/FqNameUnsafe;)Lorg/jetbrains/kotlin/name/ClassId; 2 3 kotlin/jvm/internal/Intrinsics checkNotNullParameter (Ljava/lang/Object;Ljava/lang/String;)V 2 12 org/jetbrains/kotlin/builtins/jvm/JavaToKotlinClassMap isKotlinFunctionWithBigArity (Lorg/jetbrains/kotlin/name/FqNameUnsafe;Ljava/lang/String;)Z 3 1 org/jetbrains/kotlin/name/FqNameUnsafe asString ()Ljava/lang/String; 3 7 kotlin/jvm/internal/Intrinsics checkNotNullExpressionValue (Ljava/lang/Object;Ljava/lang/String;)V 3 16 kotlin/text/StringsKt__StringsJVMKt startsWith$default (Ljava/lang/String;Ljava/lang/String;ZILjava/lang/Object;)Z 4 11 kotlin/text/StringsKt__StringsJVMKt startsWith (Ljava/lang/String;Ljava/lang/String;Z)Z 5 3 kotlin/jvm/internal/Intrinsics checkNotNullParameter (Ljava/lang/Object;Ljava/lang/String;)V 5 10 kotlin/jvm/internal/Intrinsics checkNotNullParameter (Ljava/lang/Object;Ljava/lang/String;)V 5 19 java/lang/String startsWith (Ljava/lang/String;)Z 6 3 java/lang/String startsWith (Ljava/lang/String;I)Z 7 6 java/lang/String length ()I 8 6 java/lang/String coder ()B 7 10 java/lang/String length ()I 8 6 java/lang/String coder ()B 7 39 java/lang/String coder ()B 7 47 java/lang/String coder ()B 3 26 java/lang/String length ()I 4 6 java/lang/String coder ()B 3 75 java/lang/Integer intValue ()I 2 29 org/jetbrains/kotlin/builtins/jvm/JavaToKotlinClassMap isKotlinFunctionWithBigArity (Lorg/jetbrains/kotlin/name/FqNameUnsafe;Ljava/lang/String;)Z 3 1 org/jetbrains/kotlin/name/FqNameUnsafe asString ()Ljava/lang/String; 3 7 kotlin/jvm/internal/Intrinsics checkNotNullExpressionValue (Ljava/lang/Object;Ljava/lang/String;)V 3 16 kotlin/text/StringsKt__StringsJVMKt startsWith$default (Ljava/lang/String;Ljava/lang/String;ZILjava/lang/Object;)Z 4 11 kotlin/text/StringsKt__StringsJVMKt startsWith (Ljava/lang/String;Ljava/lang/String;Z)Z 5 3 kotlin/jvm/internal/Intrinsics checkNotNullParameter (Ljava/lang/Object;Ljava/lang/String;)V 5 10 kotlin/jvm/internal/Intrinsics checkNotNullParameter (Ljava/lang/Object;Ljava/lang/String;)V 5 19 java/lang/String startsWith (Ljava/lang/String;)Z 6 3 java/lang/String startsWith (Ljava/lang/String;I)Z 7 6 java/lang/String length ()I 8 6 java/lang/String coder ()B 7 10 java/lang/String length ()I 8 6 java/lang/String coder ()B 7 39 java/lang/String coder ()B 7 47 java/lang/String coder ()B 3 26 java/lang/String length ()I 4 6 java/lang/String coder ()B 3 75 java/lang/Integer intValue ()I 2 46 org/jetbrains/kotlin/builtins/jvm/JavaToKotlinClassMap isKotlinFunctionWithBigArity (Lorg/jetbrains/kotlin/name/FqNameUnsafe;Ljava/lang/String;)Z 3 1 org/jetbrains/kotlin/name/FqNameUnsafe asString ()Ljava/lang/String; 3 7 kotlin/jvm/internal/Intrinsics checkNotNullExpressionValue (Ljava/lang/Object;Ljava/lang/String;)V 3 16 kotlin/text/StringsKt__StringsJVMKt startsWith$default (Ljava/lang/String;Ljava/lang/String;ZILjava/lang/Object;)Z 4 11 kotlin/text/StringsKt__StringsJVMKt startsWith (Ljava/lang/String;Ljava/lang/String;Z)Z 5 3 kotlin/jvm/internal/Intrinsics checkNotNullParameter (Ljava/lang/Object;Ljava/lang/String;)V 5 10 kotlin/jvm/internal/Intrinsics checkNotNullParameter (Ljava/lang/Object;Ljava/lang/String;)V 5 19 java/lang/String startsWith (Ljava/lang/String;)Z 6 3 java/lang/String startsWith (Ljava/lang/String;I)Z 7 6 java/lang/String length ()I 8 6 java/lang/String coder ()B 7 10 java/lang/String length ()I 8 6 java/lang/String coder ()B 7 39 java/lang/String coder ()B 7 47 java/lang/String coder ()B 3 26 java/lang/String length ()I 4 6 java/lang/String coder ()B 3 75 java/lang/Integer intValue ()I 2 63 org/jetbrains/kotlin/builtins/jvm/JavaToKotlinClassMap isKotlinFunctionWithBigArity (Lorg/jetbrains/kotlin/name/FqNameUnsafe;Ljava/lang/String;)Z 3 1 org/jetbrains/kotlin/name/FqNameUnsafe asString ()Ljava/lang/String; 3 7 kotlin/jvm/internal/Intrinsics checkNotNullExpressionValue (Ljava/lang/Object;Ljava/lang/String;)V 3 16 kotlin/text/StringsKt__StringsJVMKt startsWith$default (Ljava/lang/String;Ljava/lang/String;ZILjava/lang/Object;)Z 4 11 kotlin/text/StringsKt__StringsJVMKt startsWith (Ljava/lang/String;Ljava/lang/String;Z)Z 5 3 kotlin/jvm/internal/Intrinsics checkNotNullParameter (Ljava/lang/Object;Ljava/lang/String;)V 5 10 kotlin/jvm/internal/Intrinsics checkNotNullParameter (Ljava/lang/Object;Ljava/lang/String;)V 5 19 java/lang/String startsWith (Ljava/lang/String;)Z 6 3 java/lang/String startsWith (Ljava/lang/String;I)Z 7 6 java/lang/String length ()I 8 6 java/lang/String coder ()B 7 10 java/lang/String length ()I 8 6 java/lang/String coder ()B 7 39 java/lang/String coder ()B 7 47 java/lang/String coder ()B 3 26 java/lang/String length ()I 4 6 java/lang/String coder ()B 3 75 java/lang/Integer intValue ()I 2 79 java/util/HashMap get (Ljava/lang/Object;)Ljava/lang/Object; 3 2 java/util/HashMap getNode (Ljava/lang/Object;)Ljava/util/HashMap$Node; 4 23 java/util/HashMap hash (Ljava/lang/Object;)I 5 9 org/jetbrains/kotlin/name/FqNameUnsafe hashCode ()I 6 4 java/lang/String hashCode ()I 7 17 java/lang/String isLatin1 ()Z 7 27 java/lang/StringLatin1 hashCode ([B)I 4 63 org/jetbrains/kotlin/name/FqNameUnsafe equals (Ljava/lang/Object;)Z 5 29 java/lang/String equals (Ljava/lang/Object;)Z 4 128 org/jetbrains/kotlin/name/FqNameUnsafe equals (Ljava/lang/Object;)Z 5 29 java/lang/String equals (Ljava/lang/Object;)Z 1 210 org/jetbrains/kotlin/load/kotlin/TypeMappingMode getKotlinCollectionsToJavaCollections ()Z 1 319 org/jetbrains/kotlin/resolve/jvm/JvmClassName internalNameByClassId (Lorg/jetbrains/kotlin/name/ClassId;)Ljava/lang/String; 2 9 org/jetbrains/kotlin/name/ClassId getPackageFqName ()Lorg/jetbrains/kotlin/name/FqName; 2 14 org/jetbrains/kotlin/name/ClassId getRelativeClassName ()Lorg/jetbrains/kotlin/name/FqName; 2 17 org/jetbrains/kotlin/name/FqName asString ()Ljava/lang/String; 3 4 org/jetbrains/kotlin/name/FqNameUnsafe asString ()Ljava/lang/String; 2 24 java/lang/String replace (CC)Ljava/lang/String; 3 6 java/lang/String isLatin1 ()Z 3 18 java/lang/StringLatin1 replace ([BCC)Ljava/lang/String; 4 1 java/lang/StringLatin1 canEncode (I)Z 4 41 java/lang/StringLatin1 canEncode (I)Z 4 49 java/lang/StringConcatHelper newArray (J)[B 5 33 jdk/internal/misc/Unsafe allocateUninitializedArray (Ljava/lang/Class;I)Ljava/lang/Object; 4 123 java/lang/String <init> ([BB)V 5 1 java/lang/Object <init> ()V 2 29 org/jetbrains/kotlin/name/FqName isRoot ()Z 3 4 org/jetbrains/kotlin/name/FqNameUnsafe isRoot ()Z 4 4 java/lang/String isEmpty ()Z 2 43 java/lang/StringBuilder <init> ()V 2 47 org/jetbrains/kotlin/name/FqName asString ()Ljava/lang/String; 3 4 org/jetbrains/kotlin/name/FqNameUnsafe asString ()Ljava/lang/String; 2 54 java/lang/String replace (CC)Ljava/lang/String; 3 6 java/lang/String isLatin1 ()Z 3 18 java/lang/StringLatin1 replace ([BCC)Ljava/lang/String; 4 1 java/lang/StringLatin1 canEncode (I)Z 4 41 java/lang/StringLatin1 canEncode (I)Z 4 49 java/lang/StringConcatHelper newArray (J)[B 5 33 jdk/internal/misc/Unsafe allocateUninitializedArray (Ljava/lang/Class;I)Ljava/lang/Object; 4 123 java/lang/String <init> ([BB)V 5 1 java/lang/Object <init> ()V 2 57 java/lang/StringBuilder append (Ljava/lang/String;)Ljava/lang/StringBuilder; 3 2 java/lang/AbstractStringBuilder append (Ljava/lang/String;)Ljava/lang/AbstractStringBuilder; 4 10 java/lang/String length ()I 5 6 java/lang/String coder ()B 4 21 java/lang/AbstractStringBuilder ensureCapacityInternal (I)V 5 24 java/lang/AbstractStringBuilder newCapacity (I)I 6 29 jdk/internal/util/ArraysSupport newLength (III)I 5 32 java/util/Arrays copyOf ([BI)[B 4 30 java/lang/AbstractStringBuilder putStringAt (ILjava/lang/String;)V 5 5 java/lang/String length ()I 6 6 java/lang/String coder ()B 5 8 java/lang/AbstractStringBuilder putStringAt (ILjava/lang/String;II)V 6 1 java/lang/AbstractStringBuilder getCoder ()B 6 5 java/lang/String coder ()B 6 30 java/lang/String getBytes ([BIIBI)V 7 1 java/lang/String coder ()B 2 62 java/lang/StringBuilder append (Ljava/lang/String;)Ljava/lang/StringBuilder; 3 2 java/lang/AbstractStringBuilder append (Ljava/lang/String;)Ljava/lang/AbstractStringBuilder; 4 10 java/lang/String length ()I 5 6 java/lang/String coder ()B 4 21 java/lang/AbstractStringBuilder ensureCapacityInternal (I)V 5 24 java/lang/AbstractStringBuilder newCapacity (I)I 6 29 jdk/internal/util/ArraysSupport newLength (III)I 5 32 java/util/Arrays copyOf ([BI)[B 4 30 java/lang/AbstractStringBuilder putStringAt (ILjava/lang/String;)V 5 5 java/lang/String length ()I 6 6 java/lang/String coder ()B 5 8 java/lang/AbstractStringBuilder putStringAt (ILjava/lang/String;II)V 6 1 java/lang/AbstractStringBuilder getCoder ()B 6 5 java/lang/String coder ()B 6 30 java/lang/String getBytes ([BIIBI)V 7 1 java/lang/String coder ()B 2 66 java/lang/StringBuilder append (Ljava/lang/String;)Ljava/lang/StringBuilder; 3 2 java/lang/AbstractStringBuilder append (Ljava/lang/String;)Ljava/lang/AbstractStringBuilder; 4 10 java/lang/String length ()I 5 6 java/lang/String coder ()B 4 21 java/lang/AbstractStringBuilder ensureCapacityInternal (I)V 5 24 java/lang/AbstractStringBuilder newCapacity (I)I 6 29 jdk/internal/util/ArraysSupport newLength (III)I 5 32 java/util/Arrays copyOf ([BI)[B 4 30 java/lang/AbstractStringBuilder putStringAt (ILjava/lang/String;)V 5 5 java/lang/String length ()I 6 6 java/lang/String coder ()B 5 8 java/lang/AbstractStringBuilder putStringAt (ILjava/lang/String;II)V 6 1 java/lang/AbstractStringBuilder getCoder ()B 6 5 java/lang/String coder ()B 6 30 java/lang/String getBytes ([BIIBI)V 7 1 java/lang/String coder ()B 2 69 java/lang/StringBuilder toString ()Ljava/lang/String; 3 1 java/lang/AbstractStringBuilder isLatin1 ()Z 3 16 java/lang/StringLatin1 newString ([BII)Ljava/lang/String; 4 16 java/util/Arrays copyOfRange ([BII)[B 4 20 java/lang/String <init> ([BB)V 5 1 java/lang/Object <init> ()V 1 325 kotlin/jvm/internal/Intrinsics checkNotNullExpressionValue (Ljava/lang/Object;Ljava/lang/String;)V 1 328 org/jetbrains/kotlin/codegen/signature/AsmTypeFactory createObjectType (Ljava/lang/String;)Ljava/lang/Object; 2 2 org/jetbrains/kotlin/codegen/signature/AsmTypeFactory createObjectType (Ljava/lang/String;)Lorg/jetbrains/org/objectweb/asm/Type; 3 3 kotlin/jvm/internal/Intrinsics checkNotNullParameter (Ljava/lang/Object;Ljava/lang/String;)V 3 7 org/jetbrains/org/objectweb/asm/Type getObjectType (Ljava/lang/String;)Lorg/jetbrains/org/objectweb/asm/Type; 4 6 java/lang/String charAt (I)C 5 1 java/lang/String isLatin1 ()Z 5 12 java/lang/StringLatin1 charAt ([BI)C 5 21 java/lang/StringUTF16 charAt ([BI)C 6 2 java/lang/StringUTF16 checkIndex (I[B)V 7 2 java/lang/StringUTF16 length ([B)I 7 5 java/lang/String checkIndex (II)V 4 24 java/lang/String length ()I 5 6 java/lang/String coder ()B 4 27 org/jetbrains/org/objectweb/asm/Type <init> (ILjava/lang/String;II)V 5 1 java/lang/Object <init> ()V 3 13 kotlin/jvm/internal/Intrinsics checkNotNullExpressionValue (Ljava/lang/Object;Ljava/lang/String;)V 1 328 org/jetbrains/kotlin/load/kotlin/JvmTypeFactoryImpl createObjectType (Ljava/lang/String;)Ljava/lang/Object;
